year,y_true,y_pred
2018,25.23,27.064417
2019,50.85,27.064417
2020,0.0,31.651333
2021,51.64,21.507542
2022,109.47,23.588917
