year,y_true,y_pred
2018,58.99,35.82861
2019,38.0,35.82861
2020,34.77,35.82861
2021,63.2,35.82861
2022,82.09,35.82861
