year,y_true,y_pred
2018,17.7,17.02775
2019,23.38,17.02775
2020,37.67,24.653667
2021,22.98,24.653667
2022,15.79,24.653667
