year,y_true,y_pred
2018,2.95,0.33154166
2019,0.0,0.33154166
2020,0.0,0.33154166
2021,0.0,0.33154166
2022,0.0,0.33154166
