year,y_true,y_pred
2018,32.44,36.011444
2019,26.31,36.011444
2020,8.69,36.011444
2021,25.86,36.011444
2022,50.51,36.011444
