year,y_true,y_pred
2018,100.28,78.969734
2019,87.69,84.99774
2020,72.43,78.97273
2021,106.3,73.633385
2022,138.92,92.006195
