year,y_true,y_pred
2018,591.62,755.57666
2019,571.28,755.57666
2020,515.4,755.57666
2021,572.02,755.57666
2022,696.89,755.57666
