year,y_true,y_pred
2018,58.74,64.196686
2019,58.27,62.097626
2020,55.31,62.097626
2021,61.57,62.097626
2022,88.03,64.196686
