year,y_true,y_pred
2018,356.74,507.75848
2019,293.56,507.75848
2020,642.78,507.75848
2021,434.04,514.5227
2022,942.82,507.75848
