year,y_true,y_pred
2018,52.21,37.431664
2019,34.54,38.03627
2020,68.56,40.143456
2021,34.04,38.03627
2022,15.21,40.143456
