year,y_true,y_pred
2018,451.53,394.29526
2019,418.63,420.04523
2020,376.86,420.04523
2021,410.76,420.04523
2022,483.93,394.29526
