year,y_true,y_pred
2018,51.19,47.227333
2019,47.1,45.351917
2020,35.21,47.227333
2021,42.9,48.92433
2022,63.18,44.074333
