year,y_true,y_pred
2018,15.02,10.507072
2019,11.0,7.447893
2020,7.17,15.512094
2021,17.52,15.512094
2022,18.0,7.447893
