year,y_true,y_pred
2018,105.16,124.330666
2019,102.68,110.584206
2020,78.84,98.06266
2021,192.75,112.600204
2022,230.4,98.06266
