year,y_true,y_pred
2018,598.09,705.29974
2019,732.43,705.29974
2020,744.28,705.29974
2021,626.03,705.29974
2022,982.38,705.29974
