year,y_true,y_pred
2018,57.65,49.44773
2019,53.59,56.8114
2020,49.62,48.096153
2021,38.69,50.44033
2022,52.69,55.843117
