year,y_true,y_pred
2018,21.62,15.52069
2019,21.44,15.521459
2020,17.72,15.521459
2021,10.55,15.521459
2022,18.82,15.085971
