year,y_true,y_pred
2018,64.85,22.556376
2019,75.03,22.556376
2020,70.88,22.556376
2021,38.69,22.556376
2022,45.17,22.556376
