year,y_true,y_pred
2018,140.52,129.37854
2019,189.36,129.37854
2020,106.33,105.84009
2021,112.55,120.49658
2022,94.1,114.697586
