year,y_true,y_pred
2018,713.8,595.79944
2019,592.12,682.6747
2020,469.61,559.47766
2021,540.39,559.47766
2022,759.95,559.47766
