year,y_true,y_pred
2018,109.81,80.70902
2019,55.08,81.245705
2020,55.25,26.454704
2021,27.71,48.6245
2022,119.21,65.71974
