year,y_true,y_pred
2018,25.25,25.588667
2019,30.3,25.588667
2020,20.19,30.729708
2021,40.38,28.478083
2022,70.96,30.729708
