year,y_true,y_pred
2018,217.17,202.37755
2019,287.81,202.37755
2020,206.98,331.0582
2021,312.93,202.37755
2022,442.12,278.51038
