year,y_true,y_pred
2018,31.5,47.345085
2019,63.3,37.968582
2020,0.0,37.968582
2021,15.98,50.84246
2022,52.08,37.22702
