year,y_true,y_pred
2018,32.44,37.183727
2019,16.23,37.183727
2020,56.8,37.183727
2021,32.47,38.12633
2022,74.12,30.42323
