year,y_true,y_pred
2018,8.11,7.8043327
2019,16.23,7.8043327
2020,16.23,8.0877495
2021,16.23,15.726
2022,9.27,15.726
