year,y_true,y_pred
2018,8.11,0.7241212
2019,0.0,0.7241212
2020,0.0,0.7241212
2021,0.0,0.7241212
2022,0.0,0.7241212
