year,y_true,y_pred
2018,129.78,74.12063
2019,89.24,89.20512
2020,105.49,87.309425
2021,129.87,112.07018
2022,185.31,128.86673
