year,y_true,y_pred
2018,56.78,20.778666
2019,89.24,23.248667
2020,56.8,23.141832
2021,16.23,20.778666
2022,92.65,20.778666
