year,y_true,y_pred
2018,18.72,9.392888
2019,9.35,9.689
2020,18.7,0.23905963
2021,18.7,0.23905963
2022,64.07,0.23905963
