year,y_true,y_pred
2018,224.59,410.05917
2019,140.32,410.05917
2020,130.91,468.04065
2021,140.21,468.04065
2022,375.25,468.04065
