year,y_true,y_pred
2018,135.54,251.14117
2019,157.73,251.14117
2020,154.79,251.14117
2021,200.74,251.14117
2022,290.91,251.14117
