year,y_true,y_pred
2018,10.04,21.822624
2019,11.75,22.357
2020,15.14,22.357
2021,8.43,22.357
2022,29.26,21.822624
