year,y_true,y_pred
2018,26.77,11.062667
2019,18.46,11.062667
2020,21.87,11.062667
2021,26.99,11.062667
2022,51.64,11.062667
