year,y_true,y_pred
2018,80.32,49.319668
2019,35.24,59.51402
2020,47.11,49.319668
2021,50.61,59.51402
2022,96.4,59.51402
