year,y_true,y_pred
2018,5.02,8.680875
2019,15.1,8.680875
2020,15.14,7.000292
2021,13.5,6.786375
2022,36.15,7.000292
