year,y_true,y_pred
2018,17.13,25.309105
2019,50.45,21.138035
2020,16.52,38.416935
2021,48.72,34.365135
2022,66.39,38.416935
