year,y_true,y_pred
2018,274.02,184.91893
2019,285.86,184.91893
2020,231.25,213.34782
2021,324.78,184.91893
2022,414.94,213.34782
