year,y_true,y_pred
2018,55.62,32.944
2019,0.0,26.760668
2020,10.68,30.044334
2021,20.95,32.944
2022,67.72,32.944
