year,y_true,y_pred
2018,311.46,166.3805
2019,348.66,335.02237
2020,437.89,371.87445
2021,199.06,284.70862
2022,243.8,269.61664
