year,y_true,y_pred
2018,27.56,49.58229
2019,13.74,55.046333
2020,82.23,49.58229
2021,68.34,43.997375
2022,45.31,55.046333
