year,y_true,y_pred
2018,702.87,733.01544
2019,480.97,733.01544
2020,698.92,733.01544
2021,492.07,733.01544
2022,800.48,848.4716
