year,y_true,y_pred
2018,660.69,447.46588
2019,656.03,447.46588
2020,444.3,447.46588
2021,306.18,304.14395
2022,600.22,307.96295
