year,y_true,y_pred
2018,32.63,14.861271
2019,56.69,14.861271
2020,32.31,14.861271
2021,32.23,14.861271
2022,109.9,14.861271
