year,y_true,y_pred
2018,17.49,12.239528
2019,29.22,16.089153
2020,46.84,30.212078
2021,23.46,38.053963
2022,22.28,20.263222
