year,y_true,y_pred
2018,0.0,27.527756
2019,105.76,27.527756
2020,0.0,0.00384915
2021,0.0,76.274506
2022,0.0,69.54685
