year,y_true,y_pred
2018,161.29,23.724998
2019,105.76,0.0019404597
2020,104.06,67.79112
2021,0.0,63.4858
2022,55.46,0.0019404597
