year,y_true,y_pred
2018,53.76,145.00531
2019,105.76,20.710129
2020,260.15,20.710129
2021,102.46,126.49283
2022,55.46,103.478516
