year,y_true,y_pred
2018,106.28,62.57553
2019,92.46,62.57553
2020,118.2,62.57553
2021,65.32,72.64962
2022,108.41,51.996895
