year,y_true,y_pred
2018,743.99,631.96277
2019,739.66,707.4876
2020,748.62,631.96277
2021,574.79,631.96277
2022,960.2,631.96277
