year,y_true,y_pred
2018,50.51,107.081375
2019,58.75,110.261375
2020,41.84,110.261375
2021,79.29,109.430374
2022,80.7,110.261375
