year,y_true,y_pred
2018,117.16,103.98289
2019,95.04,101.576965
2020,118.48,103.98289
2021,108.31,101.576965
2022,132.61,118.66578
