year,y_true,y_pred
2018,248.21,218.14359
2019,219.79,231.8014
2020,234.98,237.82729
2021,315.1,226.62575
2022,312.43,230.79512
