year,y_true,y_pred
2018,3.97,0.19075
2019,0.0,0.14874999
2020,0.0,0.14874999
2021,0.0,0.14874999
2022,0.0,0.19075
