year,y_true,y_pred
2018,7.94,5.3178334
2019,13.86,5.0853333
2020,5.92,5.0853333
2021,3.94,4.4523335
2022,13.49,4.4523335
