year,y_true,y_pred
2018,9.93,3.2792497
2019,13.86,3.2792497
2020,17.77,3.2792497
2021,7.88,3.2792497
2022,29.22,3.2792497
