year,y_true,y_pred
2018,592.11,402.72034
2019,401.71,402.72034
2020,413.39,368.8038
2021,424.97,368.8038
2022,580.64,368.8038
