year,y_true,y_pred
2018,26.91,21.398312
2019,13.39,30.8065
2020,0.0,21.398312
2021,39.84,21.398312
2022,43.55,25.334875
