mae,rmse,r2,city,model,sequence_length,forecast_horizon,normalization,val_size
0.32217065623208224,1.6375388883689024,-0.040265482420586585,5004007,xgboost,8,4,,
