year,y_true,y_pred
2018,1160.58,1114.5221
2019,1269.78,1276.3342
2020,657.76,1276.3342
2021,974.82,614.92773
2022,1157.06,614.92773
