year,y_true,y_pred
2018,21.1,36.206844
2019,62.45,75.641754
2020,0.0,58.28527
2021,81.23,36.206844
2022,85.71,58.28527
