year,y_true,y_pred
2018,118.56,36.52859
2019,38.56,98.04969
2020,62.76,96.91559
2021,49.07,89.552505
2022,149.5,106.973114
