year,y_true,y_pred
2018,0.0,8.588064
2019,0.0,15.879049
2020,25.1,11.114786
2021,0.0,19.16879
2022,44.85,8.588064
