year,y_true,y_pred
2018,89.37,87.82005
2019,0.0,53.528904
2020,29.99,0.24113497
2021,0.0,48.490707
2022,57.72,24.690828
