year,y_true,y_pred
2018,923.44,515.9859
2019,328.75,515.9859
2020,719.64,287.25427
2021,300.75,597.0593
2022,836.94,272.84634
