year,y_true,y_pred
2018,40.58,21.435335
2019,10.14,21.435335
2020,20.29,12.217605
2021,35.5,15.407292
2022,25.95,21.435335
