year,y_true,y_pred
2018,628.96,534.5573
2019,527.49,534.5573
2020,446.36,449.56903
2021,664.43,373.30167
2022,596.91,534.5573
