year,y_true,y_pred
2018,0.0,1.1207999
2019,0.0,1.1207999
2020,0.0,1.1207999
2021,5.07,1.1207999
2022,0.0,1.1207999
