year,y_true,y_pred
2018,0.0,1.130381
2019,0.0,1.130381
2020,0.0,1.130381
2021,0.0,1.130381
2022,0.0,1.130381
