year,y_true,y_pred
2018,55.8,45.674355
2019,30.43,40.251568
2020,60.87,40.982334
2021,71.01,40.251568
2022,67.48,40.251568
