year,y_true,y_pred
2018,162.31,193.44025
2019,187.66,177.53236
2020,177.53,193.77757
2021,213.02,193.77757
2022,197.24,193.44025
