year,y_true,y_pred
2018,20.29,11.878208
2019,25.36,14.5286665
2020,30.43,11.790667
2021,25.36,11.790667
2022,36.33,11.790667
