year,y_true,y_pred
2018,0.0,2.5217917
2019,32.54,2.5217917
2020,0.0,2.5217917
2021,0.0,2.5217917
2022,0.0,2.5217917
