year,y_true,y_pred
2018,97.18,301.2601
2019,195.25,166.26297
2020,258.31,160.0272
2021,96.18,228.90028
2022,192.68,149.9923
