year,y_true,y_pred
2018,159.76,113.85348
2019,61.12,117.247215
2020,72.98,130.13992
2021,48.41,101.595856
2022,98.94,116.296394
