year,y_true,y_pred
2018,20.58,14.580415
2019,80.32,12.223668
2020,39.22,61.41696
2021,33.54,5.5812173
2022,97.15,0.0009955158
