year,y_true,y_pred
2018,0.0,0.0025591063
2019,5.02,0.0025591063
2020,9.8,0.0025591063
2021,4.79,0.0025591063
2022,12.95,0.0025591063
