year,y_true,y_pred
2018,429.64,336.86856
2019,495.68,336.86856
2020,418.77,419.2309
2021,317.03,336.86856
2022,470.38,336.86856
