year,y_true,y_pred
2018,27.9,40.175877
2019,27.54,40.175877
2020,32.63,40.175877
2021,37.61,40.175877
2022,24.76,40.175877
