year,y_true,y_pred
2018,937.43,784.7799
2019,918.66,954.67865
2020,788.63,868.0815
2021,678.98,784.7799
2022,888.95,794.97394
