year,y_true,y_pred
2018,94.6,77.016335
2019,89.57,84.07467
2020,68.01,84.07467
2021,63.54,84.73067
2022,81.48,77.016335
