year,y_true,y_pred
2018,44.88,30.508871
2019,98.07,21.86959
2020,44.28,46.410137
2021,44.0,20.13912
2022,68.51,20.13912
