year,y_true,y_pred
2018,287.2,424.41916
2019,454.67,424.41916
2020,380.83,455.1657
2021,484.03,339.58643
2022,587.26,391.69507
