year,y_true,y_pred
2018,81.87,64.34404
2019,167.15,61.513332
2020,21.33,69.90454
2021,108.81,64.34404
2022,70.21,61.513332
