year,y_true,y_pred
2018,0.0,67.24171
2019,0.0,67.24171
2020,0.0,58.795666
2021,0.0,82.661705
2022,37.98,82.661705
