year,y_true,y_pred
2018,78.48,71.58386
2019,0.0,70.23203
2020,99.05,76.350815
2021,79.6,77.08478
2022,20.39,58.029873
