year,y_true,y_pred
2018,941.73,813.7843
2019,749.21,884.8987
2020,1109.35,783.10034
2021,1034.83,884.8987
2022,876.84,783.10034
