year,y_true,y_pred
2018,30.36,51.508083
2019,50.93,50.40708
2020,61.9,53.77546
2021,42.9,53.77546
2022,50.63,51.508083
