year,y_true,y_pred
2018,419.35,616.8997
2019,547.07,778.55634
2020,558.93,766.4487
2021,483.05,778.55634
2022,457.1,778.55634
