year,y_true,y_pred
2018,87.29,114.817116
2019,113.19,108.714745
2020,91.9,88.382095
2021,106.31,106.82488
2022,90.01,86.32728
