year,y_true,y_pred
2018,0.0,0.47731036
2019,0.0,0.47731036
2020,0.0,0.47731036
2021,0.0,0.47731036
2022,0.0,0.47731036
