year,y_true,y_pred
2018,41.75,39.214127
2019,30.18,40.34094
2020,52.52,42.700092
2021,39.17,41.20073
2022,49.23,45.446667
