year,y_true,y_pred
2018,18.98,19.69399
2019,20.75,16.29118
2020,28.13,27.024334
2021,39.17,22.996382
2022,32.35,21.599087
