year,y_true,y_pred
2018,456.46,432.41898
2019,654.13,432.41898
2020,419.78,589.76196
2021,384.17,462.33963
2022,410.54,432.41898
