year,y_true,y_pred
2018,46.82,72.490135
2019,105.13,72.490135
2020,93.28,49.709995
2021,34.92,54.464985
2022,45.62,60.413475
