year,y_true,y_pred
2018,114.52,74.07733
2019,45.41,74.07733
2020,157.66,81.152916
2021,67.04,91.64829
2022,91.27,92.85279
