year,y_true,y_pred
2018,1511.68,953.98694
2019,1521.34,953.98694
2020,1058.56,1216.527
2021,938.55,953.98694
2022,1040.53,953.98694
