year,y_true,y_pred
2018,0.0,2.460675
2019,0.0,2.460675
2020,0.0,2.460675
2021,0.0,2.460675
2022,0.0,2.460675
