year,y_true,y_pred
2018,953.83,841.70636
2019,1111.84,841.70636
2020,1205.61,760.1845
2021,638.91,760.1845
2022,2055.57,921.4645
