year,y_true,y_pred
2018,1400.13,783.98895
2019,719.9,912.54614
2020,565.71,912.54614
2021,520.83,838.6598
2022,864.04,839.9483
