year,y_true,y_pred
2018,87.51,122.45075
2019,65.45,132.88776
2020,65.27,132.88776
2021,21.7,132.88776
2022,101.65,122.45075
