year,y_true,y_pred
2018,119.8,132.93625
2019,101.59,139.04637
2020,101.8,139.04637
2021,60.28,139.04637
2022,99.95,112.31082
