year,y_true,y_pred
2018,46.08,25.613499
2019,101.59,30.068832
2020,60.16,36.738132
2021,32.46,36.738132
2022,28.56,29.929333
