year,y_true,y_pred
2018,221.17,202.7199
2019,166.24,191.13805
2020,212.86,175.79369
2021,157.66,247.1043
2022,161.82,187.79439
