year,y_true,y_pred
2018,38.82,34.128666
2019,70.37,34.128666
2020,22.15,34.128666
2021,28.17,34.128666
2022,34.63,34.128666
