year,y_true,y_pred
2018,36.17,88.83554
2019,23.6,88.83554
2020,20.23,88.83554
2021,28.32,88.83554
2022,90.53,88.83554
