year,y_true,y_pred
2018,9.04,7.346333
2019,0.0,7.2963333
2020,0.0,7.2963333
2021,2.83,6.9735413
2022,15.09,6.3033333
