year,y_true,y_pred
2018,0.0,3.2625833
2019,5.9,3.3362083
2020,2.89,3.0706668
2021,2.83,3.3362083
2022,0.0,3.2625833
