year,y_true,y_pred
2018,0.0,2.476489
2019,5.9,2.476489
2020,8.67,3.9994683
2021,5.66,4.638929
2022,0.0,3.2482245
