year,y_true,y_pred
2018,30.14,33.08029
2019,20.65,33.08029
2020,46.23,33.08029
2021,67.98,19.519897
2022,52.81,19.519897
