year,y_true,y_pred
2018,42.51,42.4366
2019,26.69,41.64876
2020,26.63,41.143715
2021,14.06,43.469994
2022,35.8,43.469994
