year,y_true,y_pred
2018,398.32,504.08014
2019,367.45,472.58218
2020,277.23,472.58218
2021,184.36,472.58218
2022,291.54,472.58218
