year,y_true,y_pred
2018,77.15,89.599815
2019,113.06,89.599815
2020,106.51,89.599815
2021,89.06,89.599815
2022,112.52,89.599815
