year,y_true,y_pred
2018,55.1,44.914116
2019,36.12,41.006645
2020,54.82,33.026768
2021,64.06,44.724842
2022,78.43,43.506786
