year,y_true,y_pred
2018,7.87,12.223001
2019,14.13,12.223001
2020,9.4,12.223001
2021,12.5,12.223001
2022,8.52,12.223001
