year,y_true,y_pred
2018,45.51,14.597667
2019,0.0,17.868584
2020,22.3,14.597667
2021,66.27,9.11511
2022,49.21,9.11511
