year,y_true,y_pred
2018,409.56,145.97939
2019,202.7,165.35797
2020,223.02,167.612
2021,309.26,155.3905
2022,467.52,191.93004
