year,y_true,y_pred
2018,14.54,27.605799
2019,57.81,27.605799
2020,14.37,27.605799
2021,28.56,29.11825
2022,14.62,27.605799
