year,y_true,y_pred
2018,247.2,262.45325
2019,433.59,231.6698
2020,301.68,309.30002
2021,314.2,264.05975
2022,336.31,271.67
