year,y_true,y_pred
2018,102.2,25.705524
2019,51.36,35.231335
2020,0.0,35.231335
2021,0.0,25.307333
2022,148.15,48.197334
