year,y_true,y_pred
2018,0.0,29.710876
2019,20.74,29.710876
2020,41.2,29.710876
2021,40.93,24.726376
2022,46.65,30.234001
