year,y_true,y_pred
2018,271.57,551.9925
2019,331.88,383.23044
2020,494.44,365.99625
2021,654.93,383.23044
2022,653.14,354.3529
