year,y_true,y_pred
2018,24.71,19.585733
2019,40.53,13.424473
2020,31.93,19.585733
2021,70.79,20.876318
2022,30.67,43.41954
