year,y_true,y_pred
2018,321.28,437.53992
2019,364.76,410.39127
2020,454.94,547.7455
2021,597.81,410.39127
2022,388.43,437.53992
