year,y_true,y_pred
2018,7.43,35.711998
2019,44.05,38.54625
2020,72.56,39.07575
2021,71.76,35.711998
2022,20.56,32.521
