year,y_true,y_pred
2018,39.86,57.579483
2019,51.29,58.977127
2020,67.17,57.579483
2021,119.82,69.07079
2022,74.59,63.59199
