year,y_true,y_pred
2018,403.18,273.41965
2019,463.14,273.41965
2020,460.31,273.41965
2021,247.37,273.41965
2022,243.84,336.95413
