year,y_true,y_pred
2018,37.8,3.9257083
2019,50.07,13.719377
2020,74.65,13.718562
2021,0.0,13.718562
2022,0.0,13.200862
