year,y_true,y_pred
2018,33.07,73.909744
2019,16.6,85.20358
2020,33.33,85.20358
2021,33.46,85.20358
2022,30.11,85.20358
