year,y_true,y_pred
2018,55.97,41.480488
2019,55.6,49.099117
2020,76.96,39.61846
2021,21.75,39.61846
2022,32.8,31.300303
