year,y_true,y_pred
2018,0.0,7.373433
2019,11.12,7.373433
2020,32.98,7.373433
2021,21.75,4.667208
2022,10.93,4.392667
