year,y_true,y_pred
2018,33.58,11.182792
2019,44.48,9.198334
2020,43.98,9.198334
2021,43.49,8.841291
2022,32.8,8.841291
