year,y_true,y_pred
2018,67.17,51.56002
2019,44.48,51.56002
2020,65.96,51.56002
2021,65.24,51.56002
2022,98.39,51.56002
