year,y_true,y_pred
2018,78.36,41.425293
2019,66.72,25.43125
2020,87.95,41.425293
2021,32.62,41.425293
2022,43.73,41.425293
