year,y_true,y_pred
2018,0.0,8.33381
2019,39.17,8.33381
2020,0.0,8.33381
2021,0.0,8.33381
2022,42.84,8.33381
