year,y_true,y_pred
2018,156.99,134.30739
2019,313.36,108.35193
2020,78.19,79.21747
2021,0.0,108.35193
2022,214.22,133.68579
