year,y_true,y_pred
2018,41.01,36.48781
2019,75.33,36.48781
2020,20.58,36.48781
2021,34.36,59.733208
2022,95.77,33.937172
