year,y_true,y_pred
2018,35.84,32.420666
2019,37.21,32.420666
2020,30.87,33.373585
2021,35.33,31.451458
2022,39.79,33.373585
