year,y_true,y_pred
2018,483.03,373.35068
2019,370.07,447.57092
2020,311.23,351.58023
2021,291.89,397.09427
2022,322.71,373.35068
