year,y_true,y_pred
2018,71.02,36.05306
2019,57.87,29.735426
2020,44.1,29.817423
2021,44.8,49.870975
2022,103.73,49.870975
