year,y_true,y_pred
2018,1014.32,798.0331
2019,1236.73,728.71826
2020,955.47,728.71826
2021,853.45,728.71826
2022,1272.09,728.71826
