year,y_true,y_pred
2018,71.6,57.89398
2019,68.21,61.18454
2020,79.62,64.64698
2021,87.98,64.64698
2022,81.46,59.30733
