year,y_true,y_pred
2018,55.07,40.02757
2019,63.96,54.07962
2020,81.87,52.675377
2021,45.29,42.392075
2022,61.92,38.830173
