year,y_true,y_pred
2018,200.48,300.30573
2019,169.65,275.88315
2020,125.36,278.88794
2021,202.98,278.88794
2022,262.25,278.88794
