year,y_true,y_pred
2018,16.99,12.451208
2019,13.57,12.451208
2020,13.55,14.600667
2021,23.68,14.600667
2022,23.14,12.451208
