year,y_true,y_pred
2018,665.27,938.2599
2019,634.65,851.53937
2020,672.83,851.53937
2021,346.71,938.2599
2022,907.03,938.2599
