year,y_true,y_pred
2018,17.51,87.553665
2019,51.46,79.11246
2020,50.46,79.11246
2021,16.51,87.553665
2022,22.68,87.553665
