year,y_true,y_pred
2018,46.92,62.036896
2019,10.38,57.732708
2020,46.47,57.732708
2021,102.8,57.732708
2022,80.88,53.799942
