year,y_true,y_pred
2018,46.01,65.467064
2019,54.53,60.499138
2020,27.16,60.499138
2021,45.11,65.467064
2022,33.3,60.499138
