year,y_true,y_pred
2018,77.99,60.188934
2019,108.46,47.52053
2020,30.79,60.452908
2021,45.9,77.772896
2022,98.38,77.772896
