year,y_true,y_pred
2018,967.09,757.75433
2019,914.16,757.75433
2020,631.16,781.9813
2021,612.0,781.9813
2022,672.24,757.75433
