year,y_true,y_pred
2018,8.65,17.788
2019,8.63,17.788
2020,14.33,11.149125
2021,11.43,11.149125
2022,22.83,11.149125
