year,y_true,y_pred
2018,43.26,38.412617
2019,63.25,38.412617
2020,65.93,43.9146
2021,57.17,38.412617
2022,39.96,38.412617
