year,y_true,y_pred
2018,0.0,5.3207083
2019,2.88,4.0118957
2020,2.87,5.3207083
2021,8.57,4.0118957
2022,5.71,4.0118957
