year,y_true,y_pred
2018,2.88,0.43455994
2019,0.0,0.00066781597
2020,0.0,0.00066781597
2021,0.0,3.0975788
2022,0.0,0.43455994
