year,y_true,y_pred
2018,17.3,18.490437
2019,8.63,19.880556
2020,0.0,19.880556
2021,31.44,17.307854
2022,28.54,19.726475
