year,y_true,y_pred
2018,5.77,1.2496874
2019,5.75,1.790625
2020,0.0,1.790625
2021,0.0,1.29
2022,0.0,1.831125
