year,y_true,y_pred
2018,83.29,33.28528
2019,54.78,58.99067
2020,0.0,33.28528
2021,26.7,33.28528
2022,128.12,33.28528
