year,y_true,y_pred
2018,666.3,617.89264
2019,328.68,617.89264
2020,567.72,617.89264
2021,267.02,617.89264
2022,608.58,617.89264
