year,y_true,y_pred
2018,247.68,349.72876
2019,430.5,349.72876
2020,183.37,349.72876
2021,212.57,288.64267
2022,203.32,288.64267
