year,y_true,y_pred
2018,30.96,101.657364
2019,92.25,0.16010223
2020,61.12,101.657364
2021,0.0,36.27961
2022,0.0,0.63993675
