year,y_true,y_pred
2018,18.03,12.192416
2019,27.38,24.256866
2020,27.34,23.436623
2021,0.0,19.18319
2022,38.29,12.192416
