year,y_true,y_pred
2018,225.39,191.43481
2019,136.92,191.43481
2020,136.71,191.43481
2021,136.51,191.43481
2022,153.15,191.43481
