year,y_true,y_pred
2018,0.0,0.8910751
2019,0.0,0.8910751
2020,0.0,0.8910751
2021,0.0,0.8910751
2022,0.0,0.8910751
