year,y_true,y_pred
2018,63.11,57.272747
2019,45.64,57.272747
2020,54.68,39.897755
2021,63.71,72.27602
2022,57.43,43.982864
