year,y_true,y_pred
2018,117.2,98.42275
2019,73.03,85.98766
2020,109.37,92.247665
2021,81.91,98.42275
2022,86.15,98.42275
