year,y_true,y_pred
2018,0.0,0.17831996
2019,0.0,1.3049624
2020,0.0,1.3049624
2021,0.0,1.3049624
2022,0.0,1.3049624
