year,y_true,y_pred
2018,0.0,9.811466
2019,9.13,23.447258
2020,0.0,12.826027
2021,0.0,18.541058
2022,19.14,12.826027
