year,y_true,y_pred
2018,48.9,67.59021
2019,61.93,67.59021
2020,52.83,72.53267
2021,48.2,72.53267
2022,65.61,67.59021
