year,y_true,y_pred
2018,755.72,922.00934
2019,840.48,866.1934
2020,840.89,912.71295
2021,600.35,952.53613
2022,904.45,814.30914
