year,y_true,y_pred
2018,0.0,52.120514
2019,206.47,52.120514
2020,0.0,52.120514
2021,0.0,15.400546
2022,66.89,52.120514
