year,y_true,y_pred
2018,210.17,45.66623
2019,84.14,55.25273
2020,210.44,74.88954
2021,252.74,74.88954
2022,78.68,45.66623
