year,y_true,y_pred
2018,66.89,41.418373
2019,33.04,41.418373
2020,32.65,41.418373
2021,32.29,41.418373
2022,64.98,41.418373
