year,y_true,y_pred
2018,56.26,53.377956
2019,47.07,45.096664
2020,58.93,49.767666
2021,27.54,54.512665
2022,49.47,49.767666
