year,y_true,y_pred
2018,341.28,491.45132
2019,545.18,491.45132
2020,447.83,491.45132
2021,487.84,491.45132
2022,519.46,491.45132
