year,y_true,y_pred
2018,18.75,13.41025
2019,19.61,13.41025
2020,15.71,13.41025
2021,7.87,13.41025
2022,16.49,13.41025
