year,y_true,y_pred
2018,78.76,59.175766
2019,78.44,61.258564
2020,66.78,68.96912
2021,62.95,71.92493
2022,65.96,59.175766
