year,y_true,y_pred
2018,180.02,186.53549
2019,137.28,186.53549
2020,192.49,166.35324
2021,102.29,186.53549
2022,164.91,166.20006
