year,y_true,y_pred
2018,0.0,0.0023083042
2019,0.0,0.0023083042
2020,0.0,0.0023083042
2021,0.0,0.40332532
2022,0.0,0.40332532
