year,y_true,y_pred
2018,0.0,1.0623751
2019,0.0,0.5849063
2020,0.0,0.4708125
2021,0.0,0.5849063
2022,4.12,0.5849063
