year,y_true,y_pred
2018,219.16,710.15564
2019,93.72,758.91327
2020,685.79,758.91327
2021,466.71,758.91327
2022,784.72,751.0188
