year,y_true,y_pred
2018,31.31,59.404507
2019,0.0,38.683582
2020,31.17,59.404507
2021,31.11,38.683582
2022,238.83,59.404507
