year,y_true,y_pred
2018,145.51,472.96982
2019,255.75,472.96982
2020,404.71,472.96982
2021,148.26,472.96982
2022,284.63,522.4531
