year,y_true,y_pred
2018,0.0,31.745365
2019,0.0,31.745365
2020,36.79,5.8118467
2021,37.06,31.745365
2022,0.0,31.745365
