year,y_true,y_pred
2018,50.47,98.698074
2019,50.11,75.93848
2020,49.76,78.41006
2021,24.72,78.409775
2022,83.08,78.409775
