year,y_true,y_pred
2018,3.5,12.6484585
2019,20.92,12.6484585
2020,0.0,15.204666
2021,27.67,13.158459
2022,20.21,13.600958
