year,y_true,y_pred
2018,133.07,469.99258
2019,129.02,492.9105
2020,79.87,490.33768
2021,148.71,490.33768
2022,737.55,490.33768
