year,y_true,y_pred
2018,47.81,57.196667
2019,38.4,57.196667
2020,96.38,50.497665
2021,87.07,45.76967
2022,75.3,45.76967
