year,y_true,y_pred
2018,347.38,445.60565
2019,541.17,374.67184
2020,538.79,878.1449
2021,349.45,878.1422
2022,292.88,427.6423
