year,y_true,y_pred
2018,32.77,33.820705
2019,38.65,29.741665
2020,50.71,37.823235
2021,18.72,34.46721
2022,52.72,29.198395
