year,y_true,y_pred
2018,481.4,861.73816
2019,765.19,843.2702
2020,633.46,861.62274
2021,960.49,803.9283
2022,595.51,922.49506
