year,y_true,y_pred
2018,43.76,53.700867
2019,21.86,59.712418
2020,21.84,53.700867
2021,65.49,53.700867
2022,22.9,53.700867
