year,y_true,y_pred
2018,129.2,273.01547
2019,272.1,245.82205
2020,206.27,215.69264
2021,256.99,266.62222
2022,353.36,215.69264
