year,y_true,y_pred
2018,37.68,28.611458
2019,80.03,29.031458
2020,47.6,25.39727
2021,36.71,28.70596
2022,25.24,28.70596
