year,y_true,y_pred
2018,54.59,31.231207
2019,109.11,43.128666
2020,0.0,31.231207
2021,108.99,43.341667
2022,0.0,50.593082
