year,y_true,y_pred
2018,764.19,1169.6837
2019,927.44,968.67737
2020,381.68,636.001
2021,544.96,1007.53937
2022,619.64,968.67737
