year,y_true,y_pred
2018,397.43,792.68524
2019,429.83,792.68524
2020,531.18,792.68524
2021,551.09,792.68524
2022,708.01,792.68524
