year,y_true,y_pred
2018,70.13,19.42425
2019,46.47,24.966917
2020,69.28,24.966917
2021,22.96,24.966917
2022,97.66,25.609333
