year,y_true,y_pred
2018,163.65,75.28787
2019,127.79,84.987335
2020,92.38,84.987335
2021,183.7,84.987335
2022,109.86,84.987335
