year,y_true,y_pred
2018,0.0,1.4399968
2019,0.0,1.4399968
2020,0.0,1.4399968
2021,0.0,1.4399968
2022,12.21,1.4399968
