year,y_true,y_pred
2018,46.76,68.775
2019,46.47,68.775
2020,69.28,61.010998
2021,57.41,63.760998
2022,48.83,61.010998
