year,y_true,y_pred
2018,180.25,786.70087
2019,89.76,786.70087
2020,129.15,786.70087
2021,247.45,786.70087
2022,393.58,786.70087
