year,y_true,y_pred
2018,20.03,46.911003
2019,19.95,32.176003
2020,19.87,46.911003
2021,39.59,32.176003
2022,42.55,32.176003
