year,y_true,y_pred
2018,971.14,773.17285
2019,787.69,773.17285
2020,538.48,773.17285
2021,418.57,773.17285
2022,363.83,773.17285
