year,y_true,y_pred
2018,9.25,30.518286
2019,37.07,22.034664
2020,27.85,32.60622
2021,18.6,22.034664
2022,54.58,30.518286
