year,y_true,y_pred
2018,83.76,75.85933
2019,97.9,75.85933
2020,86.95,80.80335
2021,86.36,80.80335
2022,87.0,74.196335
