year,y_true,y_pred
2018,47.51,39.80775
2019,47.39,45.18825
2020,31.43,35.997
2021,62.68,35.997
2022,45.86,35.997
