year,y_true,y_pred
2018,649.25,544.9387
2019,552.84,544.9387
2020,518.54,544.9387
2021,454.4,565.12897
2022,596.24,581.40045
