year,y_true,y_pred
2018,26.3,27.283667
2019,47.78,23.533667
2020,34.43,26.68896
2021,51.18,27.413458
2022,18.47,26.333668
