year,y_true,y_pred
2018,223.59,259.936
2019,295.34,274.83643
2020,193.67,274.83643
2021,179.14,274.83643
2022,267.8,259.936
