year,y_true,y_pred
2018,92.06,58.33189
2019,117.27,58.33189
2020,60.25,58.244488
2021,123.69,58.290096
2022,87.73,87.945564
