year,y_true,y_pred
2018,17.54,32.56967
2019,17.37,6.096482
2020,34.43,32.56967
2021,29.86,6.096482
2022,4.62,6.096482
