year,y_true,y_pred
2018,4.38,9.274334
2019,4.34,5.3887916
2020,12.91,5.3887916
2021,8.53,5.3887916
2022,4.62,7.2233334
