year,y_true,y_pred
2018,744.74,569.54565
2019,619.99,650.6803
2020,476.54,597.6353
2021,430.36,545.81396
2022,598.8,545.81396
