year,y_true,y_pred
2018,64.76,78.63666
2019,74.83,76.81847
2020,63.54,43.087685
2021,31.49,15.6638565
2022,108.87,78.63666
