year,y_true,y_pred
2018,803.5,702.41986
2019,769.87,708.95
2020,737.59,707.31354
2021,769.75,707.31354
2022,773.69,707.31354
