year,y_true,y_pred
2018,87.35,93.390335
2019,63.88,93.390335
2020,69.2,99.82733
2021,67.18,93.390335
2022,66.99,99.82733
