year,y_true,y_pred
2018,33.79,28.305704
2019,41.77,28.305704
2020,43.15,28.305704
2021,29.95,28.305704
2022,51.91,30.13464
