year,y_true,y_pred
2018,20.6,22.0046
2019,17.2,27.175285
2020,17.1,25.979961
2021,17.0,27.175285
2022,20.1,25.979961
