year,y_true,y_pred
2018,2.47,1.9663333
2019,0.82,1.9663333
2020,4.88,1.9663333
2021,1.62,1.6736666
2022,3.35,1.4453332
