year,y_true,y_pred
2018,165.64,180.83966
2019,173.63,174.08932
2020,148.17,180.83966
2021,130.32,171.9494
2022,144.86,171.9494
