year,y_true,y_pred
2018,87.63,44.20209
2019,62.2,31.195227
2020,74.18,44.20209
2021,79.89,31.195227
2022,43.45,31.195227
