mae,rmse,r2,city,model,sequence_length,forecast_horizon,normalization,val_size
0.14323400610441145,0.39511663053394547,-0.07065667855334601,4108403,xgboost,8,4,,
