year,y_true,y_pred
2018,631.67,538.87897
2019,575.15,525.8914
2020,326.98,525.8914
2021,363.04,703.4285
2022,493.75,406.40982
