year,y_true,y_pred
2018,36.99,20.17063
2019,56.39,35.55612
2020,50.3,37.39202
2021,33.26,26.956387
2022,46.21,34.7695
