year,y_true,y_pred
2018,0.0,0.00023837038
2019,0.0,0.00023837038
2020,0.0,0.00023837038
2021,5.54,0.00023837038
2022,4.86,1.4377804
