year,y_true,y_pred
2018,8.54,10.810854
2019,31.01,13.255792
2020,22.36,15.025333
2021,22.17,10.810854
2022,19.46,10.810854
