year,y_true,y_pred
2018,102.43,96.59868
2019,87.4,92.8525
2020,69.87,102.146866
2021,102.54,97.788704
2022,138.64,91.907104
