year,y_true,y_pred
2018,744.39,475.97552
2019,704.29,572.81165
2020,683.63,497.58035
2021,670.23,497.58035
2022,1024.0,497.58035
