year,y_true,y_pred
2018,78.36,73.3948
2019,68.71,73.3948
2020,63.94,62.529858
2021,54.21,59.678036
2022,86.54,59.678036
