year,y_true,y_pred
2018,20.18,11.331958
2019,0.0,20.184084
2020,0.0,11.331958
2021,0.0,10.989083
2022,39.56,15.939667
