year,y_true,y_pred
2018,87.91,138.86955
2019,121.21,109.18732
2020,115.11,109.18732
2021,96.91,109.18732
2022,139.71,109.18732
