year,y_true,y_pred
2018,48.69,19.375668
2019,0.0,44.879856
2020,49.78,19.375668
2021,150.98,19.375668
2022,0.0,49.259293
