year,y_true,y_pred
2018,55.43,33.757442
2019,55.56,33.757442
2020,55.68,33.757442
2021,55.8,33.757442
2022,124.88,33.757442
