year,y_true,y_pred
2018,249.45,243.41495
2019,361.11,346.8168
2020,584.63,249.50977
2021,306.92,280.73886
2022,624.41,280.73886
