year,y_true,y_pred
2018,25.85,38.8802
2019,77.86,52.675285
2020,26.06,69.246155
2021,26.15,52.675285
2022,129.87,69.246155
