year,y_true,y_pred
2018,36.86,41.647
2019,20.89,49.052376
2020,36.25,43.105247
2021,46.23,49.052376
2022,46.14,44.071247
