year,y_true,y_pred
2018,984.78,928.95544
2019,1049.5,913.63495
2020,859.61,928.95544
2021,863.04,881.20776
2022,974.06,881.20776
