year,y_true,y_pred
2018,616.71,607.16156
2019,651.57,559.9261
2020,405.87,559.9261
2021,1027.72,559.9261
2022,932.33,595.45105
