year,y_true,y_pred
2018,0.0,0.79319745
2019,31.03,3.0975502
2020,31.22,53.68513
2021,62.29,73.76788
2022,60.15,1.3702896
