year,y_true,y_pred
2018,72.41,40.222385
2019,72.31,123.40918
2020,36.1,123.40918
2021,144.2,40.222385
2022,77.04,219.19173
