year,y_true,y_pred
2018,79.42,31.332335
2019,43.35,31.332335
2020,35.2,23.102333
2021,50.48,23.102333
2022,57.89,23.102333
