year,y_true,y_pred
2018,595.69,642.1963
2019,622.68,683.2258
2020,567.18,698.46295
2021,465.98,612.98346
2022,640.95,640.27014
