year,y_true,y_pred
2018,65.62,90.38066
2019,98.66,79.94067
2020,59.33,79.05123
2021,72.68,90.38066
2022,65.88,79.05123
