year,y_true,y_pred
2018,78.75,96.673004
2019,65.78,102.119
2020,52.74,97.88575
2021,39.64,97.88575
2022,98.83,102.119
