year,y_true,y_pred
2018,72.18,76.063934
2019,111.82,76.063934
2020,79.11,76.063934
2021,171.79,76.063934
2022,32.94,76.063934
