year,y_true,y_pred
2018,45.93,50.933372
2019,46.04,47.180298
2020,59.33,47.180298
2021,46.25,32.6044
2022,26.35,47.180298
