year,y_true,y_pred
2018,0.0,1.3692083
2019,0.0,1.2483958
2020,0.0,1.2483958
2021,0.0,1.751619
2022,0.0,1.751619
