year,y_true,y_pred
2018,22.75,34.031666
2019,29.43,30.766417
2020,24.79,30.766417
2021,38.14,30.766417
2022,21.05,30.766417
