year,y_true,y_pred
2018,495.91,457.37173
2019,373.57,290.46616
2020,371.86,425.85962
2021,381.42,334.14133
2022,444.75,334.60403
