year,y_true,y_pred
2018,22.15,6.40475
2019,21.99,7.71725
2020,14.56,5.839625
2021,43.41,7.50725
2022,14.39,7.71725
