year,y_true,y_pred
2018,147.65,144.91971
2019,161.25,173.21431
2020,123.78,191.00697
2021,224.28,180.37675
2022,136.67,122.77583
