year,y_true,y_pred
2018,57.94,55.10894
2019,40.98,58.546
2020,69.0,55.10894
2021,68.38,58.886
2022,88.42,58.546
