year,y_true,y_pred
2018,641.48,633.22125
2019,581.9,633.22125
2020,592.63,633.22125
2021,575.17,633.22125
2022,1090.48,633.22125
