year,y_true,y_pred
2018,642.94,640.3577
2019,490.94,640.3577
2020,346.73,615.80945
2021,360.9,615.80945
2022,475.29,638.6665
