year,y_true,y_pred
2018,68.89,36.366077
2019,56.65,36.366077
2020,59.65,47.922512
2021,44.19,47.01992
2022,58.89,54.97632
