year,y_true,y_pred
2018,20.84,6.5771666
2019,0.0,10.525667
2020,83.21,6.5771666
2021,0.0,6.7893333
2022,0.0,6.5771666
