year,y_true,y_pred
2018,270.95,230.81528
2019,270.66,230.81528
2020,374.45,230.81528
2021,41.57,230.81528
2022,303.46,248.68875
