year,y_true,y_pred
2018,60.86,24.609432
2019,30.53,24.609432
2020,0.0,24.609432
2021,0.0,45.303894
2022,125.55,45.303894
