year,y_true,y_pred
2018,912.84,762.19836
2019,845.8,814.5106
2020,689.57,740.2708
2021,666.13,610.2019
2022,775.08,762.19836
