year,y_true,y_pred
2018,139.12,123.714
2019,94.18,114.989
2020,66.19,116.48
2021,104.36,105.16525
2022,170.76,116.94725
