year,y_true,y_pred
2018,11.13,14.651
2019,5.54,12.218375
2020,16.55,10.9433
2021,10.98,14.651
2022,13.14,12.218375
