year,y_true,y_pred
2018,1539.61,1018.75757
2019,1146.27,1047.4535
2020,1300.0,933.1902
2021,702.11,929.0522
2022,817.5,929.95764
