year,y_true,y_pred
2018,99.33,51.638832
2019,149.51,51.872833
2020,125.0,44.566666
2021,75.23,44.566666
2022,0.0,44.566666
