year,y_true,y_pred
2018,43.61,48.82281
2019,47.8,48.82281
2020,39.92,48.82281
2021,32.0,48.82281
2022,71.92,40.36056
