year,y_true,y_pred
2018,499.52,378.01804
2019,501.95,358.12512
2020,455.13,360.2785
2021,300.04,360.2785
2022,452.64,360.37607
