year,y_true,y_pred
2018,47.57,58.192257
2019,23.9,58.192257
2020,71.86,58.192257
2021,44.01,57.907196
2022,67.68,54.20311
