year,y_true,y_pred
2018,103.08,81.01679
2019,59.76,89.474335
2020,87.83,79.84134
2021,96.01,81.01679
2022,50.76,89.474335
