year,y_true,y_pred
2018,3.96,20.903418
2019,27.89,18.543917
2020,35.93,22.121418
2021,24.0,18.445333
2022,16.92,18.042334
