year,y_true,y_pred
2018,126.82,91.826584
2019,104.98,91.826584
2020,73.01,80.685936
2021,124.37,97.899666
2022,109.78,91.826584
