year,y_true,y_pred
2018,13.32,35.064373
2019,20.09,38.704624
2020,47.1,38.704624
2021,33.8,46.67994
2022,74.99,41.665623
