year,y_true,y_pred
2018,333.11,713.036
2019,274.52,784.78326
2020,423.9,784.78326
2021,398.86,827.50476
2022,565.86,827.50476
