year,y_true,y_pred
2018,93.27,79.40971
2019,93.74,79.40971
2020,114.39,79.40971
2021,101.41,79.40971
2022,95.45,79.40971
