year,y_true,y_pred
2018,79.95,55.85129
2019,80.35,55.85129
2020,67.29,55.85129
2021,101.41,55.85129
2022,74.99,53.05229
