year,y_true,y_pred
2018,6.66,7.1106253
2019,6.7,7.1106253
2020,13.46,7.1106253
2021,20.28,7.1106253
2022,34.09,7.1106253
