year,y_true,y_pred
2018,65.74,111.84221
2019,87.36,105.24522
2020,96.15,87.42897
2021,61.49,56.62236
2022,104.51,105.18293
