year,y_true,y_pred
2018,0.0,0.987125
2019,1.82,0.987125
2020,0.0,0.987125
2021,0.0,0.987125
2022,0.0,0.987125
