year,y_true,y_pred
2018,10.96,8.780792
2019,23.66,8.780792
2020,21.77,8.557381
2021,14.47,8.780792
2022,54.19,8.780792
