year,y_true,y_pred
2018,14.61,12.644199
2019,16.38,20.257801
2020,10.88,20.257801
2021,10.85,16.3792
2022,11.61,17.438631
