year,y_true,y_pred
2018,74.63,62.44562
2019,89.42,60.323124
2020,93.01,59.739624
2021,89.17,59.739624
2022,84.94,59.739624
