year,y_true,y_pred
2018,481.38,481.00272
2019,536.53,481.00272
2020,587.83,481.00272
2021,513.94,481.00272
2022,476.81,481.00272
