year,y_true,y_pred
2018,21.15,13.925459
2019,22.36,13.925459
2020,18.6,13.925459
2021,28.48,13.925459
2022,37.37,13.925459
