year,y_true,y_pred
2018,0.0,0.12372222
2019,0.0,0.12372222
2020,1.24,0.12372222
2021,2.48,0.12372222
2022,0.0,0.09279166
