year,y_true,y_pred
2018,133.09,129.69812
2019,124.2,94.24037
2020,112.85,129.69812
2021,96.6,129.69812
2022,106.46,98.4301
