year,y_true,y_pred
2018,21.15,27.598667
2019,36.02,27.598667
2020,27.28,27.598667
2021,33.44,25.105667
2022,47.57,23.134834
