year,y_true,y_pred
2018,1.24,0.0003048161
2019,0.0,0.6551356
2020,1.24,0.0012001705
2021,1.24,0.65498585
2022,1.13,0.65498585
