year,y_true,y_pred
2018,264.27,163.19815
2019,87.18,148.67899
2020,120.84,186.42401
2021,136.92,199.70609
2022,162.28,205.63376
