year,y_true,y_pred
2018,17.62,9.409625
2019,0.0,9.409625
2020,34.52,9.409625
2021,0.0,11.035625
2022,0.0,9.409625
