year,y_true,y_pred
2018,26.74,4.2431016
2019,31.7,8.639987
2020,15.67,19.923845
2021,15.49,0.14093041
2022,31.22,0.07838734
