year,y_true,y_pred
2018,75.12,34.22102
2019,28.65,44.185375
2020,106.81,34.22102
2021,59.22,44.185375
2022,54.48,34.22102
