year,y_true,y_pred
2018,35.37,45.598984
2019,0.0,45.598984
2020,35.63,45.598984
2021,35.76,45.598984
2022,99.45,45.598984
