year,y_true,y_pred
2018,362.71,693.28925
2019,505.96,596.378
2020,324.21,596.378
2021,287.25,616.462
2022,646.2,640.19226
