year,y_true,y_pred
2018,36.27,29.841333
2019,0.0,19.228416
2020,36.02,24.169266
2021,107.72,24.169266
2022,0.0,19.228416
