year,y_true,y_pred
2018,633.06,845.29803
2019,691.83,873.46643
2020,444.0,882.96594
2021,579.49,873.46643
2022,523.35,873.46643
