year,y_true,y_pred
2018,23.16,61.336666
2019,53.81,63.984146
2020,30.62,63.984146
2021,38.12,63.984146
2022,39.65,61.336666
