year,y_true,y_pred
2018,110.28,45.260853
2019,66.29,40.421852
2020,36.89,40.421852
2021,66.52,43.80633
2022,45.42,40.421852
