year,y_true,y_pred
2018,36.5,50.74748
2019,53.91,54.380043
2020,39.97,56.09133
2021,65.97,54.380043
2022,46.92,56.09133
