year,y_true,y_pred
2018,542.45,425.32983
2019,625.64,453.37994
2020,592.09,425.32983
2021,631.03,425.32983
2022,817.46,425.32983
