year,y_true,y_pred
2018,133.41,116.91581
2019,116.6,96.55385
2020,107.43,95.52204
2021,98.33,100.70391
2022,108.66,99.22273
