year,y_true,y_pred
2018,17.62,18.471334
2019,18.81,18.471334
2020,18.74,18.471334
2021,19.91,18.471334
2022,14.82,22.078867
