year,y_true,y_pred
2018,42.4,49.9731
2019,63.33,57.995358
2020,79.9,49.000816
2021,71.21,62.838745
2022,67.53,50.87977
