year,y_true,y_pred
2018,767.4,665.13666
2019,751.53,706.58734
2020,647.6,706.58734
2021,548.76,657.16565
2022,649.32,657.16565
