year,y_true,y_pred
2018,59.24,46.08694
2019,29.87,21.27948
2020,50.19,46.08694
2021,111.29,28.2983
2022,70.58,35.164227
