year,y_true,y_pred
2018,819.43,839.87256
2019,816.41,741.97577
2020,1114.12,741.97577
2021,1203.97,839.87256
2022,1522.48,839.87256
