year,y_true,y_pred
2018,0.0,2.7879333
2019,0.0,2.9346666
2020,0.0,2.9346666
2021,10.12,5.4291334
2022,0.0,2.7879333
