year,y_true,y_pred
2018,118.47,91.48462
2019,49.78,91.48462
2020,70.26,91.48462
2021,101.17,91.48462
2022,131.07,59.157204
