year,y_true,y_pred
2018,608.78,688.99585
2019,571.75,688.99585
2020,442.16,698.1741
2021,371.82,688.99585
2022,558.16,688.99585
