year,y_true,y_pred
2018,43.66,49.508022
2019,36.41,49.508022
2020,31.0,49.508022
2021,30.58,49.508022
2022,31.82,54.326458
