year,y_true,y_pred
2018,175.5,134.10057
2019,172.93,103.03764
2020,136.24,103.03764
2021,182.69,117.43715
2022,208.99,103.03764
