year,y_true,y_pred
2018,22.67,15.026207
2019,27.3,12.236681
2020,23.66,15.026207
2021,25.75,15.026207
2022,34.4,15.026207
