year,y_true,y_pred
2018,9.24,5.435029
2019,6.62,5.248945
2020,13.05,4.76412
2021,12.88,5.4037914
2022,14.62,5.248945
