year,y_true,y_pred
2018,2.52,0.057731077
2019,0.0,0.9868787
2020,1.63,0.0017404063
2021,0.8,0.0008278469
2022,0.0,0.0017404063
