year,y_true,y_pred
2018,24.25,35.573967
2019,35.89,35.573967
2020,35.93,35.573967
2021,35.98,35.573967
2022,49.62,35.573967
