year,y_true,y_pred
2018,351.56,410.28574
2019,227.3,410.28574
2020,167.68,410.28574
2021,227.87,410.28574
2022,210.87,410.28574
