year,y_true,y_pred
2018,39.26,33.674915
2019,26.19,31.726416
2020,65.51,37.455067
2021,52.42,31.565916
2022,48.19,27.770916
