year,y_true,y_pred
2018,142.96,103.29271
2019,71.1,93.99421
2020,56.59,95.509125
2021,70.39,103.29271
2022,91.14,95.509125
