year,y_true,y_pred
2018,33.77,45.162918
2019,44.99,41.66779
2020,89.92,38.815067
2021,56.16,50.457916
2022,66.24,41.66779
