year,y_true,y_pred
2018,22.51,65.74048
2019,101.24,65.74048
2020,44.96,61.32254
2021,11.23,57.84404
2022,79.49,52.49054
