year,y_true,y_pred
2018,0.0,10.08408
2019,11.25,10.659314
2020,33.72,9.895264
2021,11.23,0.8316029
2022,39.75,10.08408
