year,y_true,y_pred
2018,112.57,34.02853
2019,224.97,34.02853
2020,134.88,34.02853
2021,190.95,34.02853
2022,105.99,34.02853
