mae,rmse,r2,city,model,sequence_length,forecast_horizon,normalization,val_size
0.34890597630288983,0.41507253302168423,-0.17396648533105807,2807303,xgboost,8,4,,
