year,y_true,y_pred
2018,29.47,19.480125
2019,0.0,19.480125
2020,0.0,19.480125
2021,56.01,19.480125
2022,85.62,25.219
