year,y_true,y_pred
2018,471.56,197.09248
2019,314.2,178.15454
2020,367.65,178.15454
2021,308.04,178.15454
2022,371.0,178.15454
