year,y_true,y_pred
2018,0.0,145.77733
2019,149.63,145.77733
2020,249.63,145.77733
2021,99.95,126.95533
2022,44.7,137.61433
