year,y_true,y_pred
2018,56.32,67.6045
2019,97.67,64.30825
2020,64.55,67.6045
2021,86.87,64.30825
2022,82.65,74.437004
