year,y_true,y_pred
2018,24.27,19.152906
2019,24.31,17.579596
2020,27.76,18.958902
2021,24.27,19.152906
2022,26.09,17.579596
