year,y_true,y_pred
2018,27.31,31.518665
2019,33.13,27.741917
2020,61.46,31.518665
2021,49.38,34.670334
2022,49.89,30.229332
