year,y_true,y_pred
2018,367.76,329.69434
2019,352.86,311.77036
2020,361.69,311.77036
2021,321.46,311.77036
2022,404.75,303.78806
