year,y_true,y_pred
2018,39.15,30.406416
2019,7.82,43.587856
2020,0.0,49.53521
2021,46.79,38.32206
2022,115.55,43.587856
