year,y_true,y_pred
2018,438.42,491.8846
2019,430.02,513.79474
2020,249.86,333.0743
2021,475.71,333.0743
2022,934.87,369.28674
