year,y_true,y_pred
2018,70.25,69.64814
2019,92.98,85.989
2020,92.34,81.8376
2021,45.86,69.64814
2022,24.77,84.9789
