year,y_true,y_pred
2018,7.29,23.21391
2019,21.7,19.031797
2020,35.88,30.84755
2021,42.73,42.5896
2022,37.36,23.21391
