year,y_true,y_pred
2018,532.23,234.62813
2019,549.61,234.62813
2020,473.59,234.62813
2021,576.84,234.62813
2022,357.04,234.62813
