year,y_true,y_pred
2018,0.0,10.810406
2019,0.0,10.810406
2020,65.21,8.986852
2021,97.37,31.994755
2022,0.0,10.810406
