year,y_true,y_pred
2018,691.02,393.47134
2019,589.39,348.43008
2020,521.68,388.5565
2021,421.94,388.5565
2022,510.73,388.5565
