year,y_true,y_pred
2018,200.78,410.67023
2019,331.35,651.4179
2020,288.83,410.67023
2021,221.12,651.4179
2022,328.72,410.67023
