year,y_true,y_pred
2018,0.0,40.0623
2019,39.76,28.107937
2020,26.26,28.107937
2021,0.0,40.0623
2022,23.48,40.0623
