year,y_true,y_pred
2018,26.77,15.587832
2019,13.25,20.803633
2020,0.0,15.587832
2021,0.0,15.587832
2022,23.48,15.587832
