year,y_true,y_pred
2018,26.77,20.858852
2019,26.51,27.497442
2020,13.13,8.4106865
2021,13.01,24.493029
2022,0.0,27.497442
