year,y_true,y_pred
2018,40.16,59.381252
2019,13.25,55.650898
2020,78.77,62.106815
2021,65.04,54.410477
2022,93.92,35.879128
