year,y_true,y_pred
2018,80.31,18.854967
2019,13.25,18.854967
2020,65.64,22.859335
2021,78.04,15.659333
2022,35.22,18.854967
