year,y_true,y_pred
2018,197.69,348.25845
2019,231.34,348.25845
2020,242.37,348.25845
2021,445.41,348.25845
2022,466.33,240.1972
