year,y_true,y_pred
2018,40.44,16.643099
2019,35.59,22.076103
2020,22.03,21.126837
2021,43.67,52.00028
2022,47.06,52.619934
