year,y_true,y_pred
2018,19.7,36.462395
2019,0.0,24.420149
2020,19.66,25.299597
2021,45.84,26.689947
2022,36.05,22.236654
