year,y_true,y_pred
2018,413.6,431.538
2019,432.93,431.538
2020,308.04,400.31018
2021,438.77,400.31018
2022,396.54,400.31018
