year,y_true,y_pred
2018,13.13,7.536667
2019,13.12,8.913667
2020,6.55,8.913667
2021,6.55,7.536667
2022,7.21,7.5359583
