year,y_true,y_pred
2018,32.83,15.509804
2019,13.12,11.4813385
2020,32.77,15.509804
2021,39.29,11.4813385
2022,36.05,15.509804
