year,y_true,y_pred
2018,98.48,66.210464
2019,59.04,66.210464
2020,117.97,66.210464
2021,104.78,73.77192
2022,129.78,66.210464
