year,y_true,y_pred
2018,47.19,47.374664
2019,56.42,50.171333
2020,51.54,47.374664
2021,56.03,55.50133
2022,57.38,47.374664
