year,y_true,y_pred
2018,49.71,25.822124
2019,49.71,25.822124
2020,149.18,25.822124
2021,24.69,25.822124
2022,78.68,43.378334
