year,y_true,y_pred
2018,262.17,323.32217
2019,373.13,331.81134
2020,409.07,331.81134
2021,592.81,367.7929
2022,482.2,367.7929
