year,y_true,y_pred
2018,37.45,21.030666
2019,37.31,13.310666
2020,37.19,13.310666
2021,37.05,13.310666
2022,37.09,13.310666
