year,y_true,y_pred
2018,76.06,74.05629
2019,50.24,74.05629
2020,49.79,74.05629
2021,24.68,74.05629
2022,59.58,64.237
