year,y_true,y_pred
2018,24.09,58.472202
2019,24.11,58.472202
2020,96.53,58.472202
2021,48.3,69.91901
2022,46.37,77.42081
