year,y_true,y_pred
2018,602.26,444.13254
2019,723.41,552.6176
2020,603.28,514.5995
2021,458.83,514.5995
2022,788.31,453.87415
