year,y_true,y_pred
2018,48.15,61.99171
2019,48.58,68.82382
2020,65.35,24.4928
2021,82.37,24.4928
2022,78.99,17.660673
