year,y_true,y_pred
2018,96.29,37.593502
2019,48.58,62.760307
2020,65.35,62.760307
2021,41.19,62.760307
2022,28.73,62.760307
