year,y_true,y_pred
2018,136.41,109.33036
2019,121.45,122.73048
2020,122.53,119.110664
2021,123.56,124.409615
2022,122.08,122.73048
