year,y_true,y_pred
2018,56.17,32.69925
2019,40.48,32.69925
2020,65.35,40.068
2021,24.71,40.068
2022,50.27,40.068
