year,y_true,y_pred
2018,0.0,0.8444397
2019,0.0,0.8444397
2020,0.0,0.8444397
2021,0.0,0.8444397
2022,0.0,0.8444397
