year,y_true,y_pred
2018,223.87,318.47528
2019,445.25,318.47528
2020,214.49,354.4506
2021,323.47,318.47528
2022,311.86,318.47528
