year,y_true,y_pred
2018,13.99,17.928001
2019,34.79,13.387
2020,6.92,13.387
2021,48.18,17.928001
2022,16.41,19.99
