year,y_true,y_pred
2018,11.68,72.959045
2019,23.07,64.237366
2020,22.8,82.11023
2021,78.87,82.11023
2022,52.52,82.11023
