year,y_true,y_pred
2018,3.91,15.224459
2019,7.68,15.224459
2020,7.55,14.342459
2021,33.4,14.342459
2022,34.87,14.342459
