year,y_true,y_pred
2018,46.93,355.09055
2019,103.7,355.09055
2020,75.48,355.09055
2021,226.38,355.09055
2022,244.06,355.09055
