year,y_true,y_pred
2018,264.1,406.38568
2019,190.38,427.11447
2020,359.26,406.38568
2021,591.15,406.38568
2022,486.42,406.38568
