year,y_true,y_pred
2018,52.82,42.07998
2019,31.73,32.537968
2020,52.83,38.08998
2021,84.45,38.08998
2022,50.67,42.07998
