year,y_true,y_pred
2018,73.95,53.08375
2019,63.46,43.678
2020,63.4,53.08375
2021,21.11,43.678
2022,101.34,45.181
