year,y_true,y_pred
2018,0.0,0.98100007
2019,0.0,0.98100007
2020,0.0,0.98100007
2021,0.0,0.98100007
2022,10.13,0.98100007
