year,y_true,y_pred
2018,73.95,121.02954
2019,137.49,115.894585
2020,116.23,115.383545
2021,73.89,121.034546
2022,182.41,115.894585
