year,y_true,y_pred
2018,30.04,55.37104
2019,14.86,25.471416
2020,44.12,40.460964
2021,29.12,42.578754
2022,0.0,25.471416
