year,y_true,y_pred
2018,675.98,456.16296
2019,564.64,456.16296
2020,632.35,486.55597
2021,524.25,517.94086
2022,444.26,517.94086
