year,y_true,y_pred
2018,105.63,94.720924
2019,118.98,95.40427
2020,73.32,96.376015
2021,115.76,51.351357
2022,70.68,77.3845
