year,y_true,y_pred
2018,45.27,12.536142
2019,104.1,15.429125
2020,29.33,15.429125
2021,14.47,15.429125
2022,70.68,15.429125
