year,y_true,y_pred
2018,150.9,169.97874
2019,133.85,169.97874
2020,234.64,169.97874
2021,144.7,176.91759
2022,123.7,169.97874
