year,y_true,y_pred
2018,0.0,8.277137
2019,14.87,8.277137
2020,14.66,8.277137
2021,14.47,8.277137
2022,0.0,8.277137
