year,y_true,y_pred
2018,513.65,449.5984
2019,457.24,449.5984
2020,535.19,576.60986
2021,452.73,449.5984
2022,537.26,576.60986
