year,y_true,y_pred
2018,108.14,39.934998
2019,53.79,53.627872
2020,107.04,39.934998
2021,53.26,53.627872
2022,23.36,39.767
