year,y_true,y_pred
2018,15.86,20.855791
2019,22.21,19.523792
2020,19.03,16.819353
2021,44.42,18.485792
2022,46.56,18.485792
