year,y_true,y_pred
2018,536.08,571.9966
2019,513.91,567.25635
2020,612.27,426.37225
2021,720.18,767.0291
2022,611.97,767.0262
