year,y_true,y_pred
2018,0.0,0.277697
2019,0.0,0.277697
2020,3.17,0.277697
2021,0.0,0.22383335
2022,3.33,0.22383335
