year,y_true,y_pred
2018,9.52,19.386934
2019,12.69,15.773583
2020,9.52,15.773583
2021,15.86,15.773583
2022,16.63,19.386934
