year,y_true,y_pred
2018,3.17,1.172125
2019,0.0,0.6296875
2020,0.0,0.65
2021,0.0,0.88385713
2022,0.0,0.88385713
