year,y_true,y_pred
2018,155.43,98.48967
2019,161.79,109.6115
2020,139.59,98.48967
2021,145.94,98.48967
2022,152.99,98.48967
