year,y_true,y_pred
2018,53.93,42.244335
2019,57.1,44.952736
2020,15.86,44.952736
2021,50.76,42.244335
2022,16.63,44.952736
