year,y_true,y_pred
2018,443.51,339.63007
2019,253.86,384.61206
2020,360.17,339.63007
2021,488.01,339.63007
2022,597.48,384.61206
