year,y_true,y_pred
2018,21.12,19.44041
2019,42.31,5.6350927
2020,0.0,19.44041
2021,63.65,19.48002
2022,22.13,35.349766
