year,y_true,y_pred
2018,105.6,135.49188
2019,126.93,131.36334
2020,190.68,161.51271
2021,190.96,112.02985
2022,110.64,139.22072
