year,y_true,y_pred
2018,42.24,16.715733
2019,0.0,30.309334
2020,42.37,32.326416
2021,0.0,30.611523
2022,22.13,30.561155
