year,y_true,y_pred
2018,63.36,30.382332
2019,63.47,30.382332
2020,84.75,30.382332
2021,42.44,30.382332
2022,22.13,30.382332
