year,y_true,y_pred
2018,0.0,2.6224847
2019,0.0,0.0019338453
2020,0.0,5.3248825
2021,0.0,5.3248825
2022,0.0,5.3248825
