year,y_true,y_pred
2018,639.39,467.90668
2019,383.75,447.70468
2020,415.87,394.6639
2021,416.13,394.6639
2022,617.28,394.6639
