year,y_true,y_pred
2018,95.91,29.7346
2019,0.0,5.160304
2020,0.0,29.7346
2021,32.01,5.160304
2022,72.62,17.786762
