year,y_true,y_pred
2018,448.71,454.01816
2019,680.14,385.27838
2020,314.98,454.01816
2021,292.84,385.27838
2022,434.72,426.5472
