year,y_true,y_pred
2018,68.87,64.28421
2019,104.09,64.28421
2020,244.76,44.491127
2021,105.63,62.40067
2022,111.73,62.40067
