year,y_true,y_pred
2018,1175.61,566.20746
2019,1416.02,799.2719
2020,657.09,779.7144
2021,509.59,921.50726
2022,1060.53,716.2746
