year,y_true,y_pred
2018,122.46,58.062042
2019,73.24,66.42834
2020,73.01,55.081333
2021,24.27,46.307335
2022,51.73,55.41754
