year,y_true,y_pred
2018,31.7,35.93127
2019,28.11,60.5254
2020,24.53,60.5254
2021,20.97,34.946804
2022,16.88,34.946804
