year,y_true,y_pred
2018,162.03,580.89557
2019,221.38,580.89557
2020,196.26,580.89557
2021,269.16,580.89557
2022,344.3,580.89557
