year,y_true,y_pred
2018,0.0,0.3650107
2019,0.0,0.3650107
2020,0.0,0.3650107
2021,0.0,0.3650107
2022,0.0,0.3650107
