year,y_true,y_pred
2018,0.0,0.70644444
2019,0.0,0.70644444
2020,0.0,0.70644444
2021,0.0,0.70644444
2022,3.38,0.70644444
