year,y_true,y_pred
2018,49.31,72.44533
2019,31.63,72.44533
2020,45.56,72.44533
2021,45.44,72.44533
2022,67.51,72.44533
