year,y_true,y_pred
2018,137.38,114.95181
2019,140.56,125.594986
2020,122.66,125.594986
2021,174.78,144.90271
2022,128.27,147.27145
