year,y_true,y_pred
2018,3.52,20.804792
2019,21.08,15.72671
2020,14.02,15.72671
2021,13.98,29.020689
2022,10.13,20.804792
