year,y_true,y_pred
2018,653.69,765.282
2019,609.62,765.282
2020,637.12,795.55664
2021,549.82,795.55664
2022,779.59,795.55664
