year,y_true,y_pred
2018,37.44,42.964413
2019,56.97,47.22067
2020,53.56,42.964413
2021,55.82,42.55249
2022,56.13,42.55249
