year,y_true,y_pred
2018,66.23,120.190994
2019,105.4,126.02037
2020,73.3,120.190994
2021,97.68,126.02037
2022,180.87,120.190994
