year,y_true,y_pred
2018,5.76,17.680546
2019,11.39,10.580483
2020,14.1,10.267499
2021,5.58,17.680546
2022,6.24,7.721881
