year,y_true,y_pred
2018,28.8,22.315248
2019,39.88,32.097996
2020,33.83,32.239357
2021,19.54,22.342869
2022,40.54,22.315731
