year,y_true,y_pred
2018,68.31,85.456085
2019,77.69,85.456085
2020,63.08,75.28919
2021,93.59,75.28919
2022,121.07,79.42334
