year,y_true,y_pred
2018,604.86,670.5095
2019,515.47,782.8051
2020,438.92,749.36273
2021,446.68,704.17535
2022,535.78,749.3608
