year,y_true,y_pred
2018,87.25,63.028774
2019,65.61,63.028774
2020,52.39,63.028774
2021,42.82,55.903187
2022,45.55,56.10979
