year,y_true,y_pred
2018,0.0,0.21833064
2019,0.0,0.21833064
2020,1.16,0.21833064
2021,0.0,0.21833064
2022,1.08,0.21833064
