year,y_true,y_pred
2018,96.68,64.48347
2019,65.61,64.48347
2020,75.68,70.30679
2021,94.89,64.48347
2022,98.7,64.48347
