year,y_true,y_pred
2018,0.0,0.7143667
2019,1.17,0.7143667
2020,0.0,0.7143667
2021,0.0,0.7143667
2022,0.0,0.7143667
