year,y_true,y_pred
2018,8.25,14.130334
2019,15.23,11.379886
2020,15.14,14.130334
2021,11.57,14.130334
2022,16.27,11.379886
