year,y_true,y_pred
2018,77.82,52.14972
2019,72.63,52.14972
2020,79.17,52.14972
2021,94.89,52.14972
2022,79.17,52.14972
