year,y_true,y_pred
2018,97.21,82.30966
2019,98.65,96.57867
2020,266.76,96.57867
2021,67.61,90.35545
2022,97.43,104.32077
