year,y_true,y_pred
2018,521.63,389.79547
2019,371.1,452.46448
2020,635.83,389.79547
2021,968.74,418.36298
2022,599.63,452.46448
