year,y_true,y_pred
2018,43.47,33.328
2019,43.66,29.693249
2020,43.85,29.693249
2021,0.0,29.693249
2022,92.25,39.267998
