year,y_true,y_pred
2018,67.73,51.810207
2019,104.86,47.043896
2020,49.43,47.043896
2021,61.89,49.848667
2022,66.26,58.433666
