year,y_true,y_pred
2018,1219.21,1015.1471
2019,1455.71,954.29425
2020,1025.7,1015.1471
2021,1058.3,1015.1471
2022,988.35,1013.27966
