year,y_true,y_pred
2018,69.95,65.62667
2019,93.92,65.62667
2020,47.28,86.22167
2021,142.79,60.170586
2022,20.05,74.56467
