year,y_true,y_pred
2018,32.43,48.32074
2019,16.27,17.979797
2020,81.57,18.350012
2021,49.08,96.556915
2022,64.53,62.18609
