year,y_true,y_pred
2018,356.74,681.44934
2019,731.95,749.3999
2020,603.59,731.77734
2021,605.37,812.414
2022,854.98,812.414
