mae,rmse,r2,city,model,sequence_length,forecast_horizon,normalization,val_size
0.21165497240672268,0.30897218329588394,0.01829272265062931,1600303,xgboost,8,4,,
