year,y_true,y_pred
2018,239.99,624.13654
2019,296.31,624.13654
2020,228.46,624.13654
2021,208.61,624.13654
2022,333.5,624.13654
