year,y_true,y_pred
2018,9.6,13.718854
2019,9.56,13.718854
2020,9.52,16.990292
2021,28.45,16.990292
2022,49.04,14.296291
