year,y_true,y_pred
2018,48.82,60.607334
2019,105.28,74.88333
2020,48.38,129.07535
2021,40.14,74.88333
2022,68.86,74.88333
