year,y_true,y_pred
2018,25.79,24.770332
2019,64.35,25.169832
2020,25.7,30.499666
2021,12.83,20.046581
2022,14.31,20.895832
