year,y_true,y_pred
2018,280.86,433.04593
2019,311.87,433.04593
2020,290.92,433.04593
2021,501.83,433.04593
2022,528.53,461.5344
