year,y_true,y_pred
2018,26.13,15.877867
2019,25.99,20.815334
2020,6.46,15.198334
2021,64.34,15.198334
2022,25.47,19.205168
