year,y_true,y_pred
2018,0.0,34.182106
2019,20.89,45.731293
2020,20.75,43.031967
2021,41.24,39.12229
2022,43.48,39.12229
