year,y_true,y_pred
2018,42.86,9.979925
2019,47.59,9.979925
2020,19.02,9.979925
2021,42.77,7.6159663
2022,76.2,9.979925
