year,y_true,y_pred
2018,18.7,31.683334
2019,37.39,31.683334
2020,0.0,37.216335
2021,0.0,31.683334
2022,22.5,31.864918
