year,y_true,y_pred
2018,494.02,444.04904
2019,652.31,444.04904
2020,504.14,444.04904
2021,362.18,444.04904
2022,742.87,426.35257
