year,y_true,y_pred
2018,32.13,40.79292
2019,39.3,41.14692
2020,38.48,42.357418
2021,37.73,41.14692
2022,41.04,44.16104
