year,y_true,y_pred
2018,35.19,37.757732
2019,45.45,36.245358
2020,40.27,53.461838
2021,55.21,53.461838
2022,27.65,49.620335
