year,y_true,y_pred
2018,372.03,411.50058
2019,398.91,411.50058
2020,221.51,411.50058
2021,306.18,390.93283
2022,265.47,366.2047
