year,y_true,y_pred
2018,105.58,108.88454
2019,131.29,151.78836
2020,110.75,135.58171
2021,180.7,159.339
2022,165.92,116.40984
