year,y_true,y_pred
2018,0.0,0.8529931
2019,5.05,0.8529931
2020,0.0,0.8529931
2021,0.0,0.8529931
2022,0.0,0.8529931
