year,y_true,y_pred
2018,10.05,2.582502
2019,15.15,0.0030299942
2020,5.03,10.5269985
2021,5.02,0.0005520088
2022,16.59,0.0030299942
