year,y_true,y_pred
2018,25.14,20.998428
2019,20.2,20.998428
2020,20.14,20.998428
2021,45.17,20.998428
2022,22.12,20.998428
