year,y_true,y_pred
2018,61.03,40.961582
2019,20.22,48.303665
2020,40.21,38.70108
2021,59.97,40.961582
2022,39.12,48.303665
