year,y_true,y_pred
2018,522.14,314.05347
2019,566.19,314.05347
2020,516.02,314.05347
2021,626.37,314.05347
2022,736.83,314.05347
