year,y_true,y_pred
2018,36.15,67.138
2019,78.62,72.076
2020,21.21,65.922935
2021,90.93,68.63663
2022,65.91,65.922935
