year,y_true,y_pred
2018,43.37,0.9063413
2019,35.73,0.9063413
2020,21.21,6.263284
2021,48.96,6.263284
2022,14.65,6.263284
