year,y_true,y_pred
2018,137.35,155.00966
2019,135.79,152.4227
2020,120.17,152.4227
2021,181.86,152.4227
2022,205.05,153.36966
