year,y_true,y_pred
2018,7.23,22.455124
2019,21.44,16.855625
2020,21.21,18.063126
2021,6.99,22.455124
2022,7.32,17.002625
