year,y_true,y_pred
2018,825.08,357.29666
2019,442.8,395.4056
2020,853.91,390.19165
2021,485.44,322.58044
2022,685.19,390.20093
