year,y_true,y_pred
2018,18.34,37.077526
2019,0.0,29.393284
2020,55.69,62.386906
2021,149.37,53.611965
2022,55.56,34.210346
