year,y_true,y_pred
2018,128.95,159.40182
2019,257.79,144.25607
2020,214.78,168.21266
2021,85.87,144.25607
2022,160.1,144.25607
