year,y_true,y_pred
2018,21.49,13.241934
2019,0.0,17.417667
2020,42.96,10.9262085
2021,0.0,17.417667
2022,20.01,10.9262085
