year,y_true,y_pred
2018,42.98,106.37089
2019,236.31,73.980484
2020,107.39,92.413635
2021,150.28,82.85617
2022,140.08,106.20108
