year,y_true,y_pred
2018,0.0,2.0045443
2019,0.0,2.0045443
2020,0.0,2.0045443
2021,0.0,2.0045443
2022,0.0,2.0045443
