year,y_true,y_pred
2018,64.47,93.41253
2019,85.93,51.56347
2020,150.34,51.56347
2021,42.94,51.56347
2022,160.1,65.399734
