year,y_true,y_pred
2018,21.49,28.521542
2019,0.0,28.251333
2020,0.0,28.521542
2021,0.0,28.521542
2022,20.01,28.521542
