year,y_true,y_pred
2018,28.84,28.479334
2019,40.33,28.479334
2020,24.98,26.633333
2021,23.11,28.479334
2022,43.19,28.479334
