year,y_true,y_pred
2018,337.54,376.98822
2019,421.82,343.17163
2020,288.13,360.07965
2021,257.57,353.91888
2022,561.49,189.69347
