year,y_true,y_pred
2018,3.39,6.5061045
2019,6.72,6.5061045
2020,5.0,5.786792
2021,8.26,5.786792
2022,12.34,5.1123333
