year,y_true,y_pred
2018,88.2,64.348495
2019,105.88,87.941475
2020,108.26,69.81904
2021,82.55,64.348495
2022,98.72,87.941475
