year,y_true,y_pred
2018,0.0,0.76124895
2019,0.0,0.76124895
2020,0.0,0.76124895
2021,0.0,0.76124895
2022,0.0,0.76124895
