year,y_true,y_pred
2018,45.8,66.90003
2019,67.22,66.90003
2020,59.96,66.90003
2021,59.44,66.90003
2022,47.3,66.90003
