year,y_true,y_pred
2018,21.33,11.863875
2019,21.14,13.446
2020,0.0,16.491562
2021,10.39,16.491562
2022,14.28,15.387375
