year,y_true,y_pred
2018,608.88,771.31415
2019,723.86,771.31415
2020,214.06,771.31415
2021,142.44,645.067
2022,243.77,645.067
