year,y_true,y_pred
2018,44.77,21.019667
2019,17.87,24.538666
2020,35.68,16.192667
2021,35.61,24.538666
2022,0.0,24.538666
