year,y_true,y_pred
2018,161.17,112.98682
2019,151.92,112.98682
2020,160.54,105.121376
2021,169.14,105.121376
2022,72.23,105.121376
