year,y_true,y_pred
2018,8.95,22.157066
2019,44.68,22.157066
2020,26.76,26.289415
2021,17.8,22.157066
2022,9.03,27.524332
