year,y_true,y_pred
2018,35.82,18.186958
2019,26.81,27.939667
2020,17.84,22.132584
2021,17.8,22.132584
2022,18.06,22.113083
