year,y_true,y_pred
2018,463.06,612.60004
2019,471.88,635.12646
2020,453.74,635.12646
2021,516.55,635.12646
2022,589.71,635.12646
