year,y_true,y_pred
2018,54.27,55.467335
2019,47.75,58.826042
2020,37.18,62.41898
2021,45.22,58.826042
2022,63.57,62.41898
