year,y_true,y_pred
2018,1446.49,901.20593
2019,1164.79,901.20593
2020,725.06,901.20593
2021,694.74,1004.6646
2022,1025.87,524.6438
