year,y_true,y_pred
2018,27.33,34.362377
2019,108.02,34.362377
2020,26.7,23.046562
2021,26.23,29.761875
2022,100.48,34.362377
