year,y_true,y_pred
2018,601.26,549.3314
2019,1107.21,503.35254
2020,800.85,503.35254
2021,839.45,503.35254
2022,778.7,503.35254
