year,y_true,y_pred
2018,21.7,0.0024268783
2019,5.3,0.0024268783
2020,15.54,0.0024268783
2021,15.21,0.0024268783
2022,17.83,0.0024268783
