year,y_true,y_pred
2018,173.63,148.43695
2019,159.01,139.01666
2020,150.27,133.01695
2021,172.35,133.01695
2022,285.29,139.01666
