year,y_true,y_pred
2018,21.7,23.555666
2019,0.0,23.555666
2020,25.91,23.555666
2021,40.55,19.059958
2022,29.72,25.253666
