year,y_true,y_pred
2018,0.0,4.099104
2019,5.3,6.2702913
2020,0.0,6.2217665
2021,5.07,6.2217665
2022,0.0,6.2217665
