year,y_true,y_pred
2018,0.0,1.7377777
2019,0.0,1.7377777
2020,5.18,1.7377777
2021,0.0,1.7377777
2022,0.0,1.7377777
