year,y_true,y_pred
2018,0.0,24.627466
2019,0.0,24.627466
2020,35.56,24.627466
2021,0.0,24.627466
2022,112.74,24.627466
