year,y_true,y_pred
2018,216.37,229.15068
2019,179.02,229.15068
2020,284.5,272.78662
2021,282.59,315.34744
2022,375.8,315.34744
