year,y_true,y_pred
2018,36.06,100.278336
2019,35.8,38.1542
2020,35.56,38.1542
2021,105.97,57.077637
2022,338.22,100.278336
