year,y_true,y_pred
2018,0.0,0.005704321
2019,0.0,3.8729975
2020,0.0,3.8729975
2021,0.0,3.8729975
2022,0.0,3.8729975
