year,y_true,y_pred
2018,0.0,14.076166
2019,0.0,14.076166
2020,35.56,14.076166
2021,35.32,14.076166
2022,0.0,14.076166
