year,y_true,y_pred
2018,116.55,168.19489
2019,189.39,168.19489
2020,258.78,168.19489
2021,252.8,249.14085
2022,284.9,168.19489
