year,y_true,y_pred
2018,345.07,309.5843
2019,330.79,344.50488
2020,340.16,309.5843
2021,413.36,344.50488
2022,514.11,344.50488
