year,y_true,y_pred
2018,760.3,590.14276
2019,564.71,458.60593
2020,573.8,764.5663
2021,381.62,764.5663
2022,767.82,690.5682
