year,y_true,y_pred
2018,87.73,75.2832
2019,37.65,69.438576
2020,71.2,74.14171
2021,62.9,67.07529
2022,67.98,65.58403
