year,y_true,y_pred
2018,181.36,191.94673
2019,223.13,231.26067
2020,96.69,231.26067
2021,155.91,191.94673
2022,166.54,231.26067
