year,y_true,y_pred
2018,26.83,62.449833
2019,0.0,62.449833
2020,66.5,62.449833
2021,39.74,72.038055
2022,16.97,91.55455
