year,y_true,y_pred
2018,18.31,31.782337
2019,15.29,29.673227
2020,36.78,23.493303
2021,33.78,29.231365
2022,34.74,29.426714
