year,y_true,y_pred
2018,235.01,348.75574
2019,293.62,348.75574
2020,257.46,348.75574
2021,190.42,348.75574
2022,350.58,348.75574
