year,y_true,y_pred
2018,281.42,398.18243
2019,421.9,328.5789
2020,237.84,352.47278
2021,356.53,398.18243
2022,323.96,352.47278
