year,y_true,y_pred
2018,32.47,36.201866
2019,32.45,35.131916
2020,21.62,30.498333
2021,64.82,30.498333
2022,46.28,33.919914
