year,y_true,y_pred
2018,10.82,20.404457
2019,43.27,23.042084
2020,21.62,25.162666
2021,43.22,20.404457
2022,11.57,24.426582
