year,y_true,y_pred
2018,54.12,23.811798
2019,43.27,23.811798
2020,43.24,23.811798
2021,54.02,23.811798
2022,46.28,23.811798
