year,y_true,y_pred
2018,97.41,106.64208
2019,54.09,94.535706
2020,97.3,99.88096
2021,118.84,106.64208
2022,92.56,94.535706
