year,y_true,y_pred
2018,42.48,29.425959
2019,49.93,29.439459
2020,26.74,28.759434
2021,15.2,29.90746
2022,44.76,29.425959
