year,y_true,y_pred
2018,285.76,406.62735
2019,357.18,406.62735
2020,278.89,406.62735
2021,296.48,406.62735
2022,425.22,406.62735
