year,y_true,y_pred
2018,19.31,45.33533
2019,23.04,44.262333
2020,22.92,40.465416
2021,26.61,44.262333
2022,72.74,44.262333
