year,y_true,y_pred
2018,0.0,0.36118183
2019,0.0,0.36118183
2020,0.0,0.36118183
2021,0.0,0.36118183
2022,0.0,0.36118183
