year,y_true,y_pred
2018,3.86,1.20875
2019,0.0,1.20875
2020,0.0,1.20875
2021,0.0,1.20875
2022,0.0,1.20875
