year,y_true,y_pred
2018,131.29,116.43005
2019,103.7,126.0258
2020,141.36,116.43005
2021,114.03,126.0258
2022,173.45,126.0258
