year,y_true,y_pred
2018,3.86,9.099208
2019,3.84,9.099208
2020,3.82,9.099208
2021,3.8,9.099208
2022,5.6,9.099208
