year,y_true,y_pred
2018,1043.55,931.8512
2019,1150.5,984.2833
2020,728.09,948.87427
2021,674.6,900.1924
2022,948.27,948.09393
