year,y_true,y_pred
2018,0.0,6.5237503
2019,29.87,6.5237503
2020,0.0,5.833
2021,0.0,6.5237503
2022,30.57,5.833
