year,y_true,y_pred
2018,209.33,191.30168
2019,268.82,156.81529
2020,149.16,182.90137
2021,268.18,191.30168
2022,214.0,193.18243
