year,y_true,y_pred
2018,9.49,25.14836
2019,4.72,0.9635941
2020,18.8,13.723237
2021,46.79,9.427244
2022,5.12,5.5699606
