year,y_true,y_pred
2018,626.57,190.13591
2019,321.15,190.13591
2020,272.61,190.13591
2021,477.22,190.13591
2022,486.83,190.13591
