year,y_true,y_pred
2018,62.99,63.756165
2019,48.07,67.37866
2020,52.46,63.756165
2021,42.61,58.98133
2022,63.75,58.98133
