year,y_true,y_pred
2018,1196.88,895.87787
2019,1244.89,895.87787
2020,939.57,895.87787
2021,710.19,895.87787
2022,956.24,898.51807
