year,y_true,y_pred
2018,89.23,77.260254
2019,90.09,85.67226
2020,38.98,85.67226
2021,52.46,85.67226
2022,86.81,90.450806
