year,y_true,y_pred
2018,494.52,118.20192
2019,899.74,119.455925
2020,683.18,100.11687
2021,1319.15,100.11687
2022,936.85,100.11687
