year,y_true,y_pred
2018,43.0,12.266571
2019,64.27,7.8059998
2020,21.35,7.8059998
2021,0.0,7.8059998
2022,0.0,7.8059998
