year,y_true,y_pred
2018,520.98,454.401
2019,656.13,476.232
2020,442.66,446.44186
2021,464.5,432.78906
2022,554.13,432.78906
