year,y_true,y_pred
2018,49.32,41.839466
2019,44.4,43.441166
2020,37.91,41.839466
2021,37.6,43.924164
2022,31.85,43.951164
