year,y_true,y_pred
2018,1.26,0.42220047
2019,0.0,0.42220047
2020,1.22,0.42220047
2021,0.0,0.42220047
2022,1.27,0.42220047
