year,y_true,y_pred
2018,0.0,0.1596111
2019,0.0,0.1596111
2020,0.0,0.1596111
2021,0.0,0.1596111
2022,0.0,0.1596111
