year,y_true,y_pred
2018,50.58,51.269066
2019,50.57,56.300728
2020,34.24,70.42076
2021,48.51,32.52038
2022,54.78,46.907215
