year,y_true,y_pred
2018,140.36,104.51329
2019,118.4,104.51329
2020,110.05,104.51329
2021,109.15,103.29802
2022,103.18,103.318665
