year,y_true,y_pred
2018,2.53,5.6644998
2019,4.93,5.6644998
2020,9.78,5.6644998
2021,4.85,5.6644998
2022,8.92,6.8038335
