year,y_true,y_pred
2018,33.44,48.494324
2019,134.18,78.22693
2020,33.64,48.494324
2021,33.73,66.031006
2022,33.85,83.39653
