year,y_true,y_pred
2018,26.59,61.18702
2019,37.68,62.61337
2020,63.54,62.61337
2021,74.18,53.187843
2022,121.94,55.950497
