year,y_true,y_pred
2018,816.81,989.21625
2019,915.6,873.3399
2020,979.33,989.21625
2021,919.88,989.21625
2022,1089.01,989.21625
