year,y_true,y_pred
2018,14.29,12.132292
2019,18.67,12.132292
2020,13.73,12.132292
2021,22.46,10.592333
2022,17.5,12.132292
