year,y_true,y_pred
2018,252.39,208.30228
2019,214.67,238.50388
2020,283.79,207.16888
2021,260.58,187.76985
2022,396.73,205.31174
