year,y_true,y_pred
2018,23.72,11.462749
2019,12.04,11.462749
2020,24.42,17.592829
2021,24.76,11.462749
2022,33.11,11.462749
