year,y_true,y_pred
2018,166.07,186.90651
2019,168.53,153.36209
2020,244.17,175.76602
2021,111.41,224.73163
2022,231.74,199.153
