year,y_true,y_pred
2018,33.14,20.651001
2019,23.09,24.515501
2020,23.0,20.651001
2021,6.54,22.151001
2022,26.06,23.159876
