year,y_true,y_pred
2018,0.0,0.47719863
2019,0.0,0.47719863
2020,0.0,0.47719863
2021,0.0,0.47719863
2022,0.0,0.47719863
