year,y_true,y_pred
2018,53.02,26.247272
2019,23.09,22.822458
2020,26.28,23.821459
2021,52.36,26.247272
2022,58.63,22.822458
