year,y_true,y_pred
2018,106.04,89.35825
2019,49.49,89.35825
2020,75.56,59.594765
2021,65.45,58.639694
2022,52.12,55.79692
