year,y_true,y_pred
2018,9.94,4.47525
2019,6.6,4.5872917
2020,6.57,5.5774164
2021,6.54,6.689333
2022,3.26,6.689333
