year,y_true,y_pred
2018,42.07,69.30689
2019,58.15,88.52721
2020,41.03,75.235664
2021,81.1,80.48167
2022,61.42,75.235664
