year,y_true,y_pred
2018,685.71,1133.9836
2019,581.01,1018.73566
2020,400.11,993.14795
2021,485.9,1018.73566
2022,999.51,1018.73566
