year,y_true,y_pred
2018,95.24,39.050694
2019,85.72,41.856403
2020,47.63,39.17496
2021,66.69,38.33895
2022,58.22,39.050694
