year,y_true,y_pred
2018,19.05,3.6277335
2019,38.1,3.6277335
2020,66.69,3.6277335
2021,28.58,3.6277335
2022,48.52,3.6277335
