year,y_true,y_pred
2018,114.29,69.081665
2019,114.3,50.53346
2020,152.42,50.53346
2021,123.86,58.091084
2022,97.04,50.53346
