year,y_true,y_pred
2018,57.14,7.03577
2019,38.1,7.03577
2020,19.05,7.03577
2021,28.58,7.03577
2022,19.41,7.03577
