year,y_true,y_pred
2018,0.0,42.502167
2019,27.87,42.502167
2020,27.63,42.502167
2021,0.0,42.502167
2022,0.0,42.502167
