year,y_true,y_pred
2018,140.29,674.24384
2019,250.84,674.24384
2020,276.32,674.24384
2021,191.78,674.24384
2022,170.82,674.24384
