year,y_true,y_pred
2018,56.12,77.25562
2019,83.61,77.25562
2020,55.26,77.25562
2021,301.37,77.25562
2022,68.33,94.830666
