year,y_true,y_pred
2018,0.0,2.6609697
2019,0.0,2.6609697
2020,0.0,2.6609697
2021,0.0,2.6609697
2022,0.0,2.6609697
