year,y_true,y_pred
2018,112.23,31.683292
2019,27.87,31.683292
2020,0.0,38.841293
2021,27.4,38.841293
2022,0.0,49.326866
