year,y_true,y_pred
2018,170.75,271.81195
2019,84.48,271.81195
2020,195.15,282.5748
2021,193.21,282.5748
2022,214.94,282.5748
