year,y_true,y_pred
2018,28.46,67.972664
2019,28.16,106.24768
2020,55.76,75.67865
2021,0.0,75.1131
2022,80.6,107.70838
