year,y_true,y_pred
2018,517.88,336.5984
2019,416.97,468.73026
2020,805.07,468.73026
2021,752.43,336.5984
2022,532.04,468.73026
