year,y_true,y_pred
2018,49.32,38.468082
2019,24.53,48.289932
2020,97.58,38.411083
2021,0.0,34.211082
2022,24.18,38.411083
