year,y_true,y_pred
2018,50.67,29.16227
2019,68.35,57.341724
2020,17.29,57.341724
2021,17.49,57.341724
2022,71.07,41.81333
