year,y_true,y_pred
2018,52.43,18.44952
2019,70.96,18.44952
2020,36.02,18.44952
2021,54.83,22.052668
2022,17.03,22.052668
