year,y_true,y_pred
2018,143.25,68.67157
2019,129.73,68.67157
2020,90.47,68.67157
2021,109.47,69.00777
2022,105.1,85.03386
