year,y_true,y_pred
2018,104.34,34.40054
2019,22.7,35.15654
2020,0.0,36.97304
2021,0.0,34.40054
2022,24.67,34.40054
