year,y_true,y_pred
2018,463.71,352.113
2019,533.48,379.32837
2020,266.99,343.0718
2021,196.44,531.84314
2022,345.34,490.67105
