year,y_true,y_pred
2018,77.79,15.431334
2019,35.56,15.431334
2020,47.88,15.431334
2021,58.01,15.431334
2022,48.78,15.431334
