year,y_true,y_pred
2018,420.46,432.53467
2019,280.31,432.53467
2020,283.12,406.5287
2021,312.86,406.5287
2022,432.35,432.53467
