year,y_true,y_pred
2018,44.15,44.04446
2019,39.75,40.132668
2020,41.64,38.904667
2021,39.37,44.04446
2022,37.69,44.04446
