year,y_true,y_pred
2018,12.61,16.564793
2019,14.64,20.489466
2020,20.82,15.537003
2021,18.65,15.537003
2022,17.74,15.537003
