year,y_true,y_pred
2018,71.48,94.734634
2019,94.13,94.26733
2020,120.74,94.26733
2021,124.32,63.845127
2022,148.55,63.845127
