year,y_true,y_pred
2018,0.0,0.655375
2019,0.0,0.655375
2020,2.08,0.655375
2021,0.0,0.655375
2022,0.0,0.655375
