year,y_true,y_pred
2018,0.0,0.389303
2019,0.0,0.389303
2020,0.0,0.389303
2021,0.0,0.389303
2022,0.0,0.389303
