year,y_true,y_pred
2018,332.06,571.56903
2019,473.04,571.56903
2020,211.59,571.56903
2021,381.71,571.56903
2022,573.23,571.56903
