year,y_true,y_pred
2018,24.9,41.680378
2019,40.78,41.680378
2020,56.97,14.350805
2021,56.85,40.637318
2022,76.43,40.637318
