year,y_true,y_pred
2018,91.13,104.719536
2019,104.09,92.26569
2020,65.01,92.26569
2021,77.97,116.41233
2022,79.84,116.41233
