year,y_true,y_pred
2018,625.54,561.04974
2019,619.46,601.95416
2020,481.77,601.95416
2021,469.23,561.04974
2022,668.61,561.04974
