year,y_true,y_pred
2018,72.1,79.27512
2019,67.89,79.27512
2020,70.04,70.37143
2021,53.08,70.37143
2022,58.42,70.37143
