year,y_true,y_pred
2018,0.0,3.1553335
2019,4.24,3.5733335
2020,0.0,3.1553335
2021,6.37,3.5733335
2022,6.49,3.1553335
