year,y_true,y_pred
2018,16.96,14.417
2019,29.7,11.7438
2020,21.22,13.21125
2021,23.36,14.417
2022,36.78,13.21125
