year,y_true,y_pred
2018,6.36,2.8313541
2019,0.0,2.8313541
2020,4.24,1.6201353
2021,6.37,1.6822916
2022,6.49,2.8313541
