year,y_true,y_pred
2018,17.8,7.4916368
2019,0.0,0.00073304615
2020,0.0,18.71992
2021,17.56,1.9554102
2022,0.0,7.4916368
