year,y_true,y_pred
2018,160.23,71.76418
2019,177.18,106.046135
2020,176.37,106.046135
2021,122.89,106.046135
2022,134.72,106.046135
