year,y_true,y_pred
2018,28.54,23.197332
2019,21.46,23.721582
2020,57.4,23.721582
2021,35.97,28.225332
2022,46.75,23.197332
