year,y_true,y_pred
2018,206.89,259.75214
2019,207.48,259.75214
2020,272.64,259.75214
2021,194.22,259.75214
2022,447.47,259.75214
