year,y_true,y_pred
2018,58.19,29.145296
2019,29.72,33.090996
2020,0.0,29.145296
2021,92.99,75.10848
2022,22.72,180.51079
