year,y_true,y_pred
2018,843.76,786.0442
2019,505.2,904.43823
2020,455.24,606.63513
2021,805.95,786.0442
2022,545.33,940.5888
