year,y_true,y_pred
2018,73.6,31.23225
2019,81.91,29.39625
2020,27.04,29.39625
2021,22.32,31.06275
2022,63.53,31.06275
