year,y_true,y_pred
2018,616.43,595.9535
2019,687.11,589.28485
2020,527.26,648.3536
2021,464.26,612.2817
2022,484.42,502.69897
