year,y_true,y_pred
2018,36.62,25.3465
2019,12.13,25.3465
2020,48.21,29.214333
2021,23.96,33.06008
2022,71.99,25.3465
