year,y_true,y_pred
2018,292.97,207.03816
2019,424.5,213.67717
2020,216.95,207.03816
2021,371.35,204.39034
2022,563.95,194.1835
