mae,rmse,r2,city,model,sequence_length,forecast_horizon,normalization,val_size
3.5896746890686018,5.202257776050132,0.00042186338749794494,2314003,xgboost,8,4,,
