year,y_true,y_pred
2018,323.62,418.71335
2019,232.29,342.1405
2020,213.12,404.26077
2021,397.25,364.5828
2022,571.96,371.0658
