year,y_true,y_pred
2018,8.99,3.7342086
2019,26.8,4.846191
2020,17.76,5.8537087
2021,35.31,5.8537087
2022,72.8,3.7342086
