year,y_true,y_pred
2018,15.46,44.34346
2019,35.66,44.34346
2020,27.71,46.88746
2021,39.9,44.34346
2022,34.06,46.88746
