mae,rmse,r2,city,model,sequence_length,forecast_horizon,normalization,val_size
0.14888812513133573,0.38062544703985235,-0.10599636908570198,3169901,xgboost,8,4,,
