year,y_true,y_pred
2018,217.7,345.03647
2019,366.91,345.03647
2020,482.84,317.5444
2021,549.49,321.62878
2022,592.52,392.30963
