year,y_true,y_pred
2018,17.93,15.347395
2019,25.3,15.347395
2020,45.03,10.075486
2021,51.98,22.420168
2022,33.25,23.421082
