year,y_true,y_pred
2018,2.56,0.29299656
2019,0.0,0.29299656
2020,0.0,0.29299656
2021,0.0,0.29299656
2022,0.0,0.29299656
