year,y_true,y_pred
2018,30.73,23.859709
2019,25.3,19.972666
2020,25.02,24.415667
2021,17.33,24.415667
2022,30.23,24.415667
