year,y_true,y_pred
2018,28.17,18.881332
2019,22.77,21.317541
2020,27.52,19.858915
2021,9.9,19.37729
2022,33.25,17.157415
