year,y_true,y_pred
2018,58.91,66.30854
2019,63.26,58.758045
2020,40.03,70.38826
2021,47.03,65.06984
2022,87.67,66.83043
