year,y_true,y_pred
2018,280.06,315.5285
2019,367.96,329.61884
2020,409.57,223.58897
2021,317.28,303.36053
2022,444.79,222.469
