year,y_true,y_pred
2018,26.05,27.470333
2019,58.1,24.105793
2020,38.4,24.504791
2021,12.69,22.883293
2022,84.72,21.865604
