year,y_true,y_pred
2018,738.2,804.19977
2019,742.39,779.4723
2020,419.11,828.1612
2021,413.31,804.19977
2022,411.42,778.5843
