year,y_true,y_pred
2018,47.37,39.716393
2019,31.76,44.0916
2020,79.83,39.716393
2021,32.1,45.2306
2022,19.78,39.716393
