year,y_true,y_pred
2018,1145.69,1034.469
2019,1428.57,977.32904
2020,880.96,977.32904
2021,1064.86,1027.322
2022,1110.46,1034.469
