year,y_true,y_pred
2018,68.4,62.64723
2019,72.06,54.13169
2020,42.15,49.664005
2021,75.46,58.915413
2022,81.54,55.105392
