year,y_true,y_pred
2018,19.32,7.7684984
2019,18.98,25.966307
2020,23.31,32.32922
2021,27.51,23.840292
2022,28.45,23.840807
