year,y_true,y_pred
2018,159.39,248.63153
2019,123.35,309.90265
2020,116.56,268.00232
2021,137.55,268.00232
2022,165.96,248.37584
