year,y_true,y_pred
2018,0.0,6.5360003
2019,4.74,5.7019
2020,0.0,6.5360003
2021,0.0,7.6610003
2022,14.23,7.6610003
