year,y_true,y_pred
2018,0.0,0.8533285
2019,0.0,0.8533285
2020,0.0,0.8533285
2021,0.0,0.8533285
2022,0.0,0.8533285
