year,y_true,y_pred
2018,33.81,19.910833
2019,18.98,16.518833
2020,32.64,16.890833
2021,9.17,14.263133
2022,4.74,16.452833
