year,y_true,y_pred
2018,40.12,-0.00036154315
2019,36.97,-0.00036154315
2020,23.47,-0.00036154315
2021,10.3,-0.00036154315
2022,16.22,-0.00036154315
