year,y_true,y_pred
2018,254.12,51.894753
2019,253.51,51.894753
2020,213.83,51.894753
2021,154.56,51.894753
2022,246.6,51.894753
