year,y_true,y_pred
2018,226.16,267.17828
2019,180.59,278.99335
2020,162.65,278.99335
2021,144.68,278.99335
2022,184.54,278.99335
