year,y_true,y_pred
2018,18.09,30.985748
2019,18.06,36.966354
2020,18.07,23.956587
2021,18.08,23.956587
2022,20.5,23.956587
