year,y_true,y_pred
2018,81.9,103.00816
2019,164.07,81.10892
2020,81.0,103.00816
2021,81.1,81.10892
2022,165.63,81.10892
