year,y_true,y_pred
2018,806.38,794.88495
2019,639.9,794.88495
2020,537.97,895.2814
2021,540.01,794.88495
2022,600.93,895.2814
