year,y_true,y_pred
2018,36.24,28.41614
2019,49.57,31.39048
2020,44.83,33.329372
2021,26.78,31.703592
2022,46.23,64.91747
