year,y_true,y_pred
2018,463.43,227.78677
2019,627.78,227.78677
2020,314.16,227.78677
2021,241.88,227.78677
2022,430.17,153.63097
