year,y_true,y_pred
2018,57.04,7.1819887
2019,21.16,7.1819887
2020,20.94,7.1819887
2021,34.55,7.1819887
2022,22.25,7.1819887
