year,y_true,y_pred
2018,0.0,58.166042
2019,44.27,58.166042
2020,44.11,71.90134
2021,87.95,71.90134
2022,51.33,71.90134
