year,y_true,y_pred
2018,1201.92,643.2407
2019,1103.49,948.52075
2020,917.7,948.52075
2021,1146.38,948.52075
2022,1988.64,948.52075
