year,y_true,y_pred
2018,180.29,107.302605
2019,149.12,107.302605
2020,59.21,107.302605
2021,58.79,102.863
2022,284.09,102.863
