year,y_true,y_pred
2018,18.86,32.74075
2019,62.58,36.707333
2020,24.92,34.617416
2021,55.81,39.511333
2022,60.31,32.74075
