year,y_true,y_pred
2018,55.23,107.31639
2019,83.0,85.20554
2020,36.96,129.18927
2021,92.56,85.20554
2022,117.72,125.56355
