year,y_true,y_pred
2018,184.09,221.65094
2019,166.01,240.63553
2020,184.79,240.63553
2021,222.14,240.63553
2022,176.57,200.65213
