year,y_true,y_pred
2018,0.0,6.4615436
2019,0.0,6.4615436
2020,0.0,6.4615436
2021,0.0,6.4615436
2022,0.0,6.4615436
