year,y_true,y_pred
2018,0.0,23.950104
2019,9.22,18.636333
2020,27.72,20.562292
2021,9.26,20.804333
2022,0.0,23.950104
