year,y_true,y_pred
2018,36.82,26.815067
2019,83.0,26.815067
2020,46.2,26.815067
2021,83.3,26.815067
2022,78.48,26.815067
