year,y_true,y_pred
2018,466.14,795.95325
2019,482.08,795.95325
2020,506.68,795.95325
2021,487.59,795.95325
2022,539.41,795.95325
