year,y_true,y_pred
2018,43.98,48.50702
2019,70.12,48.50702
2020,34.94,64.45096
2021,95.78,48.50702
2022,99.89,57.229958
