year,y_true,y_pred
2018,149.52,140.57104
2019,175.3,141.86362
2020,78.62,133.68628
2021,156.73,158.6274
2022,219.76,141.86362
