year,y_true,y_pred
2018,0.0,10.988466
2019,0.0,16.006866
2020,0.0,16.006866
2021,8.71,16.006866
2022,0.0,16.006866
