year,y_true,y_pred
2018,43.98,33.756477
2019,26.3,33.756477
2020,17.47,37.548084
2021,8.71,36.016582
2022,99.89,44.319084
