year,y_true,y_pred
2018,0.0,4.7844906
2019,0.0,4.7844906
2020,0.0,4.7844906
2021,0.0,4.7844906
2022,9.99,4.7844906
