year,y_true,y_pred
2018,8.84,27.806932
2019,43.83,28.629229
2020,52.18,61.871136
2021,34.52,54.211655
2022,36.29,34.31798
