year,y_true,y_pred
2018,503.76,586.0969
2019,683.67,586.0969
2020,678.32,586.09644
2021,302.09,593.0263
2022,390.13,593.09344
