year,y_true,y_pred
2018,64.2,45.549267
2019,63.94,54.156197
2020,63.69,63.233524
2021,0.0,63.233524
2022,51.44,57.185505
