year,y_true,y_pred
2018,121.8,59.90661
2019,122.4,138.08984
2020,0.0,136.68681
2021,123.53,58.13995
2022,229.23,138.09048
