year,y_true,y_pred
2018,308.26,163.52397
2019,286.04,181.81055
2020,248.82,199.07124
2021,213.8,199.07124
2022,392.62,163.52397
