year,y_true,y_pred
2018,17.23,5.817347
2019,13.35,5.817347
2020,30.39,5.817347
2021,35.95,5.817347
2022,48.59,5.817347
