year,y_true,y_pred
2018,22.98,30.99498
2019,30.51,30.99498
2020,56.98,30.99498
2021,22.7,27.147041
2022,34.99,28.011042
