year,y_true,y_pred
2018,112.96,81.12024
2019,112.51,81.12024
2020,115.86,90.918304
2021,88.93,90.918304
2022,114.68,90.918304
