year,y_true,y_pred
2018,1.91,0.578125
2019,0.0,0.2915625
2020,3.8,0.578125
2021,3.78,0.2915625
2022,5.83,0.2915625
