year,y_true,y_pred
2018,17.23,27.814234
2019,30.51,22.775988
2020,39.89,27.814234
2021,32.17,30.66543
2022,27.21,27.814234
