year,y_true,y_pred
2018,21.76,20.372818
2019,29.3,22.24304
2020,22.19,22.61553
2021,25.73,19.950773
2022,32.04,21.16444
