year,y_true,y_pred
2018,80.12,70.29079
2019,107.42,74.27013
2020,89.71,74.27013
2021,101.03,74.27013
2022,86.6,74.27013
