year,y_true,y_pred
2018,0.99,0.294541
2019,0.0,0.294541
2020,0.0,0.294541
2021,0.0,0.294541
2022,0.87,0.294541
