year,y_true,y_pred
2018,4.95,5.1429996
2019,4.88,4.4449997
2020,6.75,5.1429996
2021,12.39,5.1429996
2022,16.45,4.7747498
