year,y_true,y_pred
2018,0.99,0.38296047
2019,0.0,0.38296047
2020,0.0,0.38296047
2021,0.0,0.38296047
2022,0.0,0.38296047
