year,y_true,y_pred
2018,90.16,102.6162
2019,99.0,69.6296
2020,41.52,69.63164
2021,75.21,148.92378
2022,134.29,85.744774
