year,y_true,y_pred
2018,275.65,27.440334
2019,362.98,27.440334
2020,444.25,27.440334
2021,398.86,27.440334
2022,64.65,27.440334
