year,y_true,y_pred
2018,0.0,0.70214164
2019,0.0,0.70214164
2020,0.0,0.70214164
2021,0.0,0.70214164
2022,0.0,0.70214164
