year,y_true,y_pred
2018,0.0,5.016187
2019,108.89,5.1779995
2020,133.27,5.016187
2021,170.94,5.016187
2022,21.55,5.016187
