year,y_true,y_pred
2018,30.63,1.3539994
2019,0.0,0.0016950956
2020,0.0,0.0016950956
2021,0.0,1.3539994
2022,0.0,1.3539994
