year,y_true,y_pred
2018,19.83,29.244957
2019,39.29,29.244957
2020,48.66,29.244957
2021,28.94,25.867582
2022,44.18,24.079582
