year,y_true,y_pred
2018,337.07,236.71175
2019,333.96,236.71175
2020,243.31,236.71175
2021,202.57,236.71175
2022,331.35,236.71175
