year,y_true,y_pred
2018,19.36,22.243666
2019,25.33,20.574667
2020,24.88,18.856333
2021,30.58,16.295
2022,25.95,16.295
