year,y_true,y_pred
2018,390.46,404.961
2019,383.18,471.03043
2020,401.27,332.48895
2021,431.25,318.99478
2022,484.47,372.94812
