year,y_true,y_pred
2018,22.59,9.363375
2019,19.0,9.363375
2020,21.77,9.363375
2021,18.35,9.363375
2022,11.54,9.363375
