year,y_true,y_pred
2018,41.95,41.017498
2019,44.33,36.526924
2020,34.22,15.787978
2021,36.7,37.036156
2022,17.3,20.278555
