year,y_true,y_pred
2018,10.01,30.721376
2019,4.94,35.781002
2020,43.89,35.781002
2021,67.4,33.953876
2022,33.31,38.145
