year,y_true,y_pred
2018,245.36,456.42102
2019,370.55,456.42102
2020,477.96,456.42102
2021,327.38,456.42102
2022,420.52,456.42102
