year,y_true,y_pred
2018,34.44,29.247543
2019,27.29,35.656334
2020,67.57,30.716043
2021,33.47,35.656334
2022,44.66,28.326542
