year,y_true,y_pred
2018,36.25,45.74067
2019,30.27,42.870834
2020,45.05,43.182835
2021,67.08,44.617336
2022,52.07,45.74067
