year,y_true,y_pred
2018,303.36,395.15527
2019,285.71,347.52036
2020,377.33,377.61542
2021,376.4,395.15527
2022,536.84,395.15527
