year,y_true,y_pred
2018,26.71,22.457335
2019,22.71,24.907541
2020,33.79,24.907541
2021,48.45,21.592167
2022,37.7,22.457335
