year,y_true,y_pred
2018,61.05,25.676708
2019,43.52,27.136208
2020,50.69,27.136208
2021,57.76,27.136208
2022,37.7,27.136208
