year,y_true,y_pred
2018,1.91,1.3256726
2019,0.0,1.3256726
2020,0.0,1.3256726
2021,0.0,1.3256726
2022,0.0,1.3256726
