year,y_true,y_pred
2018,93.49,64.1916
2019,85.15,68.030815
2020,114.51,73.518005
2021,122.98,73.518005
2022,141.84,73.518005
