year,y_true,y_pred
2018,42.05,77.17125
2019,54.49,69.77775
2020,27.07,77.17125
2021,41.26,77.17125
2022,34.98,77.17125
