year,y_true,y_pred
2018,53.01,53.395668
2019,70.83,45.554
2020,74.0,53.395668
2021,77.13,45.554
2022,83.95,53.395668
