year,y_true,y_pred
2018,14.62,10.142751
2019,14.53,12.426875
2020,12.63,12.426875
2021,14.35,12.426875
2022,7.0,12.426875
