year,y_true,y_pred
2018,29.25,42.60575
2019,65.39,39.835
2020,55.95,49.39825
2021,62.78,49.39825
2022,66.46,47.971252
