year,y_true,y_pred
2018,0.0,0.51677084
2019,1.82,0.51677084
2020,3.61,0.51677084
2021,0.0,0.72358334
2022,0.0,0.51677084
