year,y_true,y_pred
2018,47.15,14.248709
2019,42.83,14.248709
2020,29.95,14.248709
2021,55.57,14.248709
2022,17.31,14.248709
