year,y_true,y_pred
2018,1406.04,548.39856
2019,1049.25,326.19675
2020,1219.41,326.19675
2021,444.58,326.19675
2022,480.29,326.19675
