year,y_true,y_pred
2018,17.15,7.207625
2019,0.0,7.207625
2020,12.84,7.207625
2021,17.1,7.2181253
2022,17.31,6.638875
