year,y_true,y_pred
2018,124.31,76.644325
2019,81.37,76.644325
2020,136.92,74.60663
2021,153.89,76.644325
2022,177.4,76.644325
