year,y_true,y_pred
2018,21.43,21.990442
2019,51.39,19.836855
2020,25.67,21.990442
2021,47.02,19.843012
2022,47.6,21.99139
