year,y_true,y_pred
2018,57.5,82.46233
2019,57.26,82.46233
2020,28.51,82.46233
2021,28.38,82.46233
2022,80.56,82.46233
