mae,rmse,r2,city,model,sequence_length,forecast_horizon,normalization,val_size
1.2115774828213093,2.4433468916244987,-0.0017067412145281846,3152006,xgboost,8,4,,
