year,y_true,y_pred
2018,45.29,23.50136
2019,18.12,17.789822
2020,45.34,12.096968
2021,54.43,12.70596
2022,36.91,14.543541
