year,y_true,y_pred
2018,244.54,191.61583
2019,299.05,191.61583
2020,235.74,191.61583
2021,353.77,191.61583
2022,396.75,446.51627
