year,y_true,y_pred
2018,9.06,8.68593
2019,18.12,8.68593
2020,18.13,8.68593
2021,18.14,8.68593
2022,9.23,8.68593
