year,y_true,y_pred
2018,81.51,59.32567
2019,45.31,73.68348
2020,90.67,73.68348
2021,127.0,73.68348
2022,64.59,59.32567
