year,y_true,y_pred
2018,63.4,42.67675
2019,36.25,45.58375
2020,72.54,45.58375
2021,45.36,45.37525
2022,64.59,42.67675
