year,y_true,y_pred
2018,48.34,72.110664
2019,67.75,68.77634
2020,67.82,61.141068
2021,38.79,61.141068
2022,125.07,68.77634
