year,y_true,y_pred
2018,493.09,507.00967
2019,871.08,484.71533
2020,852.63,511.72833
2021,475.22,511.72833
2022,943.72,484.71533
