year,y_true,y_pred
2018,17.95,21.388323
2019,53.19,19.729794
2020,17.76,23.639864
2021,53.36,19.729794
2022,59.87,23.639864
