year,y_true,y_pred
2018,269.25,251.76955
2019,460.99,364.7402
2020,195.38,420.24472
2021,302.38,244.31673
2022,339.25,420.24472
