year,y_true,y_pred
2018,359.93,307.84998
2019,390.04,182.62674
2020,300.21,182.62674
2021,240.24,182.62674
2022,545.22,182.62674
