year,y_true,y_pred
2018,71.6,0.7166667
2019,133.23,0.7166667
2020,100.42,0.7166667
2021,83.78,0.7166667
2022,56.68,0.7166667
