year,y_true,y_pred
2018,1129.67,3.5833333
2019,1442.01,3.5833333
2020,957.82,3.5833333
2021,1188.21,3.5833333
2022,1164.99,3.5833333
