year,y_true,y_pred
2018,90.72,28.24201
2019,0.0,61.53101
2020,29.55,36.32201
2021,58.46,9.177169
2022,98.85,55.018635
