year,y_true,y_pred
2018,272.15,143.45346
2019,149.43,137.39975
2020,59.1,143.45346
2021,292.31,1006.5193
2022,560.13,266.5
