year,y_true,y_pred
2018,132.95,154.53886
2019,195.67,154.53886
2020,168.87,154.53886
2021,314.83,154.53886
2022,217.98,154.53886
