year,y_true,y_pred
2018,469.69,475.33804
2019,516.05,475.34174
2020,433.84,451.37082
2021,401.45,425.68115
2022,510.59,370.06152
