year,y_true,y_pred
2018,24.69,39.447174
2019,30.39,32.1418
2020,32.01,32.14077
2021,38.47,49.94617
2022,43.97,45.287548
