year,y_true,y_pred
2018,26.38,14.019914
2019,23.59,18.602917
2020,23.45,10.120166
2021,20.72,10.120166
2022,23.21,10.120166
