year,y_true,y_pred
2018,240.05,223.2985
2019,220.21,223.2985
2020,164.16,240.66849
2021,142.47,240.66849
2022,258.2,232.1095
