year,y_true,y_pred
2018,15.83,9.43713
2019,10.49,9.76021
2020,7.82,12.414414
2021,2.59,10.186276
2022,2.9,18.375774
