year,y_true,y_pred
2018,145.08,93.75982
2019,97.0,93.75982
2020,114.65,87.64001
2021,93.25,93.75982
2022,113.15,93.75982
