year,y_true,y_pred
2018,779.91,785.8757
2019,882.39,785.8757
2020,695.54,839.88043
2021,876.16,778.5956
2022,652.59,839.88043
