year,y_true,y_pred
2018,52.88,38.87423
2019,39.51,38.87423
2020,52.49,47.734333
2021,91.54,38.87423
2022,38.39,38.87423
