year,y_true,y_pred
2018,102.51,11.428667
2019,51.61,15.403958
2020,0.0,15.403958
2021,0.0,15.906459
2022,25.65,15.906459
