year,y_true,y_pred
2018,117.14,132.78561
2019,177.02,82.472
2020,208.91,60.335873
2021,214.57,96.49261
2022,195.69,96.49261
