year,y_true,y_pred
2018,0.0,2.3428788
2019,0.0,2.3428788
2020,0.0,2.3428788
2021,4.99,2.3428788
2022,0.0,2.3428788
