year,y_true,y_pred
2018,0.0,0.5458125
2019,5.21,0.5458125
2020,5.1,0.5458125
2021,0.0,0.5458125
2022,0.0,0.5458125
