year,y_true,y_pred
2018,727.24,187.28203
2019,588.81,187.28203
2020,549.69,187.28203
2021,528.77,187.28203
2022,612.88,187.28203
