year,y_true,y_pred
2018,53.87,12.001663
2019,0.0,12.001663
2020,35.46,7.641739
2021,52.88,13.419687
2022,50.37,12.001663
