year,y_true,y_pred
2018,0.0,68.28754
2019,0.0,68.28754
2020,0.0,96.336334
2021,0.0,74.73541
2022,0.0,74.73541
