year,y_true,y_pred
2018,156.49,458.7174
2019,581.4,417.09595
2020,115.25,290.00632
2021,418.73,381.9847
2022,408.53,290.00632
