year,y_true,y_pred
2018,1173.71,882.46796
2019,970.22,912.5017
2020,734.31,974.6032
2021,632.7,882.46796
2022,811.69,919.013
