year,y_true,y_pred
2018,33.53,58.825733
2019,0.0,57.49958
2020,100.13,48.010708
2021,66.6,58.825733
2022,81.17,57.49958
