year,y_true,y_pred
2018,33.86,34.612156
2019,41.84,34.612156
2020,49.66,42.42256
2021,32.76,34.612156
2022,27.35,34.612156
