year,y_true,y_pred
2018,482.52,444.78372
2019,761.51,444.78372
2020,537.99,487.23703
2021,417.72,444.78372
2022,483.18,444.78372
