year,y_true,y_pred
2018,14.27,20.019566
2019,71.34,19.757915
2020,42.78,20.954733
2021,57.03,24.977533
2022,16.63,21.708866
