year,y_true,y_pred
2018,742.12,643.32
2019,1027.25,844.8685
2020,684.54,983.25574
2021,698.6,489.03915
2022,1163.76,643.32
