year,y_true,y_pred
2018,503.88,1015.32306
2019,494.8,1015.32306
2020,492.23,1237.686
2021,545.51,1237.686
2022,615.18,1237.686
