year,y_true,y_pred
2018,66.75,69.791336
2019,64.54,61.369465
2020,51.59,69.791336
2021,60.13,62.988415
2022,51.8,64.44033
