year,y_true,y_pred
2018,32.3,13.6970005
2019,21.51,12.605375
2020,30.09,12.917375
2021,27.92,12.917375
2022,19.43,12.917375
