year,y_true,y_pred
2018,129.2,84.45792
2019,133.38,74.396835
2020,120.37,74.396835
2021,148.19,74.396835
2022,157.57,74.396835
