year,y_true,y_pred
2018,23.69,14.829333
2019,25.82,14.829333
2020,19.35,13.930833
2021,36.51,14.608833
2022,30.22,13.930833
