year,y_true,y_pred
2018,671.84,637.6554
2019,719.25,637.6554
2020,867.39,637.6554
2021,772.86,650.31464
2022,784.86,621.70825
