year,y_true,y_pred
2018,95.98,34.71181
2019,79.04,33.116375
2020,46.89,33.116375
2021,30.91,34.71181
2022,87.21,34.71181
