year,y_true,y_pred
2018,1191.61,573.26996
2019,1248.16,573.26996
2020,813.94,573.26996
2021,508.77,573.26996
2022,683.59,480.14774
