year,y_true,y_pred
2018,94.91,63.66646
2019,115.38,65.20546
2020,10.44,65.20546
2021,41.53,55.82777
2022,76.9,66.998665
