year,y_true,y_pred
2018,158.18,86.52702
2019,209.78,142.49762
2020,146.09,120.41043
2021,176.51,157.94917
2022,136.72,162.99521
