year,y_true,y_pred
2018,73.82,23.235533
2019,31.47,19.959667
2020,20.87,23.235533
2021,31.15,16.581665
2022,34.18,23.235533
