year,y_true,y_pred
2018,21.09,6.3342
2019,20.98,5.7752995
2020,20.87,5.7752995
2021,10.38,6.685533
2022,8.54,9.905533
