year,y_true,y_pred
2018,47.8,42.171665
2019,59.27,50.439583
2020,35.28,53.351208
2021,40.84,42.171665
2022,42.42,42.171665
