year,y_true,y_pred
2018,245.73,350.28717
2019,297.2,355.35342
2020,154.94,381.23676
2021,129.02,355.35342
2022,216.33,355.35342
