year,y_true,y_pred
2018,12.93,14.564267
2019,25.84,14.564267
2020,38.73,14.273666
2021,0.0,21.757067
2022,13.52,14.564267
