year,y_true,y_pred
2018,46.71,42.147266
2019,59.34,54.91833
2020,26.07,42.147266
2021,51.56,49.850666
2022,29.86,50.201664
