year,y_true,y_pred
2018,586.31,508.0575
2019,473.09,504.80646
2020,513.04,460.77875
2021,428.25,580.50134
2022,517.01,453.40308
