year,y_true,y_pred
2018,34.49,33.563168
2019,24.9,33.563168
2020,47.9,33.563168
2021,39.91,37.324165
2022,41.56,37.324165
