year,y_true,y_pred
2018,3.14,0.213875
2019,0.0,0.213875
2020,1.55,0.213875
2021,0.0,0.213875
2022,0.0,0.213875
