year,y_true,y_pred
2018,0.0,0.47847283
2019,0.0,0.47847283
2020,0.0,0.47847283
2021,0.0,0.47847283
2022,0.0,0.47847283
