year,y_true,y_pred
2018,53.3,68.704
2019,43.57,66.826584
2020,57.18,61.813107
2021,58.33,64.1248
2022,53.2,64.1248
