year,y_true,y_pred
2018,18.81,13.626312
2019,21.79,13.626312
2020,13.91,13.626312
2021,23.02,16.833124
2022,29.92,16.833124
