year,y_true,y_pred
2018,47.03,63.818054
2019,52.91,72.414536
2020,52.54,71.88188
2021,56.79,73.505714
2022,89.77,73.505714
