year,y_true,y_pred
2018,63.13,42.634666
2019,72.49,45.21258
2020,58.84,56.687134
2021,155.71,56.687134
2022,96.68,45.21258
