year,y_true,y_pred
2018,13.01,25.666666
2019,30.19,22.727667
2020,34.33,28.552666
2021,38.42,25.666666
2022,15.85,25.666666
