year,y_true,y_pred
2018,342.6,483.8117
2019,526.22,483.8117
2020,532.05,397.98508
2021,640.31,397.98508
2022,871.95,561.7439
