year,y_true,y_pred
2018,41.84,31.931208
2019,14.06,30.18521
2020,42.54,31.931208
2021,85.75,30.18521
2022,15.22,35.922646
