year,y_true,y_pred
2018,982.42,941.68665
2019,773.59,899.99567
2020,308.8,807.7294
2021,616.02,807.7294
2022,1349.83,941.68665
