year,y_true,y_pred
2018,155.12,47.910164
2019,103.15,88.823715
2020,0.0,68.716
2021,154.0,56.858894
2022,56.24,88.823715
