year,y_true,y_pred
2018,64.13,9.348869
2019,42.72,9.731572
2020,0.0,34.88879
2021,21.33,33.3352
2022,0.0,9.348869
