year,y_true,y_pred
2018,33.14,39.740044
2019,48.04,39.740044
2020,44.17,43.553215
2021,46.45,46.698593
2022,69.33,46.698593
