year,y_true,y_pred
2018,0.0,0.21094649
2019,0.0,0.21094649
2020,0.0,0.21094649
2021,0.0,0.21094649
2022,0.0,0.21094649
