year,y_true,y_pred
2018,47.35,57.013752
2019,55.79,54.589676
2020,41.12,45.80348
2021,35.96,47.74843
2022,45.28,44.749332
