year,y_true,y_pred
2018,9.47,13.433515
2019,17.05,16.510494
2020,6.09,22.302483
2021,19.48,13.030682
2022,14.15,20.194956
