year,y_true,y_pred
2018,47.35,60.4211
2019,52.69,59.46017
2020,27.42,55.61373
2021,53.94,57.303867
2022,66.5,55.61373
