mae,rmse,r2,city,model,sequence_length,forecast_horizon,normalization,val_size
6.623776072640464,11.659434722637268,-0.00042554446869402796,4318424,xgboost,8,4,,
