year,y_true,y_pred
2018,15.65,27.689667
2019,15.59,29.444666
2020,0.0,29.444666
2021,0.0,29.444666
2022,34.23,29.444666
