year,y_true,y_pred
2018,90.38,40.11767
2019,22.47,45.198586
2020,0.0,35.414665
2021,88.89,40.11767
2022,103.14,45.198586
