year,y_true,y_pred
2018,41.66,67.69767
2019,41.21,67.69767
2020,15.3,67.69767
2021,15.14,67.69767
2022,34.13,67.69767
