year,y_true,y_pred
2018,0.0,6.7782598
2019,15.45,6.7785225
2020,5.1,7.1962276
2021,0.0,14.152332
2022,11.38,8.204227
