year,y_true,y_pred
2018,130.19,156.37881
2019,144.24,180.44481
2020,168.25,156.37881
2021,171.64,156.37881
2022,193.39,156.37881
