year,y_true,y_pred
2018,77.99,26.163624
2019,61.05,37.976665
2020,44.24,37.976665
2021,77.13,26.163624
2022,61.23,37.976665
