year,y_true,y_pred
2018,562.67,514.81616
2019,516.15,448.44113
2020,353.88,456.92813
2021,468.32,416.76288
2022,630.7,416.76288
