year,y_true,y_pred
2018,100.42,49.201668
2019,50.03,67.27146
2020,49.87,62.734585
2021,49.7,56.42767
2022,0.0,61.059086
