year,y_true,y_pred
2018,0.0,41.548565
2019,339.67,41.548565
2020,68.54,55.70579
2021,138.22,74.70233
2022,0.0,41.548565
