year,y_true,y_pred
2018,73.79,18.155874
2019,42.97,26.970955
2020,61.28,18.155874
2021,42.83,18.155874
2022,35.36,18.155874
