year,y_true,y_pred
2018,504.24,345.38367
2019,417.43,345.38367
2020,294.15,346.18866
2021,403.79,328.80695
2022,438.5,346.18866
