year,y_true,y_pred
2018,62.13,51.513477
2019,44.93,48.91627
2020,44.99,51.513477
2021,34.65,35.03149
2022,38.96,45.092094
