year,y_true,y_pred
2018,548.81,479.02988
2019,556.46,479.02988
2020,425.69,479.02988
2021,488.63,479.02988
2022,559.59,479.02988
