year,y_true,y_pred
2018,0.0,0.34999698
2019,0.0,0.34999698
2020,0.0,0.34999698
2021,0.0,0.34999698
2022,0.0,0.34999698
