year,y_true,y_pred
2018,127.71,115.82456
2019,124.43,110.36736
2020,117.67,135.60733
2021,176.74,115.02332
2022,113.33,107.657234
