year,y_true,y_pred
2018,6.9,13.619875
2019,38.02,13.619875
2020,10.38,13.619875
2021,27.72,17.771437
2022,24.79,13.619875
