year,y_true,y_pred
2018,82.84,118.907196
2019,34.56,113.708786
2020,62.3,113.708786
2021,65.84,113.708786
2022,85.0,113.708786
