year,y_true,y_pred
2018,81.95,28.980051
2019,72.46,28.980051
2020,20.92,28.980051
2021,10.57,28.980051
2022,15.53,64.22764
