year,y_true,y_pred
2018,337.0,457.37793
2019,446.99,414.5367
2020,357.57,313.63144
2021,282.69,414.5367
2022,300.97,457.37793
