year,y_true,y_pred
2018,33.7,36.392906
2019,60.04,34.729935
2020,66.22,45.052914
2021,46.02,36.392906
2022,50.16,25.944134
