year,y_true,y_pred
2018,32.59,38.59043
2019,32.55,68.31207
2020,0.0,68.31207
2021,0.0,68.31207
2022,0.0,68.31207
