year,y_true,y_pred
2018,521.51,388.4878
2019,1041.67,627.27966
2020,389.99,388.4878
2021,681.6,490.49155
2022,745.06,357.19598
