year,y_true,y_pred
2018,87.72,132.44589
2019,155.14,57.977947
2020,67.19,101.23559
2021,67.87,81.19773
2022,118.68,132.44589
