year,y_true,y_pred
2018,29.38,50.952667
2019,82.03,50.952667
2020,52.45,49.148647
2021,67.61,50.952667
2022,48.01,49.148647
