year,y_true,y_pred
2018,428.25,704.59247
2019,687.07,704.59247
2020,368.02,702.60455
2021,423.02,552.06274
2022,505.88,704.59247
