year,y_true,y_pred
2018,162.04,134.4265
2019,119.95,119.34
2020,104.02,121.27309
2021,84.95,111.78029
2022,74.68,110.88965
