year,y_true,y_pred
2018,58.76,33.82219
2019,50.27,31.556625
2020,54.2,31.556625
2021,32.94,31.556625
2022,48.01,31.556625
