year,y_true,y_pred
2018,0.89,0.21314986
2019,0.88,0.21314986
2020,0.87,0.21314986
2021,0.87,0.21314986
2022,0.89,0.21314986
