year,y_true,y_pred
2018,22.26,16.235895
2019,28.22,15.814667
2020,36.71,15.814667
2021,19.07,15.814667
2022,29.34,15.858708
