year,y_true,y_pred
2018,103.61,135.36952
2019,66.14,121.18364
2020,43.79,121.18364
2021,36.25,121.18364
2022,69.36,121.18364
