year,y_true,y_pred
2018,64.8,44.035126
2019,51.31,36.15654
2020,50.8,44.035126
2021,67.08,42.89879
2022,38.31,42.89879
