year,y_true,y_pred
2018,47.44,33.0424
2019,43.39,37.23175
2020,43.29,37.23175
2021,39.27,37.23175
2022,55.41,33.0424
