year,y_true,y_pred
2018,434.83,557.5599
2019,398.36,353.84088
2020,452.6,356.3616
2021,404.52,432.53662
2022,450.67,344.84766
