year,y_true,y_pred
2018,246.88,297.19434
2019,218.42,332.31467
2020,322.81,270.33783
2021,317.11,310.29733
2022,261.16,393.73807
