year,y_true,y_pred
2018,19.42,6.9792085
2019,16.18,6.9792085
2020,34.12,8.590208
2021,17.9,8.254209
2022,23.86,6.9792085
