year,y_true,y_pred
2018,79.43,33.06048
2019,33.73,21.753124
2020,0.0,33.06048
2021,11.05,21.753124
2022,25.51,26.916042
