year,y_true,y_pred
2018,351.75,275.92746
2019,157.43,259.44568
2020,100.33,259.44568
2021,210.04,275.92746
2022,395.36,275.92746
