year,y_true,y_pred
2018,29.77,35.84646
2019,40.28,38.976986
2020,32.99,32.051003
2021,18.76,35.84646
2022,50.51,32.051003
