year,y_true,y_pred
2018,743.18,715.7385
2019,611.24,592.2839
2020,427.74,574.0766
2021,313.01,688.95526
2022,541.49,688.95526
