year,y_true,y_pred
2018,49.5,15.805958
2019,74.08,20.060904
2020,30.81,20.060904
2021,43.05,20.060904
2022,65.26,14.770943
