year,y_true,y_pred
2018,37.12,19.221132
2019,61.74,20.297968
2020,30.81,21.467207
2021,43.05,20.297968
2022,87.01,16.411177
