year,y_true,y_pred
2018,6.19,12.823375
2019,18.52,10.920813
2020,30.81,11.833375
2021,24.6,12.953876
2022,21.75,12.763375
