year,y_true,y_pred
2018,61.87,71.297134
2019,67.91,57.88173
2020,98.58,57.88173
2021,49.19,71.297134
2022,145.02,73.7742
