year,y_true,y_pred
2018,0.0,1.22625
2019,0.0,1.22625
2020,0.0,1.22625
2021,0.0,1.22625
2022,0.0,1.22625
