year,y_true,y_pred
2018,1171.33,745.34265
2019,1039.28,745.34265
2020,656.73,745.34265
2021,911.85,745.34265
2022,987.74,819.2067
