year,y_true,y_pred
2018,87.41,82.58424
2019,88.07,61.82393
2020,88.75,97.96017
2021,89.4,61.82393
2022,85.15,61.82393
