year,y_true,y_pred
2018,15.78,8.810156
2019,23.59,17.647549
2020,31.34,0.00046257424
2021,31.22,0.017104458
2022,35.34,0.017104458
