year,y_true,y_pred
2018,410.39,378.03113
2019,251.59,374.15396
2020,352.53,378.03113
2021,320.04,378.03113
2022,538.87,378.03113
