year,y_true,y_pred
2018,759.59,559.53253
2019,566.31,614.6901
2020,586.01,559.53253
2021,412.26,645.32794
2022,822.98,610.6582
