year,y_true,y_pred
2018,53.3,50.677353
2019,39.51,48.35529
2020,26.05,42.608334
2021,64.42,50.677353
2022,93.17,36.01533
