year,y_true,y_pred
2018,72.27,57.164036
2019,42.34,62.488667
2020,37.96,57.164036
2021,46.22,57.164036
2022,97.55,57.164036
