year,y_true,y_pred
2018,0.0,3.1860826
2019,0.0,3.1860826
2020,0.0,3.1860826
2021,4.2,3.1860826
2022,9.76,3.1860826
