year,y_true,y_pred
2018,0.0,0.9944388
2019,0.0,0.9944388
2020,0.0,0.9944388
2021,4.2,0.9944388
2022,4.88,0.9944388
