year,y_true,y_pred
2018,12.75,31.213179
2019,8.47,31.213179
2020,25.31,31.213179
2021,25.21,27.656399
2022,58.53,27.656399
