year,y_true,y_pred
2018,102.02,71.34631
2019,101.62,82.309265
2020,92.79,82.309265
2021,79.84,82.309265
2022,209.74,71.34631
