year,y_true,y_pred
2018,859.28,701.4948
2019,1219.65,701.4948
2020,881.93,755.50433
2021,767.29,788.33496
2022,780.12,788.33496
