year,y_true,y_pred
2018,44.64,24.067484
2019,77.61,24.116684
2020,55.12,34.985184
2021,43.85,74.48575
2022,67.42,30.66191
