year,y_true,y_pred
2018,270.54,243.13866
2019,352.85,193.99113
2020,235.98,212.89532
2021,327.78,193.99113
2022,413.93,212.89532
