year,y_true,y_pred
2018,27.05,23.414644
2019,9.05,19.907888
2020,18.15,20.418213
2021,36.42,26.79258
2022,35.99,26.897095
