year,y_true,y_pred
2018,35.44,26.549189
2019,55.07,20.040468
2020,43.83,26.549189
2021,39.24,25.95789
2022,45.39,20.040468
