mae,rmse,r2,city,model,sequence_length,forecast_horizon,normalization,val_size
0.07473385508502602,0.16788445116342332,-0.002509835256304216,3157807,xgboost,8,4,,
