year,y_true,y_pred
2018,105.86,299.12833
2019,314.03,289.95865
2020,414.22,287.26016
2021,478.14,292.27466
2022,220.99,292.27466
