year,y_true,y_pred
2018,35.29,30.437666
2019,34.89,30.437666
2020,34.52,30.437666
2021,34.15,30.437666
2022,36.83,30.437666
