year,y_true,y_pred
2018,97.37,49.824833
2019,73.28,56.988834
2020,49.02,60.671085
2021,49.18,60.671085
2022,0.0,60.671085
