year,y_true,y_pred
2018,657.25,436.3241
2019,708.35,447.32077
2020,833.33,447.32077
2021,688.47,447.32077
2022,576.07,447.32077
