year,y_true,y_pred
2018,270.6,245.74876
2019,200.07,213.66924
2020,52.02,245.74876
2021,164.18,230.26555
2022,307.5,230.26555
