year,y_true,y_pred
2018,43.65,36.649063
2019,17.4,36.649063
2020,0.0,27.956373
2021,17.28,36.649063
2022,79.07,27.999874
