year,y_true,y_pred
2018,847.29,873.051
2019,1298.0,891.94006
2020,919.98,1119.9048
2021,736.94,912.7815
2022,732.22,891.94006
