year,y_true,y_pred
2018,18.08,16.476591
2019,35.56,21.204935
2020,17.51,24.535423
2021,25.89,13.335438
2022,40.77,24.83875
