year,y_true,y_pred
2018,48.8,59.013664
2019,67.89,54.40293
2020,63.33,56.74158
2021,59.54,56.159584
2022,55.62,58.005665
