year,y_true,y_pred
2018,14.35,15.819708
2019,15.72,15.638208
2020,23.48,15.819708
2021,16.3,15.722208
2022,25.9,15.402708
