year,y_true,y_pred
2018,148.2,107.778824
2019,119.69,107.778824
2020,109.59,107.778824
2021,102.78,107.778824
2022,121.91,107.778824
