year,y_true,y_pred
2018,46.65,55.2698
2019,71.82,61.207508
2020,83.97,74.50845
2021,80.1,74.786415
2022,89.91,58.537098
