year,y_true,y_pred
2018,0.0,0.092923805
2019,0.0,0.092923805
2020,0.0,0.092923805
2021,0.0,0.092923805
2022,0.0,0.092923805
