year,y_true,y_pred
2018,0.36,0.33183333
2019,1.07,0.33183333
2020,0.0,0.45766667
2021,0.71,0.33566666
2022,0.38,0.45766667
