year,y_true,y_pred
2018,457.92,502.63977
2019,550.21,502.63977
2020,503.47,502.63977
2021,410.57,502.63977
2022,536.28,502.63977
