year,y_true,y_pred
2018,28.98,31.018665
2019,46.33,31.018665
2020,46.3,39.219894
2021,57.83,31.018665
2022,67.8,31.018665
