year,y_true,y_pred
2018,55.48,53.943977
2019,55.12,53.943977
2020,48.41,53.943977
2021,62.04,53.943977
2022,70.21,48.07033
