year,y_true,y_pred
2018,162.56,154.21132
2019,183.3,153.85028
2020,163.05,139.72733
2021,164.6,143.65096
2022,182.26,139.23836
