year,y_true,y_pred
2018,5.16,3.9691978
2019,2.56,5.686042
2020,2.55,3.9691978
2021,2.53,3.9691978
2022,5.4,3.9691978
