year,y_true,y_pred
2018,14.19,12.0606785
2019,15.38,12.399533
2020,12.74,13.5477085
2021,29.12,9.477559
2022,20.25,10.852108
