year,y_true,y_pred
2018,28.38,15.835459
2019,29.48,15.693272
2020,24.2,15.693272
2021,36.72,15.693272
2022,31.05,15.693272
