year,y_true,y_pred
2018,218.23,286.71033
2019,438.49,257.80292
2020,440.42,237.09541
2021,270.27,271.27142
2022,514.01,286.71033
