year,y_true,y_pred
2018,0.0,27.48333
2019,24.36,45.82733
2020,73.4,31.702726
2021,73.71,27.48333
2022,25.7,36.27654
