year,y_true,y_pred
2018,280.2,551.17633
2019,245.29,551.17633
2020,256.8,551.17633
2021,253.16,551.17633
2022,243.69,551.17633
