year,y_true,y_pred
2018,93.4,36.621353
2019,30.66,40.98081
2020,120.85,51.784103
2021,44.68,40.98081
2022,57.34,40.98081
