year,y_true,y_pred
2018,1262.24,955.12823
2019,1109.33,903.78516
2020,513.37,955.12823
2021,793.53,944.9238
2022,961.74,1185.7811
