year,y_true,y_pred
2018,879.94,633.92535
2019,1019.59,633.92535
2020,633.18,633.92535
2021,756.2,590.7923
2022,795.67,663.17725
