year,y_true,y_pred
2018,5.12,54.48975
2019,30.54,59.54129
2020,23.61,62.520416
2021,67.06,54.48975
2022,98.35,54.48975
