year,y_true,y_pred
2018,0.0,0.94516945
2019,0.0,1.8281313
2020,0.0,1.8281313
2021,15.09,1.8281313
2022,7.42,1.8883283
