year,y_true,y_pred
2018,64.89,92.67291
2019,55.99,92.67291
2020,48.9,92.67291
2021,55.32,92.67291
2022,51.96,92.67291
