year,y_true,y_pred
2018,10.25,16.351398
2019,13.57,16.609846
2020,11.8,16.38271
2021,6.71,16.159084
2022,29.69,16.609846
