year,y_true,y_pred
2018,100.75,119.34705
2019,115.38,66.26739
2020,109.61,115.31746
2021,137.46,122.2226
2022,159.59,119.34435
