year,y_true,y_pred
2018,56.84,8.235806
2019,73.87,30.07536
2020,79.53,31.96856
2021,73.83,29.767147
2022,93.06,29.767147
