year,y_true,y_pred
2018,453.74,295.41962
2019,308.89,295.41962
2020,315.21,393.69092
2021,208.57,381.86136
2022,518.13,393.69092
