year,y_true,y_pred
2018,80.07,31.240175
2019,35.3,41.04329
2020,43.78,30.361126
2021,8.69,58.510338
2022,79.04,60.363277
