year,y_true,y_pred
2018,81.77,42.209774
2019,41.31,55.978558
2020,82.59,47.459103
2021,27.52,56.25714
2022,14.78,80.146904
