year,y_true,y_pred
2018,1008.45,736.15515
2019,757.37,649.32733
2020,660.7,681.2246
2021,715.56,822.15717
2022,724.42,908.59216
