year,y_true,y_pred
2018,50.36,66.28209
2019,50.18,68.51851
2020,47.07,70.43948
2021,70.36,70.43948
2022,68.71,66.28209
