year,y_true,y_pred
2018,559.09,528.1533
2019,527.35,436.1813
2020,501.52,902.45703
2021,436.17,358.0172
2022,553.2,325.66492
