year,y_true,y_pred
2018,555.9,681.93536
2019,521.73,699.82367
2020,513.29,671.2009
2021,705.11,681.907
2022,701.14,613.25775
