year,y_true,y_pred
2018,66.3,114.944885
2019,91.18,79.75338
2020,75.48,104.99089
2021,110.02,79.75338
2022,92.51,84.17524
