year,y_true,y_pred
2018,71.4,67.58512
2019,96.24,62.999622
2020,60.39,62.999622
2021,115.02,59.390434
2022,92.51,63.95962
