year,y_true,y_pred
2018,10.2,14.987604
2019,0.0,20.480333
2020,15.1,14.987604
2021,25.0,20.480333
2022,19.48,14.987604
