year,y_true,y_pred
2018,552.63,595.71857
2019,593.42,637.8007
2020,590.04,637.8007
2021,780.64,637.8007
2022,431.92,592.39905
