year,y_true,y_pred
2018,31.76,25.607267
2019,24.99,29.367468
2020,12.29,22.701105
2021,30.26,22.701105
2022,6.64,29.367468
