year,y_true,y_pred
2018,59.89,25.344755
2019,48.72,26.20033
2020,50.96,31.680202
2021,58.36,31.01639
2022,45.31,31.01639
