year,y_true,y_pred
2018,408.57,402.35114
2019,441.1,387.80737
2020,376.29,364.98206
2021,416.28,364.98206
2022,382.09,364.98206
