year,y_true,y_pred
2018,0.0,6.5532084
2019,3.95,6.4241457
2020,5.23,6.4241457
2021,3.89,6.4241457
2022,11.02,6.4241457
