year,y_true,y_pred
2018,133.08,99.850464
2019,118.51,99.850464
2020,138.5,99.850464
2021,138.76,99.850464
2022,146.96,99.850464
