year,y_true,y_pred
2018,55.9,37.94715
2019,35.55,37.94715
2020,50.96,37.94715
2021,55.76,44.500618
2022,45.31,41.341427
