year,y_true,y_pred
2018,309.35,382.04877
2019,375.41,382.04877
2020,202.52,384.9596
2021,248.78,382.04877
2022,283.32,382.04877
