year,y_true,y_pred
2018,40.18,27.832207
2019,39.94,20.961788
2020,15.88,19.72635
2021,0.0,24.371136
2022,35.42,17.855423
