year,y_true,y_pred
2018,88.39,73.02925
2019,83.87,51.060818
2020,127.07,51.063614
2021,94.77,73.02611
2022,181.5,55.760193
