year,y_true,y_pred
2018,0.0,1.3113667
2019,0.0,1.3113667
2020,3.97,1.3113667
2021,0.0,1.3113667
2022,0.0,1.3113667
