year,y_true,y_pred
2018,24.11,40.745953
2019,23.96,22.597635
2020,23.83,22.597635
2021,31.59,22.597635
2022,22.13,40.745953
