year,y_true,y_pred
2018,4.02,0.8358334
2019,0.0,0.8358334
2020,0.0,0.8358334
2021,0.0,0.8358334
2022,0.0,0.8358334
