year,y_true,y_pred
2018,68.76,123.550995
2019,55.56,123.550995
2020,46.77,123.550995
2021,78.25,123.550995
2022,77.35,123.550995
