year,y_true,y_pred
2018,6.45,4.3384914
2019,4.27,3.194875
2020,12.75,5.279866
2021,12.69,4.3384914
2022,4.42,4.3384914
