year,y_true,y_pred
2018,156.87,178.42453
2019,162.42,178.42453
2020,136.05,178.42453
2021,171.29,178.42453
2022,148.07,171.9302
