year,y_true,y_pred
2018,6.45,5.1945972
2019,14.96,5.1945972
2020,10.63,5.1945972
2021,2.11,5.1945972
2022,8.84,3.060949
