year,y_true,y_pred
2018,21.49,20.490562
2019,36.33,23.879
2020,21.26,20.490562
2021,16.92,19.864874
2022,17.68,20.490562
