year,y_true,y_pred
2018,48.42,38.203144
2019,69.19,34.442707
2020,36.88,34.442707
2021,41.75,31.987144
2022,9.88,31.987144
