year,y_true,y_pred
2018,414.25,368.59982
2019,420.48,368.88315
2020,331.91,360.64468
2021,469.68,388.75043
2022,365.67,421.55417
