year,y_true,y_pred
2018,12.17,5.656146
2019,6.06,5.656146
2020,11.74,5.656146
2021,17.52,8.7786665
2022,17.58,5.656146
