year,y_true,y_pred
2018,340.8,60.33585
2019,302.76,60.33585
2020,264.08,60.33585
2021,198.56,60.33585
2022,169.93,60.33585
