year,y_true,y_pred
2018,31.25,79.83566
2019,125.67,90.93166
2020,126.34,108.372665
2021,31.75,79.83566
2022,0.0,91.80096
