year,y_true,y_pred
2018,105.79,106.83828
2019,108.15,106.83828
2020,147.41,106.83828
2021,113.0,106.83828
2022,133.43,106.83828
