year,y_true,y_pred
2018,527.66,523.14795
2019,577.9,479.89963
2020,467.29,482.99576
2021,598.37,523.14795
2022,730.59,467.9205
