year,y_true,y_pred
2018,39.97,31.927002
2019,32.11,30.953201
2020,48.34,30.953201
2021,48.52,30.953201
2022,58.12,30.953201
