year,y_true,y_pred
2018,28.71,70.43664
2019,114.73,64.38647
2020,66.88,81.90721
2021,95.47,62.569565
2022,50.38,39.835823
