year,y_true,y_pred
2018,49.71,16.096104
2019,0.0,16.615334
2020,24.6,16.096104
2021,0.0,22.880768
2022,0.0,22.880768
