year,y_true,y_pred
2018,323.14,182.043
2019,222.5,182.043
2020,147.6,186.82474
2021,195.89,165.789
2022,232.02,211.42886
