year,y_true,y_pred
2018,19.12,25.810333
2019,0.0,20.639366
2020,57.29,27.274542
2021,28.63,29.79123
2022,51.0,20.639366
