year,y_true,y_pred
2018,42.37,16.644583
2019,84.79,11.2439575
2020,70.7,14.600083
2021,14.15,22.781084
2022,0.0,16.644583
