year,y_true,y_pred
2018,466.1,377.78546
2019,579.42,345.87027
2020,367.65,414.15598
2021,367.86,404.7787
2022,439.78,404.7787
