year,y_true,y_pred
2018,17.33,37.422
2019,60.06,29.407063
2020,21.25,34.049374
2021,37.91,37.422
2022,25.97,29.407063
