year,y_true,y_pred
2018,54.06,64.539276
2019,60.6,58.57738
2020,64.66,65.18681
2021,48.87,58.57738
2022,51.54,58.57738
