year,y_true,y_pred
2018,592.88,620.83746
2019,592.3,648.40356
2020,503.14,650.7362
2021,428.19,607.2402
2022,522.64,612.06915
