year,y_true,y_pred
2018,17.42,8.523084
2019,15.45,8.523084
2020,16.46,8.523084
2021,17.45,8.523084
2022,12.13,8.523084
