year,y_true,y_pred
2018,138.16,114.99903
2019,144.36,114.99903
2020,132.25,114.99903
2021,151.85,114.99903
2022,167.34,114.99903
