year,y_true,y_pred
2018,1.2,1.437419
2019,1.78,1.0731705
2020,0.59,1.0731705
2021,0.0,1.437419
2022,1.21,1.437419
