year,y_true,y_pred
2018,30.64,14.041666
2019,23.17,14.041666
2020,33.5,14.041666
2021,33.74,14.041666
2022,28.5,14.041666
