year,y_true,y_pred
2018,487.48,848.2077
2019,899.24,895.8804
2020,556.79,910.48395
2021,477.38,895.8804
2022,741.85,910.48395
