year,y_true,y_pred
2018,28.02,26.594707
2019,55.85,26.594707
2020,0.0,38.083084
2021,38.86,26.594707
2022,28.75,26.594707
