year,y_true,y_pred
2018,46.34,90.96286
2019,46.3,90.96286
2020,46.23,90.96286
2021,46.19,90.96286
2022,0.0,90.96286
