year,y_true,y_pred
2018,580.66,796.8887
2019,410.29,686.12866
2020,382.42,686.12866
2021,526.2,796.8887
2022,675.14,796.8887
