year,y_true,y_pred
2018,44.67,44.2442
2019,51.29,79.8428
2020,21.65,55.9802
2021,85.33,61.794483
2022,106.6,47.27013
