year,y_true,y_pred
2018,0.0,0.97010005
2019,0.0,0.97010005
2020,0.0,0.97010005
2021,0.0,0.97010005
2022,8.88,0.97010005
