year,y_true,y_pred
2018,59.55,119.56312
2019,73.27,107.28262
2020,64.94,119.56312
2021,113.77,119.56312
2022,106.6,119.56312
