year,y_true,y_pred
2018,37.22,20.130041
2019,36.63,14.465412
2020,21.65,24.13346
2021,35.55,12.876882
2022,53.3,12.876882
