year,y_true,y_pred
2018,74.38,41.113873
2019,37.01,5.6333027
2020,18.42,39.07872
2021,36.68,40.962612
2022,70.41,60.083683
