year,y_true,y_pred
2018,63.44,72.3405
2019,58.35,76.657005
2020,75.29,67.43775
2021,90.49,67.43775
2022,77.3,67.43775
