year,y_true,y_pred
2018,740.72,753.7945
2019,700.24,787.48413
2020,506.61,787.48413
2021,627.16,753.7945
2022,674.79,753.7945
