year,y_true,y_pred
2018,3.17,6.2539997
2019,6.31,4.91875
2020,10.98,4.828
2021,6.24,6.66325
2022,25.77,5.3575
