year,y_true,y_pred
2018,41.24,26.441887
2019,37.85,26.441887
2020,17.25,26.441887
2021,24.96,26.441887
2022,46.7,26.441887
