year,y_true,y_pred
2018,1.59,1.709862
2019,1.58,1.6281782
2020,1.57,0.085848145
2021,1.56,3.5277293
2022,0.0,3.5277293
