year,y_true,y_pred
2018,218.88,163.499
2019,198.72,153.10986
2020,175.67,157.14937
2021,227.78,163.499
2022,244.79,153.10986
