year,y_true,y_pred
2018,0.0,0.15350834
2019,0.0,0.15350834
2020,0.0,0.15350834
2021,0.0,0.15350834
2022,0.0,0.15350834
