year,y_true,y_pred
2018,28.41,21.286932
2019,27.95,21.29011
2020,22.42,7.947061
2021,22.47,21.286932
2022,16.76,21.286932
