year,y_true,y_pred
2018,136.36,196.73001
2019,184.46,196.73001
2020,190.53,191.192
2021,213.47,174.58212
2022,173.19,174.58212
