year,y_true,y_pred
2018,63.4,29.267517
2019,28.72,29.267517
2020,45.79,24.022923
2021,62.77,37.560997
2022,56.68,29.267517
