year,y_true,y_pred
2018,587.93,420.2814
2019,465.22,439.35406
2020,498.0,413.95312
2021,559.2,413.98166
2022,493.14,421.97995
