year,y_true,y_pred
2018,51.88,46.419136
2019,40.2,59.159477
2020,68.69,46.665924
2021,39.94,46.419136
2022,68.02,59.159477
