year,y_true,y_pred
2018,172.92,140.26218
2019,109.13,162.72838
2020,91.59,162.72838
2021,131.24,151.6063
2022,170.05,140.26218
