year,y_true,y_pred
2018,5.76,1.9213333
2019,17.23,1.9213333
2020,0.0,1.2226666
2021,11.41,1.2226666
2022,0.0,1.2226666
