year,y_true,y_pred
2018,5.76,19.605667
2019,40.2,17.46327
2020,17.17,17.46327
2021,28.53,21.742458
2022,17.0,18.460667
