year,y_true,y_pred
2018,585.84,712.68805
2019,698.28,651.5012
2020,372.71,522.85547
2021,1051.1,522.85547
2022,501.06,632.2184
