year,y_true,y_pred
2018,81.37,18.24215
2019,32.48,86.61892
2020,16.2,36.829514
2021,48.51,86.46058
2022,96.36,18.24215
