year,y_true,y_pred
2018,322.1,244.76746
2019,247.3,244.76746
2020,215.67,256.00568
2021,238.12,261.42044
2022,451.13,280.27567
