year,y_true,y_pred
2018,0.0,0.39058334
2019,0.0,0.39058334
2020,0.0,0.39058334
2021,0.0,0.39058334
2022,0.0,0.39058334
