year,y_true,y_pred
2018,9.76,5.190263
2019,0.0,8.69302
2020,19.03,8.873493
2021,18.8,13.759558
2022,22.01,5.190263
