year,y_true,y_pred
2018,9.76,7.8683205
2019,12.85,7.8683205
2020,31.72,6.5018835
2021,6.27,6.5018835
2022,7.34,8.568733
