year,y_true,y_pred
2018,78.08,40.438274
2019,51.39,40.438274
2020,85.63,40.438274
2021,112.79,44.49852
2022,150.38,40.438274
