year,y_true,y_pred
2018,0.0,0.41147503
2019,3.21,0.41147503
2020,3.17,0.41147503
2021,0.0,0.41147503
2022,0.0,0.41147503
