year,y_true,y_pred
2018,65.97,76.52115
2019,94.11,54.90658
2020,65.79,76.52115
2021,37.55,54.90658
2022,48.53,78.85387
