year,y_true,y_pred
2018,419.97,252.00916
2019,489.05,267.15765
2020,92.96,267.15765
2021,301.55,292.7633
2022,271.06,252.00916
