year,y_true,y_pred
2018,0.0,6.5661093e-06
2019,116.44,0.0065743467
2020,46.48,25.889143
2021,23.2,0.00025255457
2022,45.18,-0.0034693326
