year,y_true,y_pred
2018,33.8,75.078766
2019,100.91,75.078766
2020,66.96,46.383873
2021,166.67,46.383873
2022,118.24,66.90879
