year,y_true,y_pred
2018,168.98,181.40561
2019,269.09,104.025055
2020,33.48,132.84535
2021,233.33,176.6457
2022,147.8,132.33075
