year,y_true,y_pred
2018,0.0,3.0819752
2019,0.0,3.0819752
2020,0.0,3.0819752
2021,0.0,3.0819752
2022,0.0,3.0819752
