year,y_true,y_pred
2018,33.8,23.640333
2019,67.27,23.640333
2020,66.96,28.254417
2021,33.33,15.634466
2022,59.12,15.634466
