year,y_true,y_pred
2018,67.59,37.223045
2019,0.0,37.223045
2020,0.0,37.30002
2021,33.33,11.722424
2022,29.56,37.223045
