year,y_true,y_pred
2018,59.09,41.375336
2019,79.29,41.375336
2020,99.74,41.375336
2021,70.25,41.375336
2022,89.65,41.375336
