year,y_true,y_pred
2018,34.16,1.2818165
2019,56.84,2.7860224
2020,22.7,0.3834064
2021,11.34,14.889887
2022,43.28,11.619819
