year,y_true,y_pred
2018,182.17,166.50987
2019,363.8,187.37357
2020,306.5,152.19106
2021,260.71,152.19106
2022,389.48,152.19106
