year,y_true,y_pred
2018,56.93,47.717834
2019,90.95,58.407665
2020,90.82,45.709084
2021,124.69,45.709084
2022,129.83,45.709084
