year,y_true,y_pred
2018,91.09,45.00575
2019,34.11,53.02675
2020,34.06,52.30525
2021,68.01,45.00575
2022,97.37,45.00575
