year,y_true,y_pred
2018,0.0,2.7924676
2019,0.0,2.7924676
2020,0.0,2.7924676
2021,11.34,2.7924676
2022,0.0,2.7924676
