year,y_true,y_pred
2018,70.0,131.27454
2019,23.45,82.92861
2020,47.14,57.71479
2021,118.43,86.23628
2022,23.26,57.57979
