year,y_true,y_pred
2018,47.76,36.434277
2019,64.22,36.434277
2020,80.93,36.434277
2021,16.32,36.434277
2022,46.55,49.58967
