year,y_true,y_pred
2018,509.47,329.06833
2019,481.62,336.54285
2020,404.66,329.06833
2021,391.64,303.6265
2022,558.66,303.6265
