year,y_true,y_pred
2018,35.7,15.357667
2019,17.76,15.357667
2020,23.57,15.357667
2021,38.12,18.884233
2022,31.29,17.603458
