year,y_true,y_pred
2018,707.21,650.8172
2019,567.75,590.171
2020,416.3,715.71545
2021,835.26,589.9279
2022,422.13,698.12885
