year,y_true,y_pred
2018,54.4,76.02208
2019,32.75,62.975666
2020,65.73,66.08867
2021,87.92,58.806667
2022,44.43,76.02208
