year,y_true,y_pred
2018,67.21,64.714
2019,97.53,67.973755
2020,48.64,64.714
2021,66.73,74.03675
2022,86.98,64.714
