mae,rmse,r2,city,model,sequence_length,forecast_horizon,normalization,val_size
0.05353960975609755,0.16088172926631933,-0.12454096673651471,4315602,xgboost,8,4,,
