year,y_true,y_pred
2018,519.63,461.474
2019,480.87,485.44977
2020,420.73,476.10605
2021,509.8,466.48636
2022,620.42,461.474
