year,y_true,y_pred
2018,2.03,1.7921131
2019,2.38,1.5474588
2020,2.34,1.2856225
2021,1.15,1.4064256
2022,3.38,1.6601131
