year,y_true,y_pred
2018,23.09,18.060528
2019,19.87,18.060528
2020,19.12,18.060528
2021,21.1,18.060528
2022,29.26,18.060528
