year,y_true,y_pred
2018,8.91,6.6650333
2019,5.56,6.6650333
2020,7.81,6.9226665
2021,9.21,6.7566667
2022,8.25,6.6650333
