year,y_true,y_pred
2018,103.63,42.413776
2019,63.08,88.84664
2020,21.32,39.677776
2021,64.82,64.120255
2022,167.82,62.46359
