year,y_true,y_pred
2018,19.15,32.31504
2019,23.73,32.31504
2020,18.82,36.50154
2021,18.67,32.31504
2022,44.4,36.50154
