year,y_true,y_pred
2018,523.68,507.78793
2019,605.01,507.78793
2020,508.9,442.00797
2021,505.41,425.66754
2022,494.13,507.78793
