year,y_true,y_pred
2018,64.71,35.228127
2019,49.86,35.228127
2020,67.76,35.228127
2021,55.43,35.228127
2022,48.78,35.228127
