year,y_true,y_pred
2018,15.8,14.022916
2019,18.6,13.521466
2020,19.88,14.022916
2021,16.04,14.186417
2022,19.67,14.022916
