year,y_true,y_pred
2018,24.08,27.93462
2019,32.74,27.93462
2020,33.14,27.93462
2021,32.09,27.93462
2022,36.98,27.93462
