year,y_true,y_pred
2018,0.0,0.18485323
2019,0.0,0.18485323
2020,0.0,0.18485323
2021,0.0,0.18485323
2022,0.79,0.18485323
