year,y_true,y_pred
2018,63.95,65.44733
2019,60.28,64.86683
2020,72.17,65.42633
2021,61.26,64.87558
2022,80.26,65.42633
