year,y_true,y_pred
2018,42.7,29.219172
2019,36.01,29.219172
2020,57.83,29.219172
2021,42.85,34.78529
2022,53.24,45.22969
