year,y_true,y_pred
2018,55.28,75.361115
2019,64.08,75.361115
2020,56.99,75.361115
2021,53.82,75.361115
2022,71.41,75.361115
