year,y_true,y_pred
2018,29.85,27.08377
2019,22.45,28.717638
2020,28.22,27.08377
2021,28.52,30.635162
2022,25.39,27.7048
