year,y_true,y_pred
2018,0.0,0.19923237
2019,0.0,0.19923237
2020,0.54,0.19923237
2021,1.08,0.19923237
2022,0.0,0.45073688
