year,y_true,y_pred
2018,43.12,29.636837
2019,37.24,28.406334
2020,33.65,28.406334
2021,44.13,28.406334
2022,40.2,28.406334
