year,y_true,y_pred
2018,169.72,185.58801
2019,161.01,185.58801
2020,132.98,185.58801
2021,151.22,185.58801
2022,178.8,185.58801
