year,y_true,y_pred
2018,291.02,242.69434
2019,231.2,242.69434
2020,228.33,234.18166
2021,238.92,236.43167
2022,302.08,225.10767
