year,y_true,y_pred
2018,45.73,28.082417
2019,30.1,26.703667
2020,27.02,28.082417
2021,46.72,24.485332
2022,47.28,26.703667
