year,y_true,y_pred
2018,18.02,14.330334
2019,13.68,14.330334
2020,18.91,12.563967
2021,8.01,14.330334
2022,15.76,12.563967
