year,y_true,y_pred
2018,52.66,35.908318
2019,47.88,41.30049
2020,55.39,35.908318
2021,53.39,41.30049
2022,74.86,41.30049
