year,y_true,y_pred
2018,0.0,0.57860833
2019,0.0,0.57860833
2020,1.35,0.57860833
2021,0.0,0.57860833
2022,0.0,0.57860833
