year,y_true,y_pred
2018,1.39,0.5980834
2019,1.37,0.41375
2020,1.35,0.41375
2021,2.67,0.41375
2022,1.31,0.3426667
