year,y_true,y_pred
2018,15.24,4.1236897
2019,12.31,4.78164
2020,2.7,4.78164
2021,6.67,4.394892
2022,7.88,8.190368
