year,y_true,y_pred
2018,31.83,17.098625
2019,7.92,17.098625
2020,19.71,12.6002
2021,35.31,17.098625
2022,25.63,12.06575
