year,y_true,y_pred
2018,27.46,58.16767
2019,54.86,36.244667
2020,32.88,36.244667
2021,54.73,36.244667
2022,64.57,36.244667
