year,y_true,y_pred
2018,379.02,389.30328
2019,405.97,377.6674
2020,252.07,377.6674
2021,372.19,379.97983
2022,425.07,421.3292
