year,y_true,y_pred
2018,50.57,27.908
2019,25.41,33.37525
2020,51.05,33.37525
2021,102.59,33.26725
2022,0.0,40.788254
