year,y_true,y_pred
2018,48.61,44.560936
2019,30.94,44.560936
2020,26.53,41.785316
2021,39.8,41.785316
2022,69.26,25.504076
