year,y_true,y_pred
2018,119.31,165.60123
2019,141.44,165.60123
2020,123.8,189.248
2021,145.94,165.60123
2022,227.58,165.60123
