year,y_true,y_pred
2018,4.42,0.7422732
2019,4.42,5.957735
2020,8.84,13.267195
2021,8.84,4.8897796
2022,9.89,4.8897796
