year,y_true,y_pred
2018,75.12,97.538124
2019,57.46,93.628
2020,79.58,93.628
2021,84.03,101.892
2022,138.52,101.76794
