year,y_true,y_pred
2018,84.96,50.33996
2019,66.14,50.47377
2020,37.82,50.47377
2021,28.38,53.093956
2022,37.84,53.093956
