year,y_true,y_pred
2018,864.05,388.20923
2019,950.04,388.20923
2020,1186.05,388.20923
2021,1287.32,388.20923
2022,1012.5,388.20923
