year,y_true,y_pred
2018,55.49,12.372712
2019,7.92,3.5600822
2020,15.81,2.7934723
2021,31.59,12.372712
2022,15.82,12.372712
