year,y_true,y_pred
2018,287.87,224.89102
2019,177.94,224.89102
2020,105.6,224.89102
2021,174.22,224.89102
2022,337.33,224.89102
