year,y_true,y_pred
2018,58.14,43.278416
2019,73.96,39.377335
2020,48.8,43.096916
2021,80.54,45.919918
2022,107.01,43.096916
