year,y_true,y_pred
2018,74.22,103.58833
2019,167.33,91.22786
2020,103.22,90.37991
2021,91.74,103.58833
2022,346.11,91.22786
