year,y_true,y_pred
2018,0.0,20.40054
2019,31.37,5.7498956
2020,20.64,6.080518
2021,10.19,20.40054
2022,38.46,5.7498956
