year,y_true,y_pred
2018,8.62,6.195479
2019,8.43,6.195479
2020,4.13,6.195479
2021,10.11,6.195479
2022,27.0,6.195479
