year,y_true,y_pred
2018,284.38,175.87387
2019,299.29,175.87387
2020,148.58,196.491
2021,159.74,187.87062
2022,295.12,173.59512
