year,y_true,y_pred
2018,47.4,38.87625
2019,56.91,46.836002
2020,55.72,46.836002
2021,50.55,46.836002
2022,63.65,38.87625
