year,y_true,y_pred
2018,6.46,4.7637334
2019,8.43,7.3743086
2020,6.19,4.0294
2021,6.07,4.0294
2022,5.79,4.0294
