year,y_true,y_pred
2018,2.15,0.40221423
2019,0.0,0.40221423
2020,0.0,0.40221423
2021,0.0,0.40221423
2022,0.0,0.40221423
