year,y_true,y_pred
2018,52.36,125.652176
2019,157.23,203.80603
2020,0.0,145.8682
2021,52.55,144.97603
2022,51.81,98.310394
