year,y_true,y_pred
2018,15.15,58.95933
2019,37.45,58.95933
2020,33.34,57.58808
2021,54.99,65.66133
2022,45.15,58.95933
