year,y_true,y_pred
2018,564.48,729.92883
2019,558.05,730.28076
2020,522.34,730.28076
2021,469.26,730.28076
2022,650.14,730.28076
