year,y_true,y_pred
2018,56.83,43.235332
2019,74.91,43.235332
2020,74.09,43.235332
2021,91.65,43.235332
2022,67.72,43.235332
