year,y_true,y_pred
2018,0.0,0.42055836
2019,0.0,0.42055836
2020,0.0,0.42055836
2021,0.0,0.42055836
2022,0.0,0.42055836
