year,y_true,y_pred
2018,34.1,29.473103
2019,29.96,29.473103
2020,66.68,29.473103
2021,65.99,33.28379
2022,58.69,33.28379
