year,y_true,y_pred
2018,0.0,0.95687455
2019,0.0,0.95687455
2020,0.0,0.95687455
2021,0.0,0.95687455
2022,0.0,0.95687455
