year,y_true,y_pred
2018,30.31,17.25725
2019,18.73,15.717875
2020,14.82,18.54575
2021,36.66,20.232874
2022,40.63,15.717875
