year,y_true,y_pred
2018,86.81,60.549854
2019,29.03,52.047375
2020,87.36,52.047375
2021,87.62,60.549854
2022,30.52,52.047375
