year,y_true,y_pred
2018,2054.4,932.2734
2019,1509.43,932.2734
2020,786.26,932.2734
2021,554.91,891.21936
2022,1495.27,852.10254
