year,y_true,y_pred
2018,1264.34,526.75793
2019,648.97,875.9409
2020,725.24,673.4976
2021,622.75,650.75726
2022,698.92,658.5875
