year,y_true,y_pred
2018,105.36,56.44133
2019,59.0,54.11054
2020,107.0,45.98504
2021,35.93,54.11054
2022,65.52,52.90048
