year,y_true,y_pred
2018,54.9,42.25003
2019,106.44,58.392338
2020,93.44,60.065327
2021,38.63,51.787704
2022,53.23,55.019833
