year,y_true,y_pred
2018,428.45,702.17535
2019,257.14,774.89795
2020,343.05,644.8201
2021,600.51,774.89795
2022,960.61,702.17535
