year,y_true,y_pred
2018,28.56,7.145864
2019,57.14,42.1386
2020,57.18,27.311838
2021,28.6,7.145864
2022,32.02,7.145864
