year,y_true,y_pred
2018,386.53,409.32294
2019,505.05,493.09778
2020,541.62,493.09778
2021,347.83,409.32294
2022,474.42,436.96915
