year,y_true,y_pred
2018,88.21,53.61264
2019,58.18,42.77197
2020,19.19,42.77197
2021,38.01,53.69662
2022,38.97,60.19912
