year,y_true,y_pred
2018,666.47,527.747
2019,678.82,596.58875
2020,585.41,559.5035
2021,522.61,596.58875
2022,954.89,527.747
