year,y_true,y_pred
2018,29.4,79.24267
2019,19.39,79.24267
2020,47.98,79.24267
2021,76.02,79.24267
2022,19.49,69.84917
