year,y_true,y_pred
2018,127.41,54.014668
2019,96.97,66.11063
2020,57.58,54.014668
2021,57.01,54.014668
2022,58.46,66.11063
