year,y_true,y_pred
2018,29.4,26.036688
2019,19.39,36.0
2020,19.19,26.036688
2021,19.0,31.472126
2022,29.23,31.472126
