year,y_true,y_pred
2018,40.48,54.40864
2019,41.28,54.40864
2020,40.98,54.40864
2021,45.05,54.40864
2022,48.0,54.40864
