year,y_true,y_pred
2018,54.35,62.47768
2019,55.87,69.055176
2020,52.6,62.47768
2021,52.92,62.47768
2022,51.6,62.47768
