year,y_true,y_pred
2018,1.62,0.41017684
2019,0.62,0.0008468787
2020,0.61,0.017574051
2021,0.97,-0.00024590138
2022,0.9,0.0008468787
