year,y_true,y_pred
2018,0.0,0.17387918
2019,0.12,0.17387918
2020,0.0,0.17387918
2021,0.0,0.17387918
2022,0.45,0.17387918
