year,y_true,y_pred
2018,98.21,99.666756
2019,100.99,99.66828
2020,97.98,99.666756
2021,100.87,99.66828
2022,94.65,99.666756
