year,y_true,y_pred
2018,42.11,40.451084
2019,67.86,49.662712
2020,13.5,37.85867
2021,13.42,38.222084
2022,51.61,38.339085
