year,y_true,y_pred
2018,379.0,271.4441
2019,339.31,469.99384
2020,229.42,299.50406
2021,161.07,271.4441
2022,219.33,271.4441
