year,y_true,y_pred
2018,896.37,752.0364
2019,1103.27,739.77686
2020,668.0,752.0364
2021,471.7,752.0364
2022,700.65,786.82587
