year,y_true,y_pred
2018,21.86,56.748917
2019,110.33,50.196915
2020,22.27,62.97587
2021,22.46,50.196915
2022,48.32,56.59292
