year,y_true,y_pred
2018,1119.48,1015.14557
2019,1189.45,1037.8258
2020,912.45,1081.0308
2021,1352.83,957.05194
2022,1418.44,1467.4598
