year,y_true,y_pred
2018,0.0,48.092
2019,86.51,54.833374
2020,43.45,41.730312
2021,87.28,48.092
2022,94.56,41.730312
