year,y_true,y_pred
2018,32.08,70.16152
2019,63.49,69.664825
2020,125.71,64.107475
2021,93.4,95.29843
2022,33.75,95.29843
