year,y_true,y_pred
2018,62.72,44.588764
2019,62.46,47.170334
2020,31.09,56.501095
2021,30.98,56.501095
2022,133.33,47.170334
