year,y_true,y_pred
2018,142.65,394.25217
2019,255.54,394.25217
2020,197.8,394.25217
2021,168.73,394.25217
2022,298.61,394.25217
