year,y_true,y_pred
2018,28.53,15.963667
2019,28.39,27.184914
2020,28.26,15.963667
2021,28.12,51.414494
2022,0.0,51.414494
