year,y_true,y_pred
2018,448.73,604.929
2019,381.85,604.929
2020,224.87,604.929
2021,135.04,609.43286
2022,315.67,609.43286
