year,y_true,y_pred
2018,134.62,31.98707
2019,89.85,38.303143
2020,0.0,44.179737
2021,22.51,11.026186
2022,45.1,38.02547
