year,y_true,y_pred
2018,17.53,83.09013
2019,88.67,83.09013
2020,53.79,60.132935
2021,72.52,51.85147
2022,58.37,60.132935
