year,y_true,y_pred
2018,1051.89,883.52026
2019,638.41,834.4553
2020,663.44,883.52026
2021,562.0,883.52026
2022,544.75,883.52026
