year,y_true,y_pred
2018,36.27,42.776375
2019,70.82,42.776375
2020,35.51,48.092377
2021,0.0,42.776375
2022,137.36,33.5825
