year,y_true,y_pred
2018,61.88,55.562225
2019,63.46,65.75009
2020,65.03,65.75009
2021,64.51,65.75009
2022,52.69,65.75009
