year,y_true,y_pred
2018,146.16,181.59177
2019,144.9,181.59177
2020,210.83,181.59177
2021,192.5,206.44
2022,188.03,192.16252
