year,y_true,y_pred
2018,4.27,8.279458
2019,10.58,8.279458
2020,9.44,9.103271
2021,11.45,8.550666
2022,9.3,7.5125203
