year,y_true,y_pred
2018,2.13,1.657125
2019,1.06,1.657125
2020,2.1,1.823625
2021,4.16,1.820625
2022,2.07,1.3859999
