year,y_true,y_pred
2018,0.0,0.11263333
2019,0.0,0.11263333
2020,0.0,0.11263333
2021,0.0,0.11263333
2022,0.0,0.11263333
