year,y_true,y_pred
2018,21.34,17.98425
2019,25.38,17.98425
2020,41.96,23.0038
2021,38.5,20.03575
2022,24.79,20.03575
