year,y_true,y_pred
2018,0.0,27.109
2019,99.78,18.20275
2020,50.01,22.159748
2021,75.23,22.159748
2022,27.91,16.596624
