year,y_true,y_pred
2018,49.13,59.49267
2019,48.61,65.41796
2020,38.5,55.321667
2021,76.24,55.321667
2022,87.09,59.647457
