year,y_true,y_pred
2018,560.09,517.24243
2019,573.65,517.24243
2020,452.36,517.24243
2021,371.68,517.24243
2022,522.55,444.58148
