year,y_true,y_pred
2018,182.43,303.41168
2019,253.32,303.41168
2020,394.56,314.62805
2021,401.61,592.51953
2022,278.0,306.19165
