year,y_true,y_pred
2018,0.0,62.064335
2019,29.8,62.064335
2020,29.23,55.491333
2021,57.37,55.491333
2022,26.48,61.181168
