year,y_true,y_pred
2018,79.5,53.560867
2019,72.23,53.560867
2020,83.34,59.066418
2021,80.1,59.066418
2022,80.05,59.066418
