year,y_true,y_pred
2018,763.22,657.66644
2019,799.77,671.1777
2020,764.37,657.66644
2021,662.72,657.66644
2022,727.76,657.66644
