year,y_true,y_pred
2018,27.83,66.85052
2019,14.45,94.355934
2020,55.99,87.913666
2021,116.27,93.96164
2022,170.3,90.39885
