year,y_true,y_pred
2018,9.28,37.475166
2019,6.57,34.649666
2020,24.74,37.475166
2021,38.76,37.475166
2022,36.39,37.475166
