year,y_true,y_pred
2018,0.0,0.12214583
2019,0.0,0.12214583
2020,0.0,0.12214583
2021,1.29,0.12214583
2022,0.0,0.12214583
