year,y_true,y_pred
2018,3.98,18.896387
2019,1.31,12.549879
2020,13.02,13.543501
2021,15.5,14.558352
2022,33.48,15.059989
