year,y_true,y_pred
2018,250.29,170.91125
2019,166.44,170.98973
2020,199.27,166.9224
2021,99.4,172.61455
2022,172.2,200.85773
