year,y_true,y_pred
2018,433.71,350.14902
2019,414.83,350.14902
2020,299.0,350.14902
2021,341.61,356.55484
2022,476.02,429.9141
