year,y_true,y_pred
2018,35.6,9.790084
2019,25.53,9.790084
2020,12.59,9.790084
2021,12.42,9.790084
2022,18.31,7.0519586
