year,y_true,y_pred
2018,0.0,70.62157
2019,42.96,70.62157
2020,42.89,70.62157
2021,64.23,70.62157
2022,101.83,70.62157
