mae,rmse,r2,city,model,sequence_length,forecast_horizon,normalization,val_size
0.17708469981531003,0.30701919908743364,-0.20132243476907274,3103504,xgboost,8,4,,
