year,y_true,y_pred
2018,63.45,50.773605
2019,127.05,49.29679
2020,10.6,49.483604
2021,31.84,50.773605
2022,77.92,50.773605
