year,y_true,y_pred
2018,613.3,918.10004
2019,698.78,982.1453
2020,455.8,918.10004
2021,477.61,918.10004
2022,756.9,918.10004
