year,y_true,y_pred
2018,0.0,0.48083332
2019,20.33,0.48083332
2020,9.95,0.48083332
2021,29.26,0.48083332
2022,14.42,0.48083332
