year,y_true,y_pred
2018,77.89,50.62417
2019,91.47,34.262417
2020,89.58,50.62417
2021,234.11,50.62417
2022,168.21,50.62417
