year,y_true,y_pred
2018,62.21,62.19592
2019,61.59,64.71592
2020,60.99,70.47967
2021,201.37,57.577267
2022,108.58,57.577267
