year,y_true,y_pred
2018,348.32,240.02779
2019,189.63,240.02779
2020,504.73,240.02779
2021,346.46,240.02779
2022,729.0,259.4
