year,y_true,y_pred
2018,95.0,80.125336
2019,158.03,93.238335
2020,94.64,69.31633
2021,94.49,93.238335
2022,63.39,70.36017
