year,y_true,y_pred
2018,0.0,3.4498498
2019,0.0,3.4498498
2020,0.0,3.4498498
2021,0.0,3.4498498
2022,0.0,3.4498498
