year,y_true,y_pred
2018,0.0,115.38916
2019,31.61,98.65867
2020,31.55,89.07122
2021,0.0,98.65867
2022,63.39,98.65867
