year,y_true,y_pred
2018,31.67,87.179
2019,63.21,66.92873
2020,0.0,88.057175
2021,31.5,66.68949
2022,0.0,66.92873
