year,y_true,y_pred
2018,68.54,43.693665
2019,63.47,43.33996
2020,68.98,43.693665
2021,42.58,43.693665
2022,29.45,41.30327
