year,y_true,y_pred
2018,469.24,467.73013
2019,439.01,467.73013
2020,318.37,467.73013
2021,345.97,467.73013
2022,306.26,467.73013
