year,y_true,y_pred
2018,114.47,81.74765
2019,101.39,78.471054
2020,88.42,69.73626
2021,119.59,46.719967
2022,157.06,56.347034
