year,y_true,y_pred
2018,30.59,26.925564
2019,38.37,26.925564
2020,38.5,26.925564
2021,46.35,26.925564
2022,89.42,26.925564
