year,y_true,y_pred
2018,206.49,335.44354
2019,199.52,335.44354
2020,192.5,335.44354
2021,455.74,335.44354
2022,382.08,332.59204
