year,y_true,y_pred
2018,22.94,14.459814
2019,15.35,14.459814
2020,53.9,14.459814
2021,54.07,8.606932
2022,81.29,14.459814
