year,y_true,y_pred
2018,0.0,1.4130685e-05
2019,0.0,-0.00031982845
2020,0.0,0.00046666127
2021,7.72,1.3718308
2022,16.26,0.0003256137
