year,y_true,y_pred
2018,53.53,30.296041
2019,53.72,36.53948
2020,84.7,36.53948
2021,61.8,28.046041
2022,138.2,28.046041
