year,y_true,y_pred
2018,0.0,81.00404
2019,0.0,93.25533
2020,69.93,93.99783
2021,0.0,121.77033
2022,0.0,93.25533
