year,y_true,y_pred
2018,114.87,91.64105
2019,64.28,91.64105
2020,113.71,91.64105
2021,155.61,91.64105
2022,160.72,118.52496
