year,y_true,y_pred
2018,157.94,185.84027
2019,178.55,206.46097
2020,170.56,178.62056
2021,169.76,210.45335
2022,211.47,230.69182
