year,y_true,y_pred
2018,93.33,57.989635
2019,71.42,49.43896
2020,63.96,49.43896
2021,77.8,49.43896
2022,109.96,49.43896
