year,y_true,y_pred
2018,0.0,0.74574167
2019,0.0,0.74574167
2020,0.0,0.74574167
2021,0.0,0.74574167
2022,0.0,0.74574167
