year,y_true,y_pred
2018,0.0,57.68592
2019,47.16,57.68592
2020,70.29,45.390335
2021,46.58,40.211334
2022,23.05,45.390335
