year,y_true,y_pred
2018,1259.73,673.939
2019,859.49,691.7935
2020,414.62,649.552
2021,646.14,658.31244
2022,518.13,726.59204
