year,y_true,y_pred
2018,103.82,102.450905
2019,103.31,99.99367
2020,179.9,116.628555
2021,76.75,87.468864
2022,142.73,102.96562
