year,y_true,y_pred
2018,389.84,675.25494
2019,363.64,675.25494
2020,401.64,675.25494
2021,486.49,675.25494
2022,369.41,675.25494
