year,y_true,y_pred
2018,17.14,34.165436
2019,8.56,30.018772
2020,34.18,33.792667
2021,34.14,33.792667
2022,25.6,34.165436
