year,y_true,y_pred
2018,517.3,540.8689
2019,601.41,509.24393
2020,450.06,509.24393
2021,519.54,540.8689
2022,538.06,540.8689
