year,y_true,y_pred
2018,18.85,23.039566
2019,30.68,23.039566
2020,28.0,23.039566
2021,35.29,23.039566
2022,24.29,23.039566
