year,y_true,y_pred
2018,21.21,53.626335
2019,33.11,53.626335
2020,20.94,53.626335
2021,17.84,53.626335
2022,52.69,53.626335
