year,y_true,y_pred
2018,290.85,353.92194
2019,270.9,353.92194
2020,125.62,353.92194
2021,246.74,353.92194
2022,554.76,353.92194
