year,y_true,y_pred
2018,3.03,1.006681
2019,0.0,1.006681
2020,0.0,1.8983672
2021,0.0,1.8983672
2022,0.0,1.8983672
