year,y_true,y_pred
2018,187.84,229.94545
2019,183.61,193.66599
2020,107.68,193.66599
2021,136.75,112.382614
2022,241.74,168.85162
