year,y_true,y_pred
2018,63.62,50.060123
2019,78.26,87.20855
2020,74.78,54.259125
2021,32.7,54.259125
2022,74.38,50.060123
