year,y_true,y_pred
2018,12.12,4.0117497
2019,9.03,4.60875
2020,11.96,6.793
2021,2.97,6.793
2022,6.2,6.793
