year,y_true,y_pred
2018,132.02,125.54867
2019,120.36,125.54867
2020,75.32,125.54867
2021,95.74,125.54867
2022,106.26,125.54867
