year,y_true,y_pred
2018,327.91,99.54529
2019,361.41,99.54529
2020,466.76,99.54529
2021,259.03,99.54529
2022,309.35,99.54529
