year,y_true,y_pred
2018,27.33,0.5446257
2019,0.0,0.6326408
2020,0.0,0.6326408
2021,28.78,0.5065697
2022,11.46,0.96707404
