year,y_true,y_pred
2018,220.84,369.91412
2019,302.24,300.15472
2020,410.34,303.22665
2021,299.65,265.3397
2022,282.94,267.6466
