year,y_true,y_pred
2018,13.8,3.314104
2019,13.74,3.314104
2020,27.36,3.314104
2021,27.24,3.314104
2022,0.0,3.314104
