year,y_true,y_pred
2018,63.71,55.67796
2019,64.39,55.67796
2020,43.38,55.67796
2021,65.75,55.67796
2022,0.0,55.67796
