year,y_true,y_pred
2018,828.2,519.8648
2019,665.38,574.82837
2020,325.38,519.8648
2021,679.38,546.54016
2022,677.76,519.8648
