year,y_true,y_pred
2018,119.92,85.76818
2019,51.08,85.76818
2020,33.85,42.68369
2021,168.29,59.62152
2022,160.26,62.27218
