year,y_true,y_pred
2018,765.48,894.145
2019,630.69,1174.869
2020,564.17,1167.823
2021,568.18,865.11633
2022,951.25,849.71967
