year,y_true,y_pred
2018,208.77,37.67979
2019,0.0,64.5636
2020,211.57,37.67979
2021,0.0,64.5636
2022,59.45,37.67979
