year,y_true,y_pred
2018,0.0,62.78473
2019,81.62,51.457333
2020,60.7,62.78473
2021,60.23,59.20454
2022,0.0,57.93823
