year,y_true,y_pred
2018,88.9,98.713585
2019,106.19,110.680664
2020,108.71,66.09392
2021,127.19,153.48201
2022,116.79,143.56694
