year,y_true,y_pred
2018,14.82,14.107875
2019,30.34,17.991375
2020,0.0,16.071375
2021,47.69,19.374
2022,25.95,21.651375
