year,y_true,y_pred
2018,222.26,274.54962
2019,257.89,175.716
2020,264.02,251.04608
2021,461.05,178.64752
2022,207.63,286.46014
