year,y_true,y_pred
2018,0.0,6.5205607
2019,0.0,4.872855
2020,0.0,4.872855
2021,0.0,4.872855
2022,0.0,4.872855
