year,y_true,y_pred
2018,29.63,25.659458
2019,45.51,28.83346
2020,93.18,25.659458
2021,47.69,27.360666
2022,12.98,23.666668
