year,y_true,y_pred
2018,21.6,56.29079
2019,64.47,56.29079
2020,64.16,59.946293
2021,42.57,65.791855
2022,134.74,65.791855
