year,y_true,y_pred
2018,27.08,60.867332
2019,26.91,63.91304
2020,53.49,63.91304
2021,53.18,63.91304
2022,81.41,51.021866
