year,y_true,y_pred
2018,78.2,65.015465
2019,53.14,70.45812
2020,65.61,52.508648
2021,65.58,49.850906
2022,164.74,52.508648
