year,y_true,y_pred
2018,21.9,19.199238
2019,43.77,19.199238
2020,28.12,19.199238
2021,34.35,19.102943
2022,35.62,19.199238
