year,y_true,y_pred
2018,122.0,63.651333
2019,90.66,81.12753
2020,118.73,81.12753
2021,140.52,81.12753
2022,213.71,81.12753
