year,y_true,y_pred
2018,21.9,21.16839
2019,15.63,21.498873
2020,46.87,20.653616
2021,34.35,21.16839
2022,48.98,21.16839
