year,y_true,y_pred
2018,52.33,43.044415
2019,79.37,37.121334
2020,73.56,43.044415
2021,67.6,43.044415
2022,68.07,43.044415
