year,y_true,y_pred
2018,1229.64,822.55206
2019,1474.97,870.04846
2020,1257.19,1309.5676
2021,1433.21,857.9309
2022,1140.23,947.6265
