year,y_true,y_pred
2018,45.78,42.285763
2019,39.69,55.24067
2020,46.81,46.299583
2021,40.56,55.24067
2022,62.4,46.299583
