year,y_true,y_pred
2018,32.7,12.185881
2019,52.91,23.51628
2020,33.44,19.925228
2021,27.04,15.200758
2022,22.69,30.46808
