year,y_true,y_pred
2018,19.62,18.493763
2019,13.23,18.493763
2020,33.44,18.493763
2021,13.52,18.493763
2022,22.69,18.493763
