year,y_true,y_pred
2018,0.0,0.012432538
2019,34.25,0.012717246
2020,85.41,0.0009943566
2021,34.08,-0.9003077
2022,109.05,0.0030772462
