year,y_true,y_pred
2018,52.2,51.694
2019,52.13,56.683002
2020,26.03,61.763878
2021,26.0,48.759003
2022,57.26,56.683002
