year,y_true,y_pred
2018,78.52,44.83403
2019,39.05,26.013754
2020,38.83,40.996464
2021,0.0,40.996464
2022,174.98,41.069065
