year,y_true,y_pred
2018,973.34,777.90533
2019,847.82,811.27313
2020,382.0,885.84265
2021,1020.41,779.3983
2022,1637.11,811.27313
