year,y_true,y_pred
2018,169.28,64.80177
2019,42.39,40.16502
2020,42.44,64.80177
2021,42.52,64.80177
2022,136.43,64.80177
