year,y_true,y_pred
2018,24.6,27.20877
2019,24.25,27.20877
2020,23.92,27.20877
2021,23.6,27.20877
2022,58.47,27.20877
