year,y_true,y_pred
2018,295.23,268.34766
2019,307.17,319.54364
2020,255.1,224.00897
2021,267.42,205.86537
2022,341.06,294.9373
