year,y_true,y_pred
2018,90.21,46.493137
2019,121.25,54.7146
2020,95.66,46.493137
2021,110.11,63.747578
2022,77.96,63.67526
