year,y_true,y_pred
2018,41.0,26.51475
2019,40.42,21.01625
2020,23.92,21.01625
2021,23.6,26.51475
2022,19.49,19.78
