year,y_true,y_pred
2018,0.0,19.22179
2019,32.33,23.112103
2020,15.94,17.375292
2021,0.0,19.343332
2022,29.23,23.112103
