mae,rmse,r2,city,model,sequence_length,forecast_horizon,normalization,val_size
0.06898649908687625,0.20462936050608635,-0.08498799356436226,3513009,xgboost,8,4,,
