year,y_true,y_pred
2018,36.1,11.187332
2019,12.01,11.187332
2020,23.96,13.666966
2021,35.87,11.187332
2022,0.0,14.061542
