year,y_true,y_pred
2018,58.45,45.216858
2019,23.36,52.914536
2020,46.7,45.216858
2021,11.67,49.384537
2022,56.16,45.216858
