year,y_true,y_pred
2018,432.55,505.79044
2019,467.29,507.07843
2020,245.16,503.21368
2021,233.35,501.80923
2022,505.41,505.79044
