year,y_true,y_pred
2018,56.5,32.123085
2019,27.83,32.123085
2020,73.18,32.123085
2021,27.07,46.527584
2022,37.51,32.123085
