year,y_true,y_pred
2018,453.09,433.50272
2019,433.38,443.47766
2020,385.27,409.96838
2021,449.13,409.96838
2022,604.59,433.50272
