year,y_true,y_pred
2018,36.32,31.949059
2019,20.56,27.923382
2020,37.34,27.154707
2021,21.87,27.0471
2022,50.21,27.154707
