year,y_true,y_pred
2018,3.46,1.0742084
2019,1.71,0.61433333
2020,0.0,1.0742084
2021,1.68,0.64666665
2022,2.01,1.0742084
