year,y_true,y_pred
2018,50.15,20.733458
2019,58.24,20.733458
2020,33.94,20.733458
2021,21.87,20.733458
2022,36.15,20.733458
