year,y_true,y_pred
2018,6.92,4.454
2019,1.71,4.454
2020,8.49,4.935875
2021,6.73,4.43825
2022,2.01,4.454
