year,y_true,y_pred
2018,121.05,65.64905
2019,104.49,65.64905
2020,96.74,65.64905
2021,114.39,65.64905
2022,136.58,65.64905
