year,y_true,y_pred
2018,0.0,0.32794443
2019,0.0,0.32794443
2020,1.7,0.32794443
2021,0.0,0.32794443
2022,0.0,0.32794443
