year,y_true,y_pred
2018,0.0,18.658453
2019,8.37,18.658453
2020,8.13,18.658453
2021,0.0,18.658453
2022,9.09,18.658453
