year,y_true,y_pred
2018,25.86,6.8842516
2019,58.58,40.13421
2020,16.27,75.109634
2021,39.57,34.495102
2022,18.18,33.786015
