year,y_true,y_pred
2018,17.24,20.92025
2019,8.37,20.92025
2020,0.0,14.697875
2021,7.91,20.92025
2022,9.09,20.92025
