year,y_true,y_pred
2018,0.0,2.47975
2019,0.0,2.47975
2020,8.13,2.47975
2021,15.83,2.47975
2022,0.0,2.47975
