year,y_true,y_pred
2018,29.93,38.906918
2019,60.62,42.673416
2020,0.0,53.948334
2021,124.22,39.338917
2022,0.0,38.906918
