year,y_true,y_pred
2018,64.89,52.19856
2019,12.82,33.806694
2020,25.35,43.749607
2021,37.62,32.866474
2022,26.99,27.196198
