year,y_true,y_pred
2018,0.0,0.00096436066
2019,0.0,0.012196412
2020,57.18,0.012425061
2021,0.0,0.00096436066
2022,0.0,0.012196412
