year,y_true,y_pred
2018,0.0,12.025339
2019,28.83,12.025339
2020,0.0,12.025339
2021,28.37,12.025339
2022,0.0,12.025339
