year,y_true,y_pred
2018,110.78,119.563675
2019,98.05,94.72513
2020,85.43,94.72513
2021,85.08,94.72513
2022,78.99,94.72513
