year,y_true,y_pred
2018,12.31,14.485021
2019,24.51,14.485021
2020,48.82,11.599771
2021,12.15,11.599771
2022,13.16,9.397458
