year,y_true,y_pred
2018,135.4,201.04546
2019,232.87,216.46246
2020,170.86,216.46246
2021,303.84,216.46246
2022,302.79,195.56146
