year,y_true,y_pred
2018,73.86,20.311666
2019,36.77,25.575459
2020,12.2,19.900959
2021,24.31,16.676634
2022,13.16,15.967958
