year,y_true,y_pred
2018,327.25,580.89935
2019,321.91,580.89935
2020,356.66,580.89935
2021,549.65,580.89935
2022,549.15,577.6458
