year,y_true,y_pred
2018,43.44,32.11157
2019,31.62,32.11157
2020,39.95,41.369896
2021,42.5,29.542027
2022,61.02,23.865334
