year,y_true,y_pred
2018,37.65,48.990665
2019,48.86,46.481205
2020,45.65,48.990665
2021,14.17,46.481205
2022,39.66,52.560665
