year,y_true,y_pred
2018,14.48,9.35
2019,2.87,9.806001
2020,5.71,8.4095
2021,8.5,9.806001
2022,0.0,10.559
