year,y_true,y_pred
2018,0.0,1.2703543
2019,2.87,1.6345667
2020,0.0,1.6345667
2021,2.83,1.6345667
2022,3.05,1.6345667
