year,y_true,y_pred
2018,0.0,5.9454584
2019,15.85,5.037958
2020,15.5,6.3356667
2021,15.18,5.9454584
2022,24.89,6.3356667
