year,y_true,y_pred
2018,113.49,255.35901
2019,137.35,229.03688
2020,129.19,229.03688
2021,166.94,229.03688
2022,143.11,255.35901
