year,y_true,y_pred
2018,27.02,22.499332
2019,31.7,22.499332
2020,41.34,22.499332
2021,40.47,22.499332
2022,12.44,22.499332
