year,y_true,y_pred
2018,0.0,1.299825
2019,5.28,1.299825
2020,10.34,1.299825
2021,0.0,1.013625
2022,6.22,1.013625
