year,y_true,y_pred
2018,30.54,12.507042
2019,30.38,11.691042
2020,55.44,15.249042
2021,55.17,15.249042
2022,46.96,15.249042
