year,y_true,y_pred
2018,424.79,305.36267
2019,375.19,280.91373
2020,676.01,305.36267
2021,350.97,279.98166
2022,624.53,279.98166
