year,y_true,y_pred
2018,33.41,57.12213
2019,52.5,63.72333
2020,52.5,67.857086
2021,71.59,61.91883
2022,60.42,57.12213
