year,y_true,y_pred
2018,53.58,63.018574
2019,70.77,66.9177
2020,96.43,63.018574
2021,60.83,75.64819
2022,43.88,63.018574
