year,y_true,y_pred
2018,544.74,846.68713
2019,672.33,846.68713
2020,517.23,846.68713
2021,486.66,846.68713
2022,544.15,846.68713
