year,y_true,y_pred
2018,472.88,539.14966
2019,540.92,555.9278
2020,405.5,535.66565
2021,473.27,362.89264
2022,506.79,362.89264
