year,y_true,y_pred
2018,44.61,24.131706
2019,62.07,27.271082
2020,35.26,26.640665
2021,96.41,26.640665
2022,40.54,28.739582
