year,y_true,y_pred
2018,678.29,699.8366
2019,559.18,626.09436
2020,382.09,626.09436
2021,498.73,659.5256
2022,639.87,699.8366
