year,y_true,y_pred
2018,69.29,25.067333
2019,43.29,22.138666
2020,42.85,25.067333
2021,49.52,25.067333
2022,57.84,25.067333
