year,y_true,y_pred
2018,38.28,61.903336
2019,38.24,61.903336
2020,76.39,61.903336
2021,76.31,82.556046
2022,34.33,82.556046
