year,y_true,y_pred
2018,107.07,124.87263
2019,53.83,132.26163
2020,153.35,121.841125
2021,117.89,123.38463
2022,107.75,122.53113
