year,y_true,y_pred
2018,60.83,48.43277
2019,33.04,65.269226
2020,48.97,50.154293
2021,57.21,52.78822
2022,58.87,48.668236
