year,y_true,y_pred
2018,76.26,33.041
2019,41.15,33.041
2020,23.57,36.324997
2021,59.04,33.260998
2022,69.25,33.041
