year,y_true,y_pred
2018,111.46,91.55604
2019,152.85,97.965225
2020,147.28,91.55604
2021,135.78,87.67104
2022,151.1,87.67104
