year,y_true,y_pred
2018,0.0,0.52683336
2019,0.0,0.52683336
2020,0.0,0.52683336
2021,0.0,0.52683336
2022,0.0,0.52683336
