year,y_true,y_pred
2018,0.0,0.69857746
2019,0.0,0.69857746
2020,0.0,0.69857746
2021,0.0,0.69857746
2022,0.0,0.69857746
