year,y_true,y_pred
2018,11.73,13.818
2019,5.88,17.573063
2020,29.46,13.818
2021,17.71,12.733999
2022,0.0,11.67
