year,y_true,y_pred
2018,0.0,13.4105835
2019,5.88,14.337584
2020,5.89,16.341583
2021,5.9,16.341583
2022,0.0,16.341583
