year,y_true,y_pred
2018,768.34,940.13684
2019,1218.12,940.13684
2020,641.51,1070.6183
2021,1084.92,673.6077
2022,1522.65,940.13684
