year,y_true,y_pred
2018,38.42,25.756332
2019,76.13,25.944332
2020,37.74,18.174416
2021,149.64,25.756332
2022,152.26,25.944332
