year,y_true,y_pred
2018,96.85,61.004333
2019,66.29,63.405293
2020,64.88,69.67717
2021,72.63,69.67717
2022,87.18,69.67717
