year,y_true,y_pred
2018,9.69,6.806714
2019,28.41,6.806714
2020,9.27,10.675938
2021,18.16,6.806714
2022,36.33,10.675938
