year,y_true,y_pred
2018,56.45,99.72767
2019,79.22,99.72767
2020,68.07,77.71433
2021,56.86,77.71433
2022,112.74,77.71433
