year,y_true,y_pred
2018,40.08,44.795673
2019,50.18,38.809467
2020,10.05,58.348118
2021,30.2,46.217674
2022,50.01,51.48269
