year,y_true,y_pred
2018,630.29,551.64777
2019,580.11,551.6496
2020,394.75,759.63837
2021,532.63,759.63837
2022,938.81,759.63837
