year,y_true,y_pred
2018,74.32,83.490105
2019,128.05,66.69079
2020,107.24,66.69079
2021,96.98,86.396355
2022,166.01,86.396355
