year,y_true,y_pred
2018,1054.6,1012.8752
2019,1149.93,1012.8752
2020,766.57,1012.8752
2021,679.04,983.24927
2022,839.42,983.24927
