year,y_true,y_pred
2018,109.94,56.029907
2019,76.39,60.97121
2020,55.61,60.97121
2021,43.18,56.029907
2022,61.21,63.600647
