year,y_true,y_pred
2018,81.54,58.82233
2019,67.84,58.82233
2020,94.84,66.87987
2021,54.11,63.110664
2022,109.63,58.82233
