year,y_true,y_pred
2018,767.82,710.6953
2019,929.44,700.0848
2020,697.74,684.43677
2021,710.23,650.27136
2022,1123.7,697.6173
