year,y_true,y_pred
2018,320.43,188.19334
2019,293.33,188.19334
2020,124.28,188.19334
2021,115.25,150.69667
2022,85.04,140.33067
