year,y_true,y_pred
2018,8.9,4.5561213
2019,0.0,4.5561213
2020,8.88,4.5561213
2021,8.87,4.5561213
2022,0.0,4.5561213
