mae,rmse,r2,city,model,sequence_length,forecast_horizon,normalization,val_size
21.378022272732526,27.350006900396238,0.0007339887358616126,3157336,xgboost,8,4,,
