year,y_true,y_pred
2018,59.11,70.22089
2019,70.7,109.245926
2020,105.7,131.8558
2021,81.96,46.0734
2022,75.63,73.231224
