year,y_true,y_pred
2018,226.89,372.08725
2019,187.62,379.44217
2020,37.24,449.58466
2021,129.41,444.656
2022,60.24,444.656
