year,y_true,y_pred
2018,18.91,37.91935
2019,56.29,9.808004
2020,0.0,20.246271
2021,36.98,9.808004
2022,20.08,3.5006127
