year,y_true,y_pred
2018,125.81,76.06188
2019,107.33,58.72177
2020,106.88,58.299465
2021,35.47,58.299465
2022,78.25,38.228226
