year,y_true,y_pred
2018,826.74,709.42114
2019,822.9,676.91425
2020,623.44,676.91425
2021,638.52,438.6502
2022,938.97,466.38284
