year,y_true,y_pred
2018,233.64,202.82668
2019,268.34,202.82668
2020,178.13,218.85983
2021,106.42,232.45267
2022,254.3,226.13634
