year,y_true,y_pred
2018,0.0,2.1922197
2019,0.0,2.1922197
2020,0.0,2.1922197
2021,0.0,2.1922197
2022,0.0,2.1922197
