year,y_true,y_pred
2018,0.0,3.121581
2019,0.0,3.121581
2020,53.44,3.121581
2021,0.0,2.6303253
2022,0.0,2.6303253
