year,y_true,y_pred
2018,35.95,37.338993
2019,35.78,43.251324
2020,35.63,36.598892
2021,17.74,39.750156
2022,19.56,38.296093
