year,y_true,y_pred
2018,65.39,82.96875
2019,62.21,82.96875
2020,64.84,82.96875
2021,63.15,82.96875
2022,75.18,82.96875
