year,y_true,y_pred
2018,1.45,1.5522916
2019,1.45,2.3343334
2020,0.0,1.237875
2021,0.0,1.237875
2022,1.39,1.237875
