year,y_true,y_pred
2018,27.61,16.488888
2019,40.51,11.311176
2020,28.82,11.311176
2021,37.31,11.311176
2022,30.63,11.311176
