year,y_true,y_pred
2018,185.98,162.67967
2019,201.11,143.18968
2020,230.54,143.18968
2021,222.45,143.18968
2022,218.58,143.18968
