year,y_true,y_pred
2018,10.17,9.86656
2019,14.47,9.86656
2020,18.73,9.86656
2021,20.09,9.86656
2022,13.92,9.86656
