year,y_true,y_pred
2018,219.91,393.8465
2019,182.12,332.65884
2020,111.61,332.65884
2021,158.71,371.29437
2022,667.95,371.29437
