year,y_true,y_pred
2018,20.18,38.26055
2019,18.21,40.98826
2020,8.12,28.363697
2021,12.21,32.402977
2022,83.76,32.402977
