year,y_true,y_pred
2018,12.11,4.0333333
2019,2.02,3.6945417
2020,4.06,3.248125
2021,2.03,3.6945417
2022,2.09,3.248125
