year,y_true,y_pred
2018,68.6,43.691956
2019,78.92,43.691956
2020,66.97,43.691956
2021,103.77,43.691956
2022,67.0,43.691956
