year,y_true,y_pred
2018,32.28,20.207634
2019,36.42,20.207634
2020,36.53,16.752459
2021,28.49,16.752459
2022,37.69,20.207634
