year,y_true,y_pred
2018,322.01,490.47296
2019,291.72,490.47296
2020,305.28,490.47296
2021,420.59,490.47296
2022,472.44,490.47296
