year,y_true,y_pred
2018,14.64,41.554665
2019,14.59,34.511333
2020,14.54,41.554665
2021,29.01,41.554665
2022,104.99,41.554665
