year,y_true,y_pred
2018,54.64,23.343708
2019,29.44,21.612045
2020,34.11,23.343708
2021,19.37,21.612045
2022,29.05,17.907356
