year,y_true,y_pred
2018,263.25,302.1268
2019,392.5,368.73276
2020,248.54,324.74503
2021,232.41,371.36374
2022,238.22,346.11453
