year,y_true,y_pred
2018,0.0,1.4030104
2019,0.0,1.4030104
2020,0.0,1.4030104
2021,0.0,1.4030104
2022,0.0,1.4030104
