year,y_true,y_pred
2018,9.93,5.7494016
2019,4.91,1.5693979
2020,24.37,5.494991
2021,9.68,7.177352
2022,0.0,1.2338276
