year,y_true,y_pred
2018,0.0,0.5308793
2019,0.0,0.5308793
2020,0.0,0.5308793
2021,0.0,0.5308793
2022,0.0,0.5308793
