year,y_true,y_pred
2018,163.91,97.176674
2019,112.84,69.02499
2020,102.34,69.02499
2021,77.47,69.02499
2022,185.93,67.57921
