year,y_true,y_pred
2018,44.7,27.22804
2019,19.63,21.699116
2020,14.62,17.964151
2021,19.37,16.782116
2022,58.1,21.470066
