year,y_true,y_pred
2018,19.14,63.458084
2019,56.96,59.298836
2020,75.37,59.298836
2021,37.41,82.439835
2022,117.98,63.458084
