year,y_true,y_pred
2018,1052.43,933.8739
2019,1063.22,933.8739
2020,791.41,933.8739
2021,523.76,987.28217
2022,1109.01,987.28217
