year,y_true,y_pred
2018,95.28,443.72574
2019,577.76,397.55573
2020,388.73,507.8001
2021,540.28,389.78723
2022,277.39,507.8001
