year,y_true,y_pred
2018,0.0,18.136436
2019,96.29,18.136436
2020,97.18,18.79775
2021,0.0,18.79775
2022,46.23,30.378
