year,y_true,y_pred
2018,44.5,60.363834
2019,0.0,60.363834
2020,90.91,53.882336
2021,45.91,74.17667
2022,164.81,60.363834
