year,y_true,y_pred
2018,369.63,350.42075
2019,281.69,318.51028
2020,221.66,318.51028
2021,184.7,350.42075
2022,366.32,334.3295
