year,y_true,y_pred
2018,31.94,20.466791
2019,31.8,20.466791
2020,22.62,22.001291
2021,27.03,22.001291
2022,32.32,23.801332
