year,y_true,y_pred
2018,0.0,0.4668833
2019,0.0,0.4668833
2020,0.0,0.4668833
2021,4.5,0.4668833
2022,0.0,0.4668833
