year,y_true,y_pred
2018,109.52,56.5926
2019,90.87,93.97452
2020,135.71,63.335472
2021,112.62,92.78656
2022,129.29,57.23677
