year,y_true,y_pred
2018,36.51,28.224148
2019,40.89,28.224148
2020,31.67,31.041079
2021,31.53,19.927797
2022,37.71,19.927797
