year,y_true,y_pred
2018,13.69,5.4773126
2019,13.63,9.139
2020,4.52,9.139
2021,13.51,5.4773126
2022,5.39,9.139
