year,y_true,y_pred
2018,23.42,48.324707
2019,81.1,55.535664
2020,103.23,47.784664
2021,68.16,47.262665
2022,117.33,47.784664
