year,y_true,y_pred
2018,253.12,181.72398
2019,233.18,221.05978
2020,155.91,261.47
2021,246.01,181.72398
2022,264.15,221.05978
