year,y_true,y_pred
2018,20.6,9.70617
2019,34.98,12.198733
2020,34.65,12.198733
2021,17.16,9.70617
2022,33.37,9.70617
