year,y_true,y_pred
2018,0.0,0.71342856
2019,5.83,0.71342856
2020,2.89,0.454
2021,0.0,0.454
2022,0.0,0.454
