year,y_true,y_pred
2018,17.66,2.7041464
2019,14.57,15.497329
2020,11.55,5.95899
2021,14.3,5.95899
2022,16.68,3.7791677
