year,y_true,y_pred
2018,41.21,31.534159
2019,55.38,31.534159
2020,37.53,31.534159
2021,48.63,31.534159
2022,50.05,31.534159
