year,y_true,y_pred
2018,5.89,2.6798666
2019,2.91,2.6798666
2020,2.89,3.2621667
2021,2.86,2.5973334
2022,0.0,2.6798666
