year,y_true,y_pred
2018,2.94,0.0010977046
2019,0.0,0.0010977046
2020,2.89,0.005993709
2021,5.72,0.9727768
2022,5.56,0.0010977046
