year,y_true,y_pred
2018,0.0,19.61775
2019,25.74,14.36925
2020,25.44,19.404001
2021,50.31,19.404001
2022,119.12,13.101376
