year,y_true,y_pred
2018,237.21,398.89703
2019,278.8,398.89703
2020,250.65,398.89703
2021,228.22,398.89703
2022,325.06,398.89703
