year,y_true,y_pred
2018,45.42,17.526375
2019,49.79,22.145063
2020,34.4,22.145063
2021,33.99,17.526375
2022,26.64,17.526375
