year,y_true,y_pred
2018,95.89,75.80257
2019,99.57,61.775375
2020,117.95,75.80257
2021,101.97,75.80257
2022,127.89,75.80257
