year,y_true,y_pred
2018,35.33,12.400999
2019,14.94,16.932812
2020,19.66,14.245375
2021,29.13,14.245375
2022,26.64,16.932812
