year,y_true,y_pred
2018,15.14,11.357467
2019,19.91,11.357467
2020,29.49,11.357467
2021,19.42,11.357467
2022,15.99,11.357467
