year,y_true,y_pred
2018,5.05,1.7727774
2019,9.96,1.7727774
2020,9.83,0.001280236
2021,14.57,0.001280236
2022,0.0,-0.10040471
