year,y_true,y_pred
2018,41.64,24.906898
2019,41.89,28.436356
2020,10.54,24.906898
2021,10.6,32.66042
2022,28.94,34.71238
