year,y_true,y_pred
2018,468.41,612.3687
2019,303.7,792.34955
2020,200.17,612.3687
2021,243.77,792.34955
2022,414.74,612.3687
