year,y_true,y_pred
2018,773.08,665.60114
2019,500.55,665.60114
2020,528.23,665.60114
2021,910.08,665.60114
2022,789.75,665.60114
