year,y_true,y_pred
2018,27.29,28.273973
2019,9.1,21.949373
2020,18.21,35.422813
2021,18.2,35.422813
2022,86.68,35.422813
