year,y_true,y_pred
2018,81.42,83.755165
2019,163.88,97.66134
2020,32.98,99.059296
2021,66.38,89.55679
2022,32.48,83.755165
