year,y_true,y_pred
2018,50.14,76.45824
2019,50.68,76.45824
2020,85.37,76.45824
2021,69.0,76.45824
2022,58.44,76.45824
