year,y_true,y_pred
2018,55.86,29.944298
2019,47.65,34.660374
2020,23.72,29.944298
2021,62.95,29.944298
2022,34.49,35.326374
