year,y_true,y_pred
2018,47.88,79.075806
2019,71.47,82.67357
2020,79.05,82.67357
2021,47.21,71.109
2022,94.84,82.67357
