year,y_true,y_pred
2018,199.51,145.71294
2019,182.66,145.71294
2020,110.67,145.71294
2021,125.9,161.13
2022,137.95,157.25299
