year,y_true,y_pred
2018,0.0,15.119875
2019,7.94,15.119875
2020,15.81,15.119875
2021,0.0,13.458813
2022,25.87,13.930375
