year,y_true,y_pred
2018,63.27,39.62523
2019,0.0,39.62523
2020,157.58,95.0304
2021,31.47,112.728676
2022,32.95,67.50277
