year,y_true,y_pred
2018,822.52,703.08844
2019,884.12,703.08844
2020,819.41,636.0986
2021,912.52,587.0788
2022,691.93,636.0986
