year,y_true,y_pred
2018,56.53,55.817364
2019,18.89,18.987947
2020,0.0,18.748951
2021,56.9,10.43186
2022,56.44,18.987947
