year,y_true,y_pred
2018,169.59,453.61185
2019,321.06,555.37573
2020,132.5,555.37573
2021,436.27,555.37573
2022,244.59,414.15198
