year,y_true,y_pred
2018,99.01,102.84827
2019,112.98,102.84827
2020,70.49,83.86317
2021,112.61,122.09593
2022,27.2,102.84827
