year,y_true,y_pred
2018,314.78,400.83774
2019,215.05,400.83774
2020,198.22,430.3276
2021,527.7,430.3276
2022,429.51,379.32156
