year,y_true,y_pred
2018,82.84,14.222767
2019,49.63,23.70404
2020,0.0,18.460041
2021,115.44,14.222767
2022,56.02,23.70404
