year,y_true,y_pred
2018,440.3,377.59344
2019,317.78,377.59344
2020,496.07,472.24692
2021,621.64,377.59344
2022,646.41,377.60043
