year,y_true,y_pred
2018,74.46,89.42977
2019,64.52,88.088425
2020,44.95,80.75597
2021,75.11,70.33145
2022,80.8,70.33145
