year,y_true,y_pred
2018,8.09,11.16151
2019,14.52,11.16151
2020,6.42,9.204573
2021,15.98,9.204573
2022,12.67,9.204573
