year,y_true,y_pred
2018,1.62,0.73976797
2019,1.61,0.73976797
2020,0.0,0.73976797
2021,0.0,0.73976797
2022,0.0,0.73976797
