year,y_true,y_pred
2018,90.65,69.14846
2019,72.59,69.14846
2020,75.45,69.14846
2021,75.11,79.15867
2022,98.23,69.14846
