year,y_true,y_pred
2018,62.72,104.99841
2019,63.06,104.99841
2020,69.42,104.99841
2021,75.83,104.99841
2022,51.71,104.99841
