year,y_true,y_pred
2018,220.81,278.14862
2019,223.12,278.14862
2020,160.26,278.14862
2021,203.69,278.14862
2022,246.63,278.14862
