year,y_true,y_pred
2018,24.51,25.797792
2019,28.01,24.690567
2020,18.72,27.861105
2021,15.89,25.797792
2022,31.98,25.716793
