year,y_true,y_pred
2018,0.41,0.20633334
2019,0.99,0.20633334
2020,1.95,0.20633334
2021,0.38,0.20633334
2022,1.46,0.20633334
