year,y_true,y_pred
2018,0.41,0.15023333
2019,0.0,0.08866666
2020,0.39,0.08866666
2021,0.19,0.08866666
2022,0.21,0.08866666
