year,y_true,y_pred
2018,54.7,39.263435
2019,52.85,43.792397
2020,60.25,43.792397
2021,50.16,43.792397
2022,67.3,39.263435
