year,y_true,y_pred
2018,31.8,13.289666
2019,24.44,13.289666
2020,20.86,13.289666
2021,21.82,13.289666
2022,26.54,13.289666
