year,y_true,y_pred
2018,6.28,5.0111394
2019,8.94,5.260121
2020,12.87,5.013652
2021,9.57,6.0180154
2022,12.75,5.0111394
