mae,rmse,r2,city,model,sequence_length,forecast_horizon,normalization,val_size
0.050517806826752165,0.09371019848872303,0.13843535293733378,3548500,xgboost,8,4,,
