year,y_true,y_pred
2018,277.11,676.29456
2019,287.75,676.29456
2020,298.28,676.29456
2021,197.58,676.29456
2022,313.27,676.29456
