year,y_true,y_pred
2018,25.19,39.72767
2019,37.53,37.348335
2020,12.43,31.730667
2021,49.39,37.348335
2022,27.24,39.72767
