year,y_true,y_pred
2018,179.15,296.82935
2019,146.27,320.25946
2020,113.49,296.82935
2021,258.9,320.25946
2022,235.77,320.25946
