year,y_true,y_pred
2018,81.43,16.442543
2019,0.0,22.578335
2020,16.21,22.721334
2021,0.0,16.442543
2022,31.44,22.721334
