year,y_true,y_pred
2018,100.7,75.38733
2019,67.82,66.086044
2020,68.52,66.10533
2021,138.36,56.44254
2022,64.7,56.44254
