year,y_true,y_pred
2018,16.71,75.582
2019,49.52,77.13775
2020,97.9,75.582
2021,0.0,67.22388
2022,92.68,77.13775
