year,y_true,y_pred
2018,634.81,785.37537
2019,561.24,711.9646
2020,505.79,711.9646
2021,290.46,769.91034
2022,889.71,769.91034
