year,y_true,y_pred
2018,35.25,6.4106665
2019,35.12,6.161333
2020,43.76,6.4106665
2021,52.35,6.4106665
2022,63.38,6.4106665
