year,y_true,y_pred
2018,234.89,168.08968
2019,85.42,206.87506
2020,149.51,138.65787
2021,256.3,206.87506
2022,162.49,151.98686
