year,y_true,y_pred
2018,21.35,22.394604
2019,0.0,0.20150606
2020,0.0,-0.21943161
2021,0.0,0.11378865
2022,23.21,11.088203
