year,y_true,y_pred
2018,0.0,71.776665
2019,140.06,71.776665
2020,46.75,57.456665
2021,0.0,71.776665
2022,91.66,91.78114
