year,y_true,y_pred
2018,86.29,69.72518
2019,74.22,72.35885
2020,74.47,87.54352
2021,99.61,87.54352
2022,97.78,87.54352
