year,y_true,y_pred
2018,74.02,49.393456
2019,223.3,62.530666
2020,112.32,56.229584
2021,37.64,56.229584
2022,0.0,71.30008
