year,y_true,y_pred
2018,32.62,109.72467
2019,32.4,109.72467
2020,96.59,109.72467
2021,128.0,109.72467
2022,32.52,75.73502
