year,y_true,y_pred
2018,47.82,97.460335
2019,57.53,90.04511
2020,50.31,90.04511
2021,93.12,90.04511
2022,64.22,97.460335
