year,y_true,y_pred
2018,39.67,102.07062
2019,79.21,102.07062
2020,105.45,71.80838
2021,85.54,89.67083
2022,120.93,71.80838
