year,y_true,y_pred
2018,144.91,84.916336
2019,76.75,84.64704
2020,46.34,84.64704
2021,93.25,87.28042
2022,176.2,89.98179
