year,y_true,y_pred
2018,788.73,928.02496
2019,1259.3,927.746
2020,872.09,1065.9166
2021,649.35,886.51465
2022,1188.02,931.5529
