year,y_true,y_pred
2018,56.34,112.685005
2019,114.48,112.685005
2020,232.56,112.685005
2021,0.0,112.685005
2022,51.65,90.27663
