year,y_true,y_pred
2018,37.44,53.22504
2019,56.14,53.22504
2020,46.77,53.22504
2021,74.82,53.22504
2022,39.29,53.22504
