year,y_true,y_pred
2018,795.58,779.05743
2019,1038.65,784.03296
2020,692.24,785.74445
2021,598.52,766.19
2022,766.13,766.19
