year,y_true,y_pred
2018,60.25,26.491999
2019,44.37,26.491999
2020,40.58,26.491999
2021,51.09,26.491999
2022,72.89,26.491999
