year,y_true,y_pred
2018,18.07,27.403187
2019,31.18,20.693
2020,21.49,27.403187
2021,42.78,20.693
2022,30.57,27.403187
