year,y_true,y_pred
2018,108.45,93.58899
2019,109.13,102.75195
2020,119.36,91.25284
2021,90.3,102.75195
2022,115.22,99.546936
