year,y_true,y_pred
2018,9.64,15.446132
2019,25.18,13.954128
2020,19.1,17.45724
2021,16.63,15.065691
2022,27.04,15.517103
