year,y_true,y_pred
2018,776.7,797.2029
2019,728.17,721.78644
2020,798.13,797.2029
2021,638.52,721.78644
2022,925.01,797.2029
