year,y_true,y_pred
2018,101.31,83.98152
2019,67.74,83.98152
2020,42.45,83.98152
2021,63.85,83.98152
2022,117.99,94.11179
