year,y_true,y_pred
2018,61.67,1.5129482
2019,8.75,-0.26599005
2020,34.75,9.139056
2021,17.26,17.765203
2022,42.68,21.4485
