year,y_true,y_pred
2018,273.1,487.64737
2019,297.36,487.64737
2020,173.73,487.64737
2021,215.78,487.64737
2022,736.16,487.64737
