year,y_true,y_pred
2018,43.81,69.2556
2019,64.21,68.47156
2020,65.82,70.24539
2021,31.67,87.92069
2022,49.88,68.472534
