year,y_true,y_pred
2018,75.92,79.156525
2019,95.15,104.50723
2020,95.38,79.156525
2021,114.73,79.156525
2022,48.37,79.156525
