year,y_true,y_pred
2018,28.76,23.003752
2019,28.78,23.964617
2020,4.14,25.140574
2021,0.0,24.40443
2022,12.47,13.24906
