year,y_true,y_pred
2018,410.9,471.86884
2019,411.15,488.53534
2020,306.23,517.74866
2021,1585.86,517.74866
2022,2057.7,471.86884
