year,y_true,y_pred
2018,139.7,163.05768
2019,119.23,171.13995
2020,136.56,196.1486
2021,120.08,196.1486
2022,220.32,196.1486
