year,y_true,y_pred
2018,0.0,0.38059166
2019,0.0,0.38059166
2020,0.0,0.38059166
2021,0.0,0.38059166
2022,0.0,0.38059166
