year,y_true,y_pred
2018,0.0,0.4733265
2019,0.0,0.4733265
2020,4.14,0.4733265
2021,0.0,0.4733265
2022,0.0,0.4733265
