year,y_true,y_pred
2018,32.87,42.997105
2019,65.78,56.550873
2020,49.66,42.997105
2021,78.67,56.550873
2022,45.73,42.997105
