year,y_true,y_pred
2018,8.22,27.50471
2019,28.78,27.50471
2020,28.97,25.362709
2021,20.7,25.362709
2022,12.47,27.50471
