year,y_true,y_pred
2018,713.7,616.1353
2019,922.71,909.214
2020,762.46,961.27454
2021,750.29,893.42285
2022,514.04,861.7745
