year,y_true,y_pred
2018,14.87,49.112514
2019,59.05,49.112514
2020,51.32,45.006714
2021,29.14,27.583025
2022,39.54,43.27767
