year,y_true,y_pred
2018,124.9,60.994457
2019,42.08,60.994457
2020,127.55,60.994457
2021,85.91,60.994457
2022,78.03,75.400665
