year,y_true,y_pred
2018,0.0,10.76219
2019,18.17,10.76219
2020,0.0,10.76219
2021,0.0,10.76219
2022,0.0,10.76219
