year,y_true,y_pred
2018,74.25,82.00344
2019,18.17,82.00344
2020,35.61,82.00344
2021,17.45,82.00344
2022,54.77,82.00344
