year,y_true,y_pred
2018,35.3,66.613335
2019,0.0,66.613335
2020,35.27,66.613335
2021,105.78,66.613335
2022,114.46,66.613335
