year,y_true,y_pred
2018,141.53,34.97879
2019,125.37,34.97879
2020,15.62,34.97879
2021,62.28,35.61029
2022,95.44,34.97879
