year,y_true,y_pred
2018,12.4,26.603083
2019,12.3,26.603083
2020,0.0,26.603083
2021,12.12,26.603083
2022,31.0,26.603083
