year,y_true,y_pred
2018,74.39,76.9086
2019,123.03,68.34037
2020,158.75,76.9086
2021,121.21,64.08542
2022,294.53,64.08542
