year,y_true,y_pred
2018,11.94,37.509666
2019,18.0,37.509666
2020,41.78,37.509666
2021,47.53,27.103832
2022,50.3,30.1185
