year,y_true,y_pred
2018,310.41,803.96594
2019,437.96,803.96594
2020,310.39,803.96594
2021,415.87,803.96594
2022,515.53,803.96594
