year,y_true,y_pred
2018,65.66,46.793934
2019,83.99,46.793934
2020,101.47,39.835503
2021,71.29,41.29515
2022,176.03,41.29515
