year,y_true,y_pred
2018,0.0,0.5545151
2019,0.0,0.5545151
2020,0.0,0.5545151
2021,0.0,0.5545151
2022,6.29,0.5545151
