year,y_true,y_pred
2018,11.94,6.250875
2019,6.0,7.4615626
2020,17.91,6.333375
2021,0.0,6.400875
2022,6.29,6.333375
