year,y_true,y_pred
2018,11.94,19.131275
2019,18.0,19.131275
2020,11.94,19.131275
2021,65.35,19.131275
2022,31.43,26.753952
