year,y_true,y_pred
2018,143.51,126.15925
2019,206.96,106.286125
2020,56.02,125.566
2021,227.01,137.315
2022,135.65,125.566
