year,y_true,y_pred
2018,14.35,5.278
2019,36.86,7.043375
2020,2.8,6.513875
2021,24.92,6.578375
2022,21.1,6.158375
