year,y_true,y_pred
2018,65.07,43.981956
2019,71.63,47.47158
2020,19.55,47.47158
2021,39.13,48.937084
2022,131.14,52.285084
