year,y_true,y_pred
2018,25.76,27.969168
2019,8.57,29.274166
2020,34.18,33.655666
2021,51.14,25.763866
2022,58.06,25.763866
