year,y_true,y_pred
2018,472.31,855.9867
2019,513.92,580.27466
2020,1367.05,671.52625
2021,1142.08,1395.1166
2022,658.02,995.37085
