year,y_true,y_pred
2018,60.63,91.639915
2019,40.67,73.26833
2020,102.27,82.90517
2021,61.72,91.639915
2022,62.2,73.26833
