year,y_true,y_pred
2018,767.99,691.9066
2019,640.5,821.65753
2020,951.11,756.5708
2021,750.87,691.9066
2022,933.03,821.65753
