year,y_true,y_pred
2018,161.68,177.022
2019,132.17,185.01324
2020,194.31,161.448
2021,236.58,185.01324
2022,196.97,177.022
