year,y_true,y_pred
2018,20.21,25.752333
2019,10.17,25.752333
2020,61.36,25.752333
2021,20.57,25.752333
2022,0.0,20.754105
