year,y_true,y_pred
2018,60.63,46.909958
2019,91.5,46.909958
2020,102.27,53.146664
2021,41.14,46.909958
2022,114.04,46.565666
