year,y_true,y_pred
2018,10.11,1.6363
2019,0.0,19.73631
2020,0.0,0.4528399
2021,0.0,0.0004864697
2022,0.0,1.6363
