year,y_true,y_pred
2018,55.39,60.910027
2019,57.62,64.67277
2020,50.16,64.16015
2021,55.61,57.774437
2022,68.8,64.16086
