year,y_true,y_pred
2018,137.65,79.916214
2019,135.65,62.11023
2020,109.44,57.48389
2021,108.0,57.48389
2022,81.43,57.48389
