year,y_true,y_pred
2018,42.45,52.77554
2019,20.95,57.491333
2020,20.7,52.77554
2021,40.9,52.77554
2022,100.63,57.491333
