year,y_true,y_pred
2018,673.63,667.6873
2019,619.86,667.6873
2020,837.01,618.22375
2021,499.43,637.4069
2022,1065.41,637.51733
