year,y_true,y_pred
2018,44.91,27.077492
2019,33.81,27.077492
2020,11.31,27.077492
2021,22.7,47.763508
2022,161.05,27.077492
