year,y_true,y_pred
2018,79.33,26.357876
2019,31.38,26.357876
2020,38.81,26.357876
2021,99.88,26.357876
2022,73.79,26.357876
