year,y_true,y_pred
2018,2403.62,807.24756
2019,2063.39,838.00793
2020,1715.57,807.24756
2021,1336.92,807.24756
2022,1357.73,807.24756
