year,y_true,y_pred
2018,444.87,454.84448
2019,529.56,499.9708
2020,391.97,516.91205
2021,641.49,410.30325
2022,910.79,559.6263
