year,y_true,y_pred
2018,31.78,25.843771
2019,56.56,24.606667
2020,46.42,32.737457
2021,51.73,32.737457
2022,93.27,32.737457
