year,y_true,y_pred
2018,105.92,128.13515
2019,118.25,128.13515
2020,170.2,128.13515
2021,113.81,128.13515
2022,104.25,102.71583
