year,y_true,y_pred
2018,37.07,55.845257
2019,35.99,46.465378
2020,61.89,57.537804
2021,62.08,60.260643
2022,54.87,62.278934
