year,y_true,y_pred
2018,0.0,0.5598469
2019,0.0,0.5598469
2020,0.0,0.5598469
2021,0.0,0.5598469
2022,0.0,0.5598469
