year,y_true,y_pred
2018,10.59,12.302949
2019,30.85,13.681159
2020,0.0,11.333098
2021,20.69,15.104605
2022,5.49,12.302949
