year,y_true,y_pred
2018,12.49,36.195126
2019,37.11,37.131126
2020,61.27,39.561687
2021,24.29,39.307625
2022,50.0,36.195126
