year,y_true,y_pred
2018,57.47,53.20923
2019,42.84,59.64048
2020,49.67,53.20923
2021,70.54,66.267334
2022,79.35,53.20923
