year,y_true,y_pred
2018,75.8,48.667534
2019,40.25,51.500668
2020,70.12,51.345333
2021,49.88,54.82567
2022,14.97,51.500668
