year,y_true,y_pred
2018,586.18,473.31516
2019,548.34,619.9828
2020,465.82,671.2711
2021,483.79,434.82635
2022,419.2,434.82465
