year,y_true,y_pred
2018,20.21,3.4190414
2019,5.03,3.7499166
2020,5.01,3.4190414
2021,14.96,3.4190414
2022,0.0,3.7499166
