year,y_true,y_pred
2018,25.27,15.3695965
2019,45.28,11.368026
2020,20.04,11.872991
2021,44.89,15.3695965
2022,14.97,11.872991
