year,y_true,y_pred
2018,55.91,35.539665
2019,49.71,35.539665
2020,37.29,35.539665
2021,24.87,35.539665
2022,72.83,30.53083
