year,y_true,y_pred
2018,109.81,2.2920454
2019,18.37,105.75125
2020,55.28,0.00057386945
2021,18.48,105.75125
2022,87.28,0.00057386945
