year,y_true,y_pred
2018,1299.41,806.26355
2019,844.81,806.26355
2020,737.06,764.1867
2021,702.27,795.60754
2022,1134.58,795.60754
