year,y_true,y_pred
2018,12.1,49.353653
2019,24.07,49.353653
2020,11.97,13.456918
2021,47.64,16.171177
2022,12.76,28.960436
