year,y_true,y_pred
2018,108.91,172.62973
2019,168.49,172.62973
2020,131.69,172.62973
2021,238.21,172.62973
2022,306.2,231.04268
