year,y_true,y_pred
2018,36.3,30.018002
2019,24.07,30.018002
2020,59.86,25.98875
2021,59.55,32.510002
2022,25.52,25.98875
