year,y_true,y_pred
2018,12.1,23.108665
2019,12.04,28.996208
2020,11.97,24.457666
2021,35.73,24.457666
2022,51.03,33.46021
