year,y_true,y_pred
2018,60.5,50.800167
2019,72.21,61.406166
2020,119.72,61.406166
2021,35.73,61.406166
2022,25.52,50.800167
