year,y_true,y_pred
2018,292.61,400.98383
2019,431.92,400.98383
2020,343.63,438.25385
2021,197.88,400.98383
2022,409.1,400.98383
