year,y_true,y_pred
2018,0.0,1.3135673
2019,9.09,1.3135673
2020,4.52,4.715949
2021,8.99,3.428769
2022,40.33,4.715949
