year,y_true,y_pred
2018,11.61,31.759188
2019,34.31,27.260124
2020,33.81,31.759188
2021,99.98,23.130344
2022,68.37,23.130344
