year,y_true,y_pred
2018,383.23,455.68372
2019,537.57,421.50842
2020,371.91,455.68372
2021,577.65,421.50842
2022,364.63,455.68372
