mae,rmse,r2,city,model,sequence_length,forecast_horizon,normalization,val_size
0.14118727917416352,0.26823784108817134,0.18350795727286617,4309159,xgboost,8,4,,
