year,y_true,y_pred
2018,326.02,495.65363
2019,322.02,495.65363
2020,247.85,495.65363
2021,360.79,495.65363
2022,421.86,495.65363
