year,y_true,y_pred
2018,13.97,52.07463
2019,37.34,36.060818
2020,42.09,14.764402
2021,93.71,36.060818
2022,40.66,36.060818
