year,y_true,y_pred
2018,661.59,990.60205
2019,357.07,1006.2261
2020,373.06,987.30963
2021,291.29,650.7369
2022,622.1,990.60205
