year,y_true,y_pred
2018,70.17,22.944971
2019,39.67,14.669444
2020,0.0,23.329058
2021,29.13,41.480923
2022,63.26,30.331518
