year,y_true,y_pred
2018,27.37,13.302733
2019,20.5,12.163334
2020,13.65,13.302733
2021,34.1,13.302733
2022,55.77,12.163334
