year,y_true,y_pred
2018,136.85,112.147484
2019,116.18,83.50031
2020,177.49,83.50031
2021,68.19,83.50031
2022,188.23,87.09797
