year,y_true,y_pred
2018,0.0,0.59877086
2019,0.0,0.59877086
2020,0.0,0.59877086
2021,0.0,0.59877086
2022,0.0,0.59877086
