year,y_true,y_pred
2018,6.84,10.79625
2019,13.67,10.79625
2020,13.65,9.4116
2021,20.46,8.1
2022,27.89,8.1
