year,y_true,y_pred
2018,68.42,96.56213
2019,88.84,69.864685
2020,88.74,96.56213
2021,75.01,69.864685
2022,90.63,96.56213
