year,y_true,y_pred
2018,15.94,32.111355
2019,63.84,13.505411
2020,63.92,44.617844
2021,64.01,60.76243
2022,28.73,60.76243
