year,y_true,y_pred
2018,53.98,37.9292
2019,41.92,32.793213
2020,30.15,32.793213
2021,41.02,42.283695
2022,33.5,40.823055
