year,y_true,y_pred
2018,20.22,56.195686
2019,39.85,56.195686
2020,19.64,34.551437
2021,58.11,56.195686
2022,19.31,34.551437
