year,y_true,y_pred
2018,63.32,32.22527
2019,25.11,32.22527
2020,24.89,32.22527
2021,61.72,32.22527
2022,67.05,31.994667
