year,y_true,y_pred
2018,563.58,148.32204
2019,577.45,148.32204
2020,311.18,148.32204
2021,481.45,148.32204
2022,463.27,148.32204
