year,y_true,y_pred
2018,258.53,450.93423
2019,214.06,450.93423
2020,151.53,450.93423
2021,145.2,450.93423
2022,173.3,450.93423
