year,y_true,y_pred
2018,41.37,54.39417
2019,35.68,70.23198
2020,25.26,54.39417
2021,30.04,70.23198
2022,39.13,70.23198
