year,y_true,y_pred
2018,10.34,6.090067
2019,5.1,7.389917
2020,10.1,9.466667
2021,0.0,6.090067
2022,5.59,9.466667
