year,y_true,y_pred
2018,124.1,127.00974
2019,142.7,129.38275
2020,101.02,173.25789
2021,115.16,176.93536
2022,83.86,176.93536
