year,y_true,y_pred
2018,51.71,77.459625
2019,50.97,77.459625
2020,40.41,77.459625
2021,50.07,77.459625
2022,95.04,77.459625
