year,y_true,y_pred
2018,32.95,20.734612
2019,26.81,45.467377
2020,26.67,20.734612
2021,23.59,20.734612
2022,64.63,20.734612
