year,y_true,y_pred
2018,885.2,974.81036
2019,800.11,1092.8367
2020,1409.4,1092.8367
2021,1879.57,1042.8158
2022,1846.14,974.81036
