year,y_true,y_pred
2018,13.55,6.2246666
2019,13.48,3.8786666
2020,4.47,3.8786666
2021,17.82,3.8786666
2022,36.0,4.1210833
