year,y_true,y_pred
2018,72.26,75.93954
2019,98.89,88.2592
2020,120.81,79.684715
2021,115.8,67.36505
2022,113.13,75.93954
