year,y_true,y_pred
2018,0.0,0.476875
2019,0.0,0.476875
2020,0.0,0.476875
2021,0.0,0.476875
2022,0.0,0.476875
