year,y_true,y_pred
2018,0.0,0.5433276
2019,0.0,0.5433276
2020,0.0,0.5433276
2021,0.0,0.5433276
2022,0.0,0.5433276
