year,y_true,y_pred
2018,36.13,19.953
2019,58.43,19.953
2020,17.9,20.801624
2021,22.27,18.503624
2022,30.85,25.998001
