year,y_true,y_pred
2018,22.58,17.30977
2019,26.97,19.511667
2020,8.95,17.30977
2021,17.82,19.511667
2022,20.57,19.511667
