year,y_true,y_pred
2018,249.4,276.5381
2019,413.04,276.5381
2020,394.93,275.92023
2021,419.83,275.92023
2022,330.97,280.9841
