year,y_true,y_pred
2018,22.67,24.955334
2019,30.98,24.955334
2020,45.02,24.955334
2021,52.73,22.672237
2022,39.92,24.955334
