year,y_true,y_pred
2018,726.01,537.30304
2019,664.77,635.2335
2020,825.13,493.156
2021,699.97,550.73157
2022,660.5,493.156
