year,y_true,y_pred
2018,31.57,30.788
2019,0.0,44.115402
2020,31.74,44.115402
2021,31.82,44.115402
2022,79.26,44.115402
