year,y_true,y_pred
2018,26.95,51.499573
2019,26.87,51.499573
2020,134.05,51.499573
2021,80.24,63.32225
2022,109.61,51.499573
