year,y_true,y_pred
2018,592.83,636.9499
2019,671.86,1043.6747
2020,697.05,665.1383
2021,775.61,651.69147
2022,1497.99,651.69147
