year,y_true,y_pred
2018,57.05,39.87779
2019,56.95,42.00179
2020,30.61,39.87779
2021,30.55,37.76633
2022,32.9,37.76633
