year,y_true,y_pred
2018,0.0,49.049522
2019,0.0,49.049522
2020,51.68,49.049522
2021,0.0,49.049522
2022,54.85,49.049522
