year,y_true,y_pred
2018,262.19,327.08548
2019,156.17,327.08548
2020,206.72,462.4241
2021,205.34,327.08548
2022,329.13,327.08548
