year,y_true,y_pred
2018,0.0,62.637833
2019,74.96,62.637833
2020,37.84,73.45067
2021,0.0,59.410206
2022,77.25,50.018665
