year,y_true,y_pred
2018,66.23,55.48577
2019,59.8,55.84268
2020,47.53,54.659912
2021,59.04,49.653267
2022,36.26,54.659912
