year,y_true,y_pred
2018,6.02,22.355543
2019,29.9,20.431042
2020,11.88,23.303543
2021,23.62,30.053543
2022,30.22,22.355543
