year,y_true,y_pred
2018,192.66,126.490715
2019,173.41,140.3579
2020,118.82,140.56273
2021,147.61,157.70898
2022,108.79,140.11055
