year,y_true,y_pred
2018,6.02,3.2358668
2019,0.0,3.2358668
2020,5.94,3.2358668
2021,5.9,3.2358668
2022,0.0,3.2358668
