year,y_true,y_pred
2018,101.24,49.37879
2019,24.66,51.508793
2020,86.1,59.124294
2021,49.08,51.508793
2022,25.57,46.790524
