year,y_true,y_pred
2018,0.0,11.331125
2019,12.33,11.504188
2020,24.6,8.3771
2021,24.54,11.331125
2022,12.79,11.504188
