year,y_true,y_pred
2018,75.93,47.54933
2019,36.99,7.31105
2020,61.5,27.02497
2021,98.16,27.604176
2022,63.93,23.107277
