year,y_true,y_pred
2018,12.66,59.2807
2019,36.99,66.19187
2020,98.4,66.19187
2021,110.43,65.480995
2022,153.43,59.2807
