year,y_true,y_pred
2018,6.78,6.628134
2019,23.44,6.628134
2020,31.42,9.519084
2021,24.51,9.954208
2022,25.67,7.6245837
