year,y_true,y_pred
2018,52.58,39.298393
2019,73.68,38.37047
2020,110.8,39.298393
2021,88.23,39.298393
2022,87.26,39.298393
