year,y_true,y_pred
2018,0.0,0.5640099
2019,1.67,0.5640099
2020,0.0,0.5640099
2021,0.0,0.5640099
2022,0.0,0.5640099
