year,y_true,y_pred
2018,20.35,14.837517
2019,28.47,14.837517
2020,21.5,14.837517
2021,9.8,14.837517
2022,8.56,14.837517
