year,y_true,y_pred
2018,0.0,0.19296876
2019,0.0,0.19296876
2020,1.65,0.19296876
2021,0.0,0.19296876
2022,0.0,0.19296876
