year,y_true,y_pred
2018,11.87,5.050417
2019,25.12,5.324917
2020,9.92,6.076292
2021,11.44,4.4333334
2022,11.98,4.4333334
