year,y_true,y_pred
2018,18.21,56.887215
2019,54.72,52.502205
2020,118.73,42.7322
2021,109.75,132.96341
2022,85.09,130.79506
