year,y_true,y_pred
2018,46.52,32.111935
2019,91.97,32.111935
2020,30.32,36.97067
2021,60.03,36.97067
2022,38.33,36.97067
