year,y_true,y_pred
2018,77.84,44.116913
2019,38.87,52.12048
2020,90.58,52.74229
2021,12.92,52.132652
2022,42.88,44.116913
