year,y_true,y_pred
2018,33.13,60.478798
2019,66.27,84.878
2020,33.12,70.27725
2021,0.0,60.478798
2022,78.16,84.878
