year,y_true,y_pred
2018,828.36,1007.4699
2019,695.83,531.71625
2020,695.59,531.71625
2021,662.47,531.71625
2022,976.94,557.55597
