year,y_true,y_pred
2018,30.72,15.986125
2019,22.73,13.058
2020,49.83,15.986125
2021,31.97,15.986125
2022,57.45,13.058
