year,y_true,y_pred
2018,0.0,0.67489165
2019,5.05,0.67489165
2020,0.0,0.52629167
2021,0.0,0.52629167
2022,0.0,0.52629167
