year,y_true,y_pred
2018,56.33,43.04877
2019,47.98,43.04877
2020,69.76,36.352665
2021,63.94,34.197666
2022,48.83,36.352665
