year,y_true,y_pred
2018,5.12,12.456022
2019,15.15,12.456022
2020,7.47,10.49396
2021,9.84,11.416266
2022,8.62,7.148466
