year,y_true,y_pred
2018,15.36,19.405119
2019,25.25,27.708548
2020,22.42,27.708548
2021,19.67,27.291107
2022,22.98,27.291107
