year,y_true,y_pred
2018,29.35,38.246735
2019,34.37,38.246735
2020,36.7,38.246735
2021,46.79,38.246735
2022,67.7,36.081165
