year,y_true,y_pred
2018,43.22,60.731457
2019,0.0,51.23002
2020,41.72,51.23002
2021,20.51,68.85096
2022,142.76,51.23002
