year,y_true,y_pred
2018,52.43,28.074085
2019,29.01,20.822668
2020,34.78,28.074085
2021,46.34,18.772533
2022,69.89,20.822668
