year,y_true,y_pred
2018,151.45,135.2679
2019,139.26,131.73671
2020,133.34,135.2599
2021,139.02,147.19897
2022,163.07,147.19098
