year,y_true,y_pred
2018,64.08,67.36553
2019,63.83,54.957638
2020,86.96,51.15412
2021,46.34,57.52107
2022,69.89,49.804714
