year,y_true,y_pred
2018,11.65,4.4471335
2019,0.0,4.2743335
2020,0.0,3.1786666
2021,11.58,4.4471335
2022,5.82,4.2743335
