year,y_true,y_pred
2018,17.48,3.4464583
2019,17.41,3.4464583
2020,28.99,3.4464583
2021,40.55,3.4464583
2022,11.65,3.4464583
