year,y_true,y_pred
2018,251.29,237.98851
2019,310.7,237.98851
2020,245.32,294.42136
2021,393.64,237.98851
2022,437.85,294.42136
