year,y_true,y_pred
2018,73.91,21.607882
2019,31.07,21.196466
2020,46.0,9.23184
2021,45.42,98.150734
2022,38.07,9.23184
