year,y_true,y_pred
2018,49.56,33.687687
2019,40.49,33.687687
2020,37.32,33.687687
2021,29.94,33.687687
2022,44.57,33.687687
