year,y_true,y_pred
2018,84.38,86.572754
2019,100.08,84.408005
2020,68.39,83.207504
2021,89.33,86.572754
2022,112.11,82.7455
