year,y_true,y_pred
2018,23.78,37.86125
2019,11.75,42.536583
2020,58.05,42.536583
2021,103.31,42.652084
2022,26.56,42.652084
