year,y_true,y_pred
2018,820.35,809.81555
2019,845.77,809.81555
2020,685.01,809.81555
2021,849.4,809.81555
2022,602.04,809.015
