year,y_true,y_pred
2018,50.03,20.614666
2019,49.57,25.367332
2020,0.0,25.367332
2021,14.0,21.571667
2022,36.73,20.614666
