year,y_true,y_pred
2018,17.44,24.201614
2019,39.12,29.578823
2020,26.0,14.357691
2021,34.56,27.472618
2022,41.64,24.198017
