year,y_true,y_pred
2018,79.3,54.95865
2019,0.0,87.50993
2020,121.41,86.90498
2021,204.33,109.622665
2022,119.62,54.95865
