year,y_true,y_pred
2018,50.93,71.67566
2019,51.02,86.28166
2020,85.19,96.37663
2021,119.49,71.67566
2022,53.41,71.67566
