year,y_true,y_pred
2018,611.1,854.10706
2019,833.33,854.10706
2020,647.47,801.851
2021,802.32,854.10706
2022,1050.38,825.33704
