year,y_true,y_pred
2018,55.16,51.70746
2019,55.02,75.348694
2020,0.0,62.912537
2021,54.78,62.912537
2022,59.54,51.70746
