year,y_true,y_pred
2018,360.65,694.645
2019,321.92,631.60364
2020,390.31,674.6555
2021,427.12,660.03174
2022,521.8,660.03174
