year,y_true,y_pred
2018,18.03,26.868666
2019,17.88,22.138666
2020,35.48,22.138666
2021,52.84,22.138666
2022,53.64,25.315458
