year,y_true,y_pred
2018,283.45,337.64432
2019,254.58,337.64432
2020,231.57,337.64432
2021,248.12,337.64432
2022,222.37,337.64432
