year,y_true,y_pred
2018,56.69,36.454933
2019,73.55,48.412834
2020,33.89,41.051834
2021,45.11,36.454933
2022,37.06,48.412834
