year,y_true,y_pred
2018,164.4,202.81058
2019,147.09,202.81058
2020,169.44,179.80588
2021,169.18,202.81058
2022,111.19,202.81058
