year,y_true,y_pred
2018,0.0,0.75866663
2019,0.0,1.1261458
2020,0.0,1.1261458
2021,0.0,1.1261458
2022,0.0,1.1261458
