year,y_true,y_pred
2018,34.01,0.00034632592
2019,11.31,1.0573171
2020,11.3,11.444076
2021,11.28,8.632527
2022,6.18,0.9935047
