year,y_true,y_pred
2018,45.35,73.74035
2019,107.49,73.872856
2020,45.18,131.53214
2021,33.84,93.36578
2022,61.77,73.871605
