year,y_true,y_pred
2018,23.33,17.242
2019,45.68,27.900688
2020,11.19,21.172625
2021,10.98,17.242
2022,13.81,18.319624
