year,y_true,y_pred
2018,151.64,213.10286
2019,194.15,241.73141
2020,156.69,231.85507
2021,76.84,213.10286
2022,165.77,241.73141
