year,y_true,y_pred
2018,0.0,26.551125
2019,0.0,26.551125
2020,52.56,34.83048
2021,54.7,34.83048
2022,0.0,33.72121
