year,y_true,y_pred
2018,55.83,55.94475
2019,95.69,55.94475
2020,95.69,63.394
2021,71.76,63.394
2022,80.79,55.94475
