year,y_true,y_pred
2018,558.26,539.40765
2019,645.93,539.40765
2020,550.2,539.40765
2021,406.63,539.40765
2022,587.59,539.40765
