year,y_true,y_pred
2018,7.98,1.0610833
2019,0.0,1.0610833
2020,0.0,1.0610833
2021,0.0,1.0610833
2022,0.0,1.3606833
