year,y_true,y_pred
2018,135.58,124.16383
2019,151.52,124.70983
2020,175.42,118.91767
2021,143.52,118.91767
2022,146.9,118.91767
