year,y_true,y_pred
2018,39.88,11.628667
2019,15.95,11.628667
2020,31.9,11.628667
2021,7.97,11.628667
2022,0.0,10.312667
