year,y_true,y_pred
2018,55.83,28.62275
2019,39.87,28.62275
2020,55.82,27.631248
2021,127.57,28.62275
2022,88.14,24.666124
