year,y_true,y_pred
2018,295.06,199.31874
2019,233.27,254.70294
2020,200.7,230.14134
2021,145.93,254.70294
2022,232.32,199.31874
