year,y_true,y_pred
2018,8.05,1.9611063
2019,15.55,8.979799
2020,7.53,17.145988
2021,7.3,8.979799
2022,10.4,8.979799
