year,y_true,y_pred
2018,80.05,94.65188
2019,80.67,94.65188
2020,97.55,94.65188
2021,147.4,94.65188
2022,63.58,90.685875
