year,y_true,y_pred
2018,38.77,86.78461
2019,58.18,73.62356
2020,19.42,92.640076
2021,77.72,26.79284
2022,21.18,86.78461
