year,y_true,y_pred
2018,18.68,68.83377
2019,9.21,53.218334
2020,27.26,53.218334
2021,71.77,53.218334
2022,36.05,53.88123
