year,y_true,y_pred
2018,65.51,46.445065
2019,65.42,45.664917
2020,57.17,47.943417
2021,57.1,52.73954
2022,62.74,52.73954
