year,y_true,y_pred
2018,47.31,33.960934
2019,52.76,66.68316
2020,31.98,41.07533
2021,51.92,38.598103
2022,43.87,66.68316
