year,y_true,y_pred
2018,1000.94,1011.66034
2019,1156.4,1011.66034
2020,1293.76,906.54535
2021,1355.74,906.54535
2022,1720.43,906.54535
