year,y_true,y_pred
2018,30.97,40.19071
2019,47.94,40.891666
2020,82.41,38.693707
2021,135.94,37.53721
2022,42.46,37.53721
