year,y_true,y_pred
2018,18.32,37.74423
2019,109.11,40.56109
2020,72.24,41.04058
2021,89.72,5.5995836
2022,52.2,58.180077
