year,y_true,y_pred
2018,293.09,446.28967
2019,472.81,446.28967
2020,469.57,412.42868
2021,466.54,412.42868
2022,626.41,412.42868
