year,y_true,y_pred
2018,196.5,469.80466
2019,352.8,469.80466
2020,209.13,469.80466
2021,241.13,469.80466
2022,189.07,469.80466
