year,y_true,y_pred
2018,17.86,27.692776
2019,70.56,27.692776
2020,34.86,74.96307
2021,34.45,36.680447
2022,34.38,11.103733
