year,y_true,y_pred
2018,290.41,217.28839
2019,372.19,280.8742
2020,290.42,249.1489
2021,417.23,235.04233
2022,417.41,247.7579
