year,y_true,y_pred
2018,0.0,1.0366936
2019,0.0,1.0366936
2020,0.0,1.0366936
2021,0.0,1.0366936
2022,0.0,1.0366936
