year,y_true,y_pred
2018,7.64,18.342333
2019,7.44,18.965916
2020,14.89,18.965916
2021,29.8,18.342333
2022,14.91,15.737666
