year,y_true,y_pred
2018,0.0,0.6476417
2019,0.0,0.6476417
2020,0.0,0.6476417
2021,0.0,0.6476417
2022,0.0,0.6476417
