year,y_true,y_pred
2018,22.93,45.092823
2019,7.44,31.032013
2020,7.45,37.959766
2021,44.7,37.959766
2022,52.18,45.092823
