year,y_true,y_pred
2018,183.42,85.64407
2019,96.77,81.894615
2020,52.13,96.04423
2021,104.31,118.92993
2022,119.26,63.616055
