year,y_true,y_pred
2018,559.8,362.45654
2019,515.2,362.45654
2020,364.96,362.45654
2021,843.88,362.45654
2022,535.0,362.45654
