year,y_true,y_pred
2018,0.0,50.185596
2019,0.0,50.882122
2020,52.14,32.697937
2021,0.0,50.185596
2022,178.33,50.882122
