year,y_true,y_pred
2018,81.61,107.54459
2019,101.82,113.8148
2020,123.98,111.51
2021,81.15,108.95399
2022,96.38,93.73787
