year,y_true,y_pred
2018,119.45,73.31969
2019,71.96,72.35398
2020,72.25,88.06672
2021,72.53,88.06672
2022,72.22,88.06672
