year,y_true,y_pred
2018,44.4,23.467894
2019,44.3,24.818888
2020,28.12,20.52287
2021,24.05,21.510818
2022,69.79,21.510818
