year,y_true,y_pred
2018,0.0,0.40327775
2019,0.0,0.40327775
2020,0.0,0.40327775
2021,0.0,0.40327775
2022,0.0,0.40327775
