year,y_true,y_pred
2018,8.07,16.842854
2019,12.08,16.669815
2020,24.1,16.669815
2021,24.05,8.483413
2022,13.09,20.471975
