year,y_true,y_pred
2018,0.0,0.3561875
2019,0.0,0.3561875
2020,0.0,0.3561875
2021,4.01,0.3561875
2022,0.0,0.3561875
