year,y_true,y_pred
2018,52.48,81.50987
2019,84.56,81.50987
2020,48.21,88.47
2021,64.13,74.251
2022,78.51,81.50987
