year,y_true,y_pred
2018,40.83,22.416334
2019,59.38,23.941833
2020,33.34,22.075834
2021,40.67,22.075834
2022,41.31,26.195333
