year,y_true,y_pred
2018,347.04,391.9967
2019,363.68,391.9967
2020,322.25,420.08167
2021,384.52,420.08167
2022,400.73,420.08167
