year,y_true,y_pred
2018,312.04,245.25267
2019,284.33,245.25267
2020,339.27,245.25267
2021,402.91,227.97633
2022,414.79,227.97633
