year,y_true,y_pred
2018,134.64,83.205376
2019,85.86,79.75838
2020,61.46,79.75838
2021,123.15,83.33588
2022,69.2,79.75838
