year,y_true,y_pred
2018,21.77,21.400124
2019,0.0,25.500374
2020,10.87,21.400124
2021,43.48,21.400124
2022,26.39,31.025
