year,y_true,y_pred
2018,201.33,264.8334
2019,190.37,300.92166
2020,163.11,271.82166
2021,168.5,264.8334
2022,277.08,264.8334
