year,y_true,y_pred
2018,179.56,216.01703
2019,174.05,180.62158
2020,206.61,180.62158
2021,304.38,216.01703
2022,197.92,216.01703
