year,y_true,y_pred
2018,10.88,19.833082
2019,16.32,19.833082
2020,5.44,25.219667
2021,48.92,15.778708
2022,52.78,20.217083
