year,y_true,y_pred
2018,0.0,0.79848194
2019,0.0,0.79848194
2020,0.0,0.79848194
2021,0.0,0.79848194
2022,0.0,0.79848194
