year,y_true,y_pred
2018,5.44,2.3433332
2019,10.88,1.7853333
2020,5.44,2.8863332
2021,32.61,1.8969166
2022,0.0,1.8969166
