year,y_true,y_pred
2018,30.62,49.419334
2019,31.08,49.419334
2020,70.99,49.419334
2021,48.02,49.419334
2022,21.83,49.419334
