year,y_true,y_pred
2018,24.49,54.00181
2019,38.64,58.28116
2020,52.42,58.28116
2021,42.34,52.33361
2022,57.32,66.79084
