year,y_true,y_pred
2018,352.61,422.31265
2019,400.85,418.66266
2020,343.1,418.66266
2021,503.36,418.66266
2022,564.4,433.28668
