year,y_true,y_pred
2018,4.9,10.138847
2019,4.83,10.448147
2020,19.06,10.448147
2021,32.93,10.138847
2022,30.87,10.138847
