year,y_true,y_pred
2018,0.0,1.2969524
2019,0.0,1.2969524
2020,0.0,1.2969524
2021,0.0,1.2969524
2022,0.0,1.2969524
