year,y_true,y_pred
2018,0.0,2.4944215
2019,0.0,2.4944215
2020,4.77,2.4944215
2021,4.7,2.4944215
2022,13.23,2.4944215
