year,y_true,y_pred
2018,137.13,114.47792
2019,86.93,128.77441
2020,152.49,122.98391
2021,98.79,105.64103
2022,132.28,94.30118
