year,y_true,y_pred
2018,57.31,68.15959
2019,73.72,98.28999
2020,67.51,69.90191
2021,78.81,98.042915
2022,77.79,67.79273
