year,y_true,y_pred
2018,878.0,855.13257
2019,906.38,821.94006
2020,734.35,821.94006
2021,574.6,791.7507
2022,827.75,829.1571
