year,y_true,y_pred
2018,64.91,75.70204
2019,80.34,75.70204
2020,70.85,70.906624
2021,65.96,75.70204
2022,86.84,75.70204
