year,y_true,y_pred
2018,158.28,53.28329
2019,158.31,55.30597
2020,87.97,55.30597
2021,52.79,55.30597
2022,34.72,55.30597
