year,y_true,y_pred
2018,8.73,16.010958
2019,25.57,14.874033
2020,8.33,14.395458
2021,0.0,14.874033
2022,20.54,20.998459
