year,y_true,y_pred
2018,139.66,158.71533
2019,161.94,158.71533
2020,191.54,169.56247
2021,97.72,169.56247
2022,236.21,158.71533
