year,y_true,y_pred
2018,328.86,203.32712
2019,503.61,270.9572
2020,311.06,270.9572
2021,309.22,220.42166
2022,256.86,220.42166
