year,y_true,y_pred
2018,68.51,39.353626
2019,13.61,34.0281
2020,54.1,39.353626
2021,67.22,34.0281
2022,0.0,34.0281
