year,y_true,y_pred
2018,33.57,16.060041
2019,66.87,16.060041
2020,33.3,15.115334
2021,99.54,16.060041
2022,70.92,15.115334
