year,y_true,y_pred
2018,302.11,156.73093
2019,300.9,156.73093
2020,299.7,156.73093
2021,431.32,156.73093
2022,496.45,156.73093
