year,y_true,y_pred
2018,332.57,511.98718
2019,248.5,291.13248
2020,206.36,291.13248
2021,185.03,291.13248
2022,255.26,291.13248
