year,y_true,y_pred
2018,41.57,31.957876
2019,0.0,35.071667
2020,41.27,35.93596
2021,0.0,31.957876
2022,0.0,35.93596
