year,y_true,y_pred
2018,73.13,62.02867
2019,36.91,64.66117
2020,0.0,62.02867
2021,93.97,62.02867
2022,53.1,62.17567
