year,y_true,y_pred
2018,17.16,16.064646
2019,25.43,12.079207
2020,16.75,13.954207
2021,8.28,11.013395
2022,22.63,11.013395
