year,y_true,y_pred
2018,600.76,327.67105
2019,601.8,384.73593
2020,351.73,349.9186
2021,695.25,403.26154
2022,1052.39,403.26154
