year,y_true,y_pred
2018,0.0,20.165667
2019,25.43,14.20775
2020,0.0,20.165667
2021,24.83,14.20775
2022,22.63,20.165667
