year,y_true,y_pred
2018,8.58,6.3426666
2019,16.95,6.3426666
2020,16.75,6.3426666
2021,0.0,6.3426666
2022,22.63,6.3426666
