year,y_true,y_pred
2018,85.82,76.84233
2019,118.66,58.71586
2020,100.49,58.71586
2021,74.49,58.71586
2022,124.48,58.187206
