year,y_true,y_pred
2018,0.0,1.043675
2019,0.0,1.043675
2020,0.0,1.043675
2021,0.0,1.043675
2022,11.32,1.043675
