year,y_true,y_pred
2018,31.59,37.798645
2019,50.36,37.798645
2020,20.91,39.80871
2021,35.48,37.798645
2022,38.91,39.80871
