year,y_true,y_pred
2018,313.78,362.58734
2019,333.66,362.58734
2020,215.4,385.28525
2021,296.39,371.7474
2022,298.33,362.58734
