year,y_true,y_pred
2018,6.32,6.1557083
2019,8.39,5.5917087
2020,12.55,5.5917087
2021,10.44,8.5182085
2022,17.29,8.5182085
