year,y_true,y_pred
2018,0.0,0.982937
2019,0.0,0.982937
2020,0.0,0.982937
2021,0.0,0.982937
2022,0.0,0.982937
