year,y_true,y_pred
2018,80.02,113.65755
2019,159.48,113.65755
2020,112.93,115.06123
2021,118.97,113.65755
2022,157.81,113.65755
