year,y_true,y_pred
2018,27.18,35.768234
2019,42.7,35.768234
2020,34.93,35.768234
2021,27.16,35.768234
2022,20.81,35.768234
