year,y_true,y_pred
2018,287.29,438.7694
2019,403.7,416.14084
2020,248.39,462.97498
2021,267.76,391.0963
2022,249.73,414.18445
