year,y_true,y_pred
2018,3.88,0.50888157
2019,0.0,0.50888157
2020,0.0,0.50888157
2021,0.0,0.50888157
2022,0.0,0.50888157
