year,y_true,y_pred
2018,11.65,7.281954
2019,7.76,5.724081
2020,7.76,9.411888
2021,11.64,3.5532517
2022,0.0,4.0844646
