year,y_true,y_pred
2018,0.0,0.29430002
2019,0.0,0.29430002
2020,0.0,0.29430002
2021,0.0,0.29430002
2022,0.0,0.29430002
