year,y_true,y_pred
2018,11.65,30.046173
2019,11.65,30.046173
2020,31.05,20.074066
2021,19.4,20.588095
2022,14.87,18.419092
