year,y_true,y_pred
2018,532.38,413.33588
2019,581.81,413.33588
2020,502.21,413.33588
2021,505.81,381.80414
2022,311.03,381.80414
