year,y_true,y_pred
2018,79.56,83.640625
2019,86.41,83.640625
2020,82.06,82.046844
2021,74.5,83.640625
2022,39.91,80.32628
