year,y_true,y_pred
2018,3.31,0.026508283
2019,0.0,0.037224445
2020,0.66,0.036985654
2021,0.65,0.026508283
2022,0.0,0.48050958
