year,y_true,y_pred
2018,48.4,48.878876
2019,53.43,48.878876
2020,47.92,48.878876
2021,36.6,48.878876
2022,36.74,43.63075
