year,y_true,y_pred
2018,49.72,39.51267
2019,53.43,35.54442
2020,52.52,39.51267
2021,46.4,35.54442
2022,50.04,35.54442
