year,y_true,y_pred
2018,0.66,0.061515152
2019,0.0,0.061515152
2020,1.97,0.061515152
2021,0.65,0.049583334
2022,0.0,0.049583334
