year,y_true,y_pred
2018,75.58,64.68081
2019,77.18,64.68081
2020,74.18,64.68081
2021,82.99,64.68081
2022,96.92,64.68081
