year,y_true,y_pred
2018,166.0,352.13794
2019,223.07,352.13794
2020,277.09,352.13794
2021,259.96,352.13794
2022,385.83,352.13794
