year,y_true,y_pred
2018,37.13,31.236334
2019,21.66,28.558332
2020,12.89,23.468332
2021,21.31,23.468332
2022,27.92,28.737541
