year,y_true,y_pred
2018,2.18,0.64809525
2019,0.0,0.64809525
2020,0.0,0.64809525
2021,0.0,0.64809525
2022,0.0,0.64809525
