year,y_true,y_pred
2018,2.18,3.776104
2019,6.5,0.97981024
2020,2.15,3.7385328
2021,2.13,2.143036
2022,7.61,3.776104
