year,y_true,y_pred
2018,85.18,69.60148
2019,47.65,68.98454
2020,60.14,73.71433
2021,78.84,69.60148
2022,111.69,70.15304
