year,y_true,y_pred
2018,8.74,6.267667
2019,12.99,8.048208
2020,4.3,5.7966666
2021,6.39,5.5466666
2022,12.69,8.048208
