year,y_true,y_pred
2018,21.84,27.427397
2019,21.66,27.427397
2020,17.18,27.427397
2021,19.18,27.427397
2022,7.61,27.427397
