year,y_true,y_pred
2018,189.29,108.292625
2019,104.21,114.05262
2020,123.27,103.964
2021,170.84,126.55362
2022,193.1,114.05262
