year,y_true,y_pred
2018,283.93,149.9241
2019,189.47,171.88786
2020,189.65,163.1473
2021,94.91,171.88786
2022,193.1,156.62761
