year,y_true,y_pred
2018,47.32,50.734314
2019,47.37,62.640095
2020,56.89,104.488945
2021,123.39,104.488945
2022,64.37,57.172077
