year,y_true,y_pred
2018,75.71,41.1594
2019,37.89,56.353596
2020,94.82,59.2638
2021,56.95,41.1594
2022,27.59,60.550476
