year,y_true,y_pred
2018,25.1,69.718994
2019,177.04,77.28012
2020,101.91,73.65912
2021,0.0,69.79643
2022,101.52,69.718994
