year,y_true,y_pred
2018,1355.42,1054.6376
2019,1795.65,931.96027
2020,968.15,830.68176
2021,1180.7,807.7822
2022,1522.84,826.10376
