year,y_true,y_pred
2018,51.3,28.22425
2019,37.1,25.008001
2020,36.9,28.22425
2021,32.12,31.9624
2022,39.75,31.9624
