year,y_true,y_pred
2018,18.65,19.494293
2019,27.83,8.778596
2020,18.45,14.997759
2021,18.35,16.540985
2022,14.91,18.74716
