year,y_true,y_pred
2018,74.62,95.49204
2019,115.94,89.88013
2020,92.25,95.49204
2021,142.23,105.20134
2022,178.87,95.49204
