year,y_true,y_pred
2018,65.29,69.350006
2019,69.56,49.2217
2020,32.29,85.13204
2021,64.23,72.47468
2022,84.47,67.75997
