year,y_true,y_pred
2018,0.0,0.9994792
2019,0.0,0.9994792
2020,0.0,0.9994792
2021,0.0,0.9994792
2022,0.0,0.9994792
