year,y_true,y_pred
2018,64.7,46.443
2019,49.91,46.443
2020,38.91,48.66475
2021,49.14,42.8416
2022,85.15,49.546375
