year,y_true,y_pred
2018,21.57,20.41232
2019,14.26,14.990716
2020,28.3,19.058119
2021,38.61,20.41232
2022,39.03,16.250349
