year,y_true,y_pred
2018,0.0,1.8445209
2019,0.0,1.8445209
2020,3.54,1.8445209
2021,3.51,1.8445209
2022,0.0,1.8445209
