year,y_true,y_pred
2018,136.59,125.30743
2019,131.91,131.48969
2020,123.79,106.19026
2021,147.41,114.65023
2022,124.18,125.71607
