year,y_true,y_pred
2018,3.59,6.0736666
2019,10.7,12.098027
2020,14.15,9.899587
2021,7.02,6.0736666
2022,17.74,5.2753315
