year,y_true,y_pred
2018,470.46,409.11935
2019,542.87,379.68335
2020,454.25,486.4554
2021,389.59,409.11935
2022,496.66,429.5746
