year,y_true,y_pred
2018,36.44,42.855022
2019,72.38,36.078472
2020,49.02,34.876972
2021,32.47,35.18597
2022,19.73,42.855022
