year,y_true,y_pred
2018,106.02,73.03194
2019,138.19,76.76712
2020,107.84,76.76712
2021,90.9,81.11713
2022,105.25,73.03194
