year,y_true,y_pred
2018,3.31,13.332226
2019,29.61,7.58887
2020,16.34,13.332226
2021,19.48,4.739863
2022,6.58,15.275681
