year,y_true,y_pred
2018,59.64,36.082615
2019,55.93,25.040432
2020,62.09,25.040432
2021,35.71,25.040432
2022,62.49,21.999237
