year,y_true,y_pred
2018,28.42,24.675411
2019,30.97,24.145819
2020,61.89,24.085056
2021,36.07,24.675411
2022,47.44,24.675411
