year,y_true,y_pred
2018,10.33,8.568708
2019,15.49,7.5948334
2020,25.79,10.816234
2021,10.31,10.816234
2022,5.27,9.374208
