year,y_true,y_pred
2018,41.34,73.2887
2019,38.72,24.31993
2020,49.0,22.155602
2021,82.45,22.155602
2022,97.51,55.98594
