year,y_true,y_pred
2018,118.85,91.507065
2019,154.87,96.66318
2020,113.47,84.53905
2021,123.67,96.66318
2022,168.67,91.507065
