year,y_true,y_pred
2018,41.38,35.051834
2019,36.23,35.051834
2020,56.98,35.051834
2021,25.92,35.051834
2022,21.23,35.051834
