year,y_true,y_pred
2018,936.13,799.0244
2019,543.48,799.0244
2020,528.36,812.95197
2021,373.25,812.95197
2022,551.96,805.465
