year,y_true,y_pred
2018,0.0,118.169464
2019,63.49,77.63167
2020,0.0,118.169464
2021,0.0,118.169464
2022,75.84,118.169464
