year,y_true,y_pred
2018,510.2,883.72864
2019,603.17,883.72864
2020,663.72,935.87775
2021,566.57,926.54767
2022,1099.73,926.54767
