year,y_true,y_pred
2018,0.0,29.275362
2019,0.0,30.802412
2020,13.88,16.105879
2021,0.0,36.213608
2022,28.29,36.213608
