year,y_true,y_pred
2018,350.43,598.49664
2019,292.85,599.96484
2020,346.93,599.96484
2021,359.12,599.96484
2022,297.03,599.96484
