year,y_true,y_pred
2018,70.09,137.07649
2019,167.34,137.07649
2020,124.9,126.93649
2021,151.93,121.572495
2022,141.44,130.0205
