year,y_true,y_pred
2018,56.07,48.649
2019,139.45,44.9318
2020,124.9,44.9318
2021,55.25,49.02575
2022,42.43,49.02575
