year,y_true,y_pred
2018,42.05,25.636583
2019,0.0,25.621584
2020,13.88,25.636583
2021,55.25,33.533936
2022,28.29,25.557083
