year,y_true,y_pred
2018,11.64,63.57151
2019,23.15,63.57151
2020,11.51,63.57151
2021,45.79,63.57151
2022,58.22,44.553974
