year,y_true,y_pred
2018,41.03,27.633875
2019,55.22,27.480999
2020,48.77,27.480999
2021,42.17,27.633875
2022,43.13,27.633875
