year,y_true,y_pred
2018,66.16,20.785835
2019,33.03,22.738667
2020,32.97,13.613522
2021,32.92,14.052668
2022,0.0,20.785835
