year,y_true,y_pred
2018,396.96,188.08629
2019,495.38,188.08629
2020,197.82,188.08629
2021,493.75,188.08629
2022,570.68,197.49734
