year,y_true,y_pred
2018,86.32,107.21767
2019,124.64,95.38983
2020,76.37,110.03667
2021,69.6,107.21767
2022,105.37,95.38983
