year,y_true,y_pred
2018,1154.35,953.02277
2019,1257.29,953.02277
2020,1153.0,953.02277
2021,906.38,998.9795
2022,1332.25,1105.0205
