year,y_true,y_pred
2018,77.82,66.19954
2019,103.69,66.19954
2020,64.78,66.19954
2021,51.79,66.19994
2022,81.09,38.61552
