year,y_true,y_pred
2018,574.71,958.421
2019,1036.9,958.421
2020,1168.51,990.48236
2021,712.52,990.48236
2022,508.22,958.421
