year,y_true,y_pred
2018,0.0,13.280272
2019,158.73,17.750053
2020,0.0,24.960459
2021,0.0,17.750053
2022,121.8,13.280272
