mae,rmse,r2,city,model,sequence_length,forecast_horizon,normalization,val_size
0.007514028828591926,0.015249751821480457,-0.5677560502674353,4314902,xgboost,8,4,,
