year,y_true,y_pred
2018,55.99,62.389584
2019,44.3,59.91183
2020,27.7,62.389584
2021,25.06,59.91183
2022,63.21,59.91183
