year,y_true,y_pred
2018,31.81,36.018375
2019,32.91,36.018375
2020,51.62,36.018375
2021,56.38,36.018375
2022,32.25,32.20333
