year,y_true,y_pred
2018,0.0,0.8084166
2019,0.0,0.8084166
2020,1.26,0.8084166
2021,0.0,0.8084166
2022,0.0,0.8084166
