year,y_true,y_pred
2018,0.0,0.99875003
2019,1.27,0.99875003
2020,0.0,0.99875003
2021,0.0,0.99875003
2022,1.29,0.99875003
