year,y_true,y_pred
2018,109.43,60.154182
2019,83.53,60.154182
2020,107.02,60.154182
2021,137.82,60.154182
2022,156.1,92.71822
