year,y_true,y_pred
2018,17.81,11.522667
2019,15.19,11.522667
2020,23.92,11.522667
2021,22.55,11.522667
2022,32.25,11.522667
