year,y_true,y_pred
2018,9.74,1.5358095
2019,14.28,0.9773333
2020,4.66,0.9773333
2021,9.12,0.9773333
2022,0.0,0.9773333
