year,y_true,y_pred
2018,189.89,144.3433
2019,223.7,134.8288
2020,158.31,92.48222
2021,177.78,87.05052
2022,269.76,87.05052
