year,y_true,y_pred
2018,4.87,0.27147597
2019,9.52,23.115026
2020,4.66,0.25536212
2021,13.68,0.27147597
2022,11.73,0.2441361
