year,y_true,y_pred
2018,48.69,41.58996
2019,33.32,39.39201
2020,41.91,37.703865
2021,63.82,37.703865
2022,70.37,39.39201
