year,y_true,y_pred
2018,1038.88,914.8035
2019,565.77,866.48804
2020,251.14,965.25586
2021,250.82,753.5589
2022,316.77,965.25586
