year,y_true,y_pred
2018,47.22,18.154667
2019,15.72,31.906666
2020,15.7,18.154667
2021,47.03,21.815332
2022,50.02,31.906666
