year,y_true,y_pred
2018,1339.29,920.76495
2019,929.79,1279.8514
2020,741.46,1234.0897
2021,907.32,966.23615
2022,886.36,1063.2383
