year,y_true,y_pred
2018,31.89,15.475056
2019,0.0,29.591293
2020,32.24,15.475056
2021,97.21,29.591293
2022,63.31,14.615334
