year,y_true,y_pred
2018,223.21,138.83519
2019,416.8,212.91026
2020,96.71,138.83519
2021,291.64,174.18869
2022,379.87,138.83519
