year,y_true,y_pred
2018,31.89,13.069458
2019,32.06,11.916271
2020,0.0,11.685634
2021,32.4,11.685634
2022,31.66,11.685634
