year,y_true,y_pred
2018,0.0,44.71633
2019,33.26,33.189667
2020,0.0,45.320415
2021,66.33,33.189667
2022,0.0,45.320415
