year,y_true,y_pred
2018,96.53,462.17825
2019,127.43,462.17825
2020,220.82,462.17825
2021,281.25,482.327
2022,174.28,482.327
