year,y_true,y_pred
2018,32.18,42.952633
2019,0.0,42.952633
2020,63.09,42.952633
2021,31.25,35.948456
2022,0.0,42.952633
