year,y_true,y_pred
2018,17.32,24.12991
2019,52.07,24.12991
2020,17.39,24.12991
2021,34.85,24.12991
2022,70.1,10.39031
