year,y_true,y_pred
2018,36.54,71.60191
2019,55.28,55.413334
2020,92.9,45.416378
2021,93.67,56.596256
2022,38.37,29.012806
