year,y_true,y_pred
2018,164.44,133.00754
2019,73.71,133.00754
2020,222.97,168.61537
2021,168.6,133.00754
2022,191.86,187.11475
