year,y_true,y_pred
2018,0.0,17.793459
2019,0.0,17.793459
2020,0.0,17.793459
2021,0.0,17.793459
2022,0.0,17.793459
