year,y_true,y_pred
2018,0.0,2.0123289
2019,0.0,2.0123289
2020,0.0,2.0123289
2021,0.0,2.0123289
2022,0.0,2.0123289
