year,y_true,y_pred
2018,54.81,7.0073457
2019,36.85,53.386753
2020,74.32,53.386753
2021,74.93,16.332886
2022,38.37,16.332886
