year,y_true,y_pred
2018,929.08,906.6497
2019,1121.23,664.89734
2020,1067.29,835.1512
2021,564.78,725.15283
2022,1133.14,699.84863
