year,y_true,y_pred
2018,105.84,112.19542
2019,140.15,119.33455
2020,69.61,110.45634
2021,103.73,112.19542
2022,115.89,119.33455
