year,y_true,y_pred
2018,17.17,72.48586
2019,102.91,69.1269
2020,68.55,69.65518
2021,42.81,59.206547
2022,90.87,72.16396
