year,y_true,y_pred
2018,179.47,308.9302
2019,466.28,285.0001
2020,430.11,191.24252
2021,429.65,232.73575
2022,839.33,409.5881
