year,y_true,y_pred
2018,0.0,53.745544
2019,0.0,31.295792
2020,0.0,39.509792
2021,35.8,31.295792
2022,79.94,31.295792
