year,y_true,y_pred
2018,20.7,-0.48460802
2019,62.45,-0.81781334
2020,20.93,40.557915
2021,42.54,19.170286
2022,22.52,40.557915
