year,y_true,y_pred
2018,538.3,519.5942
2019,374.69,564.399
2020,293.01,558.25037
2021,319.08,558.25037
2022,720.56,516.6494
