year,y_true,y_pred
2018,207.04,606.39856
2019,174.72,606.39856
2020,258.18,606.39856
2021,282.73,606.39856
2022,1055.92,625.37506
