year,y_true,y_pred
2018,59.15,43.11038
2019,0.0,49.833378
2020,28.69,52.7565
2021,0.0,43.11038
2022,39.11,52.7565
