year,y_true,y_pred
2018,29.58,11.364693
2019,0.0,32.001465
2020,28.69,29.701292
2021,0.0,29.701292
2022,39.11,29.701292
