year,y_true,y_pred
2018,29.58,19.157867
2019,29.12,19.157867
2020,0.0,19.157867
2021,0.0,19.157867
2022,39.11,19.157867
