year,y_true,y_pred
2018,0.0,2.9843636
2019,0.0,2.9843636
2020,0.0,2.9843636
2021,0.0,2.9843636
2022,0.0,2.9843636
