year,y_true,y_pred
2018,45.48,74.92918
2019,90.5,35.46415
2020,135.01,54.704792
2021,44.72,54.704792
2022,47.55,115.32258
