year,y_true,y_pred
2018,52.15,35.327587
2019,32.73,35.327587
2020,65.07,32.508812
2021,56.61,35.327145
2022,50.72,41.007694
