year,y_true,y_pred
2018,79.6,48.401333
2019,84.56,48.401333
2020,73.21,48.401333
2021,83.56,48.401333
2022,77.41,48.401333
