year,y_true,y_pred
2018,0.0,0.28885
2019,0.0,0.28885
2020,0.0,0.28885
2021,0.0,0.28885
2022,0.0,0.28885
