year,y_true,y_pred
2018,85.09,44.000668
2019,60.01,44.000668
2020,92.19,42.914665
2021,78.17,44.000668
2022,101.43,42.914665
