year,y_true,y_pred
2018,10.98,10.691375
2019,16.37,9.157812
2020,10.85,13.355375
2021,5.39,9.157812
2022,5.34,10.723
