year,y_true,y_pred
2018,64.71,60.50617
2019,77.53,62.22167
2020,55.9,59.60767
2021,64.4,54.060066
2022,65.67,54.060066
