year,y_true,y_pred
2018,64.81,61.168125
2019,128.58,97.619
2020,95.69,59.0067
2021,94.97,59.0067
2022,66.58,72.35363
