year,y_true,y_pred
2018,145.6,168.06519
2019,70.92,154.01042
2020,77.85,64.27495
2021,144.13,92.5905
2022,170.91,106.68155
