year,y_true,y_pred
2018,9.82,15.545212
2019,4.84,14.1642475
2020,3.18,8.06988
2021,12.53,10.364926
2022,23.78,17.786543
