year,y_true,y_pred
2018,67.32,50.733
2019,50.23,34.002407
2020,33.32,34.002407
2021,33.16,34.002407
2022,50.7,44.9712
