year,y_true,y_pred
2018,420.73,689.39905
2019,552.58,689.39905
2020,566.48,727.50055
2021,298.46,727.50055
2022,591.52,727.50055
