year,y_true,y_pred
2018,97.03,85.72284
2019,122.54,85.72284
2020,104.2,87.88074
2021,88.0,82.69884
2022,115.35,79.30434
