year,y_true,y_pred
2018,131.04,139.61763
2019,105.61,145.47945
2020,124.05,143.45312
2021,125.57,145.47945
2022,128.54,145.47945
