year,y_true,y_pred
2018,70.02,67.95067
2019,65.75,68.33466
2020,58.55,69.666
2021,57.35,69.666
2022,59.32,69.666
