year,y_true,y_pred
2018,0.0,0.83142835
2019,0.0,0.6323988
2020,0.0,0.75277376
2021,0.99,0.75277376
2022,1.1,0.37461627
