year,y_true,y_pred
2018,1.0,2.3969653e-07
2019,0.0,2.3969653e-07
2020,0.0,2.3969653e-07
2021,0.0,2.3969653e-07
2022,0.0,2.3969653e-07
