year,y_true,y_pred
2018,67.02,48.477165
2019,80.7,48.477165
2020,78.4,54.108166
2021,58.34,48.477165
2022,80.2,48.477165
