year,y_true,y_pred
2018,88.6,66.61251
2019,68.23,70.84626
2020,52.0,70.84626
2021,95.7,66.61251
2022,84.06,80.894035
