year,y_true,y_pred
2018,16.11,2.7079983
2019,4.01,8.414423
2020,16.0,15.519765
2021,19.94,8.175748
2022,10.96,21.11802
