year,y_true,y_pred
2018,32.22,19.802528
2019,76.26,26.549988
2020,48.0,19.802528
2021,55.83,19.802528
2022,91.37,19.802528
