year,y_true,y_pred
2018,0.0,6.6233335
2019,4.01,5.152381
2020,12.0,5.919542
2021,7.98,5.152381
2022,14.62,5.152381
