year,y_true,y_pred
2018,149.01,106.27056
2019,140.48,114.86556
2020,136.01,114.86556
2021,155.51,114.86556
2022,182.74,114.86556
