year,y_true,y_pred
2018,51.74,63.610207
2019,71.61,63.610207
2020,63.4,63.610207
2021,59.2,60.682533
2022,29.99,63.610207
