mae,rmse,r2,city,model,sequence_length,forecast_horizon,normalization,val_size
0.41809285938026913,0.5320954626502906,-0.008154470563862093,3537701,xgboost,8,4,,
