year,y_true,y_pred
2018,45.38,64.94299
2019,55.79,63.657005
2020,55.41,63.657005
2021,62.46,63.657005
2022,76.07,63.657005
