year,y_true,y_pred
2018,736.81,686.98376
2019,846.44,710.1819
2020,621.22,710.1819
2021,526.18,686.98376
2022,746.09,686.98376
