year,y_true,y_pred
2018,0.0,0.09822916
2019,0.0,0.09822916
2020,0.0,0.09822916
2021,0.0,0.09822916
2022,0.0,0.09822916
