year,y_true,y_pred
2018,17.29,15.833021
2019,13.95,15.833021
2020,24.51,15.833021
2021,15.88,20.19127
2022,17.71,15.833021
