year,y_true,y_pred
2018,0.0,0.79305893
2019,0.0,0.79305893
2020,1.07,0.79305893
2021,0.0,0.79305893
2022,2.08,0.79305893
