year,y_true,y_pred
2018,131.8,116.801575
2019,118.01,116.1178
2020,130.0,128.26411
2021,155.63,116.1178
2022,155.26,115.856285
