year,y_true,y_pred
2018,30.25,38.765606
2019,41.84,41.518402
2020,29.84,31.138708
2021,38.11,39.364662
2022,29.18,40.25714
