year,y_true,y_pred
2018,141.71,117.01134
2019,94.7,86.83173
2020,189.93,105.16983
2021,95.19,141.15866
2022,105.88,117.01134
