year,y_true,y_pred
2018,56.07,22.711666
2019,37.38,24.367958
2020,37.37,24.367958
2021,102.75,24.367958
2022,69.49,24.367958
