year,y_true,y_pred
2018,850.47,886.898
2019,1242.76,926.57446
2020,1167.79,895.376
2021,1391.74,942.67554
2022,1374.41,895.376
