year,y_true,y_pred
2018,54.35,73.24225
2019,64.98,73.24225
2020,43.16,73.24225
2021,75.26,73.24225
2022,54.32,73.24225
