year,y_true,y_pred
2018,902.27,615.81885
2019,758.07,615.81885
2020,625.84,774.1304
2021,661.25,823.3529
2022,613.76,615.81885
