year,y_true,y_pred
2018,8.49,1.863625
2019,46.86,1.863625
2020,16.13,1.863625
2021,23.63,1.863625
2022,68.27,1.863625
