year,y_true,y_pred
2018,214.98,76.836815
2019,212.24,77.13269
2020,107.55,101.909966
2021,183.75,76.78031
2022,312.07,77.13269
