year,y_true,y_pred
2018,45.26,32.22829
2019,55.13,32.22829
2020,53.77,32.22829
2021,52.5,32.22829
2022,71.52,32.22829
