year,y_true,y_pred
2018,5.66,10.749625
2019,16.54,10.749625
2020,8.07,8.801
2021,13.13,10.359625
2022,32.51,8.801
