year,y_true,y_pred
2018,2.83,5.625
2019,0.0,3.3555002
2020,0.0,5.625
2021,0.0,3.9970002
2022,9.75,3.9970002
