year,y_true,y_pred
2018,0.0,0.42221385
2019,0.0,0.42221385
2020,0.0,0.42221385
2021,0.0,0.42221385
2022,0.0,0.42221385
