year,y_true,y_pred
2018,648.08,878.94244
2019,570.38,706.807
2020,481.54,722.6382
2021,581.37,878.94244
2022,588.04,878.94244
