year,y_true,y_pred
2018,101.39,82.60325
2019,77.82,82.60325
2020,63.49,82.60325
2021,64.92,74.632
2022,73.75,69.86675
