year,y_true,y_pred
2018,0.0,0.253125
2019,0.99,0.253125
2020,0.0,0.253125
2021,0.0,0.253125
2022,0.0,0.253125
