year,y_true,y_pred
2018,54.67,34.94725
2019,50.24,31.05725
2020,51.77,34.94725
2021,63.95,31.05725
2022,60.16,31.05725
