year,y_true,y_pred
2018,94.43,75.234566
2019,69.94,75.234566
2020,73.26,75.234566
2021,92.05,75.234566
2022,114.5,75.234566
