year,y_true,y_pred
2018,51.69,49.30565
2019,53.2,49.30565
2020,43.95,45.023666
2021,56.2,45.023666
2022,56.28,49.30565
