year,y_true,y_pred
2018,223.91,253.08699
2019,322.14,253.08699
2020,300.6,210.28366
2021,395.0,253.08699
2022,487.61,210.28366
