year,y_true,y_pred
2018,34.45,25.348135
2019,50.86,0.0015824866
2020,16.7,21.370613
2021,32.92,0.0002409471
2022,58.51,0.0015824866
