mae,rmse,r2,city,model,sequence_length,forecast_horizon,normalization,val_size
0.35362274601975446,0.48129772272843085,0.07042395314310812,5219605,xgboost,8,4,,
