year,y_true,y_pred
2018,21.43,85.73534
2019,21.19,63.98875
2020,41.94,85.73534
2021,20.76,85.73534
2022,87.87,85.73534
