year,y_true,y_pred
2018,105.08,63.420456
2019,53.03,73.58508
2020,71.33,85.01367
2021,89.9,63.420456
2022,112.76,85.01367
