year,y_true,y_pred
2018,73.01,36.072998
2019,72.98,36.072998
2020,54.71,36.072998
2021,54.7,30.6133
2022,90.03,30.6133
