year,y_true,y_pred
2018,1259.35,552.68805
2019,1058.2,620.3664
2020,838.96,620.3664
2021,692.92,552.68805
2022,990.28,552.68805
