year,y_true,y_pred
2018,209.94,420.34598
2019,437.59,362.8895
2020,454.86,219.46466
2021,314.61,360.76224
2022,626.96,362.8895
