year,y_true,y_pred
2018,46.65,31.903187
2019,23.03,30.849203
2020,68.23,31.355165
2021,0.0,133.16682
2022,52.25,31.355165
