year,y_true,y_pred
2018,31.54,29.091875
2019,39.07,29.091875
2020,36.26,29.091875
2021,39.01,29.091875
2022,73.79,29.091875
