year,y_true,y_pred
2018,242.75,404.9844
2019,320.16,391.61804
2020,282.47,373.54413
2021,339.7,382.46698
2022,482.02,398.61948
