year,y_true,y_pred
2018,26.76,41.53402
2019,41.93,30.617125
2020,40.08,41.53402
2021,39.01,27.015963
2022,48.87,41.53402
