year,y_true,y_pred
2018,0.96,0.14252716
2019,0.0,0.14252716
2020,0.0,0.14252716
2021,0.95,0.14252716
2022,0.0,0.14252716
