year,y_true,y_pred
2018,36.32,23.233334
2019,35.26,24.548832
2020,46.76,24.548832
2021,36.16,23.233334
2022,31.62,24.548832
