year,y_true,y_pred
2018,97.48,89.50726
2019,123.87,89.50185
2020,101.15,89.33962
2021,100.86,89.61562
2022,118.83,89.34973
