year,y_true,y_pred
2018,1.91,1.9802182
2019,0.0,0.9807287
2020,0.0,1.9802182
2021,1.9,1.9802182
2022,0.0,0.9807287
