year,y_true,y_pred
2018,85.92,39.745373
2019,114.07,75.499596
2020,56.81,73.93975
2021,28.29,35.48913
2022,53.5,51.60397
