year,y_true,y_pred
2018,60.1,49.256832
2019,59.78,46.503834
2020,49.57,40.586666
2021,49.33,46.503834
2022,28.69,46.503834
