year,y_true,y_pred
2018,82.92,39.021523
2019,110.22,33.186935
2020,192.31,33.186935
2021,82.17,93.924835
2022,75.8,85.54106
