year,y_true,y_pred
2018,801.55,1370.5435
2019,799.12,667.9778
2020,851.65,667.9778
2021,849.08,839.43024
2022,1010.61,839.43024
