year,y_true,y_pred
2018,306.11,333.46112
2019,300.55,336.0486
2020,316.81,333.46112
2021,284.09,326.486
2022,294.21,333.46112
