year,y_true,y_pred
2018,46.73,59.29953
2019,35.45,55.416817
2020,43.09,51.600147
2021,36.69,51.600147
2022,38.0,51.600147
