year,y_true,y_pred
2018,0.0,0.13812499
2019,0.16,0.16399999
2020,0.32,0.12593749
2021,0.16,0.13812499
2022,0.92,0.16399999
