year,y_true,y_pred
2018,24.92,20.702742
2019,41.15,20.702742
2020,30.99,20.702742
2021,30.28,20.702742
2022,36.93,20.702742
