year,y_true,y_pred
2018,0.0,0.0005484027
2019,0.0,0.16783354
2020,0.16,0.19044207
2021,0.32,0.106463484
2022,0.15,0.00047625092
