year,y_true,y_pred
2018,21.81,20.456802
2019,24.88,22.535402
2020,21.47,20.456802
2021,28.68,20.456802
2022,25.13,24.990063
