year,y_true,y_pred
2018,64.11,63.170444
2019,69.93,63.170444
2020,79.4,63.170444
2021,72.74,63.170444
2022,77.23,63.170444
