year,y_true,y_pred
2018,26.73,41.536232
2019,0.0,35.87246
2020,39.53,41.536232
2021,39.27,41.536232
2022,34.96,41.536232
