year,y_true,y_pred
2018,329.7,320.92062
2019,488.39,322.45816
2020,293.36,289.4005
2021,253.0,344.44852
2022,269.35,620.84155
