year,y_true,y_pred
2018,54.95,27.781406
2019,54.82,35.918636
2020,64.64,12.79455
2021,49.61,37.537376
2022,29.93,37.537376
