year,y_true,y_pred
2018,0.0,1.9737494
2019,4.98,1.9737494
2020,4.97,1.9737494
2021,0.0,1.9737494
2022,4.99,1.9737494
