year,y_true,y_pred
2018,19.98,8.589109
2019,19.93,5.4375825
2020,14.92,5.4375825
2021,9.92,8.595727
2022,9.98,5.24041
