year,y_true,y_pred
2018,94.91,96.598816
2019,129.57,96.598816
2020,114.36,73.46296
2021,94.26,73.46296
2022,119.71,96.598816
