year,y_true,y_pred
2018,34.97,32.544235
2019,24.92,32.544235
2020,59.67,39.07396
2021,19.84,32.544235
2022,39.9,32.544235
