year,y_true,y_pred
2018,166.53,204.53607
2019,372.05,460.0113
2020,205.25,376.34354
2021,122.3,170.31137
2022,243.61,204.53607
