year,y_true,y_pred
2018,83.26,36.81675
2019,124.02,36.81675
2020,0.0,36.5805
2021,0.0,27.528
2022,0.0,27.528
