year,y_true,y_pred
2018,57.7,68.82708
2019,77.03,69.01211
2020,39.26,72.32284
2021,50.24,61.834885
2022,27.55,64.12074
