year,y_true,y_pred
2018,590.17,450.40305
2019,642.5,450.40305
2020,415.47,450.40305
2021,507.28,450.40305
2022,308.81,450.40305
