year,y_true,y_pred
2018,917.67,499.48865
2019,834.6,602.2219
2020,652.61,602.2219
2021,822.33,477.32895
2022,1311.02,477.32895
