year,y_true,y_pred
2018,101.96,84.50591
2019,177.04,83.10975
2020,25.1,51.26294
2021,124.6,43.53039
2022,111.58,55.041702
