year,y_true,y_pred
2018,51.07,52.84558
2019,56.21,49.283333
2020,46.24,52.84558
2021,56.16,50.414333
2022,59.89,52.84558
