year,y_true,y_pred
2018,901.84,939.2638
2019,994.97,939.2638
2020,812.04,910.03156
2021,719.28,910.03156
2022,809.53,910.03156
