year,y_true,y_pred
2018,0.0,0.7688192
2019,0.41,0.5303537
2020,0.41,0.70441127
2021,0.8,0.70441127
2022,0.84,0.34791702
