year,y_true,y_pred
2018,7.06,4.98875
2019,8.21,4.98875
2020,7.3,4.98875
2021,10.03,4.98875
2022,9.21,4.98875
