year,y_true,y_pred
2018,0.0,0.0014378618
2019,0.0,0.11221974
2020,0.41,0.11221974
2021,0.0,0.11221974
2022,0.0,0.11221974
