year,y_true,y_pred
2018,108.79,113.458954
2019,100.93,109.47151
2020,97.75,109.31551
2021,98.69,107.69799
2022,102.19,108.38229
