year,y_true,y_pred
2018,24.08,14.058433
2019,27.49,14.058433
2020,28.8,14.058433
2021,24.07,14.058433
2022,25.97,14.058433
