year,y_true,y_pred
2018,28.05,49.15925
2019,56.7,49.15925
2020,57.31,49.15925
2021,28.96,49.15925
2022,77.4,49.15925
