year,y_true,y_pred
2018,196.33,382.29108
2019,382.71,382.29108
2020,530.16,357.53058
2021,275.16,374.47766
2022,320.65,343.02573
