year,y_true,y_pred
2018,0.0,0.6984167
2019,0.0,0.6984167
2020,0.0,0.6984167
2021,0.0,0.6984167
2022,11.06,0.6984167
