year,y_true,y_pred
2018,56.09,38.049866
2019,85.05,54.046043
2020,14.33,54.046043
2021,43.45,38.049866
2022,44.23,38.049866
