year,y_true,y_pred
2018,28.05,94.87666
2019,113.39,83.66008
2020,85.97,89.21908
2021,72.41,78.12895
2022,99.51,94.87666
