year,y_true,y_pred
2018,14.02,24.608398
2019,42.52,29.061998
2020,0.0,36.4776
2021,57.93,24.608398
2022,55.29,25.283249
