mae,rmse,r2,city,model,sequence_length,forecast_horizon,normalization,val_size
0.07187058036525291,0.18864593281252387,-0.035805100221267594,2905701,xgboost,8,4,,
