year,y_true,y_pred
2018,18.0,18.136013
2019,18.24,18.136013
2020,92.42,18.136013
2021,74.92,29.970596
2022,29.53,29.970596
