year,y_true,y_pred
2018,45.09,53.902824
2019,37.37,58.06455
2020,42.54,34.37918
2021,46.43,58.06455
2022,57.32,36.923855
