year,y_true,y_pred
2018,65.67,37.583252
2019,105.74,37.583252
2020,50.96,45.048443
2021,65.42,37.18414
2022,87.54,37.18414
