year,y_true,y_pred
2018,10.95,0.0016441619
2019,18.23,4.2114406
2020,3.64,10.112175
2021,21.81,15.049383
2022,3.98,9.230484
