year,y_true,y_pred
2018,0.0,0.89303404
2019,3.65,0.89303404
2020,0.0,0.89303404
2021,0.0,0.89303404
2022,0.0,0.89303404
