year,y_true,y_pred
2018,105.8,119.234566
2019,87.51,119.04025
2020,80.09,94.73358
2021,101.77,67.75247
2022,171.1,119.88854
