year,y_true,y_pred
2018,94.86,65.60758
2019,127.62,63.137665
2020,112.85,80.37658
2021,94.5,80.37658
2022,79.58,80.37658
