year,y_true,y_pred
2018,29.54,47.87397
2019,14.52,47.87397
2020,47.59,47.87397
2021,18.73,47.87397
2022,13.38,37.377106
