year,y_true,y_pred
2018,46.16,74.74508
2019,72.15,68.81497
2020,98.36,81.98794
2021,114.4,55.427715
2022,136.66,74.74508
