year,y_true,y_pred
2018,17.99,21.404667
2019,40.09,27.848534
2020,17.72,27.848534
2021,8.81,25.628082
2022,43.57,27.848534
