year,y_true,y_pred
2018,301.27,240.16165
2019,316.24,240.16165
2020,318.92,240.16165
2021,326.02,240.16165
2022,570.81,240.16165
