year,y_true,y_pred
2018,18.7,0.0009482358
2019,37.39,15.564556
2020,18.69,16.457762
2021,37.37,0.0006099371
2022,38.37,16.457762
