year,y_true,y_pred
2018,224.38,286.61926
2019,542.16,184.10207
2020,280.32,207.10793
2021,168.16,294.00784
2022,230.24,230.41438
