year,y_true,y_pred
2018,561.86,376.79825
2019,534.05,376.79825
2020,513.83,376.79825
2021,201.38,376.79825
2022,278.88,376.79825
