year,y_true,y_pred
2018,33.71,17.53029
2019,36.41,17.53029
2020,52.7,17.53029
2021,43.15,17.53029
2022,16.17,17.53029
