year,y_true,y_pred
2018,0.0,2.466737
2019,0.0,2.5355968
2020,0.0,0.3861777
2021,14.38,3.6103752
2022,8.08,2.890162
