year,y_true,y_pred
2018,44.95,12.417125
2019,109.24,12.417125
2020,144.93,12.417125
2021,28.77,12.417125
2022,4.04,12.417125
