year,y_true,y_pred
2018,11.24,3.3389165
2019,12.14,2.84
2020,92.23,3.3389165
2021,14.38,3.3389165
2022,16.17,5.311167
