year,y_true,y_pred
2018,22.47,12.211
2019,0.0,9.285625
2020,39.53,6.7609377
2021,71.92,7.7481256
2022,12.13,9.285625
