year,y_true,y_pred
2018,71.69,59.526928
2019,95.97,69.2324
2020,82.12,63.04248
2021,91.3,69.2324
2022,105.71,64.24406
