year,y_true,y_pred
2018,738.24,841.71027
2019,972.48,841.71027
2020,671.93,921.0485
2021,705.65,821.0882
2022,1180.22,827.823
