year,y_true,y_pred
2018,0.0,0.0015174465
2019,0.73,0.09614249
2020,0.0,0.37881753
2021,0.0,0.047013275
2022,0.0,0.0015174465
