year,y_true,y_pred
2018,136.4,131.87036
2019,140.29,137.62788
2020,112.05,137.62788
2021,116.4,131.87036
2022,141.94,131.87036
