year,y_true,y_pred
2018,38.97,33.169586
2019,39.19,40.323097
2020,41.24,38.430584
2021,40.01,37.167202
2022,38.07,38.430584
