year,y_true,y_pred
2018,51.1,46.77551
2019,48.35,32.985867
2020,45.26,46.77551
2021,44.01,46.77551
2022,57.29,46.77551
