year,y_true,y_pred
2018,340.4,301.28006
2019,181.87,276.64563
2020,464.16,272.0914
2021,384.02,365.1587
2022,633.09,358.4188
