year,y_true,y_pred
2018,26.18,49.97164
2019,25.98,71.22201
2020,51.57,64.47753
2021,25.6,28.508532
2022,57.55,37.063522
