year,y_true,y_pred
2018,361.99,387.85104
2019,243.02,387.85104
2020,402.9,387.85104
2021,267.31,387.85104
2022,346.9,387.85104
