year,y_true,y_pred
2018,9.05,53.98623
2019,36.0,40.10533
2020,35.81,47.595043
2021,26.73,47.595043
2022,40.81,45.15454
