year,y_true,y_pred
2018,103.11,62.88975
2019,52.63,79.2663
2020,79.6,62.88975
2021,70.49,62.88975
2022,119.55,62.88975
