year,y_true,y_pred
2018,50.84,47.022625
2019,36.05,47.022625
2020,53.68,47.022625
2021,35.54,56.291767
2022,53.53,47.022625
