mae,rmse,r2,city,model,sequence_length,forecast_horizon,normalization,val_size
0.40524293943653134,0.6135816559256649,0.006452988027797368,4200309,xgboost,8,4,,
