year,y_true,y_pred
2018,117.88,50.359734
2019,78.06,50.359734
2020,0.0,21.388407
2021,115.7,17.780502
2022,192.83,33.82596
