year,y_true,y_pred
2018,136.77,111.44565
2019,0.0,123.273964
2020,67.61,81.78166
2021,67.26,42.40876
2022,0.0,72.48328
