year,y_true,y_pred
2018,743.47,670.6914
2019,768.16,677.77814
2020,590.22,663.49854
2021,593.19,667.589
2022,754.8,660.6809
