year,y_true,y_pred
2018,56.09,66.553825
2019,58.61,66.553825
2020,61.52,66.553825
2021,62.75,56.45117
2022,65.38,56.45117
