year,y_true,y_pred
2018,36.69,20.72237
2019,34.75,20.72237
2020,32.0,20.72237
2021,39.63,20.72237
2022,43.17,25.37007
