year,y_true,y_pred
2018,137.9,155.879
2019,144.84,144.25494
2020,135.92,146.57845
2021,135.4,147.83301
2022,160.52,144.25494
