year,y_true,y_pred
2018,10.12,11.88481
2019,13.4,11.88481
2020,17.87,11.88481
2021,11.56,11.88481
2022,16.76,11.88481
