mae,rmse,r2,city,model,sequence_length,forecast_horizon,normalization,val_size
0.29448813777720834,0.45047795168078864,0.35857862035789034,5107941,xgboost,8,4,,
