year,y_true,y_pred
2018,46.58,36.2965
2019,58.16,34.507374
2020,45.29,32.237873
2021,32.79,34.327374
2022,62.19,31.078562
