year,y_true,y_pred
2018,298.66,133.7292
2019,338.73,104.80233
2020,457.32,121.72908
2021,386.5,121.72908
2022,556.26,121.72908
