year,y_true,y_pred
2018,6.22,5.4521604
2019,24.64,3.8964722
2020,24.39,9.896287
2021,30.2,7.851728
2022,26.81,7.851728
