year,y_true,y_pred
2018,85.27,113.432335
2019,14.36,96.989334
2020,58.05,113.432335
2021,80.63,101.780334
2022,76.29,113.432335
