year,y_true,y_pred
2018,517.82,688.19666
2019,725.88,746.3315
2020,568.29,882.67505
2021,568.89,746.3315
2022,622.96,746.3315
