year,y_true,y_pred
2018,36.13,32.988865
2019,42.7,32.988865
2020,30.89,44.006004
2021,93.77,32.988865
2022,51.44,44.006004
