year,y_true,y_pred
2018,503.1,1004.00146
2019,589.44,1004.00146
2020,738.38,1004.00146
2021,645.16,1004.00146
2022,870.93,1004.00146
