year,y_true,y_pred
2018,64.5,70.81792
2019,25.63,70.81792
2020,50.92,70.81792
2021,50.6,70.81792
2022,28.56,75.11306
