year,y_true,y_pred
2018,24.68,61.071335
2019,41.08,62.68529
2020,90.3,57.591415
2021,73.81,61.071335
2022,52.01,58.562332
