year,y_true,y_pred
2018,60.18,47.709854
2019,60.04,33.698025
2020,99.86,33.698025
2021,39.85,57.299816
2022,16.69,48.74136
