year,y_true,y_pred
2018,15.81,2.3048983
2019,15.42,2.3048983
2020,10.04,2.3048983
2021,24.52,2.3048983
2022,25.29,2.3048983
