year,y_true,y_pred
2018,195.0,250.11635
2019,190.19,250.11635
2020,115.42,267.9443
2021,225.55,255.43362
2022,379.29,255.43362
