year,y_true,y_pred
2018,0.0,4.0075417
2019,10.28,3.0295415
2020,20.07,2.8513331
2021,4.9,3.0295415
2022,0.0,4.0075417
