year,y_true,y_pred
2018,21.08,33.698334
2019,46.26,28.254585
2020,45.16,36.974003
2021,88.26,36.974003
2022,50.57,33.698334
