year,y_true,y_pred
2018,5.27,3.011625
2019,0.0,3.011625
2020,0.0,3.011625
2021,9.81,3.011625
2022,0.0,3.011625
