year,y_true,y_pred
2018,766.59,644.07184
2019,509.47,492.26282
2020,655.62,563.9224
2021,474.43,686.82043
2022,676.52,565.04156
