year,y_true,y_pred
2018,45.09,64.78533
2019,44.69,76.036766
2020,35.44,76.036766
2021,52.71,76.036766
2022,38.66,76.036766
