year,y_true,y_pred
2018,65.53,47.403404
2019,40.89,32.339233
2020,32.66,20.882023
2021,40.77,29.702673
2022,36.53,27.13997
