year,y_true,y_pred
2018,60.41,85.087265
2019,60.46,88.03567
2020,90.76,88.03567
2021,60.55,85.087265
2022,105.41,85.087265
