year,y_true,y_pred
2018,19.25,12.146833
2019,18.94,12.146833
2020,37.28,12.146833
2021,55.08,12.146833
2022,20.63,17.442667
