year,y_true,y_pred
2018,750.72,509.1278
2019,549.14,502.59433
2020,465.98,510.3773
2021,514.04,529.6523
2022,866.52,502.59433
