year,y_true,y_pred
2018,94.87,100.77862
2019,49.86,107.93796
2020,30.03,100.77862
2021,66.96,100.77862
2022,106.07,100.77862
