year,y_true,y_pred
2018,49.07,22.530972
2019,83.1,45.39715
2020,63.39,45.39715
2021,20.09,45.39715
2022,98.5,22.530972
