year,y_true,y_pred
2018,29.44,22.959604
2019,43.21,33.055885
2020,53.38,22.959604
2021,20.09,29.68767
2022,56.82,36.263332
