year,y_true,y_pred
2018,143.94,125.62257
2019,109.69,105.2386
2020,140.12,105.2386
2021,154.01,105.2386
2022,166.69,125.62257
