year,y_true,y_pred
2018,20.08,7.226366
2019,20.09,7.226366
2020,6.7,7.226366
2021,13.41,7.226366
2022,39.27,12.453792
