year,y_true,y_pred
2018,0.0,3.146143
2019,3.35,3.146143
2020,0.0,3.146143
2021,0.0,3.146143
2022,0.0,3.146143
