year,y_true,y_pred
2018,0.0,0.7445992
2019,3.35,3.2548983
2020,0.0,3.4058087
2021,6.71,6.8548355
2022,0.0,3.372431
