year,y_true,y_pred
2018,46.84,68.80877
2019,73.66,57.97735
2020,70.36,68.80877
2021,87.17,68.80877
2022,100.97,68.80877
