year,y_true,y_pred
2018,95.34,83.0525
2019,27.56,77.828995
2020,55.76,83.0525
2021,84.58,83.0525
2022,88.28,77.828995
