year,y_true,y_pred
2018,15.33,58.675667
2019,0.0,58.675667
2020,75.86,58.675667
2021,45.3,54.018665
2022,47.43,58.675667
