year,y_true,y_pred
2018,468.83,553.92346
2019,368.04,479.47565
2020,476.13,542.2227
2021,343.41,479.47565
2022,679.84,542.2227
