year,y_true,y_pred
2018,24.04,20.641626
2019,25.86,20.641626
2020,9.88,20.641626
2021,37.28,21.351126
2022,85.54,20.641626
