year,y_true,y_pred
2018,20.04,3.860953
2019,15.92,6.8172135
2020,21.73,11.98294
2021,11.77,11.98294
2022,18.01,15.716691
