year,y_true,y_pred
2018,34.06,19.768417
2019,31.83,22.852335
2020,27.66,22.852335
2021,39.25,22.852335
2022,45.02,22.852335
