year,y_true,y_pred
2018,130.23,110.32994
2019,107.43,103.13379
2020,112.61,111.57584
2021,153.06,118.39886
2022,168.84,104.16058
