year,y_true,y_pred
2018,2.0,0.0018139296
2019,0.0,0.0018139296
2020,0.0,0.3929507
2021,0.0,0.3929507
2022,0.0,0.3929507
