year,y_true,y_pred
2018,63.86,81.53184
2019,102.03,65.70504
2020,50.94,99.3828
2021,139.91,72.02892
2022,74.59,99.453064
