year,y_true,y_pred
2018,116.59,86.1138
2019,82.52,82.66125
2020,114.51,86.1138
2021,81.09,82.66125
2022,89.41,73.2366
