year,y_true,y_pred
2018,49.6,30.944208
2019,82.39,29.033895
2020,49.27,31.169209
2021,32.74,29.033895
2022,23.32,29.033895
