year,y_true,y_pred
2018,236.99,328.58676
2019,422.91,343.7136
2020,257.28,328.58676
2021,436.51,343.7136
2022,530.52,328.58676
