year,y_true,y_pred
2018,126.76,93.89571
2019,93.37,139.40845
2020,76.64,137.15163
2021,125.5,167.00145
2022,104.94,138.4849
