year,y_true,y_pred
2018,22.05,12.411324
2019,21.97,14.228425
2020,0.0,14.228425
2021,10.91,8.627434
2022,5.83,11.069552
