mae,rmse,r2,city,model,sequence_length,forecast_horizon,normalization,val_size
0.20889298612768367,0.24503966664957758,-0.03945268168761462,3153806,xgboost,8,4,,
