year,y_true,y_pred
2018,17.21,36.309155
2019,43.18,32.505466
2020,34.67,40.874928
2021,8.7,55.379448
2022,10.55,30.623554
