year,y_true,y_pred
2018,335.51,373.7957
2019,440.41,405.76065
2020,346.74,389.14267
2021,217.49,383.09766
2022,316.46,373.7957
