year,y_true,y_pred
2018,328.41,352.98352
2019,380.3,387.22446
2020,233.77,452.63565
2021,250.0,452.63565
2022,643.5,372.43066
