year,y_true,y_pred
2018,18.24,27.536667
2019,18.11,34.370667
2020,17.98,27.536667
2021,0.0,35.80771
2022,107.25,35.80771
