year,y_true,y_pred
2018,6.71,14.647551
2019,6.68,0.006655684
2020,19.99,6.3601937
2021,0.0,15.096412
2022,14.33,14.511466
