year,y_true,y_pred
2018,382.22,711.0076
2019,387.65,412.10165
2020,386.38,427.02112
2021,591.01,290.14734
2022,960.02,326.91672
