year,y_true,y_pred
2018,107.09,37.741905
2019,80.12,37.741905
2020,97.7,42.827198
2021,124.07,82.97185
2022,126.09,37.741905
