year,y_true,y_pred
2018,107.09,61.580338
2019,53.41,54.797337
2020,115.46,54.797337
2021,70.9,61.580338
2022,117.69,54.797337
