year,y_true,y_pred
2018,44.62,14.790854
2019,8.9,19.166918
2020,0.0,23.076334
2021,17.72,14.790854
2022,16.81,14.790854
