year,y_true,y_pred
2018,40.84,60.67167
2019,66.86,66.83933
2020,69.53,65.291336
2021,54.87,68.91434
2022,62.45,63.472668
