year,y_true,y_pred
2018,953.58,936.1975
2019,574.43,936.1975
2020,493.71,693.02637
2021,344.06,693.02637
2022,956.5,693.02637
