year,y_true,y_pred
2018,50.19,68.32953
2019,74.93,23.200926
2020,0.0,13.353755
2021,49.15,50.807384
2022,22.77,36.098824
