year,y_true,y_pred
2018,54.01,41.703865
2019,53.53,41.703865
2020,64.24,41.703865
2021,60.94,67.44706
2022,70.17,41.703865
