year,y_true,y_pred
2018,33.83,95.62575
2019,34.81,87.91725
2020,71.66,90.424126
2021,110.66,90.424126
2022,31.07,90.424126
