year,y_true,y_pred
2018,427.12,467.7796
2019,416.58,467.7796
2020,362.12,467.7796
2021,269.01,455.22528
2022,414.36,455.22528
