year,y_true,y_pred
2018,49.35,36.50975
2019,35.13,36.50975
2020,37.86,36.50975
2021,35.65,36.50975
2022,43.62,36.50975
