year,y_true,y_pred
2018,28.93,26.387783
2019,28.44,18.698069
2020,39.5,22.438515
2021,63.2,24.760658
2022,39.26,24.84778
