year,y_true,y_pred
2018,17.02,13.405979
2019,15.06,10.939333
2020,4.94,10.939333
2021,24.31,10.446479
2022,15.99,11.709042
