year,y_true,y_pred
2018,108.91,87.068665
2019,110.42,87.068665
2020,106.99,82.40546
2021,97.23,82.40546
2022,77.06,82.40546
