year,y_true,y_pred
2018,0.0,0.4380704
2019,0.0,0.4380704
2020,1.65,0.4380704
2021,1.62,0.4380704
2022,0.0,0.4380704
