year,y_true,y_pred
2018,231.4,288.83838
2019,328.84,288.83838
2020,98.14,288.83838
2021,195.38,288.83838
2022,304.05,248.38678
