year,y_true,y_pred
2018,0.0,5.049604
2019,0.0,5.049604
2020,0.0,5.049604
2021,0.0,5.049604
2022,33.78,5.049604
