year,y_true,y_pred
2018,42.13,30.863335
2019,41.38,30.863335
2020,26.14,38.491333
2021,45.7,30.863335
2022,29.14,30.863335
