year,y_true,y_pred
2018,11.83,25.875896
2019,11.72,18.633667
2020,15.47,21.877666
2021,19.16,21.877666
2022,25.45,21.877666
