year,y_true,y_pred
2018,276.15,165.88458
2019,285.15,165.88458
2020,139.27,165.88458
2021,191.64,183.05412
2022,212.04,197.92647
