year,y_true,y_pred
2018,22.57,15.964666
2019,22.61,9.433666
2020,45.3,15.964666
2021,22.69,9.433666
2022,118.12,9.433666
