year,y_true,y_pred
2018,383.75,255.4576
2019,90.46,134.12013
2020,135.9,204.78412
2021,181.49,234.31552
2022,425.23,194.05925
