year,y_true,y_pred
2018,82.8,122.62872
2019,76.99,115.98754
2020,68.35,117.45116
2021,91.03,117.45116
2022,75.68,117.45116
