year,y_true,y_pred
2018,92.17,35.58631
2019,39.77,35.58631
2020,66.74,35.58631
2021,33.6,35.58631
2022,36.41,17.42836
