year,y_true,y_pred
2018,603.66,908.66754
2019,614.44,795.61755
2020,540.72,795.61755
2021,351.46,795.61755
2022,450.37,795.61755
