year,y_true,y_pred
2018,17.25,20.431192
2019,68.27,43.79733
2020,33.8,44.350117
2021,50.21,44.818184
2022,37.53,20.431192
