year,y_true,y_pred
2018,1533.03,868.78033
2019,1402.48,838.98627
2020,979.11,838.98627
2021,817.93,849.6138
2022,1184.63,809.5016
