year,y_true,y_pred
2018,80.69,44.008667
2019,70.63,49.06702
2020,20.19,49.06702
2021,60.59,52.305664
2022,67.42,50.010956
