year,y_true,y_pred
2018,118.62,329.76343
2019,552.05,135.28207
2020,196.54,204.4991
2021,156.8,169.94547
2022,447.52,187.36722
