year,y_true,y_pred
2018,79.08,11.321466
2019,78.86,11.321466
2020,39.31,11.321466
2021,0.0,11.321466
2022,40.68,11.321466
