year,y_true,y_pred
2018,0.0,36.64065
2019,78.86,36.64065
2020,78.62,10.136576
2021,39.2,28.955503
2022,122.05,11.062286
