year,y_true,y_pred
2018,158.17,35.906895
2019,157.73,29.249207
2020,78.62,29.249207
2021,39.2,29.249207
2022,81.37,27.352474
