year,y_true,y_pred
2018,0.0,11.040545
2019,39.43,11.040545
2020,39.31,11.040545
2021,0.0,11.040545
2022,40.68,11.040545
