mae,rmse,r2,city,model,sequence_length,forecast_horizon,normalization,val_size
0.03285438197810344,0.09330287136469446,-0.05166805833260946,3106705,xgboost,8,4,,
