year,y_true,y_pred
2018,17.23,17.904438
2019,8.57,16.035437
2020,12.74,21.457937
2021,21.05,21.457937
2022,28.37,17.904438
