year,y_true,y_pred
2018,155.07,135.70741
2019,94.24,135.70741
2020,101.92,135.70741
2021,160.01,135.70741
2022,122.94,135.70741
