year,y_true,y_pred
2018,73.23,68.29842
2019,68.54,68.29842
2020,67.94,68.29842
2021,92.64,68.29842
2022,61.47,73.17638
