year,y_true,y_pred
2018,12.92,16.935333
2019,4.28,12.376667
2020,4.25,12.609
2021,16.84,16.935333
2022,9.46,12.376667
