year,y_true,y_pred
2018,92.8,83.89441
2019,61.79,73.0534
2020,86.4,73.0534
2021,98.64,76.814415
2022,112.79,95.38406
