year,y_true,y_pred
2018,55.68,23.057917
2019,37.07,23.057917
2020,24.69,19.847334
2021,30.82,19.847334
2022,35.62,19.847334
