year,y_true,y_pred
2018,148.48,155.77888
2019,160.65,164.37842
2020,104.92,164.37842
2021,154.12,190.01445
2022,201.84,231.43805
