year,y_true,y_pred
2018,135.3,51.650665
2019,68.12,51.650665
2020,82.28,54.368668
2021,96.63,51.650665
2022,115.79,51.650665
