year,y_true,y_pred
2018,711.08,114.21233
2019,965.67,114.21233
2020,805.72,114.21233
2021,211.13,114.21233
2022,81.38,114.21233
