year,y_true,y_pred
2018,0.0,18.36733
2019,0.0,7.855218
2020,15.2,17.5327
2021,0.0,22.915215
2022,16.28,22.915215
