year,y_true,y_pred
2018,172.99,196.30386
2019,197.11,204.68791
2020,148.06,214.53065
2021,121.63,213.99817
2022,211.61,214.53065
