year,y_true,y_pred
2018,18.8,9.468501
2019,24.4,3.5640357
2020,31.86,3.1824522
2021,24.33,3.1824522
2022,25.99,3.1824522
