year,y_true,y_pred
2018,9.4,15.736833
2019,16.9,13.6749325
2020,9.37,13.6749325
2021,18.71,14.293833
2022,20.42,15.438333
