year,y_true,y_pred
2018,26.32,13.965333
2019,20.65,11.071291
2020,13.12,11.071291
2021,16.84,12.539333
2022,11.14,13.965333
