year,y_true,y_pred
2018,0.0,0.002350367
2019,0.0,0.18220477
2020,0.0,0.18220477
2021,0.0,0.18220477
2022,0.0,0.18220477
