year,y_true,y_pred
2018,50.77,72.40647
2019,54.44,56.903416
2020,78.72,56.903416
2021,52.4,72.40647
2022,57.54,56.903416
