year,y_true,y_pred
2018,64.2,70.68413
2019,50.2,70.68413
2020,74.67,70.68413
2021,78.47,73.284004
2022,99.87,70.68413
