year,y_true,y_pred
2018,30.67,91.69544
2019,30.47,54.626076
2020,70.64,54.626076
2021,80.22,54.626076
2022,40.6,67.77397
