year,y_true,y_pred
2018,47.61,25.290998
2019,5.27,21.282436
2020,36.83,25.290998
2021,21.02,26.194937
2022,21.93,25.290998
