year,y_true,y_pred
2018,349.13,427.87854
2019,279.21,427.87854
2020,236.75,427.87854
2021,236.47,427.87854
2022,296.07,427.87854
