year,y_true,y_pred
2018,0.0,0.44416666
2019,0.0,0.44416666
2020,0.0,0.44416666
2021,0.0,0.44416666
2022,0.0,0.44416666
