year,y_true,y_pred
2018,5.29,9.202571
2019,15.8,9.202571
2020,10.52,9.202571
2021,5.25,6.1069994
2022,5.48,6.6979995
