year,y_true,y_pred
2018,100.51,104.61908
2019,126.44,104.61908
2020,110.49,104.61908
2021,84.08,104.61908
2022,120.62,104.61908
