year,y_true,y_pred
2018,10.58,34.25404
2019,10.54,35.25752
2020,15.78,34.25404
2021,5.25,34.25404
2022,76.76,34.25404
