year,y_true,y_pred
2018,28.22,14.186665
2019,32.89,14.160114
2020,14.09,14.160114
2021,46.91,14.160114
2022,56.2,15.450946
