year,y_true,y_pred
2018,498.59,340.10187
2019,451.13,472.81866
2020,450.73,388.78244
2021,426.89,388.78244
2022,495.61,388.78244
