year,y_true,y_pred
2018,12.72,14.516333
2019,12.52,14.516333
2020,0.0,14.516333
2021,0.0,14.516333
2022,32.3,14.516333
