year,y_true,y_pred
2018,38.9,34.72421
2019,51.8,37.416668
2020,32.38,38.660667
2021,45.34,35.857666
2022,27.25,35.70371
