year,y_true,y_pred
2018,337.16,493.54163
2019,369.05,580.39746
2020,330.29,493.54163
2021,336.83,493.54163
2022,347.41,493.54163
