year,y_true,y_pred
2018,82.67,25.071957
2019,54.93,61.10436
2020,27.37,89.38939
2021,54.57,73.16697
2022,68.54,89.79597
