year,y_true,y_pred
2018,53.27,43.330376
2019,58.54,43.330376
2020,36.87,41.309998
2021,51.14,38.911625
2022,52.18,39.283623
