year,y_true,y_pred
2018,471.65,506.04712
2019,451.72,506.0464
2020,323.07,536.87445
2021,390.8,536.87445
2022,491.13,536.87445
