year,y_true,y_pred
2018,0.0,0.23382917
2019,0.0,0.23382917
2020,1.94,0.23382917
2021,0.96,2.6734035
2022,2.05,0.23382917
