year,y_true,y_pred
2018,70.7,65.67596
2019,66.34,74.54852
2020,58.21,73.69382
2021,51.14,60.35865
2022,78.79,60.356865
