year,y_true,y_pred
2018,18.4,8.0373
2019,11.71,7.5833573
2020,14.55,7.8001223
2021,6.75,6.9126844
2022,7.16,6.282222
