year,y_true,y_pred
2018,118.15,114.28299
2019,117.08,106.697876
2020,81.49,106.697876
2021,84.92,81.46998
2022,121.76,106.32746
