year,y_true,y_pred
2018,564.88,592.86475
2019,321.33,592.86475
2020,451.43,567.66736
2021,215.02,567.66736
2022,698.96,567.66736
