year,y_true,y_pred
2018,85.59,49.250668
2019,50.74,53.340084
2020,16.72,58.822582
2021,16.54,65.40414
2022,48.76,49.250668
