year,y_true,y_pred
2018,270.11,173.04036
2019,119.24,141.5328
2020,103.66,173.04036
2021,117.72,173.04036
2022,196.21,142.63876
