year,y_true,y_pred
2018,30.01,12.040334
2019,14.91,8.535979
2020,29.62,14.6015415
2021,14.71,8.535979
2022,16.35,14.6015415
