year,y_true,y_pred
2018,62.14,67.96819
2019,56.58,64.34911
2020,66.71,63.176544
2021,68.75,73.08782
2022,79.07,76.68797
