year,y_true,y_pred
2018,846.98,870.5191
2019,910.58,870.5191
2020,792.52,797.32794
2021,727.57,870.5191
2022,971.92,877.70233
