year,y_true,y_pred
2018,22.4,10.3359165
2019,89.63,10.3359165
2020,22.41,10.669333
2021,44.83,17.617334
2022,22.65,10.3359165
