year,y_true,y_pred
2018,9.8,24.595951
2019,9.8,28.07519
2020,14.71,28.07519
2021,19.62,29.21822
2022,37.37,19.252895
