year,y_true,y_pred
2018,51.03,51.33879
2019,46.18,51.33879
2020,38.49,55.20729
2021,45.85,49.573334
2022,46.57,47.850765
