year,y_true,y_pred
2018,0.27,0.0021110605
2019,0.53,0.0023459843
2020,0.79,-0.0017670584
2021,0.52,0.00223136
2022,0.0,-0.0016467583
