year,y_true,y_pred
2018,4.01,3.6688747
2019,6.1,3.6688747
2020,2.64,3.6688747
2021,3.41,4.03825
2022,3.6,3.6688747
