year,y_true,y_pred
2018,171.53,165.11967
2019,166.66,165.11967
2020,153.44,167.55367
2021,167.93,162.89796
2022,183.18,167.27408
