year,y_true,y_pred
2018,13.09,12.298333
2019,18.31,11.2168665
2020,12.39,12.298333
2021,18.08,11.2168665
2022,22.64,12.298333
