year,y_true,y_pred
2018,72.74,52.523293
2019,24.38,52.523293
2020,0.0,46.679142
2021,123.09,31.78263
2022,30.37,52.523293
