year,y_true,y_pred
2018,72.01,116.20435
2019,120.02,116.20435
2020,72.01,132.46533
2021,72.01,116.20435
2022,94.81,132.46533
