year,y_true,y_pred
2018,13.17,34.622967
2019,52.34,26.242603
2020,26.02,34.622967
2021,25.87,26.242603
2022,55.2,34.622967
