year,y_true,y_pred
2018,13.17,7.99846
2019,0.0,23.903122
2020,13.01,15.032512
2021,0.0,15.032512
2022,0.0,15.032512
