year,y_true,y_pred
2018,65.83,63.77996
2019,78.51,83.394035
2020,26.02,55.69519
2021,129.37,63.77996
2022,82.8,83.394035
