year,y_true,y_pred
2018,0.0,2.862
2019,0.0,3.040875
2020,13.01,3.040875
2021,0.0,3.7457812
2022,0.0,3.7457812
