year,y_true,y_pred
2018,81.52,85.03418
2019,51.4,81.91804
2020,58.22,117.905235
2021,79.36,96.24924
2022,19.75,125.18266
