year,y_true,y_pred
2018,58.85,23.374668
2019,107.33,23.374668
2020,36.25,15.2734585
2021,36.69,13.429958
2022,64.73,23.374668
