year,y_true,y_pred
2018,682.67,601.52905
2019,858.68,601.52905
2020,724.9,567.5947
2021,697.16,610.51105
2022,798.36,567.5947
