year,y_true,y_pred
2018,34.93,47.751873
2019,34.47,48.818375
2020,102.15,60.313
2021,33.65,47.751873
2022,259.99,55.673
