year,y_true,y_pred
2018,1082.78,779.4
2019,1068.6,835.349
2020,1123.6,869.38873
2021,807.54,847.65674
2022,1429.96,847.65674
