year,y_true,y_pred
2018,83.02,45.22272
2019,77.56,54.62924
2020,54.91,57.409016
2021,149.74,41.271866
2022,120.49,56.50823
