year,y_true,y_pred
2018,855.06,650.87085
2019,800.51,682.36914
2020,678.14,686.4467
2021,1159.78,589.59906
2022,1486.94,712.97577
