year,y_true,y_pred
2018,0.0,0.6911058
2019,0.0,0.6911058
2020,0.0,0.6911058
2021,2.72,0.6911058
2022,0.0,0.6911058
