year,y_true,y_pred
2018,27.67,40.292538
2019,36.01,35.96122
2020,41.18,35.256107
2021,81.67,40.292538
2022,71.2,40.292538
