year,y_true,y_pred
2018,22.14,13.624333
2019,13.85,13.624333
2020,19.22,9.534767
2021,21.78,13.624333
2022,24.65,13.624333
