year,y_true,y_pred
2018,0.0,0.29975
2019,0.0,0.29975
2020,0.0,0.29975
2021,0.0,0.29975
2022,0.0,0.29975
