year,y_true,y_pred
2018,882.27,738.5709
2019,849.8,738.5709
2020,404.86,772.35925
2021,469.33,738.5709
2022,708.57,776.48126
