year,y_true,y_pred
2018,50.1,50.20831
2019,63.46,55.44378
2020,41.03,40.497334
2021,51.54,50.20831
2022,64.91,55.44378
