year,y_true,y_pred
2018,84.35,57.45981
2019,59.4,57.45981
2020,105.5,63.46267
2021,57.87,70.53847
2022,84.67,57.45981
