year,y_true,y_pred
2018,54.52,58.096134
2019,76.97,51.904182
2020,70.7,113.431274
2021,71.98,109.9149
2022,77.92,66.02052
