year,y_true,y_pred
2018,937.4,795.84845
2019,946.26,795.84845
2020,934.14,795.84845
2021,742.28,795.84845
2022,733.79,795.84845
