year,y_true,y_pred
2018,20.68,35.214172
2019,62.49,55.844143
2020,20.97,65.19848
2021,126.66,55.844143
2022,22.51,65.19848
