year,y_true,y_pred
2018,558.43,616.30804
2019,916.48,616.30804
2020,440.34,639.259
2021,569.98,647.12897
2022,697.73,616.30804
