year,y_true,y_pred
2018,62.93,49.093956
2019,63.7,53.36933
2020,48.35,49.093956
2021,16.3,49.093956
2022,33.98,49.093956
