year,y_true,y_pred
2018,49.86,58.012333
2019,101.3,62.607914
2020,46.29,58.012333
2021,43.3,62.607914
2022,75.76,58.012333
