year,y_true,y_pred
2018,10.5,5.5600476
2019,23.38,6.2504582
2020,33.43,6.2504582
2021,17.83,5.5600476
2022,10.82,6.2504582
