year,y_true,y_pred
2018,68.23,48.46883
2019,98.7,48.46883
2020,69.44,48.46883
2021,43.3,48.46883
2022,41.13,46.13935
