year,y_true,y_pred
2018,0.0,0.613275
2019,0.0,0.613275
2020,0.0,0.613275
2021,0.0,0.613275
2022,0.0,0.613275
