year,y_true,y_pred
2018,0.0,0.24888334
2019,0.0,0.24888334
2020,0.0,0.24888334
2021,0.0,0.24888334
2022,2.16,0.24888334
