year,y_true,y_pred
2018,0.0,13.744708
2019,13.08,13.744708
2020,12.85,10.999708
2021,0.0,15.955033
2022,12.68,15.955033
