year,y_true,y_pred
2018,159.72,441.604
2019,235.36,366.22592
2020,321.25,366.22592
2021,341.21,412.32712
2022,266.29,441.604
