year,y_true,y_pred
2018,503.28,566.65546
2019,417.27,579.19543
2020,425.76,566.65546
2021,359.15,566.65546
2022,454.66,566.65546
