year,y_true,y_pred
2018,35.77,41.686813
2019,29.17,41.686813
2020,34.01,39.560375
2021,36.29,41.686813
2022,32.9,40.506
