year,y_true,y_pred
2018,57.48,56.605747
2019,68.49,56.605747
2020,66.76,65.100334
2021,92.6,65.100334
2022,85.76,60.665916
