year,y_true,y_pred
2018,40.88,30.142916
2019,60.88,30.142916
2020,45.35,30.142916
2021,71.33,30.142916
2022,51.69,30.142916
