year,y_true,y_pred
2018,0.0,0.22293968
2019,0.0,0.22293968
2020,0.0,0.22293968
2021,0.0,0.22293968
2022,0.0,0.22293968
