year,y_true,y_pred
2018,0.0,0.32088786
2019,0.0,0.32088786
2020,0.0,0.32088786
2021,0.0,0.32088786
2022,0.0,0.32088786
