year,y_true,y_pred
2018,19.16,13.194334
2019,24.1,13.194334
2020,21.41,13.194334
2021,35.04,13.194334
2022,21.15,13.194334
