year,y_true,y_pred
2018,72.54,53.080345
2019,91.69,69.071785
2020,67.43,81.012505
2021,57.69,53.22084
2022,67.95,53.080345
