year,y_true,y_pred
2018,807.58,595.7272
2019,786.6,454.447
2020,621.33,600.8699
2021,557.69,769.90564
2022,640.65,632.17865
