year,y_true,y_pred
2018,92.12,118.82667
2019,289.06,118.82667
2020,170.54,118.82667
2021,144.07,110.524666
2022,278.12,105.89384
