year,y_true,y_pred
2018,17.6,39.982376
2019,26.26,39.982376
2020,34.83,39.982376
2021,51.97,39.982376
2022,8.67,39.982376
