year,y_true,y_pred
2018,237.66,276.14935
2019,376.4,256.85687
2020,330.87,289.12094
2021,485.06,276.14935
2022,407.42,281.85318
