year,y_true,y_pred
2018,0.0,41.049313
2019,90.61,41.049313
2020,0.0,31.902
2021,0.0,41.049313
2022,56.92,32.037876
