year,y_true,y_pred
2018,482.8,343.27753
2019,513.44,525.3342
2020,151.15,525.3342
2021,181.49,343.27753
2022,256.12,343.27753
