year,y_true,y_pred
2018,65.2,116.839066
2019,21.69,126.864876
2020,129.87,126.864876
2021,64.79,135.753
2022,40.94,116.839066
