year,y_true,y_pred
2018,53.07,57.105335
2019,122.08,57.105335
2020,84.47,80.3148
2021,77.26,69.124794
2022,90.46,69.124794
