year,y_true,y_pred
2018,0.0,22.650429
2019,87.03,53.34125
2020,86.21,53.34125
2021,85.4,53.34125
2022,0.0,53.34125
