year,y_true,y_pred
2018,382.12,255.02625
2019,306.28,149.58015
2020,498.85,159.94066
2021,269.23,149.58015
2022,410.51,255.02625
