year,y_true,y_pred
2018,38.21,-0.00043565725
2019,0.0,0.0013059439
2020,76.75,16.778088
2021,38.46,-0.00043565725
2022,82.1,0.0013059439
