year,y_true,y_pred
2018,0.0,72.29938
2019,40.48,55.567127
2020,0.0,55.567127
2021,99.42,74.778
2022,42.43,55.567127
