year,y_true,y_pred
2018,45.6,50.97674
2019,96.92,60.10252
2020,62.72,131.44637
2021,45.63,74.84599
2022,74.89,67.68904
