year,y_true,y_pred
2018,668.15,815.73065
2019,341.38,815.73065
2020,360.58,815.73065
2021,284.56,815.73065
2022,845.96,815.73065
