year,y_true,y_pred
2018,98.99,119.93751
2019,0.0,53.55126
2020,48.08,119.93751
2021,47.43,73.45062
2022,0.0,119.93751
