year,y_true,y_pred
2018,42.2,40.815952
2019,46.55,34.466084
2020,42.12,40.815952
2021,29.56,34.466084
2022,28.44,22.32882
