year,y_true,y_pred
2018,0.0,0.117509305
2019,4.23,0.117509305
2020,0.0,7.6445675
2021,0.0,0.117509305
2022,0.0,2.1762657
