year,y_true,y_pred
2018,122.38,81.23154
2019,110.02,81.5788
2020,122.16,81.23154
2021,101.36,81.23154
2022,121.91,81.23154
