year,y_true,y_pred
2018,46.42,37.78107
2019,42.32,37.78107
2020,37.91,37.78107
2021,21.12,35.363804
2022,40.64,27.858057
