year,y_true,y_pred
2018,12.66,12.323952
2019,25.39,12.323952
2020,8.42,12.323952
2021,29.56,10.6637745
2022,24.38,10.890485
