year,y_true,y_pred
2018,12.73,5.876884
2019,11.03,10.524216
2020,6.25,6.650358
2021,26.31,7.0063844
2022,43.39,15.476232
