year,y_true,y_pred
2018,202.06,253.56313
2019,195.44,253.56313
2020,212.4,268.57184
2021,261.59,268.57184
2022,299.78,268.57184
