year,y_true,y_pred
2018,0.0,0.12445833
2019,0.0,0.12445833
2020,3.12,0.12445833
2021,0.0,0.12445833
2022,0.0,0.12445833
