year,y_true,y_pred
2018,70.0,54.225212
2019,61.47,40.23534
2020,56.22,40.23534
2021,82.04,40.23534
2022,68.37,40.23534
