year,y_true,y_pred
2018,0.0,1.8961667
2019,4.73,3.6363335
2020,0.0,2.6493335
2021,1.55,2.3493333
2022,3.94,1.9573333
