year,y_true,y_pred
2018,12.73,5.1814528
2019,14.19,5.149665
2020,12.49,5.302505
2021,15.48,5.302505
2022,5.26,5.302505
