year,y_true,y_pred
2018,15.91,22.060947
2019,18.91,11.9078865
2020,31.24,14.074498
2021,29.41,12.621667
2022,19.72,12.621667
