year,y_true,y_pred
2018,44.86,60.005665
2019,81.82,55.650497
2020,128.93,60.005665
2021,55.95,68.91267
2022,73.43,55.650497
