year,y_true,y_pred
2018,654.94,1016.57574
2019,781.82,803.72345
2020,745.93,867.77246
2021,615.5,1016.57574
2022,660.91,825.3592
