year,y_true,y_pred
2018,617.79,632.41724
2019,655.72,670.99615
2020,638.25,649.51514
2021,582.37,632.41724
2022,722.78,632.41724
