year,y_true,y_pred
2018,0.88,0.44233334
2019,0.87,0.46783334
2020,0.14,0.55266666
2021,0.28,0.55266666
2022,0.28,0.44233334
