year,y_true,y_pred
2018,42.15,24.508543
2019,50.34,24.508543
2020,34.47,24.508543
2021,34.53,24.508543
2022,34.32,24.508543
