year,y_true,y_pred
2018,0.0,0.018780742
2019,0.0,0.018780742
2020,0.0,0.018780742
2021,0.0,0.018780742
2022,0.0,0.018780742
