year,y_true,y_pred
2018,18.73,13.738791
2019,21.99,13.738791
2020,15.16,13.738791
2021,15.0,13.462791
2022,15.85,13.462791
