year,y_true,y_pred
2018,103.77,96.84494
2019,101.98,92.76884
2020,77.1,96.84494
2021,72.6,90.50384
2022,69.74,93.593666
