year,y_true,y_pred
2018,499.62,474.34055
2019,527.19,512.6045
2020,506.07,482.67734
2021,478.09,468.265
2022,605.31,474.34055
