year,y_true,y_pred
2018,52.25,40.74746
2019,55.68,42.116085
2020,48.92,42.116085
2021,53.44,40.74746
2022,59.83,42.116085
