year,y_true,y_pred
2018,0.0,0.03158084
2019,0.0,0.03158084
2020,0.27,0.03158084
2021,0.14,0.0008409746
2022,0.28,0.0008043244
