year,y_true,y_pred
2018,94.41,89.97929
2019,111.78,89.143105
2020,110.04,89.143105
2021,114.61,89.143105
2022,104.22,89.143105
