year,y_true,y_pred
2018,7.7,4.26312
2019,11.22,6.8207755
2020,11.24,7.402867
2021,9.49,4.26312
2022,14.06,4.26312
