year,y_true,y_pred
2018,1.4,1.4781667
2019,0.97,1.3770666
2020,1.51,1.4663334
2021,2.31,1.3770666
2022,2.48,1.6716666
