year,y_true,y_pred
2018,17.09,10.894697
2019,22.44,10.894697
2020,27.0,10.894697
2021,24.68,10.894697
2022,28.81,10.894697
