year,y_true,y_pred
2018,88.22,20.366705
2019,66.79,32.13952
2020,89.87,16.999554
2021,0.0,23.299355
2022,65.62,11.890288
