year,y_true,y_pred
2018,727.83,614.47296
2019,1090.83,601.27747
2020,808.81,601.27747
2021,453.41,601.27747
2022,874.89,601.27747
