year,y_true,y_pred
2018,1182.75,823.28345
2019,1017.72,849.12933
2020,633.62,823.28345
2021,589.75,723.77563
2022,808.23,723.77563
