year,y_true,y_pred
2018,190.77,74.321884
2019,113.08,75.7678
2020,74.54,27.532543
2021,110.58,107.74185
2022,110.21,42.725704
