year,y_true,y_pred
2018,429.18,274.40042
2019,415.74,285.0412
2020,502.63,288.39493
2021,628.98,280.30594
2022,601.44,292.8392
