year,y_true,y_pred
2018,91.97,16.436817
2019,69.29,14.5824795
2020,115.99,14.5824795
2021,23.3,14.016029
2022,51.34,17.74357
