year,y_true,y_pred
2018,90.7,113.18308
2019,45.82,122.48921
2020,61.71,113.18308
2021,93.47,122.48921
2022,99.11,122.48921
