year,y_true,y_pred
2018,21.89,15.860331
2019,13.02,15.860331
2020,17.21,15.860676
2021,38.4,7.7500753
2022,43.7,15.860331
