year,y_true,y_pred
2018,258.3,409.40424
2019,208.29,409.40424
2020,219.41,409.40424
2021,230.38,409.40424
2022,330.21,409.40424
