year,y_true,y_pred
2018,34.97,35.568317
2019,17.43,35.568317
2020,43.44,35.568317
2021,34.64,35.568317
2022,18.28,35.568317
