year,y_true,y_pred
2018,321.63,484.86572
2019,363.23,484.86572
2020,290.87,484.86572
2021,332.96,484.86572
2022,285.37,484.86572
