year,y_true,y_pred
2018,2.13,11.899732
2019,0.0,10.264926
2020,10.39,11.554597
2021,6.2,6.732184
2022,18.88,12.039323
