year,y_true,y_pred
2018,0.0,0.0004048582
2019,2.09,0.91959774
2020,2.08,0.91959774
2021,2.07,0.91959774
2022,0.0,0.91959774
