year,y_true,y_pred
2018,51.12,68.333084
2019,54.28,83.46267
2020,49.86,68.333084
2021,59.97,68.333084
2022,62.95,68.333084
