year,y_true,y_pred
2018,134.19,124.04957
2019,164.92,148.51053
2020,168.29,137.335
2021,204.74,137.335
2022,159.47,128.0298
