year,y_true,y_pred
2018,2.13,0.00017973893
2019,0.0,0.31868005
2020,6.23,0.31868005
2021,0.0,2.1995082
2022,4.2,0.2816799
