year,y_true,y_pred
2018,38.1,76.10179
2019,38.98,79.00377
2020,59.82,79.00377
2021,0.0,79.00377
2022,158.51,71.775795
