year,y_true,y_pred
2018,19.05,67.76537
2019,97.45,78.81456
2020,59.82,70.43087
2021,163.1,78.81456
2022,105.67,60.11087
