year,y_true,y_pred
2018,0.0,1.3908334
2019,0.0,1.3908334
2020,0.0,1.3908334
2021,40.77,1.3908334
2022,17.61,1.3908334
