year,y_true,y_pred
2018,152.38,20.467167
2019,58.47,22.837166
2020,0.0,22.837166
2021,20.39,22.837166
2022,88.06,22.837166
