year,y_true,y_pred
2018,95.24,168.62727
2019,77.96,100.106735
2020,79.76,100.11134
2021,122.32,100.11234
2022,140.89,100.10783
