year,y_true,y_pred
2018,82.61,60.296917
2019,20.53,56.75867
2020,61.24,31.24233
2021,81.2,60.296917
2022,22.03,56.75867
