year,y_true,y_pred
2018,138.68,338.51712
2019,236.18,239.40295
2020,166.09,239.40295
2021,330.85,312.9066
2022,355.71,338.51712
