year,y_true,y_pred
2018,6.96,34.336666
2019,20.71,34.336666
2020,41.21,34.336666
2021,27.34,34.336666
2022,80.3,34.336666
