year,y_true,y_pred
2018,257.53,474.55228
2019,241.56,474.55228
2020,212.91,474.55228
2021,239.25,474.55228
2022,365.02,474.55228
