year,y_true,y_pred
2018,894.66,811.87445
2019,802.21,789.9974
2020,461.46,811.87445
2021,558.52,732.7374
2022,640.17,811.87445
