year,y_true,y_pred
2018,63.0,25.795496
2019,62.67,18.36499
2020,74.83,18.36499
2021,62.06,18.36499
2022,44.66,18.36499
