year,y_true,y_pred
2018,698.51,525.30115
2019,839.19,525.30115
2020,639.12,451.63144
2021,505.28,525.30115
2022,538.39,525.30115
