year,y_true,y_pred
2018,112.66,49.646717
2019,22.68,49.646717
2020,22.83,66.05699
2021,68.9,89.01604
2022,70.22,49.646717
