year,y_true,y_pred
2018,571.25,820.72394
2019,632.51,784.14813
2020,535.77,781.51263
2021,408.29,781.51263
2022,818.21,781.51263
