year,y_true,y_pred
2018,0.0,87.95264
2019,31.63,65.72617
2020,94.55,55.790844
2021,31.41,66.81534
2022,106.72,65.72617
