year,y_true,y_pred
2018,654.91,636.54645
2019,754.8,651.69275
2020,567.61,622.47125
2021,605.61,684.60016
2022,534.44,636.54645
