year,y_true,y_pred
2018,60.5,83.90557
2019,81.17,73.01296
2020,82.73,74.273895
2021,79.08,88.69676
2022,75.63,77.77634
