year,y_true,y_pred
2018,22.24,43.304665
2019,34.94,47.168667
2020,50.8,49.319584
2021,63.47,53.339664
2022,49.76,45.524708
