year,y_true,y_pred
2018,19.07,23.713667
2019,28.59,19.082458
2020,15.87,23.713667
2021,28.56,18.811708
2022,41.46,22.562668
