year,y_true,y_pred
2018,19.07,37.172928
2019,47.64,36.147526
2020,25.4,37.690426
2021,34.91,41.10048
2022,45.61,42.53993
