year,y_true,y_pred
2018,802.68,636.7767
2019,468.38,636.7767
2020,167.28,550.25867
2021,434.93,550.25867
2022,175.69,636.7767
