year,y_true,y_pred
2018,133.78,16.67375
2019,33.46,16.67375
2020,33.46,16.67375
2021,0.0,16.67375
2022,0.0,34.234417
