year,y_true,y_pred
2018,76.14,75.264305
2019,44.14,83.42153
2020,45.38,83.77797
2021,63.56,83.42153
2022,66.87,83.42153
