year,y_true,y_pred
2018,23.97,7.7958126
2019,15.98,8.736224
2020,15.98,0.021727763
2021,23.97,2.6576393
2022,25.02,2.6576393
