year,y_true,y_pred
2018,191.74,359.94327
2019,207.7,300.4358
2020,191.75,400.23535
2021,239.71,300.4358
2022,417.01,400.23535
