year,y_true,y_pred
2018,38.27,67.520996
2019,0.0,49.01875
2020,38.39,43.39675
2021,0.0,39.567623
2022,81.1,43.39675
