year,y_true,y_pred
2018,283.83,541.73285
2019,420.88,541.73285
2020,341.87,541.73285
2021,360.73,541.73285
2022,417.7,541.73285
