year,y_true,y_pred
2018,9.16,47.021587
2019,0.0,33.056347
2020,0.0,33.056347
2021,25.77,33.056347
2022,17.77,24.037909
