year,y_true,y_pred
2018,34.97,51.745872
2019,42.36,51.44887
2020,28.08,51.44887
2021,34.36,45.46012
2022,65.68,45.46012
