year,y_true,y_pred
2018,0.0,0.021125875
2019,1.09,0.15593691
2020,0.0,0.15593691
2021,0.0,0.15593691
2022,0.0,0.15593691
