year,y_true,y_pred
2018,16.39,21.372198
2019,38.02,21.372198
2020,37.8,21.372198
2021,27.92,21.372198
2022,31.71,21.372198
