year,y_true,y_pred
2018,86.34,45.768696
2019,98.85,45.768696
2020,89.63,45.768696
2021,129.93,45.768696
2022,122.3,45.768696
