year,y_true,y_pred
2018,98.36,78.13881
2019,89.07,78.13881
2020,75.59,78.13881
2021,80.54,78.13881
2022,89.46,78.13881
