year,y_true,y_pred
2018,0.0,83.23717
2019,185.39,83.23717
2020,149.87,85.97833
2021,0.0,94.322914
2022,95.57,83.23717
