year,y_true,y_pred
2018,697.25,601.95624
2019,1149.43,1032.6423
2020,824.28,601.95624
2021,605.37,1117.188
2022,1019.43,899.5937
