year,y_true,y_pred
2018,626.57,197.20674
2019,843.35,598.94867
2020,723.4,197.20674
2021,815.63,592.0621
2022,1039.5,197.20674
