year,y_true,y_pred
2018,104.43,22.303854
2019,42.17,27.304792
2020,85.11,30.762333
2021,64.39,27.304792
2022,124.74,30.762333
