year,y_true,y_pred
2018,0.0,6.173486
2019,13.55,6.173486
2020,0.0,13.427462
2021,0.0,18.053988
2022,14.73,6.173486
