year,y_true,y_pred
2018,1068.72,417.17758
2019,1151.76,613.25494
2020,1587.95,613.25494
2021,1250.51,613.25494
2022,1295.83,613.25494
