year,y_true,y_pred
2018,100.54,76.39181
2019,100.77,112.74962
2020,101.01,112.74962
2021,84.37,112.74962
2022,130.85,58.75547
