year,y_true,y_pred
2018,55.84,38.48596
2019,71.5,31.28308
2020,47.48,31.28308
2021,63.06,25.254215
2022,42.17,33.172356
