year,y_true,y_pred
2018,25.31,116.628456
2019,102.07,100.86113
2020,25.71,69.956116
2021,51.8,127.30511
2022,26.95,23.678123
