year,y_true,y_pred
2018,55.63,14.08175
2019,36.64,18.8765
2020,54.32,14.08175
2021,35.81,18.8765
2022,0.0,14.08175
