year,y_true,y_pred
2018,53.62,87.044754
2019,30.65,33.17071
2020,38.33,22.519154
2021,69.01,27.954256
2022,34.98,56.509605
