year,y_true,y_pred
2018,765.99,638.33746
2019,597.7,638.33746
2020,482.94,638.33746
2021,598.11,569.53937
2022,426.81,603.26
