year,y_true,y_pred
2018,46.8,23.869534
2019,49.87,18.879333
2020,13.23,17.793333
2021,32.91,17.793333
2022,34.72,20.935833
