year,y_true,y_pred
2018,685.23,653.3033
2019,502.04,582.96985
2020,334.05,623.9948
2021,542.96,503.49542
2022,760.86,665.3508
