year,y_true,y_pred
2018,10.03,8.634376
2019,13.3,9.705125
2020,9.92,9.705125
2021,6.58,9.705125
2022,20.25,6.6540003
