year,y_true,y_pred
2018,76.88,81.71982
2019,116.37,123.81394
2020,79.38,102.10136
2021,125.05,123.81394
2022,72.33,102.10136
