year,y_true,y_pred
2018,13.37,21.210136
2019,39.9,48.887745
2020,29.77,21.209526
2021,16.45,35.59047
2022,34.72,17.12297
