year,y_true,y_pred
2018,44.98,41.585747
2019,44.72,41.585747
2020,44.44,41.585747
2021,132.57,41.585747
2022,108.54,48.251
