year,y_true,y_pred
2018,159.39,210.8393
2019,138.75,210.08629
2020,177.55,236.92737
2021,117.81,236.92737
2022,282.3,236.92737
