year,y_true,y_pred
2018,19.92,14.044001
2019,19.82,9.726125
2020,59.18,8.867937
2021,19.63,9.726125
2022,43.43,9.726125
