year,y_true,y_pred
2018,0.0,23.078999
2019,99.11,18.51457
2020,19.73,18.51457
2021,19.63,23.62325
2022,0.0,23.078999
