year,y_true,y_pred
2018,59.77,120.42317
2019,79.29,115.66267
2020,157.82,120.42317
2021,58.9,120.42317
2022,173.72,115.66267
