year,y_true,y_pred
2018,79.7,73.4269
2019,39.64,73.4269
2020,39.46,23.579433
2021,0.0,73.4269
2022,65.15,42.41027
