year,y_true,y_pred
2018,129.37,33.47167
2019,51.81,33.47167
2020,25.93,40.634335
2021,77.9,40.634335
2022,116.38,37.61933
