year,y_true,y_pred
2018,595.08,740.93713
2019,569.95,658.48444
2020,674.27,702.17566
2021,545.31,658.48444
2022,436.43,702.17566
