year,y_true,y_pred
2018,991.91,497.74493
2019,896.52,909.41846
2020,680.89,497.74493
2021,753.58,497.74493
2022,1139.47,912.6532
