year,y_true,y_pred
2018,45.78,51.31602
2019,45.59,51.31602
2020,15.13,51.31602
2021,30.14,51.31602
2022,45.58,51.31602
