year,y_true,y_pred
2018,73.97,75.63548
2019,87.23,75.63548
2020,87.05,77.65694
2021,60.14,85.38595
2022,96.46,80.255905
