year,y_true,y_pred
2018,0.0,1.7198958
2019,0.0,1.7198958
2020,6.7,1.7198958
2021,0.0,1.7198958
2022,0.0,1.1224583
