year,y_true,y_pred
2018,10.09,5.5736666
2019,6.71,4.7165213
2020,13.39,4.7165213
2021,0.0,4.7165213
2022,3.45,4.7165213
