year,y_true,y_pred
2018,6.72,9.447566
2019,10.07,10.609923
2020,20.09,7.2240205
2021,16.71,17.495142
2022,10.34,11.568317
