year,y_true,y_pred
2018,255.54,263.78424
2019,211.37,260.54877
2020,284.58,263.78424
2021,190.44,260.54877
2022,265.27,263.78424
