year,y_true,y_pred
2018,95.66,44.49867
2019,0.0,59.44321
2020,0.0,51.08667
2021,0.0,44.49867
2022,0.0,39.61921
