year,y_true,y_pred
2018,191.33,376.29617
2019,254.29,376.29617
2020,63.39,376.29617
2021,126.42,376.29617
2022,402.78,376.29617
