year,y_true,y_pred
2018,61.99,56.091625
2019,82.09,45.204624
2020,30.58,56.33
2021,60.77,56.091625
2022,87.62,46.5265
