year,y_true,y_pred
2018,47.87,87.85985
2019,58.82,84.58711
2020,49.56,83.01271
2021,54.99,83.01271
2022,67.46,83.01271
