year,y_true,y_pred
2018,830.28,987.25696
2019,806.97,987.25696
2020,576.36,987.25696
2021,500.38,987.25696
2022,938.96,987.25696
