year,y_true,y_pred
2018,38.0,33.144707
2019,38.08,40.082123
2020,19.08,31.631207
2021,38.23,40.082123
2022,75.32,40.082123
