year,y_true,y_pred
2018,360.98,243.37466
2019,209.42,244.42014
2020,438.76,232.36508
2021,401.41,244.42014
2022,282.43,217.75067
