year,y_true,y_pred
2018,18.59,8.115959
2019,37.11,8.115959
2020,0.0,8.115959
2021,73.95,7.072034
2022,26.77,9.9053755
