year,y_true,y_pred
2018,1202.28,535.7096
2019,507.17,535.7096
2020,117.3,651.29047
2021,628.54,439.13962
2022,582.25,639.035
