year,y_true,y_pred
2018,359.58,495.08597
2019,606.59,605.985
2020,506.67,542.02936
2021,555.21,566.2725
2022,803.37,495.08597
