year,y_true,y_pred
2018,12.4,21.82745
2019,123.79,29.390802
2020,37.07,16.052399
2021,61.69,25.380693
2022,79.02,40.900703
