year,y_true,y_pred
2018,34.66,31.9365
2019,71.65,35.51646
2020,83.27,31.9365
2021,57.31,34.159172
2022,34.21,34.159172
