year,y_true,y_pred
2018,597.92,403.99133
2019,662.73,413.5293
2020,592.15,450.26636
2021,544.41,413.5293
2022,520.05,413.5293
