year,y_true,y_pred
2018,34.66,5.8812914
2019,44.78,5.8812914
2020,64.77,5.8812914
2021,38.2,5.8812914
2022,68.43,5.8812914
