year,y_true,y_pred
2018,34.66,12.626125
2019,53.73,19.432
2020,27.76,14.916625
2021,47.76,19.432
2022,54.74,19.432
