year,y_true,y_pred
2018,86.66,44.112076
2019,152.25,43.9004
2020,185.05,52.105675
2021,200.57,44.112076
2022,198.44,44.112076
