year,y_true,y_pred
2018,112.9,281.35876
2019,322.32,147.60939
2020,322.06,215.62271
2021,257.48,237.16862
2022,176.79,237.16862
