year,y_true,y_pred
2018,16.13,11.073042
2019,32.23,11.073042
2020,32.21,11.073042
2021,16.09,11.073042
2022,48.22,11.073042
