year,y_true,y_pred
2018,96.36,53.948326
2019,75.92,62.671925
2020,65.47,62.671925
2021,55.34,62.671925
2022,140.73,53.005554
