year,y_true,y_pred
2018,635.96,688.14185
2019,1053.43,688.14185
2020,589.23,688.14185
2021,664.08,688.14185
2022,1276.64,688.14185
