year,y_true,y_pred
2018,42.14,27.77877
2019,0.0,27.815134
2020,0.0,16.849302
2021,42.41,27.77877
2022,40.39,15.858166
