year,y_true,y_pred
2018,59.16,31.747168
2019,19.26,31.762335
2020,14.12,29.483335
2021,27.63,32.63667
2022,34.79,31.747168
