year,y_true,y_pred
2018,586.67,438.36417
2019,452.51,416.28165
2020,268.25,437.2369
2021,345.43,422.41232
2022,377.75,422.41232
