year,y_true,y_pred
2018,58.57,45.982456
2019,68.83,45.982456
2020,45.93,45.982456
2021,45.97,45.982456
2022,75.72,45.982456
