year,y_true,y_pred
2018,977.92,688.8624
2019,950.83,756.35535
2020,762.93,756.35535
2021,400.99,666.97595
2022,667.93,604.45966
