year,y_true,y_pred
2018,168.08,122.01886
2019,163.14,122.01886
2020,125.03,122.01886
2021,155.8,122.01886
2022,156.84,122.01886
