year,y_true,y_pred
2018,86.59,37.258057
2019,48.43,37.626358
2020,56.14,40.91233
2021,66.41,41.20254
2022,51.38,37.626358
