year,y_true,y_pred
2018,50.93,29.371096
2019,56.08,29.371096
2020,25.52,29.371096
2021,38.31,29.371096
2022,27.04,29.371096
