year,y_true,y_pred
2018,47.57,27.230667
2019,47.82,26.379707
2020,48.08,45.143536
2021,0.0,45.143536
2022,47.21,45.143536
