year,y_true,y_pred
2018,1094.2,907.3688
2019,2008.61,874.00543
2020,1490.38,887.9249
2021,869.57,887.9249
2022,1038.72,870.58435
