year,y_true,y_pred
2018,38.31,64.526794
2019,37.84,44.94354
2020,37.39,64.526794
2021,55.44,64.526794
2022,42.46,64.526794
