year,y_true,y_pred
2018,785.44,558.6428
2019,491.87,551.24384
2020,523.46,551.24384
2021,480.5,551.24384
2022,509.55,631.8531
