year,y_true,y_pred
2018,0.0,35.408226
2019,46.36,30.62354
2020,18.42,28.541977
2021,9.15,35.408226
2022,38.98,30.62354
