year,y_true,y_pred
2018,51.73,14.480228
2019,52.0,14.480228
2020,26.14,14.480228
2021,78.82,14.480228
2022,142.01,14.480228
