year,y_true,y_pred
2018,258.67,239.20802
2019,260.01,239.20802
2020,444.33,239.20802
2021,499.21,214.76466
2022,653.22,214.76466
