year,y_true,y_pred
2018,427.49,457.96027
2019,507.96,457.96027
2020,399.87,470.5244
2021,412.34,457.96027
2022,463.32,535.68054
