year,y_true,y_pred
2018,46.12,42.059532
2019,53.35,45.651134
2020,53.6,42.059532
2021,55.0,42.059532
2022,62.63,42.059532
