year,y_true,y_pred
2018,36.43,37.079666
2019,39.82,31.253666
2020,40.1,33.93933
2021,43.08,34.374332
2022,42.49,34.374332
