year,y_true,y_pred
2018,0.0,1.3847543
2019,0.0,1.3367772
2020,0.39,1.3367772
2021,0.38,1.3367772
2022,0.73,1.3367772
