year,y_true,y_pred
2018,12.01,4.8581977
2019,10.05,4.8581977
2020,14.27,16.145824
2021,11.15,16.145824
2022,12.82,16.145824
