year,y_true,y_pred
2018,121.31,111.50327
2019,126.8,101.010826
2020,134.96,101.93821
2021,141.16,103.375404
2022,131.86,103.375404
