year,y_true,y_pred
2018,0.0,0.28100002
2019,0.0,0.210375
2020,0.0,0.210375
2021,0.0,0.210375
2022,0.37,0.210375
