mae,rmse,r2,city,model,sequence_length,forecast_horizon,normalization,val_size
0.21073207223722343,0.6055758519844229,-0.058831925597325085,4128203,xgboost,8,4,,
