year,y_true,y_pred
2018,81.07,47.44045
2019,105.12,71.703705
2020,88.32,47.018356
2021,100.87,71.703705
2022,59.71,47.018356
