year,y_true,y_pred
2018,741.21,973.11255
2019,1033.7,921.0687
2020,783.09,967.82355
2021,670.46,1016.4131
2022,517.46,973.11255
