year,y_true,y_pred
2018,57.91,16.275179
2019,29.2,16.275179
2020,23.55,25.69247
2021,41.53,17.937128
2022,54.73,16.275179
