year,y_true,y_pred
2018,23.16,22.672754
2019,29.2,22.672754
2020,23.55,22.672754
2021,47.47,22.672754
2022,14.93,22.672754
