year,y_true,y_pred
2018,110.02,60.842567
2019,116.8,60.842567
2020,188.41,60.842567
2021,154.27,60.842567
2022,104.49,60.842567
