year,y_true,y_pred
2018,59.16,52.584206
2019,63.88,52.584206
2020,39.19,52.584206
2021,63.5,58.999664
2022,50.61,52.584206
