year,y_true,y_pred
2018,53.35,53.57307
2019,26.46,53.57307
2020,45.93,57.195892
2021,39.07,52.25746
2022,72.86,48.46352
