year,y_true,y_pred
2018,31.42,53.755608
2019,95.07,83.115166
2020,95.89,53.755608
2021,48.34,88.95296
2022,56.86,73.141365
