year,y_true,y_pred
2018,141.38,146.62488
2019,237.68,146.62488
2020,159.82,146.62488
2021,145.02,146.62488
2022,184.79,146.62488
