year,y_true,y_pred
2018,62.83,34.384167
2019,31.69,27.472666
2020,31.96,34.384167
2021,16.11,34.384167
2022,14.21,34.384167
