year,y_true,y_pred
2018,0.0,1.0639167
2019,0.0,1.0639167
2020,0.0,1.3199394
2021,0.0,1.3199394
2022,14.21,1.3199394
