year,y_true,y_pred
2018,0.0,36.746933
2019,31.69,36.746933
2020,15.98,36.746933
2021,32.23,27.449335
2022,28.43,36.746933
