year,y_true,y_pred
2018,43.85,47.304
2019,32.91,58.138893
2020,40.87,51.015602
2021,20.47,51.015602
2022,29.41,51.015602
