year,y_true,y_pred
2018,21.93,12.9192705
2019,0.0,11.312458
2020,20.44,14.937958
2021,10.23,8.615232
2022,9.8,14.937958
