year,y_true,y_pred
2018,43.85,67.16533
2019,32.91,67.16533
2020,61.31,67.16533
2021,92.1,67.16533
2022,68.63,67.16533
