year,y_true,y_pred
2018,131.56,133.82367
2019,109.7,133.82367
2020,112.41,133.82367
2021,51.17,133.82367
2022,127.46,130.29558
