year,y_true,y_pred
2018,125.69,24.085457
2019,74.63,2.1711452
2020,0.0,13.265108
2021,48.76,24.369991
2022,101.94,3.985509
