year,y_true,y_pred
2018,653.59,348.14923
2019,646.77,348.14923
2020,393.89,499.97385
2021,268.16,454.3801
2022,458.72,452.8816
