year,y_true,y_pred
2018,79.82,51.431896
2019,80.15,51.431896
2020,40.24,51.431896
2021,60.61,51.431896
2022,126.18,42.867035
