year,y_true,y_pred
2018,53.76,69.5182
2019,43.15,69.5182
2020,43.29,62.07925
2021,97.71,62.07925
2022,52.77,69.5182
