mae,rmse,r2,city,model,sequence_length,forecast_horizon,normalization,val_size
0.5680011239411381,0.7030960455220522,-0.0025746999361111467,4215356,xgboost,8,4,,
