year,y_true,y_pred
2018,131.49,73.58567
2019,0.0,49.256084
2020,0.0,73.58567
2021,0.0,49.256084
2022,0.0,73.58567
