year,y_true,y_pred
2018,30.61,18.558
2019,33.98,17.814625
2020,10.66,17.814625
2021,22.95,17.814625
2022,44.73,20.239876
