year,y_true,y_pred
2018,279.1,187.16382
2019,259.31,187.16382
2020,225.61,181.88606
2021,234.76,167.468
2022,283.89,167.468
