year,y_true,y_pred
2018,3.6,7.7002826
2019,7.15,3.418606
2020,3.55,3.72971
2021,3.53,3.4432423
2022,8.6,3.418606
