year,y_true,y_pred
2018,0.0,0.42114288
2019,0.0,0.42114288
2020,0.0,0.42114288
2021,0.0,0.42114288
2022,0.0,0.42114288
