year,y_true,y_pred
2018,25.21,20.990225
2019,51.86,17.50697
2020,28.42,15.752565
2021,35.3,17.508831
2022,34.41,17.684856
