year,y_true,y_pred
2018,21.3,26.933012
2019,60.05,30.73843
2020,67.3,21.823664
2021,52.55,19.207506
2022,40.42,27.918682
