year,y_true,y_pred
2018,288.18,290.99936
2019,467.09,300.08887
2020,402.69,283.50882
2021,393.02,283.50882
2022,384.95,315.64926
