year,y_true,y_pred
2018,0.0,1.3083271
2019,0.0,2.09278
2020,19.86,2.09278
2021,6.45,1.3083271
2022,0.0,1.3083271
