year,y_true,y_pred
2018,74.65,39.921497
2019,37.15,39.921497
2020,36.95,33.503998
2021,183.96,33.503998
2022,0.0,26.247997
