year,y_true,y_pred
2018,597.24,813.49023
2019,817.24,950.2966
2020,517.37,813.49023
2021,883.0,950.2966
2022,641.03,813.49023
