year,y_true,y_pred
2018,633.03,491.26175
2019,597.2,502.63922
2020,546.07,502.63922
2021,483.03,555.50745
2022,774.38,509.63538
