year,y_true,y_pred
2018,44.99,41.5646
2019,31.94,41.5646
2020,41.27,33.629765
2021,31.57,38.430332
2022,61.95,33.629765
