year,y_true,y_pred
2018,39.01,87.251366
2019,85.84,87.251366
2020,78.05,87.251366
2021,62.45,87.251366
2022,56.87,87.251366
