year,y_true,y_pred
2018,285.71,230.74974
2019,386.57,230.74974
2020,304.26,230.74974
2021,283.23,230.74974
2022,205.62,230.74974
