year,y_true,y_pred
2018,29.34,59.10654
2019,58.5,62.64142
2020,0.0,59.10654
2021,116.3,62.64142
2022,60.35,65.73292
