year,y_true,y_pred
2018,833.93,215.06866
2019,811.04,215.06866
2020,494.89,215.06866
2021,565.77,215.06866
2022,666.14,215.06866
