year,y_true,y_pred
2018,13.03,29.011387
2019,57.47,40.118267
2020,43.85,27.615875
2021,55.35,29.011387
2022,39.18,27.615875
