year,y_true,y_pred
2018,32.37,30.587833
2019,34.38,23.429459
2020,0.0,23.429459
2021,0.0,30.587833
2022,101.97,17.564667
