year,y_true,y_pred
2018,226.61,253.4029
2019,240.63,227.88622
2020,171.47,238.56772
2021,171.17,259.3624
2022,237.93,283.65564
