year,y_true,y_pred
2018,10.07,26.862312
2019,5.04,26.862312
2020,15.12,20.333
2021,5.04,24.054874
2022,4.92,22.473875
