year,y_true,y_pred
2018,105.78,175.38101
2019,151.15,212.13339
2020,75.59,175.38101
2021,120.97,212.13339
2022,162.23,212.13339
