year,y_true,y_pred
2018,20.15,7.855627
2019,10.08,8.860384
2020,10.08,11.957655
2021,5.04,11.957655
2022,14.75,10.414155
