year,y_true,y_pred
2018,0.0,1.5020834
2019,0.0,0.764697
2020,5.04,0.764697
2021,0.0,0.764697
2022,0.0,0.764697
