year,y_true,y_pred
2018,0.0,1.0153126
2019,0.0,1.0153126
2020,0.0,1.0153126
2021,0.0,1.0153126
2022,0.0,1.0153126
