year,y_true,y_pred
2018,20.15,8.946188
2019,25.19,8.946188
2020,30.24,8.946188
2021,20.16,8.946188
2022,58.99,8.946188
