year,y_true,y_pred
2018,75.56,96.90163
2019,95.73,61.65675
2020,120.95,96.850334
2021,80.65,51.083652
2022,113.07,96.90163
