year,y_true,y_pred
2018,313.6,293.23077
2019,470.4,293.23077
2020,274.4,460.99216
2021,235.2,152.06036
2022,295.31,152.06036
