year,y_true,y_pred
2018,0.0,6.189024
2019,39.2,6.189024
2020,39.2,6.189024
2021,39.2,6.189024
2022,36.91,6.189024
