year,y_true,y_pred
2018,56.75,37.36302
2019,34.63,36.021263
2020,38.65,60.84793
2021,36.22,33.687183
2022,42.29,37.36302
