year,y_true,y_pred
2018,0.0,66.25823
2019,26.83,57.868736
2020,53.35,57.868736
2021,26.52,112.37877
2022,107.31,102.86758
