year,y_true,y_pred
2018,969.49,961.20264
2019,953.09,863.8152
2020,629.84,877.6589
2021,706.93,883.52515
2022,852.99,883.52515
