year,y_true,y_pred
2018,72.55,89.75821
2019,78.52,95.68153
2020,62.77,89.67889
2021,96.69,89.67889
2022,85.52,98.925285
