year,y_true,y_pred
2018,585.58,413.62354
2019,648.64,405.7647
2020,496.22,405.7647
2021,497.32,413.62354
2022,580.18,413.62354
