year,y_true,y_pred
2018,55.16,42.659626
2019,46.93,44.796375
2020,55.52,44.796375
2021,77.04,42.920628
2022,55.92,44.796375
