year,y_true,y_pred
2018,200.14,169.45433
2019,208.04,165.59091
2020,170.73,168.07191
2021,209.11,168.07191
2022,199.8,171.49329
