year,y_true,y_pred
2018,7.07,13.78671
2019,5.6,6.195964
2020,8.33,4.7886066
2021,13.07,8.292905
2022,7.57,13.78671
