year,y_true,y_pred
2018,24.75,14.917916
2019,19.61,15.627417
2020,25.68,14.409416
2021,32.33,15.627417
2022,22.14,15.627417
