year,y_true,y_pred
2018,0.0,0.07266667
2019,0.0,0.07266667
2020,0.0,0.07266667
2021,0.0,0.07266667
2022,0.0,0.07266667
