year,y_true,y_pred
2018,5.66,6.8716664
2019,6.3,6.8716664
2020,2.78,6.8716664
2021,14.45,6.8716664
2022,6.41,6.9346666
