year,y_true,y_pred
2018,1351.71,801.6223
2019,1184.07,813.84265
2020,955.76,813.84265
2021,692.33,885.11334
2022,1300.11,729.6141
