year,y_true,y_pred
2018,79.51,45.896667
2019,53.82,38.462917
2020,81.92,38.462917
2021,83.08,38.462917
2022,135.43,38.462917
