year,y_true,y_pred
2018,29.15,49.29459
2019,59.61,41.68993
2020,0.0,49.29459
2021,0.0,23.16137
2022,90.31,20.029888
