year,y_true,y_pred
2018,21.62,16.215582
2019,0.0,16.215582
2020,21.54,16.215582
2021,0.0,20.763666
2022,24.25,20.795332
