year,y_true,y_pred
2018,302.7,560.07275
2019,237.38,560.07275
2020,172.34,560.07275
2021,258.06,560.07275
2022,412.22,560.07275
