year,y_true,y_pred
2018,54.65,26.16762
2019,28.4,25.6878
2020,35.86,28.156683
2021,50.84,24.902632
2022,34.47,25.862162
