year,y_true,y_pred
2018,247.24,228.7529
2019,314.94,288.21198
2020,243.32,252.53128
2021,312.65,228.18852
2022,312.86,252.53128
