year,y_true,y_pred
2018,20.82,20.871834
2019,12.91,20.685534
2020,17.93,20.685534
2021,35.59,20.685534
2022,21.21,23.966333
