year,y_true,y_pred
2018,137.93,70.695755
2019,103.26,70.695755
2020,107.57,70.695755
2021,119.47,70.695755
2022,106.05,70.695755
