year,y_true,y_pred
2018,2.6,0.5811047
2019,2.58,0.6990187
2020,7.68,1.7526046
2021,0.0,0.5811047
2022,0.0,0.5811047
