year,y_true,y_pred
2018,15.62,11.800083
2019,10.33,11.800083
2020,2.56,8.419333
2021,2.54,10.809667
2022,0.0,10.809667
