year,y_true,y_pred
2018,80.63,74.487335
2019,67.18,81.56679
2020,53.73,81.56679
2021,67.16,70.097336
2022,121.28,81.56679
