year,y_true,y_pred
2018,43.37,31.284664
2019,57.67,44.729523
2020,57.52,31.284664
2021,71.72,31.284664
2022,15.02,31.284664
