year,y_true,y_pred
2018,60.75,140.52577
2019,0.0,48.573013
2020,125.63,140.52577
2021,31.92,48.573013
2022,128.58,53.414238
