year,y_true,y_pred
2018,1366.95,752.3958
2019,803.21,1032.7131
2020,910.8,685.1218
2021,606.45,995.88293
2022,1189.33,491.81754
