year,y_true,y_pred
2018,82.56,48.219585
2019,66.79,49.259083
2020,16.88,49.259083
2021,17.07,48.219585
2022,34.38,48.219585
