year,y_true,y_pred
2018,582.99,674.24115
2019,783.86,841.1992
2020,570.88,674.24115
2021,578.14,841.1992
2022,598.96,897.9403
