year,y_true,y_pred
2018,35.33,73.67167
2019,79.27,42.488014
2020,35.13,73.67167
2021,35.04,42.488014
2022,60.76,76.26353
