year,y_true,y_pred
2018,224.65,109.50237
2019,128.21,121.324005
2020,161.29,93.92581
2021,193.36,93.92581
2022,97.34,93.92581
