year,y_true,y_pred
2018,79.07,51.07725
2019,79.87,47.732613
2020,53.78,47.732613
2021,162.87,43.86231
2022,0.0,48.84037
