year,y_true,y_pred
2018,922.51,898.60846
2019,772.1,1148.5323
2020,941.11,1023.3362
2021,1248.64,898.60846
2022,794.67,1148.5323
