year,y_true,y_pred
2018,21.22,67.098
2019,84.33,67.098
2020,20.96,52.10175
2021,20.83,55.739246
2022,45.85,67.098
