year,y_true,y_pred
2018,78.82,28.269405
2019,26.06,80.045105
2020,0.0,28.585814
2021,51.28,0.20475784
2022,67.5,80.045105
