year,y_true,y_pred
2018,24.89,34.65327
2019,24.61,17.143799
2020,60.83,34.7333
2021,24.07,29.773773
2022,0.0,23.325466
