year,y_true,y_pred
2018,385.86,282.1982
2019,406.0,245.72818
2020,377.13,360.1
2021,240.67,280.72836
2022,649.61,280.72836
