year,y_true,y_pred
2018,748.98,911.15424
2019,902.64,841.78845
2020,561.07,841.78845
2021,606.59,880.2212
2022,686.66,880.2212
