year,y_true,y_pred
2018,107.0,97.63325
2019,64.47,84.3385
2020,86.32,99.47089
2021,64.99,97.63325
2022,91.55,125.54386
