year,y_true,y_pred
2018,135.2,82.10084
2019,44.58,74.85067
2020,44.13,63.578667
2021,0.0,65.389084
2022,0.0,65.389084
