year,y_true,y_pred
2018,27.18,23.867416
2019,55.87,29.643667
2020,86.13,23.867416
2021,0.0,23.867416
2022,72.39,29.643667
