year,y_true,y_pred
2018,104.66,112.36288
2019,318.98,125.507
2020,54.0,81.9038
2021,109.65,112.36288
2022,0.0,125.507
