year,y_true,y_pred
2018,601.35,737.59863
2019,673.27,758.8703
2020,624.11,796.2351
2021,366.33,774.96344
2022,772.45,737.59863
