year,y_true,y_pred
2018,30.45,65.50829
2019,37.82,73.01436
2020,37.6,65.50829
2021,14.95,65.50829
2022,90.88,65.50829
