year,y_true,y_pred
2018,96.15,63.234505
2019,56.82,76.21385
2020,61.97,60.5504
2021,52.98,65.87559
2022,87.68,63.242672
