year,y_true,y_pred
2018,21.37,24.8285
2019,28.41,15.1891
2020,26.56,19.866335
2021,21.19,19.866335
2022,37.02,15.1891
