year,y_true,y_pred
2018,74.78,74.84252
2019,53.26,74.84252
2020,60.2,56.552837
2021,67.11,56.552837
2022,140.29,100.96196
