year,y_true,y_pred
2018,14.24,19.308037
2019,19.53,19.308037
2020,14.17,19.308037
2021,15.89,19.308037
2022,25.33,19.308037
