year,y_true,y_pred
2018,0.0,0.64750004
2019,0.0,0.64750004
2020,0.0,0.64750004
2021,1.77,0.64750004
2022,0.0,0.64750004
