year,y_true,y_pred
2018,61.09,101.329346
2019,65.62,101.329346
2020,77.78,101.329346
2021,77.73,101.329346
2022,110.15,101.329346
