year,y_true,y_pred
2018,53.63,462.01843
2019,380.23,462.01843
2020,162.38,402.99792
2021,269.69,462.01843
2022,334.14,462.01843
