year,y_true,y_pred
2018,0.0,52.626667
2019,0.0,52.626667
2020,27.06,52.626667
2021,53.94,34.460667
2022,30.38,39.178875
