year,y_true,y_pred
2018,10.68,8.390208
2019,0.0,11.240209
2020,22.19,7.8966665
2021,11.31,7.8966665
2022,43.37,12.715667
