year,y_true,y_pred
2018,837.63,883.5798
2019,803.96,878.2908
2020,669.73,879.17804
2021,561.07,884.46704
2022,811.28,883.5798
