year,y_true,y_pred
2018,77.3,81.35333
2019,71.71,81.35333
2020,63.72,77.72633
2021,75.72,77.72633
2022,87.63,81.35333
