year,y_true,y_pred
2018,74.77,100.35018
2019,61.65,100.35018
2020,76.22,100.35018
2021,120.41,100.35018
2022,95.6,109.76472
