year,y_true,y_pred
2018,1.27,0.13458334
2019,2.52,0.13458334
2020,0.0,0.09066667
2021,0.0,0.09066667
2022,2.66,0.09633334
