year,y_true,y_pred
2018,26.61,26.509335
2019,45.29,29.567917
2020,32.49,26.777668
2021,36.0,26.509335
2022,34.52,26.777668
