year,y_true,y_pred
2018,36.75,44.633
2019,45.29,44.633
2020,46.23,47.143875
2021,58.34,47.143875
2022,66.39,50.7435
