year,y_true,y_pred
2018,376.12,167.1831
2019,570.07,535.03375
2020,383.88,180.27264
2021,727.1,318.96548
2022,131.75,192.42795
