year,y_true,y_pred
2018,94.03,30.348114
2019,95.01,5.883976
2020,0.0,5.883976
2021,0.0,5.883976
2022,0.0,28.636898
