year,y_true,y_pred
2018,98.52,83.6258
2019,127.15,69.62361
2020,85.09,97.139786
2021,113.86,66.116295
2022,69.8,112.353745
