year,y_true,y_pred
2018,15.82,13.998113
2019,15.76,15.024083
2020,0.0,19.548307
2021,0.0,28.086458
2022,13.91,28.086458
