year,y_true,y_pred
2018,173.98,328.40115
2019,378.25,328.40115
2020,698.86,410.93402
2021,485.17,433.26434
2022,660.69,398.10156
