year,y_true,y_pred
2018,39.54,22.865667
2019,0.0,22.865667
2020,23.56,19.135584
2021,31.3,20.764584
2022,20.86,22.865667
