year,y_true,y_pred
2018,94.9,61.28677
2019,86.68,61.28677
2020,70.67,61.28677
2021,101.73,61.28677
2022,90.41,61.28677
