year,y_true,y_pred
2018,23.72,19.001999
2019,7.88,19.001999
2020,0.0,20.197
2021,7.83,16.999
2022,13.91,23.806
