year,y_true,y_pred
2018,1014.64,782.60767
2019,540.38,918.9936
2020,985.73,782.60767
2021,962.96,946.495
2022,911.99,1328.4166
