year,y_true,y_pred
2018,28.99,41.977505
2019,29.21,80.60207
2020,73.56,74.26078
2021,103.7,46.821712
2022,45.6,57.772022
