year,y_true,y_pred
2018,88.47,157.81616
2019,151.06,138.80153
2020,123.8,157.81616
2021,31.7,77.77177
2022,177.85,138.80153
