year,y_true,y_pred
2018,34.41,44.870102
2019,29.5,44.870102
2020,44.26,49.602333
2021,49.19,44.870102
2022,55.79,44.870102
