year,y_true,y_pred
2018,412.92,580.23987
2019,413.02,638.31213
2020,329.5,638.31213
2021,418.08,638.31213
2022,426.01,638.31213
