year,y_true,y_pred
2018,0.0,2.634206
2019,0.0,2.634206
2020,0.0,2.634206
2021,0.0,2.634206
2022,0.0,2.634206
