year,y_true,y_pred
2018,78.65,68.74954
2019,132.76,89.53901
2020,88.52,68.74954
2021,127.88,85.244804
2022,136.93,68.74954
