year,y_true,y_pred
2018,137.64,91.250336
2019,132.76,91.250336
2020,118.03,91.250336
2021,83.62,91.250336
2022,167.36,91.250336
