year,y_true,y_pred
2018,0.0,7.5287914
2019,14.75,6.0632915
2020,4.92,6.0797915
2021,19.67,7.5287914
2022,25.36,5.9743333
