year,y_true,y_pred
2018,54.35,31.06425
2019,10.78,31.06425
2020,0.0,21.741
2021,10.6,17.252625
2022,0.0,17.252625
