year,y_true,y_pred
2018,206.54,186.75455
2019,204.74,175.09712
2020,213.7,175.09712
2021,222.55,175.09712
2022,328.78,175.09712
