year,y_true,y_pred
2018,119.58,86.2544
2019,64.66,75.86614
2020,85.48,73.17123
2021,74.18,90.25876
2022,139.1,89.347305
