year,y_true,y_pred
2018,21.74,0.000925918
2019,10.78,0.010464775
2020,0.0,0.010464775
2021,31.79,8.149992
2022,12.65,0.000925918
