year,y_true,y_pred
2018,10.87,21.634066
2019,32.33,14.258749
2020,10.68,21.634066
2021,31.79,14.258749
2022,37.94,21.634066
