year,y_true,y_pred
2018,0.0,1.579696
2019,10.78,1.579696
2020,0.0,1.579696
2021,0.0,1.579696
2022,0.0,1.579696
