year,y_true,y_pred
2018,0.0,84.54567
2019,0.0,65.20633
2020,0.0,84.54567
2021,0.0,84.54567
2022,0.0,84.54567
