year,y_true,y_pred
2018,57.19,47.388832
2019,48.51,47.388832
2020,44.1,47.388832
2021,56.47,48.544666
2022,41.81,47.388832
