year,y_true,y_pred
2018,2.12,0.480001
2019,2.11,0.480001
2020,0.0,0.480001
2021,0.0,0.480001
2022,5.97,0.480001
