year,y_true,y_pred
2018,6.35,22.59797
2019,8.44,22.59797
2020,12.6,22.59797
2021,6.27,15.327741
2022,14.93,22.59797
