year,y_true,y_pred
2018,114.38,130.25406
2019,92.8,139.01393
2020,100.81,110.84903
2021,129.67,110.84903
2022,140.37,139.01393
