year,y_true,y_pred
2018,31.77,49.313915
2019,42.18,49.046917
2020,42.0,50.107418
2021,48.1,50.107418
2022,50.77,50.107418
