year,y_true,y_pred
2018,655.43,246.05031
2019,588.78,275.66238
2020,307.79,246.05031
2021,336.29,246.05031
2022,823.42,275.66238
