year,y_true,y_pred
2018,93.63,29.739876
2019,0.0,35.196877
2020,61.56,40.946377
2021,122.29,24.707375
2022,60.99,30.073002
