year,y_true,y_pred
2018,124.84,86.9826
2019,154.94,47.854824
2020,61.56,47.854824
2021,183.43,47.854824
2022,182.98,48.1884
