year,y_true,y_pred
2018,93.63,75.601
2019,123.95,49.911697
2020,92.34,49.911697
2021,91.72,49.911697
2022,60.99,49.911697
