year,y_true,y_pred
2018,31.21,8.62581
2019,30.99,8.62581
2020,30.78,8.62581
2021,0.0,8.62581
2022,0.0,8.62581
