year,y_true,y_pred
2018,87.29,180.45654
2019,98.24,197.19803
2020,54.45,180.45654
2021,65.6,180.45654
2022,201.68,180.45654
