year,y_true,y_pred
2018,24.94,12.438223
2019,12.28,12.438223
2020,18.15,12.438223
2021,17.89,12.438223
2022,23.27,12.438223
