year,y_true,y_pred
2018,384.63,380.14935
2019,468.67,361.93842
2020,399.22,372.83435
2021,468.17,361.93842
2022,312.98,372.83435
