year,y_true,y_pred
2018,27.84,36.556335
2019,60.56,36.556335
2020,57.4,33.311337
2021,69.84,32.78642
2022,42.83,32.78642
