year,y_true,y_pred
2018,711.28,688.44653
2019,767.26,688.44653
2020,411.13,688.44653
2021,438.18,688.44653
2022,597.01,653.0138
