year,y_true,y_pred
2018,96.99,36.503
2019,63.94,73.32782
2020,31.63,40.43368
2021,31.3,18.403225
2022,149.25,36.503
