year,y_true,y_pred
2018,65.74,62.51567
2019,105.08,29.107508
2020,94.1,66.49952
2021,88.27,72.07302
2022,74.63,62.51567
