year,y_true,y_pred
2018,5.94,9.95775
2019,5.89,9.95775
2020,11.68,9.95775
2021,28.98,9.95775
2022,48.24,8.017333
