year,y_true,y_pred
2018,209.21,285.187
2019,350.39,299.33246
2020,281.69,294.16046
2021,318.13,328.03745
2022,438.82,305.25296
