year,y_true,y_pred
2018,48.22,32.70182
2019,52.1,32.70182
2020,39.32,32.70182
2021,37.79,32.70182
2022,43.37,35.437943
