year,y_true,y_pred
2018,315.69,373.25772
2019,364.47,313.6486
2020,263.31,311.3026
2021,282.64,250.19287
2022,425.82,295.24686
