year,y_true,y_pred
2018,2.4,2.005145
2019,3.51,2.2556493
2020,3.81,2.005145
2021,2.29,2.005145
2022,3.68,2.2691734
