year,y_true,y_pred
2018,24.24,23.691866
2019,26.55,23.691866
2020,22.64,23.691866
2021,24.74,23.691866
2022,25.48,23.691866
