year,y_true,y_pred
2018,8.52,4.6903334
2019,6.51,4.6903334
2020,6.67,5.256417
2021,4.58,4.9339166
2022,8.09,5.609542
