year,y_true,y_pred
2018,69.53,45.329002
2019,69.64,45.329002
2020,72.92,45.329002
2021,66.19,45.329002
2022,80.12,45.329002
