year,y_true,y_pred
2018,1.33,0.0009807729
2019,0.0,0.3636677
2020,1.19,0.037617046
2021,0.23,0.3636677
2022,0.25,0.037617046
