year,y_true,y_pred
2018,38.91,64.346664
2019,36.34,57.182915
2020,60.87,60.59667
2021,62.67,64.346664
2022,50.11,57.182915
