year,y_true,y_pred
2018,390.74,376.59473
2019,439.26,421.3136
2020,469.9,568.18286
2021,532.2,568.18286
2022,539.46,390.6054
