year,y_true,y_pred
2018,42.63,16.54179
2019,46.05,19.817791
2020,49.46,14.082603
2021,81.06,16.54179
2022,79.59,16.54179
