mae,rmse,r2,city,model,sequence_length,forecast_horizon,normalization,val_size
0.08690194387711674,0.12506634438844777,-0.03622627997780348,2105302,xgboost,8,4,,
