mae,rmse,r2,city,model,sequence_length,forecast_horizon,normalization,val_size
0.48303903937270903,0.6284782165080093,0.012190994734188387,2509305,xgboost,8,4,,
