year,y_true,y_pred
2018,305.59,410.30957
2019,324.38,382.42148
2020,232.07,401.01892
2021,271.25,442.54944
2022,302.27,291.68768
