year,y_true,y_pred
2018,249.77,353.90326
2019,399.48,353.90326
2020,261.7,323.79037
2021,198.94,330.5201
2022,427.68,353.90326
