year,y_true,y_pred
2018,24.98,49.016193
2019,61.46,42.130013
2020,18.26,28.602415
2021,12.06,22.139217
2022,51.84,38.93773
