year,y_true,y_pred
2018,99.91,102.942024
2019,116.77,93.80692
2020,73.03,104.80573
2021,198.94,82.265594
2022,213.84,93.94271
