year,y_true,y_pred
2018,0.0,2.7899059e-08
2019,0.0,2.7899059e-08
2020,0.0,2.7899059e-08
2021,0.0,2.7899059e-08
2022,0.0,2.7899059e-08
