year,y_true,y_pred
2018,31.22,34.434002
2019,67.6,31.07525
2020,60.86,28.894001
2021,30.14,31.07525
2022,38.88,31.07525
