year,y_true,y_pred
2018,0.0,13.6062
2019,6.15,15.702681
2020,6.09,15.702681
2021,6.03,15.702681
2022,0.0,15.702681
