year,y_true,y_pred
2018,66.86,11.095279
2019,22.41,55.573128
2020,22.52,10.397936
2021,22.64,-0.00048391783
2022,22.95,-1.4889896
