year,y_true,y_pred
2018,334.3,449.0771
2019,425.72,413.26288
2020,202.7,378.21286
2021,271.68,378.21286
2022,298.37,449.0771
