year,y_true,y_pred
2018,44.57,6.131554
2019,22.41,6.131554
2020,112.61,11.107661
2021,90.56,7.6506743
2022,114.76,58.764668
