year,y_true,y_pred
2018,0.0,12.065625
2019,0.0,12.065625
2020,22.52,12.065625
2021,22.64,9.914542
2022,22.95,9.914542
