year,y_true,y_pred
2018,66.86,22.678665
2019,22.41,22.678665
2020,45.05,33.840084
2021,45.28,30.846083
2022,0.0,22.678665
