year,y_true,y_pred
2018,0.0,2.7734928
2019,0.0,2.7734928
2020,0.0,2.7734928
2021,0.0,2.7734928
2022,0.0,2.7734928
