year,y_true,y_pred
2018,65.81,71.90771
2019,79.9,71.90771
2020,88.72,71.90771
2021,150.87,71.90771
2022,107.48,61.413666
