year,y_true,y_pred
2018,47.51,17.076334
2019,30.64,17.076334
2020,25.36,17.076334
2021,32.88,17.076334
2022,17.16,17.076334
