year,y_true,y_pred
2018,55.99,34.074917
2019,48.17,34.271416
2020,33.12,34.271416
2021,29.23,34.074917
2022,40.62,34.074917
