year,y_true,y_pred
2018,485.22,745.3278
2019,530.34,529.27716
2020,665.41,509.7422
2021,485.74,672.17566
2022,927.99,529.27716
