year,y_true,y_pred
2018,44.93,38.124302
2019,44.94,38.124302
2020,26.98,28.044
2021,53.97,28.044
2022,74.24,38.124302
