year,y_true,y_pred
2018,105.51,104.12066
2019,146.91,149.84366
2020,42.99,149.84366
2021,153.93,96.50491
2022,271.99,148.59283
