year,y_true,y_pred
2018,56.52,62.543667
2019,90.36,59.781166
2020,90.29,59.87867
2021,101.51,59.87867
2022,80.86,57.345333
