year,y_true,y_pred
2018,38.8,18.110167
2019,77.26,18.110167
2020,38.48,18.110167
2021,38.32,18.110167
2022,110.4,18.110167
