year,y_true,y_pred
2018,426.85,282.0667
2019,386.32,368.15714
2020,307.81,327.39807
2021,344.89,282.0667
2022,419.52,282.0667
