year,y_true,y_pred
2018,13.63,8.948042
2019,20.24,8.948042
2020,18.16,9.887333
2021,5.16,9.887333
2022,28.34,7.902625
