year,y_true,y_pred
2018,807.93,739.77985
2019,298.88,410.97705
2020,301.2,354.2063
2021,214.39,354.2063
2022,304.33,387.36853
