year,y_true,y_pred
2018,2.4,5.239333
2019,3.11,6.9424167
2020,4.54,5.239333
2021,0.74,5.239333
2022,2.46,5.239333
