year,y_true,y_pred
2018,34.47,25.82575
2019,49.81,25.82575
2020,41.62,22.915333
2021,19.89,22.915333
2022,52.98,25.811916
