year,y_true,y_pred
2018,0.8,0.0016606983
2019,0.78,0.0016606983
2020,1.51,0.0016606983
2021,0.0,0.70305294
2022,2.46,0.70305294
