year,y_true,y_pred
2018,5.61,14.322445
2019,5.45,18.084522
2020,8.32,18.170507
2021,2.95,17.563787
2022,11.09,18.211353
