year,y_true,y_pred
2018,13.69,25.943333
2019,33.95,31.078367
2020,27.1,25.943333
2021,13.52,31.078367
2022,56.57,24.266333
