year,y_true,y_pred
2018,218.97,481.62634
2019,210.51,481.62634
2020,189.71,481.62634
2021,94.65,481.62634
2022,622.3,481.62634
