year,y_true,y_pred
2018,6.84,16.649334
2019,0.0,14.354334
2020,6.78,16.649334
2021,13.52,16.649334
2022,7.07,17.606833
