year,y_true,y_pred
2018,82.11,54.488167
2019,67.91,54.488167
2020,81.31,60.697334
2021,60.85,49.138268
2022,63.64,60.697334
