year,y_true,y_pred
2018,150.54,191.71858
2019,101.86,92.417336
2020,155.84,95.95996
2021,223.11,83.766365
2022,183.86,121.45496
