year,y_true,y_pred
2018,0.0,0.8322175
2019,0.0,0.8322175
2020,0.0,0.8322175
2021,6.76,0.8322175
2022,0.0,0.8322175
