year,y_true,y_pred
2018,65.36,92.250145
2019,90.11,92.250145
2020,60.8,92.250145
2021,63.02,92.250145
2022,101.46,92.250145
