year,y_true,y_pred
2018,599.8,457.49344
2019,510.2,457.49344
2020,407.96,457.49344
2021,382.26,457.49344
2022,465.5,457.49344
