year,y_true,y_pred
2018,25.52,52.166912
2019,25.51,9.940092
2020,76.49,11.033821
2021,76.45,25.749859
2022,41.07,25.749859
