year,y_true,y_pred
2018,76.57,51.64848
2019,102.04,51.64848
2020,25.5,51.64848
2021,89.19,51.64848
2022,41.07,53.32054
