year,y_true,y_pred
2018,114.85,47.028736
2019,153.06,115.88758
2020,114.74,80.15065
2021,152.91,80.44794
2022,82.15,80.150856
