year,y_true,y_pred
2018,12.76,0.00023665068
2019,25.51,13.358995
2020,12.75,0.0006644491
2021,0.0,13.358995
2022,0.0,13.03968
