year,y_true,y_pred
2018,20.03,51.21598
2019,19.46,51.21598
2020,0.0,51.21598
2021,18.46,51.21598
2022,59.84,51.21598
