year,y_true,y_pred
2018,67.5,48.60004
2019,38.82,43.07104
2020,87.88,49.970333
2021,68.76,48.60004
2022,83.57,48.60004
