year,y_true,y_pred
2018,64.45,50.227104
2019,63.67,46.469334
2020,62.91,69.25685
2021,93.31,46.469334
2022,152.26,57.531292
