year,y_true,y_pred
2018,1417.98,952.76025
2019,1400.83,1259.7062
2020,1038.06,1259.7062
2021,1119.75,952.76025
2022,1484.58,952.76025
