year,y_true,y_pred
2018,0.0,17.61222
2019,31.84,17.61222
2020,31.46,17.61222
2021,0.0,17.61222
2022,0.0,17.61222
