year,y_true,y_pred
2018,32.23,37.572037
2019,159.18,110.81925
2020,62.91,82.27859
2021,31.1,92.131874
2022,152.26,101.29195
