year,y_true,y_pred
2018,64.45,27.270666
2019,31.84,30.159958
2020,31.46,21.565634
2021,124.42,24.119457
2022,114.2,40.341957
