year,y_true,y_pred
2018,47.48,45.232788
2019,48.03,51.91079
2020,97.18,35.788853
2021,49.12,45.92429
2022,149.78,35.788853
