year,y_true,y_pred
2018,282.94,505.21112
2019,401.61,505.21112
2020,279.33,505.21112
2021,320.38,575.2957
2022,520.59,505.21112
