year,y_true,y_pred
2018,48.83,44.32032
2019,0.0,32.818405
2020,49.24,16.124184
2021,49.41,33.799988
2022,134.41,16.124184
