year,y_true,y_pred
2018,20.94,17.321898
2019,15.64,19.264233
2020,25.97,22.051332
2021,25.87,17.321898
2022,79.83,17.43992
