year,y_true,y_pred
2018,486.96,379.19687
2019,406.72,476.9379
2020,519.32,379.19687
2021,434.56,476.9379
2022,847.41,476.9379
