year,y_true,y_pred
2018,37.3,61.338146
2019,18.62,58.926666
2020,55.79,58.926666
2021,74.31,61.338146
2022,123.41,61.338146
