year,y_true,y_pred
2018,55.95,10.518667
2019,37.24,6.334333
2020,18.6,10.441667
2021,18.58,10.441667
2022,41.14,6.5386667
