year,y_true,y_pred
2018,167.85,32.95067
2019,111.73,32.95067
2020,55.79,32.95067
2021,130.04,32.95067
2022,123.41,32.95067
