year,y_true,y_pred
2018,111.9,132.11778
2019,130.35,132.11778
2020,92.99,132.11778
2021,111.46,132.11778
2022,82.27,132.11778
