year,y_true,y_pred
2018,79.13,6.1631093
2019,39.49,24.71428
2020,78.83,6.1631093
2021,19.67,24.71428
2022,0.0,6.1631093
