year,y_true,y_pred
2018,1622.16,571.67786
2019,1085.88,571.67786
2020,1064.25,571.67786
2021,590.2,571.67786
2022,1043.02,571.67786
