year,y_true,y_pred
2018,24.36,17.582735
2019,24.34,17.582735
2020,27.51,17.582735
2021,26.77,17.582735
2022,36.12,17.582735
