year,y_true,y_pred
2018,252.65,178.77621
2019,195.81,165.16905
2020,166.82,165.16905
2021,163.04,165.16905
2022,189.07,165.16905
