year,y_true,y_pred
2018,0.0,0.08429167
2019,0.0,0.10457576
2020,0.0,0.10457576
2021,0.0,0.10457576
2022,1.11,0.10457576
