year,y_true,y_pred
2018,72.7,64.34675
2019,64.08,72.171
2020,46.91,66.68975
2021,58.05,59.8958
2022,54.92,64.34675
