year,y_true,y_pred
2018,0.36,0.17666666
2019,0.0,0.17666666
2020,0.0,0.18770833
2021,1.39,0.22543333
2022,0.37,0.17666666
