year,y_true,y_pred
2018,28.72,21.332565
2019,20.76,22.071611
2020,16.93,21.332565
2021,19.12,21.332565
2022,24.69,21.332565
