year,y_true,y_pred
2018,17.09,8.898895
2019,13.6,8.848731
2020,8.46,12.201999
2021,12.51,12.201999
2022,14.37,8.898895
