year,y_true,y_pred
2018,25.3,12.395263
2019,25.29,6.9747214
2020,19.0,6.9747214
2021,19.04,6.9747214
2022,29.08,6.9747214
