year,y_true,y_pred
2018,272.01,507.78275
2019,284.47,507.78275
2020,190.02,507.78275
2021,215.78,507.78275
2022,232.64,507.78275
