year,y_true,y_pred
2018,101.21,68.50166
2019,126.43,68.50166
2020,126.68,68.50166
2021,133.27,68.50166
2022,123.59,68.50166
