year,y_true,y_pred
2018,18.98,22.33654
2019,18.96,23.567184
2020,6.33,23.567184
2021,12.69,19.547283
2022,7.27,19.547283
