year,y_true,y_pred
2018,43.86,31.628124
2019,36.72,31.628124
2020,95.92,31.628124
2021,29.65,36.68171
2022,66.71,31.628124
