year,y_true,y_pred
2018,321.64,642.37427
2019,323.15,642.37427
2020,457.46,642.37427
2021,274.24,642.37427
2022,778.24,642.37427
