year,y_true,y_pred
2018,62.09,55.56318
2019,94.49,55.56318
2020,31.95,55.56318
2021,64.77,55.56318
2022,153.47,55.56318
