year,y_true,y_pred
2018,1055.57,977.89923
2019,724.41,977.89923
2020,607.03,977.89923
2021,453.37,977.89923
2022,583.18,803.94183
