year,y_true,y_pred
2018,48.66,45.243416
2019,73.19,48.952915
2020,48.92,41.55254
2021,196.17,45.243416
2022,26.06,48.862915
