year,y_true,y_pred
2018,47.6,50.81921
2019,56.83,55.084743
2020,56.41,50.81921
2021,65.83,51.612072
2022,61.6,55.562744
