year,y_true,y_pred
2018,39.91,29.541174
2019,33.73,29.541174
2020,29.58,29.541174
2021,34.04,29.541174
2022,31.44,29.541174
