year,y_true,y_pred
2018,31.15,28.500334
2019,42.4,28.500334
2020,39.13,28.500334
2021,33.1,28.500334
2022,40.57,28.500334
