year,y_true,y_pred
2018,129.47,137.59166
2019,99.26,137.59166
2020,128.84,139.30234
2021,105.9,137.59166
2022,152.13,139.30234
