year,y_true,y_pred
2018,0.0,0.47612122
2019,0.0,0.47612122
2020,0.0,0.47612122
2021,0.95,0.47612122
2022,2.03,0.47612122
