year,y_true,y_pred
2018,38.94,23.003216
2019,41.44,36.860313
2020,39.13,47.85519
2021,53.9,31.38984
2022,60.85,35.28018
