year,y_true,y_pred
2018,78.78,43.06929
2019,26.43,36.463352
2020,53.22,43.06929
2021,53.55,36.463352
2022,48.76,48.442966
