year,y_true,y_pred
2018,525.21,620.94385
2019,502.25,620.94385
2020,478.98,609.59106
2021,481.93,609.59106
2022,341.3,609.59106
