year,y_true,y_pred
2018,0.0,23.99052
2019,42.17,16.509796
2020,8.44,23.99052
2021,16.88,0.0009089315
2022,26.83,25.8023
