year,y_true,y_pred
2018,25.3,8.727375
2019,16.87,8.4193125
2020,16.88,10.576875
2021,25.33,8.4193125
2022,8.94,8.4193125
