year,y_true,y_pred
2018,67.45,37.33755
2019,92.78,45.20206
2020,25.31,45.20206
2021,59.09,39.713547
2022,89.42,48.199936
