year,y_true,y_pred
2018,59.02,25.003885
2019,75.91,25.003885
2020,75.94,25.003885
2021,75.98,25.003885
2022,71.54,25.003885
