year,y_true,y_pred
2018,708.82,221.31174
2019,879.93,221.31174
2020,824.1,652.6474
2021,796.36,652.6474
2022,1583.11,221.31174
