year,y_true,y_pred
2018,28.35,87.09056
2019,85.15,0.34762967
2020,56.83,112.19732
2021,85.32,61.690575
2022,164.91,53.429443
