year,y_true,y_pred
2018,45.0,24.555
2019,22.48,16.69125
2020,44.93,19.897999
2021,22.45,16.69125
2022,68.82,19.897999
