year,y_true,y_pred
2018,874.54,647.54865
2019,742.49,746.76764
2020,778.87,647.54865
2021,702.15,647.54865
2022,952.88,647.54865
