year,y_true,y_pred
2018,100.91,53.14204
2019,33.75,58.504765
2020,79.02,58.504765
2021,33.98,51.124332
2022,52.36,58.504765
