year,y_true,y_pred
2018,25.16,19.733665
2019,28.88,19.733665
2020,24.38,19.733665
2021,12.01,19.733665
2022,22.97,17.983707
