year,y_true,y_pred
2018,322.91,318.30133
2019,334.23,310.56128
2020,251.89,304.8164
2021,316.23,293.22733
2022,353.73,310.56128
