year,y_true,y_pred
2018,9.38,11.70125
2019,18.74,11.506399
2020,28.06,9.651999
2021,18.67,11.70125
2022,48.95,9.651999
