year,y_true,y_pred
2018,656.85,697.63794
2019,618.27,697.63794
2020,663.99,697.63794
2021,998.97,697.63794
2022,2056.0,668.8319
