year,y_true,y_pred
2018,28.36,43.834663
2019,0.0,39.519333
2020,55.74,39.519333
2021,82.9,43.834663
2022,154.23,43.834663
