year,y_true,y_pred
2018,255.25,229.82753
2019,281.14,403.92224
2020,334.45,402.6151
2021,276.32,402.6151
2022,308.45,402.6151
