year,y_true,y_pred
2018,31.79,32.247124
2019,7.93,28.711626
2020,15.81,24.3533
2021,47.29,33.29994
2022,60.7,28.711626
