year,y_true,y_pred
2018,31.79,8.913896
2019,23.78,30.731438
2020,15.81,8.913896
2021,7.88,22.442806
2022,43.36,29.396152
