year,y_true,y_pred
2018,127.18,118.33426
2019,63.4,115.15941
2020,86.94,90.9915
2021,86.69,80.53393
2022,52.03,123.248726
