year,y_true,y_pred
2018,0.0,0.7312083
2019,0.0,0.7312083
2020,0.0,0.7312083
2021,0.0,0.7312083
2022,0.0,0.7312083
