year,y_true,y_pred
2018,23.85,24.118792
2019,39.63,24.007792
2020,39.52,24.118792
2021,55.17,24.118792
2022,60.7,24.118792
