year,y_true,y_pred
2018,59.87,28.638853
2019,44.86,30.805332
2020,65.73,30.805332
2021,59.71,30.805332
2022,59.84,30.805332
