year,y_true,y_pred
2018,0.0,0.6012247
2019,0.0,0.6012247
2020,0.0,0.6012247
2021,0.0,0.6012247
2022,2.99,0.6012247
