year,y_true,y_pred
2018,0.0,0.3466111
2019,0.0,0.3466111
2020,2.99,0.3466111
2021,0.0,0.3466111
2022,2.99,0.3466111
