year,y_true,y_pred
2018,47.9,27.12345
2019,44.86,27.12345
2020,29.88,27.12345
2021,38.81,27.12345
2022,41.89,27.12345
