year,y_true,y_pred
2018,47.9,66.66707
2019,47.85,29.6623
2020,35.86,66.66707
2021,65.68,39.97344
2022,38.9,66.66707
