year,y_true,y_pred
2018,41.93,36.33375
2019,34.65,36.33375
2020,27.51,38.405003
2021,61.43,38.405003
2022,15.25,41.834
