year,y_true,y_pred
2018,356.37,902.11206
2019,450.48,902.11206
2020,302.57,902.11206
2021,430.03,902.11206
2022,548.95,902.11206
