year,y_true,y_pred
2018,123.95,163.97638
2019,58.98,144.80338
2020,28.0,144.80338
2021,240.15,144.80338
2022,223.87,176.22876
