year,y_true,y_pred
2018,5.63,1.9032917
2019,8.43,1.7913334
2020,2.8,1.7913334
2021,5.58,2.3427918
2022,18.66,1.7913334
