year,y_true,y_pred
2018,61.71,95.308624
2019,93.31,95.308624
2020,94.01,95.308624
2021,63.13,95.308624
2022,30.27,95.308624
