year,y_true,y_pred
2018,139.15,241.88835
2019,246.99,239.7294
2020,123.3,237.31238
2021,261.62,239.7294
2022,178.57,237.31238
