year,y_true,y_pred
2018,30.92,30.592806
2019,0.0,24.460402
2020,15.41,10.761133
2021,30.78,17.130682
2022,0.0,24.460402
