year,y_true,y_pred
2018,54.36,23.39491
2019,53.93,23.495184
2020,42.81,23.495184
2021,42.5,23.495184
2022,49.72,23.495184
