year,y_true,y_pred
2018,315.29,217.14261
2019,285.84,217.14261
2020,315.74,217.14261
2021,260.29,217.14261
2022,353.57,217.14261
