year,y_true,y_pred
2018,10.08,24.118084
2019,49.43,30.791668
2020,0.0,19.230667
2021,9.52,20.432583
2022,11.55,19.230667
