year,y_true,y_pred
2018,181.51,196.69073
2019,187.82,196.69073
2020,96.97,196.69073
2021,57.12,196.69073
2022,161.64,196.69073
