year,y_true,y_pred
2018,95.22,100.751
2019,121.68,100.751
2020,99.45,100.751
2021,86.6,110.79056
2022,106.28,99.97537
