year,y_true,y_pred
2018,9.21,10.436418
2019,18.25,13.277417
2020,21.09,11.666334
2021,11.94,13.277417
2022,16.61,13.277417
