year,y_true,y_pred
2018,46.07,52.206165
2019,45.63,47.435333
2020,42.19,53.179333
2021,38.82,53.179333
2022,33.21,53.179333
