year,y_true,y_pred
2018,3.07,3.1874166
2019,3.04,2.6281042
2020,6.03,2.6281042
2021,8.96,2.6281042
2022,16.61,2.6281042
