year,y_true,y_pred
2018,93.12,74.45563
2019,79.41,74.45563
2020,105.35,74.45563
2021,117.94,74.45563
2022,98.9,74.45563
