year,y_true,y_pred
2018,106.43,56.059486
2019,79.41,48.502995
2020,65.84,35.415333
2021,78.63,35.415333
2022,211.92,35.415333
