year,y_true,y_pred
2018,26.61,26.175667
2019,26.47,23.659271
2020,39.5,26.98596
2021,13.1,23.659271
2022,14.13,26.175667
