year,y_true,y_pred
2018,133.03,110.43967
2019,119.11,108.64267
2020,105.35,106.85208
2021,78.63,110.43967
2022,70.64,108.64267
