year,y_true,y_pred
2018,46.02,29.891666
2019,46.1,30.533957
2020,46.18,36.91752
2021,23.13,36.91752
2022,24.53,36.91752
