year,y_true,y_pred
2018,632.84,781.4123
2019,576.3,725.31903
2020,253.98,715.56104
2021,358.46,715.56104
2022,429.29,715.56104
