year,y_true,y_pred
2018,27.48,5.6513896
2019,70.89,15.480931
2020,64.96,32.200024
2021,32.25,35.780186
2022,26.58,40.062008
