year,y_true,y_pred
2018,252.82,212.49287
2019,327.19,212.49287
2020,286.89,212.49287
2021,263.4,212.49287
2022,431.89,212.49287
