year,y_true,y_pred
2018,10.99,9.122638
2019,21.81,1.9831641
2020,16.24,1.9831641
2021,37.63,1.9831641
2022,26.58,1.9831641
