year,y_true,y_pred
2018,0.0,0.645825
2019,0.0,0.645825
2020,5.41,0.645825
2021,0.0,0.645825
2022,0.0,0.645825
