year,y_true,y_pred
2018,32.98,36.650944
2019,141.78,44.648506
2020,97.43,32.14778
2021,112.89,32.14778
2022,132.89,53.835827
