year,y_true,y_pred
2018,5.5,4.399417
2019,16.36,6.5186667
2020,0.0,5.991667
2021,16.13,4.399417
2022,26.58,6.6491666
