year,y_true,y_pred
2018,213.27,258.10312
2019,232.52,258.10312
2020,214.07,255.10144
2021,141.92,279.99026
2022,235.83,258.10312
