year,y_true,y_pred
2018,34.5,23.98375
2019,22.0,23.98375
2020,18.89,23.98375
2021,15.77,18.769875
2022,12.58,23.98375
