year,y_true,y_pred
2018,3.14,1.1620476
2019,0.0,0.7969583
2020,0.0,0.8740833
2021,0.0,0.8740833
2022,0.0,1.1620476
