year,y_true,y_pred
2018,37.64,37.35535
2019,43.99,10.325853
2020,37.78,37.35535
2021,53.61,37.35535
2022,59.74,37.35535
