year,y_true,y_pred
2018,12.55,9.002941
2019,15.71,12.477621
2020,18.89,9.002941
2021,6.31,11.484244
2022,9.43,12.858431
