year,y_true,y_pred
2018,81.54,96.20082
2019,91.12,105.702515
2020,110.18,88.67429
2021,122.99,99.23131
2022,119.49,93.45262
