year,y_true,y_pred
2018,19.8,5.949333
2019,59.49,5.949333
2020,59.57,5.949333
2021,39.77,5.949333
2022,0.0,5.949333
