year,y_true,y_pred
2018,692.93,531.81134
2019,456.08,531.81134
2020,258.14,438.55948
2021,457.35,438.55948
2022,666.13,482.35004
