year,y_true,y_pred
2018,26.99,53.189583
2019,40.23,46.247707
2020,53.3,45.32596
2021,66.24,43.53408
2022,46.7,53.189583
