year,y_true,y_pred
2018,782.83,718.71155
2019,1019.18,718.71155
2020,812.9,718.71155
2021,940.65,718.71155
2022,653.8,718.71155
