year,y_true,y_pred
2018,17.56,106.14002
2019,69.66,37.586857
2020,34.86,60.511307
2021,103.81,108.43188
2022,104.68,60.511307
