year,y_true,y_pred
2018,579.35,906.80145
2019,539.88,906.79926
2020,609.97,906.79926
2021,847.75,906.79926
2022,715.28,941.08875
