year,y_true,y_pred
2018,220.53,175.93657
2019,330.65,215.37187
2020,301.12,240.1075
2021,266.95,240.1075
2022,345.22,220.00684
