year,y_true,y_pred
2018,49.01,22.695707
2019,54.11,29.327667
2020,35.43,29.327667
2021,46.43,29.327667
2022,43.15,29.327667
