year,y_true,y_pred
2018,33.58,48.380245
2019,33.73,48.380245
2020,0.0,48.380245
2021,17.02,31.883396
2022,71.01,24.88047
