year,y_true,y_pred
2018,268.64,281.65262
2019,269.86,297.7339
2020,152.46,281.65262
2021,187.17,320.29022
2022,195.28,330.6912
