year,y_true,y_pred
2018,29.38,2.3624582
2019,0.0,2.3624582
2020,9.85,2.3624582
2021,39.52,2.3624582
2022,37.36,2.3624582
