year,y_true,y_pred
2018,842.23,79.49856
2019,726.92,79.49856
2020,531.97,79.49856
2021,395.22,79.49856
2022,541.65,79.49856
