year,y_true,y_pred
2018,33.19,27.931267
2019,16.2,35.310543
2020,15.84,27.931267
2021,77.51,27.931267
2022,0.0,38.68029
