year,y_true,y_pred
2018,80.52,26.488665
2019,0.0,26.488665
2020,84.32,33.46771
2021,43.16,26.488665
2022,38.76,33.271206
