year,y_true,y_pred
2018,745.46,773.38556
2019,858.07,773.38556
2020,547.88,773.38556
2021,529.55,773.38556
2022,504.12,773.38556
