year,y_true,y_pred
2018,74.55,54.8698
2019,68.65,60.697643
2020,57.07,118.01998
2021,85.41,54.8698
2022,37.94,96.377144
