year,y_true,y_pred
2018,140.25,90.963165
2019,106.95,87.932686
2020,36.22,33.421272
2021,73.58,82.63666
2022,109.13,68.04564
