year,y_true,y_pred
2018,111.02,103.42138
2019,104.94,84.568405
2020,92.41,84.568405
2021,73.59,92.242424
2022,70.74,93.2504
