year,y_true,y_pred
2018,0.0,0.712625
2019,0.0,0.394
2020,0.0,0.5226875
2021,1.64,0.5226875
2022,0.0,0.5226875
