year,y_true,y_pred
2018,191.75,199.68472
2019,171.57,199.68472
2020,161.72,199.68472
2021,168.44,199.68472
2022,173.49,220.87819
