year,y_true,y_pred
2018,23.55,15.37602
2019,21.65,15.37602
2020,18.15,15.37602
2021,21.26,15.37602
2022,13.47,13.6154585
