year,y_true,y_pred
2018,16.82,6.536337
2019,14.99,14.953187
2020,9.9,9.779244
2021,13.08,10.133011
2022,8.42,10.318178
