year,y_true,y_pred
2018,46.66,34.083664
2019,41.51,34.083664
2020,20.17,36.95813
2021,29.97,32.085583
2022,41.05,34.28033
