year,y_true,y_pred
2018,362.24,402.55988
2019,313.27,402.55988
2020,230.39,402.55988
2021,248.23,402.55988
2022,318.57,402.55988
