year,y_true,y_pred
2018,102.82,54.031715
2019,71.27,54.031715
2020,128.77,54.031715
2021,92.22,67.4654
2022,123.98,54.031715
