year,y_true,y_pred
2018,0.79,1.44475
2019,0.78,1.68475
2020,0.78,1.68475
2021,3.07,1.68475
2022,2.46,1.44475
