year,y_true,y_pred
2018,0.0,0.18822221
2019,0.0,0.18822221
2020,0.0,0.18822221
2021,0.0,0.18822221
2022,1.64,0.18822221
