year,y_true,y_pred
2018,8.7,6.29769
2019,3.92,6.493175
2020,0.0,6.29769
2021,7.69,7.756023
2022,18.88,8.363658
