year,y_true,y_pred
2018,24.39,29.531668
2019,34.73,29.531668
2020,34.63,28.01909
2021,31.09,28.01909
2022,24.22,30.549892
