year,y_true,y_pred
2018,226.46,259.13898
2019,236.18,265.847
2020,204.34,259.13898
2021,224.51,259.13898
2022,211.03,285.56213
