year,y_true,y_pred
2018,53.11,20.730848
2019,32.39,20.730848
2020,17.64,20.730848
2021,38.14,24.687626
2022,28.71,20.730848
