year,y_true,y_pred
2018,495.65,492.1622
2019,412.26,467.7271
2020,308.63,444.35486
2021,322.75,465.60965
2022,378.92,465.60965
