year,y_true,y_pred
2018,0.0,0.5677083
2019,0.0,0.5677083
2020,2.94,0.5677083
2021,0.0,0.5677083
2022,0.0,0.5677083
