year,y_true,y_pred
2018,11.8,14.950624
2019,11.78,15.40325
2020,14.7,13.0831995
2021,5.87,13.0831995
2022,14.35,16.825
