year,y_true,y_pred
2018,41.3,71.23867
2019,29.45,63.41842
2020,41.15,63.41842
2021,49.88,57.981068
2022,66.02,57.981068
