year,y_true,y_pred
2018,0.0,0.62857145
2019,0.0,0.62857145
2020,0.0,0.62857145
2021,0.0,0.62857145
2022,0.0,0.62857145
