year,y_true,y_pred
2018,103.26,105.60154
2019,129.57,105.60154
2020,108.76,105.60154
2021,134.97,105.60154
2022,180.85,105.60154
