year,y_true,y_pred
2018,428.64,655.41016
2019,925.93,1549.2958
2020,670.81,1549.2985
2021,764.87,469.30203
2022,1318.05,460.84018
