year,y_true,y_pred
2018,100.86,26.475334
2019,0.0,34.198334
2020,0.0,26.527334
2021,0.0,26.475334
2022,0.0,26.475334
