year,y_true,y_pred
2018,71.23,66.7241
2019,145.24,46.803123
2020,0.0,41.8475
2021,0.0,56.038002
2022,73.8,66.7241
