year,y_true,y_pred
2018,81.26,34.137264
2019,16.14,45.292416
2020,16.02,38.431164
2021,31.83,41.609917
2022,16.7,41.609917
