year,y_true,y_pred
2018,30.93,62.417377
2019,61.94,62.417377
2020,0.0,44.857143
2021,62.07,48.29225
2022,32.04,52.30925
