year,y_true,y_pred
2018,402.1,669.51056
2019,216.79,669.51056
2020,247.99,669.51056
2021,496.59,669.51056
2022,512.66,653.23706
