year,y_true,y_pred
2018,41.9,27.615126
2019,42.73,30.022001
2020,26.35,30.022001
2021,30.43,25.325901
2022,39.02,28.788689
