year,y_true,y_pred
2018,592.69,474.35516
2019,619.85,474.35516
2020,427.11,502.2163
2021,404.83,468.69742
2022,599.64,460.15167
