year,y_true,y_pred
2018,29.05,34.806583
2019,42.17,33.108665
2020,35.14,34.752583
2021,46.19,36.726665
2022,54.41,34.752583
