year,y_true,y_pred
2018,0.0,0.1334353
2019,0.0,0.1334353
2020,0.0,0.1334353
2021,0.0,0.1334353
2022,0.0,0.1334353
