year,y_true,y_pred
2018,38.54,41.298645
2019,56.6,42.468708
2020,56.0,44.586666
2021,51.08,41.298645
2022,59.91,43.805668
