year,y_true,y_pred
2018,16.76,17.39427
2019,19.42,17.913197
2020,20.31,19.827267
2021,19.56,16.911333
2022,25.83,16.911333
