year,y_true,y_pred
2018,5.55,24.043
2019,22.31,19.302
2020,5.6,16.994999
2021,28.15,15.353099
2022,35.12,24.043
