year,y_true,y_pred
2018,560.68,656.23083
2019,541.02,757.29266
2020,795.7,614.7725
2021,551.68,713.194
2022,376.34,801.79816
