year,y_true,y_pred
2018,51.69,40.6567
2019,76.85,41.10949
2020,31.75,24.368368
2021,56.68,22.47758
2022,25.67,26.26986
