year,y_true,y_pred
2018,47.81,70.527794
2019,95.33,77.86879
2020,23.75,83.448105
2021,0.0,77.541794
2022,48.48,77.541794
