year,y_true,y_pred
2018,43.92,43.865417
2019,21.99,21.682453
2020,44.02,21.760551
2021,22.04,0.24105436
2022,42.11,21.760551
