year,y_true,y_pred
2018,495.78,449.87268
2019,494.67,433.0146
2020,425.62,449.87268
2021,383.47,449.87268
2022,423.0,449.87268
