year,y_true,y_pred
2018,11.88,19.741
2019,20.73,16.113531
2020,8.87,10.4296
2021,17.7,9.557478
2022,18.66,10.4296
