year,y_true,y_pred
2018,0.0,0.34443507
2019,0.0,0.34443507
2020,0.0,0.34443507
2021,0.0,0.34443507
2022,0.0,0.34443507
