year,y_true,y_pred
2018,118.75,84.75379
2019,136.26,84.75379
2020,127.09,84.75379
2021,117.99,84.75379
2022,139.96,84.75379
