year,y_true,y_pred
2018,0.0,0.45415884
2019,0.0,0.45415884
2020,0.0,0.45415884
2021,0.0,0.45415884
2022,0.0,0.45415884
