year,y_true,y_pred
2018,8.91,7.9508967
2019,5.92,17.968138
2020,17.73,3.6324294
2021,20.65,7.9508967
2022,27.99,24.236471
