year,y_true,y_pred
2018,20.78,13.010333
2019,23.7,13.010333
2020,29.56,13.010333
2021,17.7,13.010333
2022,34.21,13.010333
