year,y_true,y_pred
2018,35.35,52.895973
2019,35.82,29.817596
2020,0.0,52.895973
2021,183.55,58.94322
2022,37.3,35.07858
