year,y_true,y_pred
2018,494.06,716.40936
2019,619.87,716.40936
2020,621.99,716.40936
2021,436.89,716.40936
2022,770.74,572.65955
