year,y_true,y_pred
2018,61.76,48.800934
2019,139.47,48.800934
2020,93.3,55.209835
2021,31.21,69.48667
2022,98.39,48.800934
