year,y_true,y_pred
2018,30.88,11.790569
2019,15.5,3.8381248
2020,62.2,14.008598
2021,31.21,2.2050362
2022,32.8,2.2050362
