year,y_true,y_pred
2018,77.2,10.985637
2019,77.48,23.124487
2020,93.3,35.032646
2021,62.41,35.032646
2022,49.2,35.032646
