year,y_true,y_pred
2018,41.47,33.988194
2019,39.08,30.56443
2020,38.29,31.69837
2021,41.66,31.69837
2022,43.94,30.56443
