year,y_true,y_pred
2018,0.53,0.132
2019,0.26,0.132
2020,0.78,0.217
2021,1.29,0.18225
2022,0.27,0.18225
