year,y_true,y_pred
2018,0.79,0.1140891
2019,0.0,0.43900865
2020,0.26,0.0053317626
2021,0.52,0.0062355795
2022,0.0,0.5470214
