year,y_true,y_pred
2018,21.92,19.500648
2019,25.44,19.499693
2020,25.53,19.499693
2021,30.27,19.499693
2022,35.15,19.499693
