year,y_true,y_pred
2018,91.65,71.31098
2019,96.25,71.31098
2020,88.56,71.31098
2021,82.02,71.31098
2022,86.02,71.31098
