year,y_true,y_pred
2018,14.87,57.500168
2019,88.9,65.210915
2020,73.84,57.521667
2021,88.33,57.500168
2022,119.96,57.500168
