year,y_true,y_pred
2018,473.25,810.29486
2019,550.35,810.29486
2020,403.96,771.9894
2021,600.72,810.29486
2022,963.24,771.9894
