year,y_true,y_pred
2018,41.15,68.24132
2019,61.15,68.24132
2020,80.79,56.004215
2021,40.05,55.823437
2022,76.05,68.24132
