year,y_true,y_pred
2018,37.21,2.817707
2019,12.41,13.964432
2020,24.85,0.51197135
2021,37.33,18.069666
2022,73.45,25.141323
