year,y_true,y_pred
2018,75.92,48.23871
2019,121.03,32.081665
2020,45.24,48.23871
2021,30.05,48.23871
2022,94.4,32.081665
