year,y_true,y_pred
2018,9.39,33.85321
2019,37.18,33.85321
2020,36.81,26.655666
2021,18.23,26.530209
2022,61.83,33.85321
