year,y_true,y_pred
2018,272.27,263.4005
2019,474.02,305.23212
2020,285.27,328.90363
2021,318.99,263.4005
2022,535.86,263.4005
