year,y_true,y_pred
2018,75.65,48.448666
2019,69.56,48.448666
2020,75.08,48.448666
2021,69.05,48.448666
2022,128.53,48.448666
