year,y_true,y_pred
2018,17.46,26.81862
2019,57.97,19.319931
2020,34.65,18.738483
2021,80.56,17.992237
2022,42.84,18.738035
