year,y_true,y_pred
2018,0.0,0.5369394
2019,0.0,0.5369394
2020,0.0,0.5369394
2021,0.0,0.5369394
2022,0.0,0.5369394
