year,y_true,y_pred
2018,5.82,0.5345449
2019,0.0,0.5345449
2020,0.0,0.5345449
2021,0.0,0.5345449
2022,0.0,0.5345449
