year,y_true,y_pred
2018,23.28,10.601877
2019,17.39,6.9559865
2020,0.0,10.601877
2021,11.51,10.601877
2022,0.0,6.9559865
