year,y_true,y_pred
2018,53.04,55.615124
2019,52.6,68.30387
2020,52.19,55.615124
2021,25.9,55.615124
2022,0.0,55.615124
