year,y_true,y_pred
2018,24.47,58.56483
2019,53.6,62.060207
2020,72.79,64.16321
2021,48.34,58.56483
2022,59.1,69.72867
