year,y_true,y_pred
2018,87.93,26.480434
2019,21.78,54.18898
2020,43.18,27.309353
2021,42.8,15.384137
2022,21.54,5.05406
