year,y_true,y_pred
2018,329.74,380.13446
2019,261.38,351.40024
2020,259.07,380.13446
2021,256.79,351.40024
2022,344.6,351.40024
