year,y_true,y_pred
2018,375.58,417.49323
2019,423.77,417.49323
2020,341.44,417.49323
2021,344.48,417.49323
2022,458.48,417.49323
