year,y_true,y_pred
2018,36.64,32.26774
2019,54.88,27.604702
2020,60.97,29.488886
2021,54.87,36.370636
2022,67.69,36.37087
