year,y_true,y_pred
2018,214.67,294.33853
2019,283.39,294.33853
2020,160.36,294.33853
2021,148.91,345.53247
2022,245.2,315.63058
