year,y_true,y_pred
2018,25.56,34.28371
2019,20.24,29.663633
2020,5.01,29.663633
2021,29.78,29.663633
2022,18.39,33.64021
