year,y_true,y_pred
2018,977.46,913.02325
2019,1077.92,960.3423
2020,856.8,960.3423
2021,907.32,913.02325
2022,1151.93,913.02325
