year,y_true,y_pred
2018,45.58,68.73454
2019,65.48,82.09204
2020,35.07,70.293045
2021,59.82,82.09204
2022,50.33,68.73454
