year,y_true,y_pred
2018,25.75,27.002121
2019,31.44,27.002121
2020,29.42,27.002121
2021,24.2,27.002121
2022,32.45,28.48655
