year,y_true,y_pred
2018,368.15,304.4952
2019,421.89,341.19437
2020,382.6,341.19437
2021,372.25,319.73944
2022,550.98,319.73944
