year,y_true,y_pred
2018,6.84,5.6022854
2019,6.79,5.250497
2020,5.28,5.3424854
2021,6.58,5.0725765
2022,12.37,5.6424885
