year,y_true,y_pred
2018,0.46,0.0697
2019,0.68,0.110125005
2020,0.9,0.046875
2021,0.45,0.046875
2022,0.53,0.046875
