year,y_true,y_pred
2018,73.95,54.657703
2019,82.57,54.657703
2020,85.35,54.657703
2021,78.4,54.657703
2022,96.29,54.657703
