year,y_true,y_pred
2018,72.47,42.385525
2019,74.2,42.385525
2020,68.73,42.385525
2021,67.13,42.385525
2022,91.76,42.385525
