year,y_true,y_pred
2018,0.23,0.274
2019,0.34,0.35500002
2020,0.34,0.35500002
2021,0.33,0.35500002
2022,0.66,0.35500002
