year,y_true,y_pred
2018,221.1,268.729
2019,345.48,288.60062
2020,125.0,299.7535
2021,186.57,268.729
2022,102.7,288.60062
