year,y_true,y_pred
2018,0.0,26.44896
2019,31.41,16.22919
2020,31.25,16.395084
2021,0.0,16.22919
2022,0.0,16.22919
