year,y_true,y_pred
2018,35.3,65.51852
2019,147.36,65.51852
2020,110.77,151.7962
2021,25.14,250.17058
2022,138.71,65.51852
