year,y_true,y_pred
2018,111.64,48.634365
2019,55.74,62.25833
2020,55.74,57.719334
2021,27.87,62.25833
2022,27.52,53.402042
