year,y_true,y_pred
2018,143.83,43.53106
2019,215.75,43.53106
2020,107.87,43.53106
2021,0.0,43.53106
2022,33.09,47.471375
