year,y_true,y_pred
2018,74.5,81.61824
2019,31.9,69.73184
2020,74.36,60.821964
2021,31.84,93.52673
2022,82.55,71.47876
