year,y_true,y_pred
2018,644.22,498.21545
2019,431.58,498.21545
2020,397.22,498.21545
2021,374.31,591.60376
2022,440.05,554.08026
