year,y_true,y_pred
2018,5.2,13.693666
2019,20.31,11.390666
2020,14.9,9.259958
2021,29.17,11.107082
2022,16.3,13.7665825
