year,y_true,y_pred
2018,54.66,51.29403
2019,23.96,43.71387
2020,41.37,51.29403
2021,35.0,42.489143
2022,35.73,51.29403
