year,y_true,y_pred
2018,32.79,63.427135
2019,101.25,16.288643
2020,34.76,13.778129
2021,35.79,63.427135
2022,0.0,16.288643
