year,y_true,y_pred
2018,94.34,84.04767
2019,79.88,96.93227
2020,75.28,84.04767
2021,90.8,88.38433
2022,148.27,96.93227
