year,y_true,y_pred
2018,55.0,71.561745
2019,70.35,62.11915
2020,67.39,81.43844
2021,84.53,84.32863
2022,118.6,76.13298
