year,y_true,y_pred
2018,15.98,17.033737
2019,12.66,17.033737
2020,11.23,17.033737
2021,15.41,17.033737
2022,24.8,17.033737
