year,y_true,y_pred
2018,0.0,0.08140581
2019,0.0,0.08140581
2020,0.47,0.08140581
2021,0.0,0.08140581
2022,0.54,0.08140581
