year,y_true,y_pred
2018,143.84,112.23242
2019,138.82,129.99388
2020,165.2,124.659546
2021,148.51,125.367256
2022,173.58,125.367256
