year,y_true,y_pred
2018,0.0,0.23718631
2019,0.47,0.23718631
2020,0.0,0.26034424
2021,0.0,0.0025435863
2022,1.08,0.0005621644
