year,y_true,y_pred
2018,30.08,34.912
2019,24.39,34.027
2020,29.01,34.027
2021,30.36,32.385124
2022,49.6,34.716686
