year,y_true,y_pred
2018,1433.84,696.5902
2019,1074.82,696.5902
2020,1084.69,717.45087
2021,715.19,717.45087
2022,1122.07,788.35034
