year,y_true,y_pred
2018,40.97,65.25329
2019,41.34,77.12279
2020,125.16,77.12279
2021,126.21,70.88833
2022,102.01,65.25329
