year,y_true,y_pred
2018,44.66,50.03125
2019,31.87,54.044582
2020,46.05,58.205585
2021,43.16,54.044582
2022,108.71,58.205585
