year,y_true,y_pred
2018,61.66,51.03015
2019,55.36,51.03015
2020,37.6,51.03015
2021,71.8,50.356773
2022,66.24,46.631207
