mae,rmse,r2,city,model,sequence_length,forecast_horizon,normalization,val_size
0.16757204383611676,0.21964795634163395,0.15461038604973476,4315073,xgboost,8,4,,
