year,y_true,y_pred
2018,122.97,66.09067
2019,11.12,52.721962
2020,121.61,61.978462
2021,32.99,63.380085
2022,75.0,61.978462
