year,y_true,y_pred
2018,46.7,65.04712
2019,38.74,78.028145
2020,69.41,93.4815
2021,76.79,32.520737
2022,80.12,70.862595
