year,y_true,y_pred
2018,591.49,659.3771
2019,511.31,659.3771
2020,632.42,686.84344
2021,376.26,733.6523
2022,997.06,686.84344
