year,y_true,y_pred
2018,105.49,57.07727
2019,53.33,57.07727
2020,80.91,68.39146
2021,136.28,68.36146
2022,50.94,70.32796
