year,y_true,y_pred
2018,59.28,73.78983
2019,56.81,73.78983
2020,34.48,73.78983
2021,71.21,73.78983
2022,88.97,32.856552
