year,y_true,y_pred
2018,0.0,0.68738097
2019,0.0,0.68738097
2020,0.0,0.68738097
2021,0.0,0.68738097
2022,0.0,0.68738097
