year,y_true,y_pred
2018,32.11,59.729904
2019,49.4,62.308884
2020,41.87,57.040928
2021,51.57,37.248196
2022,56.19,59.372112
