year,y_true,y_pred
2018,128.44,118.85604
2019,103.74,107.44898
2020,71.42,125.534546
2021,105.59,32.319653
2022,95.99,135.60547
