year,y_true,y_pred
2018,7.41,9.436334
2019,9.88,9.436334
2020,29.55,9.436334
2021,27.01,10.81275
2022,21.07,10.81275
