year,y_true,y_pred
2018,78.08,29.423752
2019,53.26,36.196102
2020,13.06,30.548
2021,41.7,32.303432
2022,29.78,32.389458
