year,y_true,y_pred
2018,0.0,4.671889
2019,3.33,1.6637094
2020,0.0,3.4276667
2021,3.21,5.8144393
2022,2.48,5.8144393
