year,y_true,y_pred
2018,207.09,144.4775
2019,206.36,144.4775
2020,124.11,144.4775
2021,160.4,135.93689
2022,161.28,173.78683
