year,y_true,y_pred
2018,50.92,21.20425
2019,59.91,21.20425
2020,42.46,21.20425
2021,64.16,21.20425
2022,59.55,21.20425
