year,y_true,y_pred
2018,39.3,40.457664
2019,24.95,37.679165
2020,35.56,37.679165
2021,63.87,40.978165
2022,71.77,42.343166
