year,y_true,y_pred
2018,39.3,12.692333
2019,14.26,12.692333
2020,17.78,12.780791
2021,35.48,13.331292
2022,29.55,12.692333
