year,y_true,y_pred
2018,75.03,50.260437
2019,53.46,46.76126
2020,103.13,53.534393
2021,81.61,46.76126
2022,122.43,46.76126
