year,y_true,y_pred
2018,25.01,6.1176586
2019,14.26,9.733742
2020,32.0,6.1176586
2021,46.13,6.1176586
2022,25.33,9.733742
