year,y_true,y_pred
2018,54.05,90.912994
2019,59.56,101.67799
2020,70.91,85.98187
2021,82.09,85.98187
2022,100.93,85.98187
