year,y_true,y_pred
2018,852.03,823.7547
2019,883.07,780.17633
2020,571.43,762.88837
2021,716.33,823.7547
2022,830.24,823.7547
