year,y_true,y_pred
2018,85.2,126.914856
2019,85.46,73.55388
2020,57.14,121.08242
2021,14.33,126.914856
2022,74.13,100.7928
