year,y_true,y_pred
2018,20.46,59.174267
2019,20.54,59.174267
2020,41.23,51.111332
2021,103.46,51.111332
2022,66.56,55.184418
