year,y_true,y_pred
2018,85.68,42.495266
2019,51.31,44.261333
2020,39.83,44.261333
2021,34.07,46.684166
2022,64.44,42.495266
