year,y_true,y_pred
2018,51.76,68.08311
2019,86.22,62.983074
2020,91.91,68.08311
2021,51.66,75.19366
2022,77.81,62.983074
