year,y_true,y_pred
2018,51.76,45.60633
2019,80.47,45.60633
2020,91.91,48.603333
2021,91.84,45.60633
2022,83.37,45.60633
