year,y_true,y_pred
2018,115.03,109.623
2019,149.44,121.20137
2020,120.63,138.062
2021,80.36,121.20137
2022,172.29,109.623
