year,y_true,y_pred
2018,0.0,0.57890624
2019,0.0,0.57890624
2020,0.0,0.57890624
2021,0.0,0.57890624
2022,5.56,0.57890624
