year,y_true,y_pred
2018,17.25,27.785421
2019,34.49,27.911402
2020,51.7,26.926332
2021,63.14,26.986534
2022,38.9,27.785421
