year,y_true,y_pred
2018,631.73,550.30237
2019,706.5,550.30237
2020,540.02,550.30237
2021,607.06,679.91
2022,834.5,550.30237
