year,y_true,y_pred
2018,59.89,46.269894
2019,65.27,53.161377
2020,55.34,46.269894
2021,51.22,46.269894
2022,97.39,46.269894
