year,y_true,y_pred
2018,19.32,10.785472
2019,23.04,10.784682
2020,22.9,10.785089
2021,15.18,10.785089
2022,30.99,10.784682
