year,y_true,y_pred
2018,150.69,171.06053
2019,142.07,160.06117
2020,141.21,165.31488
2021,197.29,165.31488
2022,197.0,171.06053
