year,y_true,y_pred
2018,15.46,9.203857
2019,7.68,13.105508
2020,11.45,7.772625
2021,11.38,7.772625
2022,6.64,7.772625
