year,y_true,y_pred
2018,0.0,0.7977159
2019,3.84,2.2679594
2020,0.0,3.9240928
2021,7.59,0.7977159
2022,4.43,0.38098726
