year,y_true,y_pred
2018,91.19,97.338264
2019,54.41,106.74447
2020,94.7,97.338264
2021,71.77,106.74447
2022,138.78,97.338264
