year,y_true,y_pred
2018,816.12,833.88385
2019,761.7,833.88385
2020,838.74,833.88385
2021,820.89,832.98016
2022,966.11,833.88385
