year,y_true,y_pred
2018,42.68,33.186665
2019,48.85,33.186665
2020,38.42,33.186665
2021,26.06,29.354502
2022,43.89,36.939465
