year,y_true,y_pred
2018,307.77,283.41888
2019,289.77,283.41888
2020,253.59,283.41888
2021,284.5,283.41888
2022,322.88,283.41888
