year,y_true,y_pred
2018,14.6,15.209312
2019,25.54,15.209312
2020,20.86,13.109875
2021,22.8,15.209312
2022,13.58,15.209312
