year,y_true,y_pred
2018,66.27,58.255856
2019,79.94,52.39101
2020,58.18,64.70968
2021,59.72,52.39101
2022,56.43,59.995045
