year,y_true,y_pred
2018,15.73,19.366714
2019,23.31,20.831734
2020,17.56,19.366714
2021,14.12,20.831734
2022,37.62,18.120934
