year,y_true,y_pred
2018,0.0,0.12353334
2019,0.0,0.12353334
2020,0.0,0.12353334
2021,0.0,0.12353334
2022,0.0,0.12353334
