year,y_true,y_pred
2018,587.4,521.0513
2019,485.59,576.09204
2020,500.1,479.77866
2021,478.23,521.0513
2022,278.58,566.1763
