year,y_true,y_pred
2018,65.27,12.657326
2019,42.35,21.621052
2020,56.19,24.472979
2021,47.54,17.856632
2022,23.0,17.856632
