year,y_true,y_pred
2018,42.54,58.992096
2019,55.75,58.992096
2020,44.18,58.992096
2021,55.22,58.992096
2022,60.59,58.992096
