year,y_true,y_pred
2018,144.21,168.46141
2019,156.91,173.18095
2020,154.11,188.25838
2021,161.58,188.10571
2022,176.26,168.70328
