year,y_true,y_pred
2018,21.79,7.2276664
2019,12.39,7.2276664
2020,23.63,7.2276664
2021,15.34,7.2276664
2022,24.24,7.2276664
