year,y_true,y_pred
2018,2.07,9.9349345e-06
2019,1.03,1.0971221
2020,0.0,9.9349345e-06
2021,0.0,0.24747987
2022,0.0,9.9349345e-06
