year,y_true,y_pred
2018,18.67,10.366479
2019,16.52,11.807542
2020,12.33,11.257042
2021,19.43,11.573542
2022,24.24,11.573542
