year,y_true,y_pred
2018,781.49,684.83997
2019,713.96,684.83997
2020,585.46,754.183
2021,593.65,684.83997
2022,947.14,754.183
