year,y_true,y_pred
2018,91.05,62.674667
2019,68.36,62.674667
2020,68.43,62.674667
2021,45.67,62.674667
2022,61.11,50.418953
