year,y_true,y_pred
2018,121.51,86.642815
2019,122.47,12.9508295
2020,61.77,12.9508295
2021,62.27,116.421265
2022,129.03,116.421265
