year,y_true,y_pred
2018,1397.33,844.51764
2019,1347.21,917.40247
2020,1358.86,917.40247
2021,684.93,917.40247
2022,989.25,845.65967
