year,y_true,y_pred
2018,66.02,41.34382
2019,32.71,48.073196
2020,18.53,52.587955
2021,68.88,48.073196
2022,53.85,49.81553
