year,y_true,y_pred
2018,801.62,717.94025
2019,672.83,703.9707
2020,606.73,762.14996
2021,835.71,671.90936
2022,906.44,703.9707
