year,y_true,y_pred
2018,61.3,62.00417
2019,93.45,62.00417
2020,83.37,66.10907
2021,142.35,62.00417
2022,112.18,62.00417
