year,y_true,y_pred
2018,0.0,0.45609093
2019,0.0,0.45609093
2020,0.0,0.45609093
2021,4.59,0.45609093
2022,0.0,0.45609093
