year,y_true,y_pred
2018,18.86,14.549778
2019,14.02,19.61583
2020,23.16,8.980063
2021,18.37,13.559902
2022,22.44,23.73412
