year,y_true,y_pred
2018,66.02,43.49541
2019,42.05,30.939476
2020,55.58,37.929935
2021,41.33,30.939476
2022,35.9,38.47581
