year,y_true,y_pred
2018,176.06,54.28936
2019,119.26,54.28936
2020,242.28,54.28936
2021,0.0,54.28936
2022,0.0,1.7059044
