year,y_true,y_pred
2018,69.8,66.33873
2019,48.18,76.29379
2020,60.49,59.42566
2021,49.67,74.897964
2022,59.28,66.33873
