year,y_true,y_pred
2018,180.83,479.74896
2019,809.35,573.43787
2020,357.78,813.01666
2021,444.84,573.43787
2022,938.57,833.49445
