year,y_true,y_pred
2018,61.89,34.0704
2019,20.53,25.53825
2020,20.45,34.359375
2021,40.72,34.0704
2022,19.25,34.0704
