year,y_true,y_pred
2018,1093.46,890.74304
2019,882.96,890.74304
2020,899.61,987.9593
2021,997.76,987.9593
2022,654.48,987.9593
