year,y_true,y_pred
2018,27.74,31.341755
2019,47.42,35.04172
2020,46.36,38.67897
2021,41.06,37.468872
2022,33.09,31.341755
