year,y_true,y_pred
2018,143.47,100.913795
2019,71.97,87.8155
2020,36.1,100.913795
2021,72.44,100.913795
2022,149.76,100.913795
