year,y_true,y_pred
2018,553.94,418.62836
2019,710.27,418.62836
2020,450.59,581.7145
2021,396.1,418.62836
2022,387.25,418.62836
