year,y_true,y_pred
2018,0.0,41.23733
2019,59.19,36.671333
2020,90.12,53.449333
2021,30.47,41.23733
2022,29.79,30.44329
