year,y_true,y_pred
2018,254.7,208.47063
2019,316.87,208.47606
2020,270.6,170.55286
2021,278.4,225.139
2022,315.02,166.68356
