year,y_true,y_pred
2018,10.95,4.1000595
2019,5.42,5.441952
2020,5.36,4.1000595
2021,18.56,4.1000595
2022,14.54,7.0833874
