year,y_true,y_pred
2018,73.94,57.122684
2019,40.62,57.122684
2020,69.66,57.122684
2021,55.68,57.122684
2022,65.43,57.122684
