year,y_true,y_pred
2018,0.0,0.69266325
2019,2.71,0.69266325
2020,0.0,0.69266325
2021,0.0,0.69266325
2022,0.0,0.69266325
