year,y_true,y_pred
2018,60.25,56.42599
2019,70.41,56.42599
2020,77.7,56.42599
2021,76.89,56.42599
2022,77.54,56.42599
