year,y_true,y_pred
2018,803.95,1009.11127
2019,1145.04,961.6563
2020,795.66,934.36145
2021,665.83,1037.6892
2022,905.07,635.2708
