year,y_true,y_pred
2018,18.27,59.050083
2019,54.53,67.903534
2020,54.25,52.492905
2021,53.99,59.050083
2022,63.14,67.903534
