year,y_true,y_pred
2018,361.9,417.2373
2019,411.94,417.2373
2020,356.55,438.79242
2021,413.34,417.2373
2022,518.75,438.79242
