year,y_true,y_pred
2018,39.24,52.66034
2019,67.93,52.051952
2020,33.07,52.139343
2021,44.34,51.986443
2022,66.39,51.273533
