year,y_true,y_pred
2018,40.7,43.722248
2019,52.04,43.722248
2020,48.88,43.722248
2021,65.79,43.722248
2022,54.04,39.926582
