year,y_true,y_pred
2018,0.0,0.98775005
2019,0.0,0.98775005
2020,0.0,0.98775005
2021,2.86,0.98775005
2022,0.0,0.7965
