year,y_true,y_pred
2018,20.35,21.854876
2019,30.35,21.854876
2020,21.57,20.030958
2021,24.31,21.854876
2022,38.6,21.854876
