year,y_true,y_pred
2018,88.66,107.07967
2019,105.52,84.26567
2020,106.39,106.05151
2021,98.69,106.05151
2022,114.25,106.05151
