year,y_true,y_pred
2018,37.56,47.05613
2019,42.89,41.556572
2020,31.13,46.150524
2021,28.02,41.556572
2022,28.99,41.556572
