year,y_true,y_pred
2018,471.0,396.40036
2019,577.54,396.40036
2020,367.88,512.0266
2021,338.98,396.40036
2022,402.98,396.40036
