year,y_true,y_pred
2018,0.0,105.785
2019,64.06,105.785
2020,64.23,78.99575
2021,193.17,78.99575
2022,0.0,88.246
