year,y_true,y_pred
2018,18.95,26.271439
2019,61.36,26.271439
2020,32.93,24.389126
2021,18.76,21.642
2022,25.83,21.642
