year,y_true,y_pred
2018,639.45,708.08636
2019,943.98,708.08636
2020,620.94,818.11615
2021,600.21,708.08636
2022,929.99,708.08636
