year,y_true,y_pred
2018,72.96,39.223118
2019,67.73,39.223118
2020,78.13,39.223118
2021,67.69,39.223118
2022,70.93,39.223118
