year,y_true,y_pred
2018,37.7,28.79779
2019,44.02,23.786333
2020,39.32,23.786333
2021,41.21,23.786333
2022,38.15,26.030293
