year,y_true,y_pred
2018,33.27,53.763294
2019,60.01,53.763294
2020,50.62,76.22334
2021,65.04,40.063156
2022,89.53,75.44099
