year,y_true,y_pred
2018,559.47,1223.4152
2019,714.14,1223.4152
2020,684.91,1223.4152
2021,688.8,1010.56866
2022,889.16,1010.56866
