year,y_true,y_pred
2018,13.52,2.7351048
2019,13.04,2.7351048
2020,12.63,2.7351048
2021,0.0,2.7351048
2022,25.73,2.7351048
