year,y_true,y_pred
2018,202.84,105.00655
2019,234.77,105.00655
2020,88.38,184.49887
2021,134.44,105.00655
2022,295.93,105.00655
