year,y_true,y_pred
2018,43.67,15.207375
2019,0.0,15.207375
2020,87.6,44.44294
2021,43.88,73.92989
2022,86.96,73.92989
