year,y_true,y_pred
2018,960.7,883.5861
2019,393.53,883.5861
2020,657.03,1068.348
2021,351.03,959.26984
2022,565.22,943.92633
