year,y_true,y_pred
2018,43.81,53.93838
2019,49.53,53.93838
2020,64.48,53.93838
2021,54.43,46.212784
2022,47.53,60.207092
