year,y_true,y_pred
2018,67.32,68.65812
2019,52.69,67.26169
2020,58.24,66.077675
2021,64.7,64.284744
2022,65.35,68.65812
