year,y_true,y_pred
2018,0.0,0.4633528
2019,0.0,0.4633528
2020,0.0,0.4633528
2021,0.0,0.4633528
2022,0.0,0.4633528
