year,y_true,y_pred
2018,22.44,16.348978
2019,15.81,22.420218
2020,13.52,16.348978
2021,24.65,16.348978
2022,20.37,22.420218
