year,y_true,y_pred
2018,263.55,292.11383
2019,240.16,306.92914
2020,209.04,314.41528
2021,286.31,306.92914
2022,394.0,326.9864
