year,y_true,y_pred
2018,46.51,41.240852
2019,7.75,31.705809
2020,46.45,41.240852
2021,23.21,31.705809
2022,55.3,41.240852
