year,y_true,y_pred
2018,7.75,16.539127
2019,15.49,15.905087
2020,30.97,8.475901
2021,0.0,25.4501
2022,13.82,15.870957
