year,y_true,y_pred
2018,31.01,18.528727
2019,54.23,18.108067
2020,15.48,20.623865
2021,46.43,19.590462
2022,62.21,21.57855
