year,y_true,y_pred
2018,108.52,109.50636
2019,154.94,109.50636
2020,170.33,68.84968
2021,154.76,109.50636
2022,110.6,109.50636
