year,y_true,y_pred
2018,70.47,65.639
2019,75.83,72.841896
2020,61.33,72.841896
2021,68.11,65.639
2022,88.67,68.9134
