year,y_true,y_pred
2018,35.41,46.2472
2019,26.46,46.05522
2020,17.58,30.737782
2021,48.17,40.062378
2022,67.31,69.736275
