year,y_true,y_pred
2018,433.76,591.64044
2019,480.6,591.64044
2020,333.95,591.64044
2021,503.63,591.64044
2022,502.25,591.64044
