year,y_true,y_pred
2018,49.91,57.030003
2019,53.14,57.030003
2020,52.23,57.030003
2021,53.07,57.030003
2022,52.84,57.030003
