year,y_true,y_pred
2018,565.12,509.61267
2019,458.51,546.6332
2020,448.09,475.5561
2021,422.25,475.5561
2022,464.15,509.61267
