year,y_true,y_pred
2018,1.49,2.456
2019,2.65,1.8372437
2020,1.75,2.2636437
2021,2.88,2.2636437
2022,1.76,2.086141
