year,y_true,y_pred
2018,0.0,0.0009735258
2019,0.0,0.0009735258
2020,0.0,0.024023725
2021,0.0,0.024023725
2022,0.0,0.024023725
