year,y_true,y_pred
2018,7.45,7.1119995
2019,6.92,7.683687
2020,9.75,7.683687
2021,11.94,7.4131246
2022,9.89,7.3219995
