year,y_true,y_pred
2018,136.33,133.87364
2019,131.44,141.5503
2020,131.23,141.92387
2021,145.26,141.87555
2022,149.84,140.52719
