year,y_true,y_pred
2018,16.09,11.536791
2019,18.55,11.823291
2020,20.66,11.748291
2021,20.71,11.748291
2022,20.86,11.748291
