year,y_true,y_pred
2018,220.04,416.76532
2019,179.46,246.3123
2020,139.17,262.19406
2021,436.16,262.19406
2022,413.05,662.387
