year,y_true,y_pred
2018,20.0,22.687668
2019,59.82,22.636667
2020,19.88,25.762459
2021,0.0,22.636667
2022,41.31,29.113667
