year,y_true,y_pred
2018,32.41,65.755165
2019,0.0,65.755165
2020,64.5,65.755165
2021,64.33,65.755165
2022,0.0,65.755165
