year,y_true,y_pred
2018,583.47,429.72275
2019,775.95,429.72275
2020,451.47,429.72275
2021,546.8,479.78494
2022,752.69,499.00464
