year,y_true,y_pred
2018,0.0,6.945031
2019,18.84,7.3337445
2020,56.4,12.381256
2021,0.0,12.311881
2022,0.0,7.3337445
