year,y_true,y_pred
2018,57.9,52.467667
2019,29.08,52.467667
2020,58.41,52.025333
2021,117.34,52.467667
2022,63.03,52.467667
