year,y_true,y_pred
2018,50.61,47.033333
2019,12.54,40.624977
2020,12.43,49.519543
2021,24.65,47.033333
2022,41.1,52.851044
