year,y_true,y_pred
2018,19.06,10.312426
2019,0.0,10.628427
2020,0.0,0.0023396476
2021,37.47,21.419802
2022,21.94,42.802464
