year,y_true,y_pred
2018,257.31,192.95445
2019,416.79,192.95445
2020,226.03,192.95445
2021,243.56,192.95445
2022,384.02,192.95445
