year,y_true,y_pred
2018,34.14,18.12147
2019,12.33,17.493622
2020,45.94,18.180439
2021,54.79,19.849186
2022,24.62,18.084463
