year,y_true,y_pred
2018,161.41,288.5355
2019,243.44,288.5355
2020,257.24,288.5355
2021,261.79,288.31735
2022,277.82,330.21606
