year,y_true,y_pred
2018,0.0,43.65751
2019,55.57,28.841225
2020,48.2,29.057144
2021,40.62,31.82114
2022,59.44,34.760662
