year,y_true,y_pred
2018,188.22,690.12445
2019,341.35,690.12445
2020,385.57,690.12445
2021,373.74,690.12445
2022,441.58,690.12445
