year,y_true,y_pred
2018,15.69,8.489379
2019,15.88,8.49107
2020,32.13,8.49107
2021,0.0,8.489379
2022,25.48,0.0011717298
