year,y_true,y_pred
2018,94.11,57.956333
2019,134.95,52.962414
2020,168.69,54.201332
2021,121.87,52.962414
2022,144.36,52.962414
