year,y_true,y_pred
2018,0.0,0.65945
2019,0.0,0.65945
2020,0.0,0.65945
2021,0.0,0.65945
2022,0.0,0.65945
