year,y_true,y_pred
2018,7.84,11.77675
2019,7.94,11.77675
2020,16.07,11.77675
2021,24.37,11.77675
2022,42.46,11.77675
