year,y_true,y_pred
2018,378.79,272.56677
2019,509.74,327.18298
2020,385.75,298.42966
2021,537.34,327.18298
2022,558.56,298.42966
