year,y_true,y_pred
2018,72.15,22.504667
2019,54.61,22.504667
2020,110.21,18.49796
2021,55.59,22.504667
2022,104.73,18.49796
