year,y_true,y_pred
2018,38.01,6.827846
2019,37.61,6.827846
2020,74.43,6.827846
2021,36.85,44.452824
2022,43.27,6.827846
