year,y_true,y_pred
2018,228.05,178.72624
2019,225.65,178.72624
2020,111.65,178.72624
2021,479.0,178.72624
2022,259.63,214.33258
