year,y_true,y_pred
2018,74.38,25.551771
2019,38.28,18.346958
2020,39.43,12.567233
2021,40.62,12.567233
2022,33.74,12.567233
