year,y_true,y_pred
2018,94.45,102.481
2019,63.69,86.750626
2020,64.4,86.750626
2021,65.09,93.34287
2022,71.65,93.34287
