year,y_true,y_pred
2018,18.91,50.683
2019,38.32,39.701313
2020,58.23,50.683
2021,39.32,39.701313
2022,21.44,57.966003
