year,y_true,y_pred
2018,381.82,366.99655
2019,305.62,430.31216
2020,206.34,354.12268
2021,229.0,357.0212
2022,314.5,357.0212
