year,y_true,y_pred
2018,73.9,34.08451
2019,48.9,36.696465
2020,36.41,41.441536
2021,36.16,23.925474
2022,75.48,23.925474
