year,y_true,y_pred
2018,12.32,8.20275
2019,24.45,5.8063126
2020,0.0,12.72075
2021,12.05,8.20275
2022,12.58,5.8063126
