year,y_true,y_pred
2018,61.58,28.926334
2019,61.12,28.926334
2020,24.27,28.926334
2021,108.47,28.926334
2022,100.64,28.926334
