year,y_true,y_pred
2018,22.25,10.016916
2019,0.0,6.3285165
2020,22.16,6.3285165
2021,22.11,6.3285165
2022,47.87,6.3285165
