year,y_true,y_pred
2018,31.53,28.225054
2019,46.82,54.20306
2020,76.77,58.0278
2021,76.1,27.772444
2022,81.65,27.772444
