year,y_true,y_pred
2018,788.15,997.67633
2019,905.26,846.9896
2020,568.09,846.9896
2021,608.83,892.064
2022,767.47,918.62933
