year,y_true,y_pred
2018,46.71,10.19022
2019,52.86,10.599497
2020,26.18,10.600056
2021,64.85,10.746592
2022,66.21,10.599497
