year,y_true,y_pred
2018,407.02,397.2853
2019,469.14,350.52435
2020,510.5,411.51736
2021,466.9,411.51736
2022,701.8,388.46082
