year,y_true,y_pred
2018,31.36,25.320951
2019,0.0,25.320951
2020,10.61,25.320951
2021,21.37,20.182333
2022,8.87,25.320951
