year,y_true,y_pred
2018,0.0,33.114834
2019,0.0,18.304958
2020,82.58,18.304958
2021,0.0,19.161833
2022,40.26,33.114834
