year,y_true,y_pred
2018,125.63,341.38504
2019,0.0,341.38504
2020,371.59,563.1498
2021,123.0,563.1498
2022,281.8,563.1498
