year,y_true,y_pred
2018,50.23,75.868996
2019,24.88,88.39137
2020,98.63,75.868996
2021,12.22,81.84162
2022,62.06,75.868996
