year,y_true,y_pred
2018,59.63,53.79077
2019,80.13,53.79077
2020,100.93,57.514523
2021,40.68,46.037666
2022,36.27,53.79077
