year,y_true,y_pred
2018,52.16,44.205666
2019,64.88,44.205666
2020,58.11,49.387733
2021,64.28,44.205666
2022,68.92,49.387733
