year,y_true,y_pred
2018,510.86,916.01154
2019,777.53,916.01154
2020,914.97,964.8905
2021,815.69,964.8905
2022,1199.55,796.83734
