year,y_true,y_pred
2018,47.89,91.97483
2019,126.94,91.97483
2020,126.2,91.97483
2021,78.43,95.700836
2022,113.47,95.700836
