year,y_true,y_pred
2018,0.0,22.345457
2019,0.0,21.783632
2020,0.0,24.60477
2021,15.69,24.60477
2022,16.21,24.60477
