year,y_true,y_pred
2018,31.93,23.586668
2019,47.6,24.346333
2020,15.78,21.026167
2021,15.69,24.346333
2022,32.42,26.158333
