year,y_true,y_pred
2018,0.0,86.05891
2019,129.45,-2.3906523e-05
2020,128.87,73.31578
2021,64.18,71.9175
2022,0.0,61.541763
