year,y_true,y_pred
2018,7.19,15.503866
2019,42.31,15.503866
2020,34.63,25.270334
2021,40.83,25.270334
2022,34.86,25.270334
