year,y_true,y_pred
2018,265.88,227.4992
2019,331.45,240.24167
2020,256.23,210.9242
2021,340.27,240.24167
2022,453.22,210.9242
