year,y_true,y_pred
2018,40.29,44.727875
2019,40.59,44.727875
2020,44.22,44.727875
2021,49.67,44.727875
2022,45.41,51.355408
