year,y_true,y_pred
2018,29.24,56.13143
2019,30.08,56.13143
2020,123.8,56.13143
2021,0.0,39.661896
2022,155.96,52.478664
