year,y_true,y_pred
2018,818.71,1014.2791
2019,782.19,1014.2791
2020,959.46,846.95776
2021,1113.59,846.95776
2022,966.94,846.95776
