year,y_true,y_pred
2018,671.42,753.51276
2019,666.52,751.89215
2020,699.93,641.2837
2021,612.18,641.2837
2022,642.96,644.54785
