year,y_true,y_pred
2018,43.22,59.350967
2019,55.16,59.350967
2020,44.13,59.350967
2021,57.44,59.350967
2022,47.85,59.350967
