year,y_true,y_pred
2018,531.18,943.23035
2019,549.88,943.23035
2020,378.81,943.23035
2021,324.21,943.23035
2022,462.44,943.23035
