year,y_true,y_pred
2018,36.38,56.720367
2019,49.99,48.706333
2020,28.06,47.083767
2021,55.18,52.666542
2022,19.0,47.083767
