year,y_true,y_pred
2018,779.5,461.42188
2019,777.08,461.42188
2020,813.48,461.42188
2021,463.54,461.42188
2022,964.53,461.42188
