year,y_true,y_pred
2018,58.46,38.938347
2019,48.57,10.220188
2020,77.47,49.247753
2021,38.63,49.247753
2022,42.87,58.708473
