year,y_true,y_pred
2018,9.74,12.241751
2019,0.0,6.2846365
2020,29.05,6.2846365
2021,0.0,6.2846365
2022,21.43,6.2846365
