year,y_true,y_pred
2018,0.0,1.1320686
2019,0.0,1.1320686
2020,0.0,1.1320686
2021,0.0,1.1320686
2022,10.72,1.1320686
