year,y_true,y_pred
2018,155.9,91.04791
2019,106.85,49.34323
2020,184.0,48.930195
2021,144.86,91.04791
2022,139.32,49.34323
