year,y_true,y_pred
2018,0.0,16.856691
2019,38.85,17.184141
2020,38.74,17.383942
2021,38.63,17.383942
2022,42.87,16.856691
