year,y_true,y_pred
2018,109.39,69.911415
2019,140.19,99.16377
2020,114.99,75.157646
2021,132.68,99.16377
2022,96.55,75.157646
