year,y_true,y_pred
2018,10.73,10.175333
2019,26.35,10.175333
2020,5.18,6.1451044
2021,30.55,7.980292
2022,10.43,7.5953336
