year,y_true,y_pred
2018,214.62,227.95166
2019,163.36,264.48422
2020,88.03,249.88795
2021,305.45,274.55396
2022,359.9,264.48422
