year,y_true,y_pred
2018,16.1,11.373792
2019,15.81,11.373792
2020,10.36,11.373792
2021,61.09,6.8212914
2022,20.86,11.373792
