year,y_true,y_pred
2018,53.65,35.54292
2019,79.04,33.309418
2020,41.43,35.54292
2021,35.64,39.226044
2022,31.3,39.226044
