year,y_true,y_pred
2018,5.37,2.2136192
2019,5.27,2.2136192
2020,0.0,2.2136192
2021,0.0,2.2136192
2022,15.65,2.2136192
