year,y_true,y_pred
2018,5.37,2.9593332
2019,15.81,2.866854
2020,0.0,5.497792
2021,5.09,2.866854
2022,5.22,5.497792
