year,y_true,y_pred
2018,694.44,723.50793
2019,216.22,795.90485
2020,163.93,640.13025
2021,276.4,684.9255
2022,485.7,663.5029
