year,y_true,y_pred
2018,53.42,31.439934
2019,0.0,31.439934
2020,54.64,42.720085
2021,0.0,31.439934
2022,53.97,42.720085
