year,y_true,y_pred
2018,32.23,21.120096
2019,27.17,41.28487
2020,28.98,36.704613
2021,41.74,36.755314
2022,32.16,38.542305
