year,y_true,y_pred
2018,145.26,124.281006
2019,118.4,117.202
2020,70.37,138.088
2021,122.9,124.281006
2022,89.21,117.202
