year,y_true,y_pred
2018,36.25,42.54375
2019,14.47,42.54375
2020,21.68,39.45075
2021,43.28,33.766716
2022,18.34,33.766716
