year,y_true,y_pred
2018,13.08,26.11681
2019,19.52,34.477684
2020,38.84,26.500431
2021,25.77,20.122536
2022,15.27,38.89792
