year,y_true,y_pred
2018,65.41,64.82052
2019,45.54,64.38535
2020,51.79,65.15815
2021,96.64,66.2667
2022,122.16,64.82052
