year,y_true,y_pred
2018,6.54,12.958267
2019,32.53,12.958267
2020,6.47,12.958505
2021,25.77,4.8834596
2022,7.63,12.958505
