year,y_true,y_pred
2018,13.08,23.403
2019,39.03,23.388
2020,64.73,24.78375
2021,64.43,24.435751
2022,106.89,24.435751
