year,y_true,y_pred
2018,29.94,26.124605
2019,61.12,32.053356
2020,93.57,32.053356
2021,63.65,32.053356
2022,60.99,26.124605
