year,y_true,y_pred
2018,991.78,631.2577
2019,841.35,682.99194
2020,907.79,588.54767
2021,593.68,684.9817
2022,738.99,588.54767
