year,y_true,y_pred
2018,96.76,56.615345
2019,48.08,38.4159
2020,71.67,56.615345
2021,47.49,70.8833
2022,59.12,95.39527
