year,y_true,y_pred
2018,98.17,58.303425
2019,129.66,83.926506
2020,0.0,58.235924
2021,95.57,83.926506
2022,72.78,79.79855
