year,y_true,y_pred
2018,88.03,55.17342
2019,117.16,54.48042
2020,29.24,54.48042
2021,145.94,66.11733
2022,155.42,54.54942
