year,y_true,y_pred
2018,13.63,22.242916
2019,27.52,23.966333
2020,52.1,22.425333
2021,49.09,20.001041
2022,74.09,21.251417
