year,y_true,y_pred
2018,29.38,66.28
2019,147.45,82.68082
2020,59.19,69.553375
2021,59.42,82.07088
2022,62.81,82.68082
