year,y_true,y_pred
2018,174.75,84.94676
2019,0.0,84.94676
2020,86.21,49.491783
2021,42.83,84.94676
2022,130.89,84.94676
