year,y_true,y_pred
2018,1310.62,780.04474
2019,737.53,780.04474
2020,1034.48,780.04474
2021,1156.32,780.04474
2022,1003.49,780.04474
