year,y_true,y_pred
2018,36.2,30.736145
2019,68.4,34.634083
2020,35.96,30.736145
2021,21.66,34.634083
2022,41.18,30.736145
