year,y_true,y_pred
2018,814.39,581.73004
2019,1065.67,536.0894
2020,701.26,581.73004
2021,783.51,536.0894
2022,1014.49,536.0894
