year,y_true,y_pred
2018,45.34,2.5678124
2019,0.0,2.5678124
2020,30.27,2.5678124
2021,15.14,2.9215999
2022,30.57,2.5678124
