year,y_true,y_pred
2018,453.38,221.54633
2019,499.02,221.54633
2020,363.2,221.54633
2021,484.63,221.54633
2022,473.79,221.54633
