year,y_true,y_pred
2018,57.7,41.044067
2019,28.83,56.792572
2020,57.6,41.044067
2021,86.34,56.792572
2022,128.64,51.507465
