year,y_true,y_pred
2018,43.03,78.027565
2019,108.6,92.482
2020,87.68,78.027565
2021,44.24,78.027565
2022,60.19,92.482
