year,y_true,y_pred
2018,87.27,88.384674
2019,129.07,88.384674
2020,42.44,79.34071
2021,139.65,88.384674
2022,119.19,79.34071
