year,y_true,y_pred
2018,48.18,69.95994
2019,48.24,69.43269
2020,28.98,82.34477
2021,67.69,75.37397
2022,66.24,56.13564
