year,y_true,y_pred
2018,9.64,32.25071
2019,28.94,25.416668
2020,9.66,23.504667
2021,38.68,25.416668
2022,66.24,23.504667
