year,y_true,y_pred
2018,231.28,100.03706
2019,106.13,100.03706
2020,96.59,125.12067
2021,135.37,125.12067
2022,209.76,91.91952
