year,y_true,y_pred
2018,0.0,25.042332
2019,9.65,18.011166
2020,28.98,25.042332
2021,9.67,19.304167
2022,11.04,20.721666
