year,y_true,y_pred
2018,455.15,596.54065
2019,641.76,547.01434
2020,514.72,547.01434
2021,378.87,596.54065
2022,603.78,547.01434
