year,y_true,y_pred
2018,22.06,15.055145
2019,14.73,17.039707
2020,14.75,15.055145
2021,22.16,17.362667
2022,37.76,17.039707
