year,y_true,y_pred
2018,330.86,181.19092
2019,176.76,177.48666
2020,383.59,177.48666
2021,302.92,177.48666
2022,453.1,181.19092
