year,y_true,y_pred
2018,51.47,21.275904
2019,14.73,28.413378
2020,36.88,16.090828
2021,125.6,10.066959
2022,75.52,28.69807
