year,y_true,y_pred
2018,29.41,11.284175
2019,22.09,28.622208
2020,29.51,14.156351
2021,7.39,28.622208
2022,37.76,10.166726
