year,y_true,y_pred
2018,80.88,47.06232
2019,81.01,35.170383
2020,147.54,35.170383
2021,88.66,35.170383
2022,98.17,35.170383
