year,y_true,y_pred
2018,83.46,105.27358
2019,92.03,112.99121
2020,88.04,102.43213
2021,75.63,103.258354
2022,90.31,103.181496
