year,y_true,y_pred
2018,44.74,48.0868
2019,38.58,61.006203
2020,42.81,61.006203
2021,30.85,61.006203
2022,59.16,61.006203
