year,y_true,y_pred
2018,44.74,81.92441
2019,57.87,58.590405
2020,51.67,58.588905
2021,70.52,85.413086
2022,87.1,58.588905
