year,y_true,y_pred
2018,0.0,0.94179165
2019,2.97,0.94179165
2020,1.48,0.6159524
2021,1.47,1.1323667
2022,0.0,0.94179165
