year,y_true,y_pred
2018,126.78,151.79128
2019,94.96,114.967255
2020,126.97,103.41982
2021,99.9,114.967255
2022,128.18,103.41982
