year,y_true,y_pred
2018,8.95,7.993733
2019,11.87,7.993733
2020,16.24,10.923667
2021,16.16,7.993733
2022,18.08,7.993733
