year,y_true,y_pred
2018,5.97,10.866062
2019,2.97,10.866062
2020,8.86,10.866062
2021,4.41,10.866062
2022,24.65,8.766571
