year,y_true,y_pred
2018,30.54,31.159765
2019,30.64,31.159765
2020,61.46,31.159765
2021,61.65,32.192463
2022,56.5,43.859333
