year,y_true,y_pred
2018,855.22,693.78796
2019,980.39,693.78796
2020,1044.87,720.4526
2021,801.48,720.4526
2022,1129.94,750.6091
