year,y_true,y_pred
2018,0.0,0.0006077935
2019,0.0,105.25962
2020,0.0,28.025595
2021,98.77,28.025595
2022,114.09,32.491745
