year,y_true,y_pred
2018,66.48,45.520878
2019,66.74,63.201195
2020,59.55,63.201195
2021,52.3,63.201195
2022,41.4,45.520878
