year,y_true,y_pred
2018,856.85,737.43335
2019,964.03,779.07007
2020,647.61,739.12335
2021,747.1,779.07007
2022,793.43,737.43335
