year,y_true,y_pred
2018,58.82,25.67375
2019,13.12,30.492085
2020,39.22,30.990667
2021,52.1,35.291668
2022,53.54,30.492085
