year,y_true,y_pred
2018,0.0,56.88549
2019,32.26,63.563828
2020,32.16,2.259461
2021,32.64,76.90933
2022,27.11,120.69148
