year,y_true,y_pred
2018,577.11,196.14879
2019,290.32,78.088524
2020,225.15,275.08014
2021,652.74,196.14879
2022,243.97,78.088524
