year,y_true,y_pred
2018,44.13,0.0005893511
2019,0.0,42.229786
2020,43.78,22.659956
2021,87.22,41.14991
2022,0.0,42.229786
