year,y_true,y_pred
2018,88.26,375.56558
2019,87.91,375.56558
2020,218.91,375.56558
2021,261.67,375.56558
2022,305.5,423.60666
