year,y_true,y_pred
2018,971.19,671.7183
2019,1017.56,815.43835
2020,703.76,815.43835
2021,865.02,815.43835
2022,1143.64,815.43835
