year,y_true,y_pred
2018,181.07,51.98217
2019,131.3,17.156252
2020,65.47,35.11785
2021,48.96,35.11785
2022,106.74,49.47906
