year,y_true,y_pred
2018,86.03,144.10324
2019,77.47,144.10324
2020,103.35,144.10324
2021,77.55,124.496826
2022,108.75,144.10324
