year,y_true,y_pred
2018,0.0,24.77582
2019,0.0,30.823187
2020,23.03,30.823187
2021,0.0,15.200901
2022,15.05,21.248268
