year,y_true,y_pred
2018,93.82,397.87567
2019,302.11,397.87567
2020,356.98,397.87567
2021,182.67,397.87567
2022,286.02,397.87567
