year,y_true,y_pred
2018,542.39,617.5381
2019,457.75,505.72238
2020,467.45,501.98935
2021,628.35,490.0793
2022,879.69,623.4714
