year,y_true,y_pred
2018,47.16,64.35333
2019,70.42,57.499332
2020,46.75,53.465916
2021,93.09,48.102333
2022,12.94,57.499332
