year,y_true,y_pred
2018,45.69,41.26918
2019,52.66,43.52755
2020,22.31,70.10744
2021,7.35,54.14703
2022,50.48,41.26918
