year,y_true,y_pred
2018,542.59,380.02667
2019,387.68,380.02667
2020,376.25,380.02667
2021,570.24,380.02667
2022,425.13,403.63684
