year,y_true,y_pred
2018,46.07,19.575624
2019,25.5,19.575624
2020,27.96,20.244625
2021,27.88,19.575624
2022,25.84,19.575624
