year,y_true,y_pred
2018,0.0,6.6837273
2019,0.0,4.7775216
2020,25.32,17.209814
2021,0.0,6.6837273
2022,0.0,4.7775216
