year,y_true,y_pred
2018,127.94,245.29788
2019,124.91,245.29788
2020,101.27,245.29788
2021,51.31,256.1894
2022,29.21,256.1894
