year,y_true,y_pred
2018,43.2,45.376434
2019,30.21,45.376434
2020,44.91,45.376434
2021,42.05,48.499207
2022,38.54,54.390396
