year,y_true,y_pred
2018,109.98,99.411865
2019,54.3,44.632126
2020,107.32,75.567696
2021,66.31,32.87283
2022,50.35,99.411865
