year,y_true,y_pred
2018,1058.56,603.3244
2019,651.64,603.3244
2020,617.12,631.71075
2021,623.34,625.2067
2022,805.64,631.71075
