year,y_true,y_pred
2018,34.87,96.59521
2019,173.73,79.124664
2020,34.64,74.20621
2021,69.04,71.774666
2022,123.0,74.20621
