year,y_true,y_pred
2018,91.09,69.86752
2019,97.09,108.98009
2020,70.85,88.21925
2021,70.5,76.85378
2022,44.48,72.56805
