year,y_true,y_pred
2018,104.1,114.92267
2019,122.99,98.36221
2020,38.64,110.50667
2021,76.91,105.797585
2022,88.97,114.92267
