year,y_true,y_pred
2018,71.57,57.27842
2019,64.73,57.27842
2020,77.29,57.27842
2021,57.68,57.27842
2022,50.84,57.27842
