year,y_true,y_pred
2018,39.04,45.995358
2019,25.89,69.20584
2020,32.2,69.20584
2021,32.05,45.995358
2022,44.48,69.20584
