year,y_true,y_pred
2018,9.18,89.793434
2019,27.27,89.793434
2020,36.02,89.793434
2021,35.69,89.793434
2022,39.18,89.793434
