year,y_true,y_pred
2018,73.25,76.86637
2019,45.7,69.163795
2020,63.87,63.040855
2021,63.76,69.99479
2022,51.1,69.99479
