year,y_true,y_pred
2018,55.12,36.643513
2019,44.07,36.643513
2020,38.54,36.643513
2021,44.02,36.643513
2022,91.72,36.643513
