year,y_true,y_pred
2018,451.99,447.84167
2019,374.59,416.05777
2020,242.24,447.84167
2021,335.63,416.05777
2022,672.58,463.06897
