year,y_true,y_pred
2018,66.14,81.94194
2019,88.14,81.94194
2020,44.04,67.25888
2021,104.54,65.84085
2022,214.0,67.25888
