year,y_true,y_pred
2018,0.0,8.680809
2019,33.05,11.727167
2020,27.53,10.258291
2021,22.01,11.074291
2022,30.57,11.074291
