year,y_true,y_pred
2018,11.02,13.162434
2019,16.53,13.162434
2020,27.53,18.223667
2021,16.51,13.162434
2022,18.34,13.162434
