year,y_true,y_pred
2018,55.5,62.96496
2019,13.77,52.687634
2020,68.39,56.501457
2021,122.27,52.687634
2022,27.56,62.96496
