year,y_true,y_pred
2018,105.49,41.675823
2019,104.82,41.656384
2020,34.72,41.652195
2021,0.0,20.869741
2022,116.85,56.340675
