year,y_true,y_pred
2018,0.0,9.831296
2019,9.75,18.235167
2020,0.0,6.3625407
2021,0.0,20.107916
2022,29.43,14.2309475
