year,y_true,y_pred
2018,15.75,40.38533
2019,47.19,36.816166
2020,31.42,51.8505
2021,47.07,51.8505
2022,105.2,51.8505
