year,y_true,y_pred
2018,102.35,63.19796
2019,25.61,92.72767
2020,128.17,57.51967
2021,76.96,92.72767
2022,122.03,92.72767
