year,y_true,y_pred
2018,46.92,40.302666
2019,92.73,40.302666
2020,91.66,35.71933
2021,67.99,48.563465
2022,95.84,40.302666
