year,y_true,y_pred
2018,91.34,56.277233
2019,74.75,56.277233
2020,91.38,56.277233
2021,99.7,63.60902
2022,107.7,63.60902
