year,y_true,y_pred
2018,63.01,0.003187988
2019,42.17,41.926456
2020,0.0,0.003463897
2021,21.23,0.00012577642
2022,0.0,-0.5275485
