year,y_true,y_pred
2018,294.06,206.271
2019,506.01,199.11449
2020,274.96,203.34149
2021,233.5,178.519
2022,44.81,178.519
