year,y_true,y_pred
2018,837.45,721.8501
2019,638.59,920.53296
2020,443.91,1005.39197
2021,519.58,721.8501
2022,438.22,1005.39197
