year,y_true,y_pred
2018,68.64,47.927914
2019,13.59,51.43241
2020,53.81,47.927914
2021,26.65,51.43241
2022,28.27,58.55315
