year,y_true,y_pred
2018,0.0,43.477
2019,57.09,65.51867
2020,28.69,59.83267
2021,86.41,43.477
2022,0.0,54.039333
