year,y_true,y_pred
2018,90.71,113.04879
2019,74.63,113.04879
2020,96.81,113.04879
2021,109.24,103.28433
2022,111.8,103.28433
