year,y_true,y_pred
2018,113.87,139.87029
2019,95.68,148.27434
2020,100.6,148.27434
2021,116.78,148.27434
2022,94.78,148.27434
