year,y_true,y_pred
2018,50.18,42.031597
2019,40.19,42.031597
2020,34.17,38.48171
2021,30.14,29.665901
2022,29.16,53.15452
