year,y_true,y_pred
2018,88.78,79.96758
2019,101.42,84.09463
2020,79.72,84.00025
2021,84.76,79.96554
2022,99.65,84.09463
