year,y_true,y_pred
2018,0.0,0.2577646
2019,0.0,0.2577646
2020,1.9,0.2577646
2021,0.0,0.2577646
2022,0.0,0.2577646
