year,y_true,y_pred
2018,578.14,1211.1449
2019,427.81,1016.52405
2020,510.2,1016.52405
2021,503.91,1016.52405
2022,418.34,1016.52405
