year,y_true,y_pred
2018,497.51,391.4273
2019,593.38,404.71286
2020,325.17,404.71286
2021,428.57,387.8993
2022,725.19,360.90356
