year,y_true,y_pred
2018,38.27,26.692125
2019,45.64,34.147686
2020,15.12,34.147686
2021,60.15,30.886126
2022,101.19,26.692125
