year,y_true,y_pred
2018,96.7,92.2584
2019,109.14,67.67139
2020,60.71,84.07371
2021,71.08,92.2584
2022,77.54,80.55392
