year,y_true,y_pred
2018,55.01,46.654266
2019,49.29,44.764282
2020,43.63,49.8087
2021,65.16,49.8087
2022,58.13,56.1109
