year,y_true,y_pred
2018,935.2,723.2991
2019,1166.55,619.01074
2020,719.82,619.01074
2021,570.19,740.469
2022,736.34,648.91156
