year,y_true,y_pred
2018,777.8,726.97046
2019,827.24,726.97046
2020,647.25,763.831
2021,1002.9,726.97046
2022,1062.47,763.831
