year,y_true,y_pred
2018,80.19,96.80273
2019,47.73,51.445736
2020,55.25,80.71807
2021,125.36,108.785965
2022,110.5,60.42466
