year,y_true,y_pred
2018,39.56,26.777334
2019,19.48,21.173334
2020,19.19,26.777334
2021,37.84,26.777334
2022,16.72,26.777334
