year,y_true,y_pred
2018,138.46,158.50699
2019,175.34,158.50699
2020,86.37,158.50699
2021,94.59,181.16554
2022,175.56,181.16554
