year,y_true,y_pred
2018,25.81,10.767743
2019,103.17,22.441189
2020,25.78,23.270746
2021,0.0,29.695452
2022,56.72,22.441189
