year,y_true,y_pred
2018,712.34,378.67093
2019,828.57,378.67093
2020,630.36,378.67093
2021,578.26,579.8627
2022,788.19,579.8627
