year,y_true,y_pred
2018,73.23,41.189915
2019,59.18,44.875416
2020,64.99,41.189915
2021,77.1,41.189915
2022,73.48,41.189915
