year,y_true,y_pred
2018,377.23,315.7504
2019,387.47,290.15408
2020,403.12,274.10355
2021,326.28,299.69986
2022,298.62,328.35583
