year,y_true,y_pred
2018,38.27,17.53971
2019,21.83,17.53971
2020,38.13,17.53971
2021,16.31,17.53971
2022,33.18,14.905584
