year,y_true,y_pred
2018,10.93,10.342869
2019,0.0,10.342869
2020,5.45,13.025858
2021,0.0,10.342869
2022,16.59,13.025858
