year,y_true,y_pred
2018,92.94,104.67586
2019,54.57,120.25634
2020,43.58,104.67586
2021,54.38,104.67586
2022,44.24,104.67586
