year,y_true,y_pred
2018,153.08,96.24081
2019,185.55,102.74549
2020,81.71,96.24081
2021,195.77,101.59557
2022,171.43,159.75648
