year,y_true,y_pred
2018,105.52,30.479284
2019,57.56,19.142277
2020,38.38,19.142277
2021,86.36,26.423738
2022,67.78,19.142277
