year,y_true,y_pred
2018,0.0,40.16747
2019,95.69,89.31157
2020,48.1,40.03385
2021,96.71,13.627668
2022,0.0,89.31157
