year,y_true,y_pred
2018,33.79,25.215763
2019,16.83,14.528468
2020,16.76,46.330467
2021,33.41,33.643208
2022,16.64,33.167206
