year,y_true,y_pred
2018,26.75,45.84
2019,98.22,38.0295
2020,71.54,46.742813
2021,8.95,42.261375
2022,43.02,45.84
