year,y_true,y_pred
2018,335.88,169.42888
2019,525.18,191.27477
2020,562.68,191.27477
2021,284.54,191.27477
2022,360.01,169.42888
