year,y_true,y_pred
2018,326.97,303.5712
2019,304.43,287.08273
2020,278.8,303.5712
2021,419.13,323.68527
2022,671.39,287.08273
