year,y_true,y_pred
2018,44.74,23.338333
2019,44.47,21.412853
2020,27.2,21.412853
2021,33.8,21.412853
2022,76.63,23.338333
