year,y_true,y_pred
2018,3.44,2.1994505
2019,0.0,3.5221977
2020,0.0,6.625491
2021,0.0,8.432361
2022,0.0,8.432361
