year,y_true,y_pred
2018,3.44,6.285254
2019,0.0,6.323933
2020,10.2,5.8705497
2021,3.38,6.6544085
2022,7.3,6.323933
