year,y_true,y_pred
2018,58.51,101.8049
2019,78.67,120.06433
2020,129.2,101.8049
2021,91.26,108.37033
2022,145.95,101.8049
