year,y_true,y_pred
2018,46.34,66.86479
2019,92.36,84.324875
2020,23.01,73.99734
2021,91.76,66.86479
2022,83.68,84.324875
