year,y_true,y_pred
2018,66.67,43.08258
2019,29.65,35.823597
2020,11.13,40.643467
2021,48.25,37.807247
2022,54.28,29.067665
