year,y_true,y_pred
2018,148.16,79.93826
2019,77.84,77.634224
2020,103.85,74.61416
2021,148.45,85.662056
2022,137.51,76.69818
