year,y_true,y_pred
2018,0.0,0.340625
2019,0.0,0.340625
2020,3.71,0.340625
2021,0.0,0.340625
2022,0.0,0.340625
