year,y_true,y_pred
2018,22.22,17.84377
2019,14.83,22.209934
2020,33.38,14.686559
2021,29.69,18.989517
2022,39.81,8.943993
