year,y_true,y_pred
2018,76.22,57.57946
2019,94.52,57.57946
2020,86.0,57.57946
2021,86.11,57.57946
2022,88.72,57.57946
