year,y_true,y_pred
2018,63.42,50.4666
2019,89.72,58.651253
2020,53.32,58.651253
2021,35.23,50.4666
2022,73.81,50.4666
