year,y_true,y_pred
2018,0.0,25.702126
2019,0.0,25.702126
2020,0.0,25.702126
2021,25.81,25.702126
2022,26.34,25.702126
