year,y_true,y_pred
2018,211.75,275.71695
2019,209.86,247.68987
2020,234.07,247.68987
2021,77.42,247.68987
2022,210.75,274.09747
