year,y_true,y_pred
2018,77.1,55.331
2019,76.36,51.425873
2020,0.0,51.425873
2021,74.96,47.270874
2022,132.17,51.425873
