year,y_true,y_pred
2018,313.05,290.029
2019,375.0,290.029
2020,352.27,283.67114
2021,352.29,287.10654
2022,242.16,287.10654
