year,y_true,y_pred
2018,26.36,20.692333
2019,35.56,20.692333
2020,34.91,20.692333
2021,31.18,20.692333
2022,22.53,23.943916
