year,y_true,y_pred
2018,27.74,45.682293
2019,69.09,46.268566
2020,68.8,46.268566
2021,82.3,46.268566
2022,50.67,45.682293
