year,y_true,y_pred
2018,398.59,416.80704
2019,459.68,395.96732
2020,435.88,450.96677
2021,365.27,450.96677
2022,414.67,395.96732
