year,y_true,y_pred
2018,36.59,23.906668
2019,38.63,23.906668
2020,29.06,23.177668
2021,40.8,20.939917
2022,36.48,23.066668
