year,y_true,y_pred
2018,11.55,7.9370904
2019,23.18,7.9370904
2020,19.37,7.9370904
2021,25.26,7.9370904
2022,26.88,7.9370904
