year,y_true,y_pred
2018,46.21,39.583416
2019,34.77,45.260147
2020,36.81,40.501717
2021,54.4,45.260147
2022,40.31,42.819668
