year,y_true,y_pred
2018,102.05,44.546112
2019,54.08,38.473328
2020,56.18,46.74403
2021,60.23,47.44319
2022,59.51,37.76387
