year,y_true,y_pred
2018,0.0,0.15818182
2019,0.0,0.15818182
2020,0.0,0.15818182
2021,1.94,0.15818182
2022,0.0,0.15818182
