year,y_true,y_pred
2018,64.23,9.440482
2019,0.0,9.440482
2020,0.0,6.0335484
2021,67.98,6.0335484
2022,0.0,9.440482
