year,y_true,y_pred
2018,256.9,453.69125
2019,654.02,544.92084
2020,466.36,466.86786
2021,475.87,626.361
2022,117.58,453.69125
