year,y_true,y_pred
2018,53.31,23.200327
2019,71.02,23.200327
2020,35.47,23.200327
2021,35.44,10.189226
2022,36.55,10.189226
