year,y_true,y_pred
2018,0.0,5.6825795
2019,0.0,5.6825795
2020,17.74,5.6825795
2021,0.0,5.6825795
2022,0.0,5.6825795
