year,y_true,y_pred
2018,142.17,80.05033
2019,71.02,80.05033
2020,159.63,86.429665
2021,88.61,80.05033
2022,201.02,74.64433
