year,y_true,y_pred
2018,17.77,23.490417
2019,35.51,23.490417
2020,17.74,20.914917
2021,17.72,23.608917
2022,54.82,23.490417
