year,y_true,y_pred
2018,17.77,49.129772
2019,53.27,54.57446
2020,17.74,59.894875
2021,88.61,49.129772
2022,18.27,59.894875
