year,y_true,y_pred
2018,51.23,3.1920753
2019,25.26,3.7110784
2020,45.69,15.147347
2021,16.4,15.147347
2022,8.1,16.350067
