year,y_true,y_pred
2018,367.14,532.84406
2019,332.6,451.98804
2020,303.22,532.84406
2021,159.89,532.84406
2022,222.66,451.98804
