year,y_true,y_pred
2018,85.94,55.63825
2019,68.46,55.63825
2020,74.3,55.63825
2021,81.55,55.63825
2022,71.56,55.63825
