year,y_true,y_pred
2018,54.17,30.14555
2019,39.63,30.14555
2020,45.8,30.14555
2021,53.86,22.992481
2022,64.62,30.14555
