year,y_true,y_pred
2018,0.0,0.38820758
2019,0.0,0.38820758
2020,0.51,0.38820758
2021,0.0,0.38820758
2022,1.6,0.38820758
