year,y_true,y_pred
2018,0.52,0.1633125
2019,0.0,0.1633125
2020,0.0,0.1633125
2021,0.0,0.1633125
2022,0.53,0.1633125
