year,y_true,y_pred
2018,63.02,70.475136
2019,59.71,71.204956
2020,64.12,68.04052
2021,65.44,71.204956
2022,71.56,71.204956
