year,y_true,y_pred
2018,557.17,707.16077
2019,590.39,707.16077
2020,536.83,707.16077
2021,465.79,707.16077
2022,617.35,707.16077
