year,y_true,y_pred
2018,32.23,42.564217
2019,36.61,42.564217
2020,45.49,41.888832
2021,49.74,35.747658
2022,55.66,22.868969
