year,y_true,y_pred
2018,0.0,10.031792
2019,0.0,10.031792
2020,18.63,10.031792
2021,0.0,10.031792
2022,19.71,10.031792
