year,y_true,y_pred
2018,6.29,11.948668
2019,24.95,8.008458
2020,30.93,11.948668
2021,6.14,7.9696665
2022,17.59,6.9749584
