year,y_true,y_pred
2018,283.0,247.67838
2019,311.82,247.67838
2020,179.39,247.67838
2021,128.87,247.67838
2022,199.37,247.67838
