year,y_true,y_pred
2018,4.87,2.8216043
2019,4.85,2.8216043
2020,14.52,2.8216043
2021,4.83,2.8216043
2022,0.0,3.8264167
