year,y_true,y_pred
2018,68.17,34.92433
2019,24.27,29.387667
2020,24.2,34.315666
2021,67.57,34.315666
2022,13.95,31.977165
