year,y_true,y_pred
2018,82.78,40.769432
2019,43.69,59.86992
2020,58.08,43.56485
2021,43.44,53.084835
2022,27.9,40.769432
