year,y_true,y_pred
2018,136.34,112.13748
2019,126.21,96.125404
2020,159.71,116.37682
2021,82.05,115.78078
2022,106.95,119.51241
