year,y_true,y_pred
2018,89.57,44.59677
2019,64.61,43.563255
2020,110.78,66.55504
2021,46.27,43.563255
2022,51.57,50.384224
