year,y_true,y_pred
2018,459.05,562.78876
2019,532.51,562.78876
2020,316.82,557.629
2021,312.88,562.78876
2022,307.18,517.1054
