year,y_true,y_pred
2018,127.64,89.473595
2019,133.68,139.33931
2020,130.72,89.473595
2021,154.24,139.52234
2022,127.81,94.27059
