year,y_true,y_pred
2018,47.03,61.000473
2019,44.56,48.80183
2020,35.45,48.80183
2021,41.86,48.80183
2022,42.6,48.80183
