year,y_true,y_pred
2018,2.24,0.8932751
2019,0.0,0.8932751
2020,0.0,0.8932751
2021,2.2,0.8932751
2022,0.0,0.8932751
