year,y_true,y_pred
2018,6.72,7.905427
2019,15.6,8.020515
2020,4.43,16.355837
2021,13.22,9.818843
2022,13.45,13.074333
