year,y_true,y_pred
2018,8.48,30.523542
2019,25.17,30.793543
2020,41.59,35.144333
2021,49.48,31.260042
2022,80.97,27.800333
