year,y_true,y_pred
2018,0.0,7.7957497
2019,33.57,7.7957497
2020,0.0,7.7957497
2021,8.25,5.4144998
2022,10.12,8.004
