year,y_true,y_pred
2018,42.38,62.51025
2019,33.57,53.148914
2020,66.54,62.51025
2021,32.99,53.148914
2022,70.85,53.148914
