year,y_true,y_pred
2018,84.77,111.34625
2019,83.91,111.34625
2020,99.82,111.34625
2021,98.96,111.34625
2022,101.21,111.34625
