year,y_true,y_pred
2018,0.0,41.332
2019,23.17,44.998375
2020,0.0,44.998375
2021,22.37,44.998375
2022,57.13,44.998375
