year,y_true,y_pred
2018,141.61,316.06378
2019,278.04,337.4359
2020,159.34,342.0169
2021,223.71,360.50833
2022,114.25,342.0169
