year,y_true,y_pred
2018,36.68,45.259106
2019,56.55,45.259106
2020,48.07,48.63629
2021,39.74,45.259106
2022,45.59,45.259106
