year,y_true,y_pred
2018,509.41,561.29034
2019,521.11,561.29034
2020,272.39,561.29034
2021,433.19,561.29034
2022,433.07,561.29034
