year,y_true,y_pred
2018,383.78,570.6364
2019,376.63,496.56073
2020,338.39,609.4835
2021,502.23,609.48254
2022,440.14,615.9069
