year,y_true,y_pred
2018,40.1,57.166588
2019,105.93,56.10514
2020,90.64,69.71647
2021,74.4,44.414787
2022,66.86,70.066505
