year,y_true,y_pred
2018,0.0,1.0899411
2019,0.0,1.0899411
2020,0.0,1.0899411
2021,0.0,1.0899411
2022,0.0,1.0899411
