year,y_true,y_pred
2018,34.37,31.479456
2019,23.54,42.2144
2020,30.21,32.788456
2021,49.6,31.479456
2022,33.43,38.0348
