year,y_true,y_pred
2018,34.37,25.062897
2019,41.19,25.062897
2020,36.26,32.730896
2021,37.2,32.730896
2022,33.43,32.730896
