year,y_true,y_pred
2018,108.83,258.7185
2019,194.2,75.924736
2020,235.66,169.9924
2021,297.62,132.76491
2022,206.14,132.76491
