year,y_true,y_pred
2018,34.31,12.984959
2019,6.0,12.984959
2020,5.99,7.433771
2021,11.98,7.433771
2022,0.0,8.360771
