year,y_true,y_pred
2018,131.53,51.7804
2019,120.0,110.49652
2020,167.85,99.33545
2021,149.72,145.06334
2022,234.78,145.06334
