year,y_true,y_pred
2018,13.01,25.904753
2019,25.92,25.904753
2020,20.08,13.765771
2021,20.0,10.1183405
2022,34.11,9.703418
