year,y_true,y_pred
2018,254.48,180.50786
2019,311.04,153.36595
2020,213.7,155.00623
2021,231.44,101.673515
2022,255.1,113.33853
