year,y_true,y_pred
2018,79.52,26.92945
2019,125.28,59.67336
2020,144.86,59.67336
2021,148.58,59.67336
2022,142.38,59.67336
