year,y_true,y_pred
2018,0.0,2.3216999
2019,1.44,2.3216999
2020,0.0,2.3216999
2021,1.43,2.3216999
2022,1.48,2.3216999
