year,y_true,y_pred
2018,14.46,10.04799
2019,11.52,13.853582
2020,2.87,12.413208
2021,1.43,13.853582
2022,5.93,4.3563037
