year,y_true,y_pred
2018,63.62,49.268276
2019,60.48,57.741234
2020,30.12,57.741234
2021,37.14,41.264683
2022,45.98,41.264683
