year,y_true,y_pred
2018,75.29,41.174244
2019,38.03,80.47652
2020,76.81,70.411194
2021,55.4,80.47652
2022,68.85,80.47652
