year,y_true,y_pred
2018,43.02,20.838667
2019,32.6,20.838667
2020,27.43,20.838667
2021,33.24,20.838667
2022,10.59,20.838667
