year,y_true,y_pred
2018,0.0,0.41265625
2019,0.0,0.41265625
2020,0.0,0.41265625
2021,5.54,0.41265625
2022,5.3,0.295375
