year,y_true,y_pred
2018,0.0,-0.00063756574
2019,0.0,-0.00063756574
2020,0.0,-0.00063756574
2021,5.54,-0.00063756574
2022,0.0,0.44635832
