year,y_true,y_pred
2018,16.13,19.808498
2019,16.3,19.808498
2020,27.43,19.808498
2021,22.16,28.536
2022,31.78,24.809124
