year,y_true,y_pred
2018,112.94,57.458126
2019,59.76,74.34
2020,131.68,74.34
2021,132.96,74.34
2022,90.03,57.458126
