year,y_true,y_pred
2018,31.77,59.032402
2019,40.46,53.358402
2020,28.97,53.358402
2021,44.6,59.032402
2022,45.96,53.358402
