year,y_true,y_pred
2018,596.07,682.7561
2019,537.02,624.53705
2020,501.59,624.53705
2021,488.79,624.53705
2022,612.78,624.53705
