year,y_true,y_pred
2018,74.88,62.245667
2019,85.32,25.109781
2020,65.57,36.797104
2021,46.71,48.61203
2022,92.72,49.11169
