year,y_true,y_pred
2018,817.47,775.2845
2019,962.94,775.2845
2020,798.81,806.23145
2021,578.07,730.897
2022,741.75,751.02844
