year,y_true,y_pred
2018,59.89,47.756855
2019,56.76,42.950886
2020,60.0,47.756855
2021,56.95,47.756855
2022,56.33,47.756855
