year,y_true,y_pred
2018,646.86,480.08765
2019,698.94,497.14832
2020,630.19,497.14832
2021,567.47,497.14832
2022,652.01,480.08765
