year,y_true,y_pred
2018,20.11,19.570126
2019,24.15,18.817875
2020,20.98,18.817875
2021,26.61,19.570126
2022,29.56,18.817875
