year,y_true,y_pred
2018,1.28,1.8528571
2019,1.27,1.8528571
2020,2.1,1.8528571
2021,0.83,1.8528571
2022,2.8,2.20525
