year,y_true,y_pred
2018,0.0,4.1425005e-07
2019,0.0,4.1425005e-07
2020,0.0,4.1425005e-07
2021,0.0,4.1425005e-07
2022,0.0,4.1425005e-07
