year,y_true,y_pred
2018,162.14,197.13535
2019,172.41,191.58775
2020,161.95,197.13535
2021,208.7,197.13535
2022,192.97,193.70822
