year,y_true,y_pred
2018,17.97,12.4566555
2019,13.56,14.648902
2020,16.36,16.452053
2021,20.37,14.363246
2022,19.98,15.724964
