year,y_true,y_pred
2018,32.53,40.683563
2019,74.39,40.618607
2020,55.82,40.683563
2021,46.54,52.72632
2022,58.29,48.317986
