year,y_true,y_pred
2018,362.45,561.74414
2019,478.89,611.35535
2020,348.89,592.65405
2021,521.27,611.35535
2022,612.01,592.65405
