year,y_true,y_pred
2018,655.08,523.76935
2019,397.06,722.4519
2020,485.93,389.2203
2021,404.39,523.76935
2022,570.26,523.76935
