year,y_true,y_pred
2018,47.58,25.176533
2019,43.71,32.203667
2020,58.02,32.203667
2021,46.94,32.203667
2022,44.39,26.194582
