year,y_true,y_pred
2018,43.23,75.07067
2019,28.59,75.07067
2020,70.91,75.07067
2021,70.38,75.07067
2022,78.98,75.07067
