year,y_true,y_pred
2018,388.26,469.95227
2019,325.24,361.7698
2020,352.13,361.7698
2021,384.41,469.95227
2022,351.61,361.7698
