year,y_true,y_pred
2018,69.14,37.221947
2019,54.21,39.5857
2020,43.34,32.66004
2021,86.63,32.620804
2022,51.04,39.5857
