year,y_true,y_pred
2018,0.0,5.4294343
2019,10.84,6.9202666
2020,5.42,5.294574
2021,5.41,9.077309
2022,0.0,5.4294343
