year,y_true,y_pred
2018,42.55,33.34653
2019,21.68,39.911728
2020,10.83,33.34653
2021,16.24,42.57883
2022,17.01,42.57883
