year,y_true,y_pred
2018,218.06,119.61882
2019,184.3,119.61882
2020,124.6,119.61882
2021,270.71,119.61882
2022,238.19,119.61882
