year,y_true,y_pred
2018,58.69,181.28467
2019,174.83,116.121376
2020,57.9,114.72096
2021,57.5,181.28467
2022,60.24,116.121376
