year,y_true,y_pred
2018,60.31,42.131832
2019,66.35,42.131832
2020,75.68,42.131832
2021,23.73,41.452335
2022,37.68,42.200836
