year,y_true,y_pred
2018,61.64,84.40075
2019,77.23,98.39433
2020,139.34,108.527336
2021,108.63,108.527336
2022,88.61,98.39433
