year,y_true,y_pred
2018,47.76,147.58676
2019,95.33,147.58676
2020,142.79,104.41113
2021,142.52,104.722664
2022,46.47,1.0836812
