year,y_true,y_pred
2018,7.71,27.63296
2019,7.67,27.63296
2020,15.36,37.035583
2021,15.36,37.035583
2022,37.03,37.035583
