year,y_true,y_pred
2018,169.69,150.85275
2019,122.77,146.02487
2020,122.84,150.85275
2021,130.59,150.85275
2022,296.24,150.85275
