year,y_true,y_pred
2018,363.18,495.84058
2019,508.47,495.84058
2020,361.34,495.84058
2021,428.75,495.84058
2022,659.56,495.84058
