year,y_true,y_pred
2018,17.02,26.184
2019,45.2,28.465334
2020,16.94,29.809668
2021,28.21,28.465334
2022,58.89,27.692833
