mae,rmse,r2,city,model,sequence_length,forecast_horizon,normalization,val_size
0.31640651937137293,0.4075277756488934,0.015949721537155015,3555307,xgboost,8,4,,
