year,y_true,y_pred
2018,22.65,46.199383
2019,34.15,46.199383
2020,28.95,46.199383
2021,32.86,46.199383
2022,50.75,46.199383
