year,y_true,y_pred
2018,26.85,21.708332
2019,19.99,21.708332
2020,24.81,21.708332
2021,31.22,21.708332
2022,42.6,22.607666
