year,y_true,y_pred
2018,0.0,0.117944434
2019,0.0,0.117944434
2020,0.0,0.117944434
2021,0.0,0.117944434
2022,0.0,0.117944434
