year,y_true,y_pred
2018,52.86,55.246
2019,53.31,69.130516
2020,67.0,69.72135
2021,56.69,59.92441
2022,89.73,63.545097
