year,y_true,y_pred
2018,52.02,52.068623
2019,74.13,57.292892
2020,63.69,52.068623
2021,68.19,65.904205
2022,70.69,65.904205
