year,y_true,y_pred
2018,0.0,0.1859223
2019,0.0,0.1859223
2020,0.0,0.1859223
2021,0.0,0.1859223
2022,0.0,0.1859223
