year,y_true,y_pred
2018,803.99,668.02234
2019,790.39,461.60284
2020,758.26,461.60284
2021,886.3,461.60284
2022,864.24,668.02234
