year,y_true,y_pred
2018,75.25,29.295372
2019,66.52,29.295372
2020,78.17,29.295372
2021,105.42,29.295372
2022,72.02,29.295372
