year,y_true,y_pred
2018,3.96,0.35697502
2019,0.0,0.278375
2020,0.0,0.278375
2021,0.0,0.278375
2022,0.0,0.35697502
