year,y_true,y_pred
2018,55.45,72.09357
2019,58.69,75.76997
2020,85.99,72.09357
2021,27.33,72.09357
2022,40.51,75.76997
