year,y_true,y_pred
2018,11.88,16.590342
2019,0.0,8.465966
2020,19.54,8.832502
2021,7.81,16.590342
2022,9.0,8.465966
