year,y_true,y_pred
2018,61.09,65.95217
2019,43.5,61.260544
2020,34.73,54.18323
2021,71.01,54.18323
2022,69.6,54.18323
