year,y_true,y_pred
2018,488.72,930.91516
2019,511.61,930.91516
2020,479.3,930.91516
2021,555.94,930.91516
2022,731.7,930.91516
