year,y_true,y_pred
2018,18.37,17.934668
2019,17.89,19.227634
2020,8.72,19.227634
2021,25.52,17.934668
2022,32.08,19.227634
