year,y_true,y_pred
2018,330.7,288.51663
2019,259.35,314.316
2020,270.22,288.51663
2021,178.65,314.316
2022,288.74,267.3657
