year,y_true,y_pred
2018,732.38,888.67725
2019,1157.83,993.6563
2020,578.03,888.67725
2021,759.65,932.33844
2022,755.91,993.6563
