year,y_true,y_pred
2018,91.55,59.120663
2019,91.41,32.83959
2020,91.27,64.169716
2021,91.16,99.598915
2022,125.98,99.598915
