year,y_true,y_pred
2018,34.0,59.653877
2019,28.78,59.653877
2020,9.56,59.653877
2021,38.11,59.653877
2022,33.32,59.653877
