year,y_true,y_pred
2018,57.61,69.234375
2019,40.79,67.5051
2020,18.88,74.21137
2021,40.12,74.21137
2022,79.33,74.21137
