year,y_true,y_pred
2018,485.54,463.15118
2019,454.16,463.15118
2020,374.84,463.15118
2021,342.37,463.15118
2022,664.83,463.15118
