year,y_true,y_pred
2018,13.72,14.080533
2019,16.32,14.080533
2020,10.79,14.080533
2021,2.67,14.080533
2022,26.44,14.080533
