year,y_true,y_pred
2018,109.73,115.35404
2019,108.78,104.44363
2020,70.11,108.03833
2021,106.99,115.35404
2022,143.54,104.44363
