year,y_true,y_pred
2018,2.74,0.95445836
2019,0.0,0.46395835
2020,0.0,0.5255521
2021,0.0,0.5255521
2022,0.0,0.5255521
