year,y_true,y_pred
2018,30.18,44.092857
2019,32.63,44.092857
2020,43.15,44.092857
2021,45.47,43.396107
2022,64.22,43.396107
