year,y_true,y_pred
2018,60.1,41.000458
2019,76.11,41.000458
2020,64.91,41.000458
2021,64.6,44.699833
2022,65.64,44.699833
