year,y_true,y_pred
2018,834.06,1043.3353
2019,655.31,971.2943
2020,826.09,912.85315
2021,692.34,946.78815
2022,726.9,994.7012
