year,y_true,y_pred
2018,0.0,85.82098
2019,87.37,85.82098
2020,130.43,77.65604
2021,43.27,99.55933
2022,259.61,85.82098
