year,y_true,y_pred
2018,74.25,46.1815
2019,54.21,37.88125
2020,55.36,49.072002
2021,56.5,49.072002
2022,57.55,49.072002
