year,y_true,y_pred
2018,1315.37,889.4607
2019,986.56,992.60034
2020,885.84,889.4607
2021,655.44,889.4607
2022,690.58,901.60803
