year,y_true,y_pred
2018,47.73,82.903755
2019,71.58,68.7322
2020,47.7,68.7322
2021,166.87,68.7322
2022,53.88,82.903755
