year,y_true,y_pred
2018,45.25,28.911667
2019,35.85,23.996334
2020,53.29,23.996334
2021,8.8,23.996334
2022,22.53,27.267668
