year,y_true,y_pred
2018,570.14,201.70282
2019,340.59,226.44562
2020,275.31,206.59886
2021,299.3,224.25801
2022,495.55,206.59886
