year,y_true,y_pred
2018,69.13,42.377655
2019,69.13,49.913353
2020,0.0,51.927155
2021,86.42,32.742092
2022,75.54,37.619076
