year,y_true,y_pred
2018,501.21,559.1113
2019,622.19,508.78513
2020,535.78,538.17035
2021,587.63,508.78513
2022,755.43,538.17035
