year,y_true,y_pred
2018,138.26,108.8076
2019,138.26,126.67387
2020,86.42,126.67387
2021,155.55,126.67387
2022,151.09,132.92633
