year,y_true,y_pred
2018,0.0,1.5505251
2019,0.0,1.5505251
2020,0.0,1.5505251
2021,0.0,1.5505251
2022,0.0,1.5505251
