year,y_true,y_pred
2018,51.85,38.07033
2019,34.57,27.193766
2020,51.85,27.193766
2021,17.28,27.193766
2022,37.77,34.24354
