year,y_true,y_pred
2018,69.13,65.223495
2019,51.85,17.869919
2020,69.13,35.44575
2021,51.85,17.869919
2022,56.66,50.64222
