year,y_true,y_pred
2018,0.0,15.078001
2019,0.0,15.078001
2020,0.0,15.078001
2021,0.0,15.078001
2022,21.08,15.078001
