year,y_true,y_pred
2018,308.42,353.67267
2019,422.54,324.53632
2020,232.34,361.65866
2021,367.99,379.157
2022,269.95,361.65866
