year,y_true,y_pred
2018,94.9,37.013832
2019,46.95,36.94483
2020,92.94,30.458666
2021,46.0,36.94483
2022,59.99,30.458666
