year,y_true,y_pred
2018,53.76,48.18736
2019,47.44,56.10889
2020,60.11,48.66379
2021,60.12,48.179863
2022,37.1,48.18736
