year,y_true,y_pred
2018,150.51,53.626205
2019,55.66,75.904015
2020,79.82,49.90637
2021,64.09,79.23139
2022,63.54,53.626205
