year,y_true,y_pred
2018,23.76,35.98467
2019,15.9,39.66271
2020,23.95,34.03917
2021,16.02,39.66271
2022,36.31,34.03917
