year,y_true,y_pred
2018,182.19,76.6993
2019,87.47,76.6993
2020,63.86,75.37017
2021,128.18,68.999954
2022,45.39,123.44483
