year,y_true,y_pred
2018,39.61,27.126333
2019,0.0,32.32204
2020,31.93,24.960041
2021,16.02,24.380333
2022,45.39,32.32204
