year,y_true,y_pred
2018,0.0,9.200762
2019,23.98,9.200762
2020,5.93,13.251666
2021,11.75,9.8324585
2022,30.03,9.200762
