year,y_true,y_pred
2018,103.04,108.47408
2019,275.81,98.36195
2020,89.0,102.57567
2021,205.56,98.14808
2022,285.33,96.248665
