year,y_true,y_pred
2018,66.67,45.735
2019,59.96,45.735
2020,47.47,46.497654
2021,52.86,62.289085
2022,105.12,65.04361
