year,y_true,y_pred
2018,18.18,6.1761856
2019,11.99,32.222866
2020,29.67,26.700531
2021,23.49,6.1761856
2022,7.51,32.222866
