year,y_true,y_pred
2018,12.12,9.557
2019,11.99,11.986834
2020,17.8,11.986834
2021,29.37,16.139668
2022,15.02,16.139668
