year,y_true,y_pred
2018,0.0,0.5914242
2019,0.0,0.5914242
2020,0.0,0.5914242
2021,0.0,0.5914242
2022,15.02,0.5914242
