year,y_true,y_pred
2018,86.46,60.91063
2019,52.84,80.04
2020,26.24,60.91063
2021,50.83,65.962875
2022,107.24,64.107
