year,y_true,y_pred
2018,37.57,43.50933
2019,37.4,43.50933
2020,46.54,41.254368
2021,60.25,41.254368
2022,42.2,41.254368
