year,y_true,y_pred
2018,520.16,515.97595
2019,328.6,460.5321
2020,116.52,406.07925
2021,208.29,406.07925
2022,134.97,406.07925
