year,y_true,y_pred
2018,35.47,14.700283
2019,35.21,5.7994137
2020,11.65,12.963298
2021,23.14,8.826576
2022,22.49,10.099245
