year,y_true,y_pred
2018,29.27,27.228666
2019,29.13,27.228666
2020,0.0,27.228666
2021,28.78,27.228666
2022,0.0,27.228666
