year,y_true,y_pred
2018,476.09,716.48376
2019,640.91,716.48376
2020,590.45,716.48376
2021,748.79,716.48376
2022,1093.63,747.77826
