year,y_true,y_pred
2018,70.96,79.295166
2019,98.95,76.77533
2020,99.51,79.295166
2021,91.42,79.295166
2022,123.23,68.90429
