year,y_true,y_pred
2018,0.0,0.47636312
2019,0.0,0.47636312
2020,0.0,0.47636312
2021,4.35,0.47636312
2022,0.0,0.47636312
