year,y_true,y_pred
2018,86.98,135.4672
2019,137.18,131.92139
2020,132.68,122.685684
2021,117.54,131.92139
2022,138.63,114.58355
