year,y_true,y_pred
2018,57.22,56.301834
2019,67.46,60.626335
2020,99.51,52.257584
2021,76.18,56.301834
2022,89.85,56.301834
