year,y_true,y_pred
2018,0.0,0.36998993
2019,0.0,0.36998993
2020,0.0,0.36998993
2021,0.0,0.36998993
2022,0.0,0.36998993
