year,y_true,y_pred
2018,20.6,26.936216
2019,13.49,29.56969
2020,48.65,36.157543
2021,23.94,29.003592
2022,28.24,29.011915
