year,y_true,y_pred
2018,97.54,80.08771
2019,57.55,91.0909
2020,94.38,83.542206
2021,111.5,75.81421
2022,168.21,91.0909
