year,y_true,y_pred
2018,199.29,207.78961
2019,129.2,265.10736
2020,188.56,160.92392
2021,242.5,343.4646
2022,265.88,207.78961
