year,y_true,y_pred
2018,3.56,3.0128126
2019,0.0,3.0128126
2020,0.0,3.0128126
2021,6.74,3.0128126
2022,4.15,3.0073752
