year,y_true,y_pred
2018,10.68,3.0021238
2019,0.0,4.6907706
2020,3.43,3.0021238
2021,6.74,5.5543666
2022,8.31,4.6907706
