year,y_true,y_pred
2018,74.73,26.056116
2019,55.87,26.056116
2020,72.0,26.056116
2021,67.36,26.056116
2022,58.16,26.056116
