year,y_true,y_pred
2018,81.97,85.221756
2019,27.36,90.188
2020,136.99,89.522255
2021,191.99,71.325
2022,130.46,89.29575
