year,y_true,y_pred
2018,94.22,61.31163
2019,94.25,61.31163
2020,83.25,61.31163
2021,96.35,61.31163
2022,95.1,61.31163
