year,y_true,y_pred
2018,236.83,595.82904
2019,280.9,616.3295
2020,266.14,595.82904
2021,240.36,616.3295
2022,723.33,616.3295
