year,y_true,y_pred
2018,32.62,34.807293
2019,37.33,34.807293
2020,31.93,33.01433
2021,38.37,34.807293
2022,49.4,33.01433
