year,y_true,y_pred
2018,0.3,0.0004462457
2019,0.0,-0.0034288238
2020,0.0,0.114214465
2021,0.29,0.32801667
2022,0.0,0.0004462457
