year,y_true,y_pred
2018,0.91,0.5505126
2019,0.0,0.52623665
2020,0.3,0.20693332
2021,0.29,0.5505126
2022,0.3,0.37940636
