year,y_true,y_pred
2018,18.12,18.909666
2019,17.32,18.909666
2020,21.88,14.535084
2021,21.67,14.535084
2022,28.97,18.909666
