year,y_true,y_pred
2018,47.73,50.562458
2019,54.05,51.577957
2020,56.48,50.562458
2021,55.94,51.819458
2022,74.4,51.819458
