year,y_true,y_pred
2018,32.32,31.530167
2019,35.54,31.530167
2020,27.5,30.285334
2021,31.93,30.285334
2022,45.74,31.950167
