year,y_true,y_pred
2018,48.67,37.916668
2019,49.0,37.916668
2020,24.65,37.916668
2021,49.61,34.873466
2022,12.04,41.491333
