year,y_true,y_pred
2018,985.64,779.5264
2019,489.96,871.35333
2020,406.8,803.6717
2021,545.7,758.3353
2022,529.67,758.05145
