year,y_true,y_pred
2018,285.49,313.16577
2019,230.55,313.16577
2020,185.48,313.16577
2021,233.16,390.76044
2022,212.89,337.50092
