year,y_true,y_pred
2018,17.3,34.837334
2019,25.62,34.837334
2020,16.86,34.837334
2021,66.62,34.837334
2022,29.03,34.837334
