year,y_true,y_pred
2018,0.0,1.1508583
2019,0.0,1.1508583
2020,0.0,1.1508583
2021,0.0,1.1508583
2022,0.0,1.1508583
