year,y_true,y_pred
2018,25.95,37.479107
2019,34.16,23.9156
2020,33.72,23.750427
2021,16.65,27.358427
2022,19.35,37.479107
