year,y_true,y_pred
2018,8.65,11.749333
2019,8.54,14.360167
2020,8.43,15.611167
2021,24.98,15.611167
2022,9.68,19.185167
