year,y_true,y_pred
2018,60.56,68.851746
2019,85.39,74.766
2020,109.6,80.36125
2021,124.91,74.185
2022,145.15,80.36125
