mae,rmse,r2,city,model,sequence_length,forecast_horizon,normalization,val_size
0.33915948228759807,0.8650560725932499,-0.051569311854101185,5206206,xgboost,8,4,,
