year,y_true,y_pred
2018,267.56,648.36536
2019,370.25,648.36536
2020,237.13,648.36536
2021,442.93,648.36536
2022,578.87,648.36536
