year,y_true,y_pred
2018,33.07,49.630894
2019,59.4,48.884552
2020,37.06,39.625725
2021,36.37,44.346325
2022,66.55,46.04896
