year,y_true,y_pred
2018,562.2,371.13544
2019,469.76,382.23804
2020,227.67,382.23804
2021,270.21,472.89133
2022,512.41,447.75153
