year,y_true,y_pred
2018,32.09,68.2259
2019,95.75,60.072803
2020,71.43,67.77774
2021,86.88,67.68981
2022,25.85,68.52404
