year,y_true,y_pred
2018,112.79,98.35967
2019,106.27,92.15684
2020,86.89,98.35967
2021,98.09,93.48434
2022,101.26,88.33267
