year,y_true,y_pred
2018,221.16,413.42633
2019,172.92,413.42633
2020,171.05,413.42633
2021,255.53,413.42633
2022,314.33,413.42633
