year,y_true,y_pred
2018,22.29,20.709167
2019,13.56,20.709167
2020,20.12,21.935083
2021,24.89,20.183334
2022,30.3,22.47844
