year,y_true,y_pred
2018,3.43,0.33044446
2019,0.0,0.6153333
2020,0.0,0.28266665
2021,0.0,0.30033332
2022,0.0,0.33044446
