year,y_true,y_pred
2018,6.86,7.1428337
2019,11.87,7.1428337
2020,16.77,7.1428337
2021,4.98,7.879667
2022,9.47,7.1428337
