year,y_true,y_pred
2018,82.29,76.785286
2019,94.94,76.785286
2020,120.74,76.785286
2021,107.85,48.57149
2022,87.1,48.57149
