year,y_true,y_pred
2018,0.0,0.463875
2019,0.0,0.463875
2020,6.71,0.463875
2021,1.66,0.465375
2022,0.0,0.463875
