year,y_true,y_pred
2018,13.72,10.540542
2019,16.95,8.857333
2020,20.12,8.857333
2021,11.61,8.857333
2022,28.4,8.857333
