year,y_true,y_pred
2018,89.69,53.215622
2019,0.0,54.70601
2020,60.7,53.47613
2021,91.69,36.267975
2022,27.73,54.669872
