year,y_true,y_pred
2018,24.51,27.304033
2019,34.2,27.304033
2020,29.74,27.304033
2021,29.34,27.304033
2022,28.3,27.304033
