year,y_true,y_pred
2018,61.06,66.835396
2019,63.87,63.29171
2020,54.99,66.835396
2021,84.29,59.582436
2022,76.97,64.12721
