year,y_true,y_pred
2018,22.21,30.705147
2019,24.61,30.705147
2020,24.01,30.705147
2021,27.5,30.705147
2022,23.3,30.705147
