year,y_true,y_pred
2018,403.22,419.24002
2019,403.57,419.24002
2020,366.02,419.24002
2021,370.06,419.24002
2022,534.93,419.24002
