year,y_true,y_pred
2018,49.35,25.876749
2019,43.02,25.876749
2020,55.12,25.876749
2021,36.63,25.876749
2022,52.54,25.876749
