year,y_true,y_pred
2018,1270.74,668.65936
2019,1155.5,668.65936
2020,888.05,668.65936
2021,860.7,668.65936
2022,992.41,668.65936
