year,y_true,y_pred
2018,50.59,39.12958
2019,72.31,50.227665
2020,94.07,39.12958
2021,50.68,50.227665
2022,79.47,50.227665
