year,y_true,y_pred
2018,838.27,705.7773
2019,773.74,819.1937
2020,643.99,746.33606
2021,528.56,731.75085
2022,649.01,681.52246
