year,y_true,y_pred
2018,779.68,833.56866
2019,543.62,895.29926
2020,431.15,895.29926
2021,578.83,895.29926
2022,802.28,895.29926
