year,y_true,y_pred
2018,164.14,112.67622
2019,126.6,112.67622
2020,167.26,110.609085
2021,122.44,141.71527
2022,155.89,73.01105
