year,y_true,y_pred
2018,37.31,21.926624
2019,14.89,25.758938
2020,18.58,19.425938
2021,11.13,19.425938
2022,34.22,23.046999
