year,y_true,y_pred
2018,26.11,29.24924
2019,40.96,29.24924
2020,11.15,29.24924
2021,22.26,21.119207
2022,7.6,29.24924
