year,y_true,y_pred
2018,0.0,2.1194584
2019,0.0,2.1194584
2020,0.0,2.1194584
2021,0.0,2.1194584
2022,3.8,2.1194584
