year,y_true,y_pred
2018,85.32,39.513752
2019,33.99,29.820045
2020,55.02,56.59882
2021,33.73,29.820045
2022,45.21,56.59882
