year,y_true,y_pred
2018,21.33,36.406166
2019,8.5,37.394333
2020,21.16,37.394333
2021,25.3,34.973915
2022,45.21,34.973915
