year,y_true,y_pred
2018,123.72,134.43633
2019,106.22,134.43633
2020,131.2,134.43633
2021,92.75,134.43633
2022,115.55,134.43633
