year,y_true,y_pred
2018,25.6,14.973726
2019,46.74,17.272877
2020,25.39,14.973726
2021,21.08,13.573374
2022,10.05,13.573374
