year,y_true,y_pred
2018,76.3,96.47034
2019,96.69,80.5303
2020,75.65,96.47034
2021,54.79,80.5303
2022,79.57,85.92734
