year,y_true,y_pred
2018,173.41,217.28238
2019,172.65,217.28238
2020,171.93,217.28238
2021,150.68,217.28238
2022,218.8,217.28238
