year,y_true,y_pred
2018,27.75,6.612604
2019,6.91,11.000792
2020,13.75,6.612604
2021,6.85,11.000792
2022,19.89,6.612604
