year,y_true,y_pred
2018,13.87,29.093819
2019,6.91,19.176228
2020,20.63,22.684692
2021,6.85,35.421906
2022,19.89,19.867458
