year,y_true,y_pred
2018,0.0,0.81531763
2019,0.0,0.81531763
2020,0.0,0.81531763
2021,0.0,0.81531763
2022,0.0,0.81531763
