year,y_true,y_pred
2018,31.91,33.636665
2019,52.98,29.447582
2020,38.0,33.636665
2021,48.38,29.447582
2022,45.51,33.636665
