year,y_true,y_pred
2018,331.91,320.94772
2019,356.05,320.94772
2020,274.46,347.71243
2021,399.66,316.19968
2022,481.85,347.71243
