year,y_true,y_pred
2018,0.0,0.5693334
2019,0.0,0.5693334
2020,0.0,0.8884167
2021,0.0,0.8136667
2022,0.0,0.8136667
