year,y_true,y_pred
2018,36.17,31.094334
2019,29.67,31.094334
2020,29.56,31.094334
2021,31.55,31.094334
2022,69.6,31.094334
