year,y_true,y_pred
2018,112.77,68.40516
2019,114.44,68.40516
2020,101.34,68.40516
2021,103.07,68.40516
2022,203.45,68.40516
