year,y_true,y_pred
2018,8.51,10.305063
2019,10.6,5.827899
2020,8.45,6.531642
2021,6.31,5.827899
2022,18.74,6.15417
