year,y_true,y_pred
2018,70.04,70.37725
2019,74.82,72.958
2020,61.48,70.93675
2021,59.95,70.18975
2022,86.01,72.958
