year,y_true,y_pred
2018,519.36,594.99884
2019,470.19,543.7257
2020,480.03,580.5134
2021,334.47,611.579
2022,583.84,577.64655
