year,y_true,y_pred
2018,56.91,36.35396
2019,24.54,35.080666
2020,40.99,36.35396
2021,82.16,35.080666
2022,37.9,37.431633
