year,y_true,y_pred
2018,1203.25,730.6732
2019,1292.54,962.72015
2020,819.87,730.6732
2021,1059.9,552.68585
2022,878.08,988.795
