year,y_true,y_pred
2018,80.76,93.96533
2019,90.37,93.96533
2020,69.73,85.4391
2021,77.85,87.79329
2022,102.96,89.10279
