year,y_true,y_pred
2018,16.45,9.172874
2019,12.59,9.172874
2020,13.21,9.172874
2021,21.1,9.38
2022,19.86,9.38
