year,y_true,y_pred
2018,0.0,0.07811667
2019,0.0,0.07811667
2020,0.0,0.07811667
2021,0.0,0.07811667
2022,0.0,0.07811667
