year,y_true,y_pred
2018,151.06,170.70796
2019,166.67,168.75566
2020,141.67,169.62967
2021,146.98,171.31395
2022,169.89,171.81467
