year,y_true,y_pred
2018,27.67,20.78852
2019,38.52,20.78852
2020,40.37,20.78852
2021,41.47,20.78852
2022,56.63,20.78852
