year,y_true,y_pred
2018,2.24,3.6652098
2019,5.19,4.5879064
2020,2.2,4.1779866
2021,5.09,4.5879064
2022,3.68,4.1779866
