year,y_true,y_pred
2018,525.43,528.94135
2019,521.94,528.94135
2020,421.0,528.94135
2021,467.49,505.91672
2022,615.5,505.91672
