year,y_true,y_pred
2018,39.27,41.466103
2019,45.74,52.895744
2020,42.77,49.055607
2021,39.84,49.055607
2022,74.68,49.055607
