year,y_true,y_pred
2018,86.67,96.88526
2019,122.41,103.63998
2020,114.94,129.91068
2021,110.23,127.56175
2022,115.89,123.46097
