year,y_true,y_pred
2018,6.77,4.9174585
2019,12.11,4.9174585
2020,9.36,4.9174585
2021,9.3,4.9174585
2022,14.16,4.9174585
