year,y_true,y_pred
2018,0.0,0.55745715
2019,1.35,0.0008986349
2020,0.0,0.55745715
2021,0.0,0.55745715
2022,0.0,0.55745715
