year,y_true,y_pred
2018,62.29,44.286606
2019,55.15,44.286606
2020,56.13,44.286606
2021,59.76,44.286606
2022,55.37,44.286606
