year,y_true,y_pred
2018,47.29,51.796223
2019,28.36,51.796223
2020,37.79,51.796223
2021,28.33,51.796223
2022,54.18,51.796223
