year,y_true,y_pred
2018,919.25,491.60266
2019,879.97,517.74133
2020,729.66,517.74133
2021,659.35,517.74133
2022,864.64,502.90067
