year,y_true,y_pred
2018,55.71,57.901237
2019,62.78,68.51727
2020,58.81,39.71337
2021,50.64,57.901237
2022,71.88,57.901573
