year,y_true,y_pred
2018,7.8,5.6173334
2019,9.91,5.2601666
2020,11.98,5.6173334
2021,18.32,5.6173334
2022,19.51,5.6173334
