year,y_true,y_pred
2018,33.43,19.00671
2019,26.43,21.286415
2020,34.85,21.28141
2021,33.4,19.00671
2022,54.42,21.28141
