year,y_true,y_pred
2018,71.31,92.465744
2019,104.63,93.0372
2020,96.92,83.72395
2021,128.21,82.67021
2022,126.31,72.1441
