year,y_true,y_pred
2018,0.0,0.09916667
2019,0.0,0.09916667
2020,0.0,0.09916667
2021,1.08,0.09916667
2022,0.0,0.09916667
