year,y_true,y_pred
2018,0.0,1.4145833
2019,2.2,1.0050833
2020,2.18,1.0224583
2021,0.0,1.0005833
2022,2.05,1.4145833
