year,y_true,y_pred
2018,61.55,124.790695
2019,85.0,124.790695
2020,89.5,87.05635
2021,89.28,94.597916
2022,143.44,87.05635
