year,y_true,y_pred
2018,75.47,76.47092
2019,43.97,71.126335
2020,49.37,76.47092
2021,79.14,76.877335
2022,76.24,83.13233
