year,y_true,y_pred
2018,744.33,911.0163
2019,756.29,986.65204
2020,585.19,903.16003
2021,657.62,986.65204
2022,797.08,986.65204
