year,y_true,y_pred
2018,156.37,270.74182
2019,468.48,225.26122
2020,233.92,346.04837
2021,194.7,468.61606
2022,334.8,261.8111
