year,y_true,y_pred
2018,19.55,16.189604
2019,58.56,17.662962
2020,0.0,16.189604
2021,58.41,3.5016623
2022,20.92,16.189604
