year,y_true,y_pred
2018,34.7,58.599167
2019,60.08,69.62714
2020,50.96,59.34617
2021,33.62,69.62714
2022,47.69,59.34617
