year,y_true,y_pred
2018,27.24,73.19528
2019,26.82,79.5483
2020,88.07,79.5483
2021,43.41,69.68986
2022,41.5,77.21473
