year,y_true,y_pred
2018,699.17,855.30524
2019,554.26,650.2973
2020,431.53,713.43945
2021,633.74,713.44025
2022,601.78,713.44025
