year,y_true,y_pred
2018,7.49,25.711792
2019,7.46,25.627792
2020,0.0,25.627792
2021,59.3,25.627792
2022,52.55,25.711792
