year,y_true,y_pred
2018,58.76,90.33608
2019,34.21,101.95167
2020,33.25,101.95167
2021,53.94,101.95167
2022,34.81,101.95167
