year,y_true,y_pred
2018,25.15,22.390242
2019,27.75,22.390242
2020,31.84,29.739304
2021,48.19,24.33638
2022,15.13,30.543959
