year,y_true,y_pred
2018,0.0,1.40275
2019,1.63,1.40275
2020,1.59,2.299
2021,3.11,2.299
2022,2.75,1.4480001
