year,y_true,y_pred
2018,5.03,6.7798305
2019,1.63,8.680936
2020,11.14,8.680936
2021,4.66,8.506226
2022,4.13,8.680936
