year,y_true,y_pred
2018,112.32,109.92733
2019,112.65,109.28204
2020,117.81,109.28204
2021,141.46,109.28204
2022,97.65,109.28204
