year,y_true,y_pred
2018,23.47,12.859667
2019,24.49,12.859667
2020,31.84,12.859667
2021,31.09,12.859667
2022,31.63,12.859667
