year,y_true,y_pred
2018,611.19,619.13367
2019,592.98,586.49164
2020,514.42,586.49164
2021,458.49,610.7532
2022,562.25,610.7532
