year,y_true,y_pred
2018,58.77,15.1212225
2019,11.86,32.05749
2020,11.96,31.62912
2021,12.07,49.940372
2022,45.9,49.940372
