year,y_true,y_pred
2018,64.33,42.322124
2019,40.36,42.322124
2020,53.1,41.0517
2021,81.39,46.369125
2022,47.57,43.348125
