year,y_true,y_pred
2018,1070.92,729.55774
2019,894.56,717.13477
2020,905.53,717.13477
2021,834.21,749.2418
2022,903.75,749.2418
