year,y_true,y_pred
2018,56.23,67.04865
2019,60.06,69.39766
2020,69.32,67.04865
2021,55.49,74.829124
2022,50.31,66.586655
