year,y_true,y_pred
2018,640.44,852.78253
2019,715.32,955.54034
2020,831.8,955.54034
2021,644.27,942.98065
2022,688.86,955.54034
