year,y_true,y_pred
2018,134.8,85.434746
2019,97.86,101.453575
2020,79.55,93.732376
2021,151.56,80.97403
2022,75.01,89.43991
