year,y_true,y_pred
2018,68.31,55.16871
2019,70.81,55.16871
2020,110.13,47.673897
2021,95.2,47.673897
2022,58.41,47.673897
