mae,rmse,r2,city,model,sequence_length,forecast_horizon,normalization,val_size
0.29652472778831096,0.43011736138436635,0.006289654601800865,3163805,xgboost,8,4,,
