year,y_true,y_pred
2018,139.47,84.972534
2019,94.88,33.42528
2020,96.81,33.42528
2021,98.72,33.42528
2022,85.47,33.42528
