year,y_true,y_pred
2018,111.98,95.81223
2019,111.54,122.38571
2020,55.59,122.38571
2021,166.2,95.81223
2022,246.76,95.81223
