year,y_true,y_pred
2018,47.03,85.224014
2019,40.72,45.463318
2020,69.1,45.463318
2021,79.82,45.463318
2022,57.18,70.375244
