year,y_true,y_pred
2018,261.72,405.80984
2019,459.22,291.14108
2020,548.01,471.8033
2021,329.67,478.96957
2022,272.6,355.16736
