year,y_true,y_pred
2018,21.81,31.513668
2019,21.87,32.142334
2020,87.68,26.313835
2021,65.93,31.513668
2022,113.58,35.370335
