year,y_true,y_pred
2018,9.38,25.403833
2019,28.22,31.467958
2020,28.29,37.157772
2021,75.59,37.157772
2022,29.15,30.177958
