year,y_true,y_pred
2018,84.46,67.50919
2019,112.88,75.87901
2020,150.86,74.77216
2021,103.94,100.847534
2022,97.15,67.50919
