year,y_true,y_pred
2018,28.15,23.65325
2019,37.63,23.65325
2020,28.29,23.65325
2021,85.04,23.65325
2022,58.29,23.65325
