year,y_true,y_pred
2018,28.15,18.955875
2019,65.85,18.955875
2020,37.71,26.371443
2021,66.14,21.749842
2022,97.15,18.955875
