year,y_true,y_pred
2018,122.21,70.933586
2019,60.9,70.933586
2020,106.24,108.71532
2021,15.13,60.726727
2022,107.76,65.74769
