year,y_true,y_pred
2018,24.32,10.212334
2019,48.52,7.2856455
2020,0.0,7.9907084
2021,36.22,10.212334
2022,26.88,7.9907084
