year,y_true,y_pred
2018,133.77,158.60161
2019,388.16,158.60161
2020,229.91,208.59404
2021,313.93,180.05742
2022,268.82,208.59404
