year,y_true,y_pred
2018,99.2,33.20987
2019,83.76,52.13018
2020,72.19,61.38107
2021,94.81,61.381374
2022,52.63,52.13254
