year,y_true,y_pred
2018,38.15,32.330208
2019,38.07,34.746708
2020,22.8,27.526667
2021,30.34,27.526667
2022,12.15,35.930668
