year,y_true,y_pred
2018,164.07,54.52328
2019,137.07,35.68161
2020,170.99,48.381096
2021,193.41,48.381096
2022,145.75,48.381096
