year,y_true,y_pred
2018,22.89,33.970562
2019,26.65,24.746
2020,30.4,25.201374
2021,22.75,33.970562
2022,44.53,33.970562
