year,y_true,y_pred
2018,36.4,23.775623
2019,52.29,24.850187
2020,20.0,21.714375
2021,23.88,23.775623
2022,56.95,24.850187
