year,y_true,y_pred
2018,416.58,662.63666
2019,599.33,662.63666
2020,368.07,662.63666
2021,433.8,662.63666
2022,536.96,662.63666
