year,y_true,y_pred
2018,8.09,3.1053333
2019,0.0,3.5153332
2020,12.0,3.5429165
2021,3.98,2.8106666
2022,4.07,3.5429165
