year,y_true,y_pred
2018,0.0,0.43099803
2019,0.0,0.43099803
2020,0.0,0.43099803
2021,0.0,0.43099803
2022,0.0,0.43099803
