year,y_true,y_pred
2018,60.67,43.998608
2019,68.38,43.998608
2020,88.02,56.625458
2021,131.33,43.998608
2022,134.24,43.998608
