year,y_true,y_pred
2018,16.18,16.360834
2019,24.13,16.393833
2020,16.0,16.360834
2021,35.82,15.652833
2022,16.27,16.360834
