mae,rmse,r2,city,model,sequence_length,forecast_horizon,normalization,val_size
0.051546052402927846,0.06660236310600544,0.2156451628031254,3509502,xgboost,8,4,,
