year,y_true,y_pred
2018,301.42,191.88884
2019,264.36,191.88884
2020,254.01,191.88857
2021,357.17,191.88884
2022,471.48,191.88884
