year,y_true,y_pred
2018,17.73,11.179669
2019,52.87,30.364977
2020,26.28,28.668892
2021,26.13,18.692278
2022,45.34,17.261509
