year,y_true,y_pred
2018,0.0,7.0469027
2019,17.62,7.0469027
2020,61.31,9.578563
2021,0.0,28.399448
2022,9.07,0.014310423
