year,y_true,y_pred
2018,0.0,0.86109996
2019,0.0,0.86109996
2020,0.0,0.86109996
2021,0.0,0.86109996
2022,0.0,0.86109996
