year,y_true,y_pred
2018,97.52,34.408443
2019,44.06,34.408443
2020,105.11,52.16146
2021,26.13,34.408443
2022,117.87,45.410908
