year,y_true,y_pred
2018,0.0,14.216812
2019,8.81,14.216812
2020,8.76,14.216812
2021,8.71,14.216812
2022,18.13,14.216812
