year,y_true,y_pred
2018,1140.59,663.42926
2019,925.08,562.27045
2020,470.49,562.27045
2021,560.96,613.88544
2022,389.51,613.88544
