year,y_true,y_pred
2018,16.53,19.816877
2019,41.3,19.816877
2020,57.78,32.696598
2021,41.25,58.67666
2022,34.62,31.748852
