year,y_true,y_pred
2018,12.26,1.3041213
2019,12.02,1.3041213
2020,11.8,1.3041213
2021,0.0,1.3041213
2022,9.0,1.3041213
