year,y_true,y_pred
2018,36.77,52.39386
2019,84.16,35.95597
2020,82.62,57.929985
2021,69.54,57.929985
2022,108.06,57.929985
