year,y_true,y_pred
2018,27.43,168.04913
2019,54.98,135.79254
2020,82.64,168.04913
2021,27.6,132.53967
2022,134.66,132.53967
