year,y_true,y_pred
2018,75.64,169.05963
2019,199.95,111.685005
2020,123.89,169.05963
2021,98.3,111.685005
2022,204.5,111.685005
