year,y_true,y_pred
2018,0.0,24.79694
2019,24.99,4.1517677
2020,0.0,4.1517677
2021,0.0,4.1517677
2022,0.0,4.1517677
