year,y_true,y_pred
2018,1427.83,964.8161
2019,1982.08,835.6299
2020,1675.01,552.82776
2021,1158.97,552.82776
2022,1443.74,552.82776
