year,y_true,y_pred
2018,34.41,60.85367
2019,68.94,60.85367
2020,51.8,55.979034
2021,138.38,60.85367
2022,70.77,45.379875
