year,y_true,y_pred
2018,10.28,13.162624
2019,0.0,14.588875
2020,20.45,13.162624
2021,25.49,14.588875
2022,39.03,11.608624
