year,y_true,y_pred
2018,123.41,644.8578
2019,82.03,562.0844
2020,332.29,562.0844
2021,438.42,580.22546
2022,507.33,580.22546
