year,y_true,y_pred
2018,249.49,209.66287
2019,307.41,209.66287
2020,141.47,209.66287
2021,122.96,192.66788
2022,228.97,182.85281
