year,y_true,y_pred
2018,6.93,8.798875
2019,37.57,3.249381
2020,16.84,3.249381
2021,9.97,4.8682
2022,5.87,9.403225
