year,y_true,y_pred
2018,75.96,99.706665
2019,68.01,99.706665
2020,43.32,99.706665
2021,70.27,97.766205
2022,79.99,95.98066
