year,y_true,y_pred
2018,366.83,435.99115
2019,436.11,435.99115
2020,348.8,435.99115
2021,319.84,435.99115
2022,422.06,435.99115
