year,y_true,y_pred
2018,38.86,39.51396
2019,46.06,38.401867
2020,40.2,42.45904
2021,34.11,38.401867
2022,49.15,36.227272
