year,y_true,y_pred
2018,0.0,0.23453581
2019,0.0,0.4581741
2020,1.62,0.29794094
2021,1.61,0.23453581
2022,0.66,0.32761914
