year,y_true,y_pred
2018,14.16,14.362467
2019,23.52,14.362467
2020,13.94,14.362467
2021,10.62,14.362467
2022,20.64,14.362467
