year,y_true,y_pred
2018,0.0,0.03397475
2019,0.0,0.03397475
2020,0.0,0.03397475
2021,0.0,0.03397475
2022,0.0,0.03397475
