year,y_true,y_pred
2018,28.32,18.551672
2019,35.61,18.551672
2020,29.18,18.551672
2021,26.06,18.551672
2022,36.05,18.551672
