year,y_true,y_pred
2018,149.83,160.84122
2019,169.87,160.84122
2020,153.33,160.84122
2021,163.46,160.84122
2022,181.87,160.84122
