year,y_true,y_pred
2018,41.85,56.38469
2019,103.54,65.334
2020,61.5,73.082
2021,60.9,69.982
2022,48.84,56.38469
