year,y_true,y_pred
2018,774.22,631.03906
2019,890.45,726.65594
2020,861.01,678.7255
2021,527.81,678.7255
2022,830.28,631.03906
