year,y_true,y_pred
2018,56.17,54.578335
2019,69.98,54.578335
2020,60.83,54.578335
2021,58.98,59.251167
2022,46.69,54.578335
