year,y_true,y_pred
2018,26.69,1.5741627
2019,39.97,1.5741627
2020,17.73,10.7170515
2021,17.71,10.7170515
2022,32.09,1.5741627
