year,y_true,y_pred
2018,231.33,154.37108
2019,306.42,154.37108
2020,208.38,222.87003
2021,234.62,154.37108
2022,261.34,154.37108
