year,y_true,y_pred
2018,64.44,62.11475
2019,65.12,73.73723
2020,51.18,73.736855
2021,52.43,73.72913
2022,41.21,59.182743
