year,y_true,y_pred
2018,0.0,0.02658853
2019,0.0,0.02658853
2020,0.0,0.02658853
2021,0.21,0.02658853
2022,0.0,0.02658853
