year,y_true,y_pred
2018,12.27,10.477242
2019,8.9,10.277067
2020,7.53,10.100292
2021,11.08,11.011066
2022,11.56,11.011066
