year,y_true,y_pred
2018,172.93,182.50433
2019,174.09,182.50433
2020,154.63,182.50433
2021,148.13,182.50433
2022,159.57,182.50433
