year,y_true,y_pred
2018,0.44,1.0376042
2019,1.09,1.3826042
2020,1.94,1.3361043
2021,1.07,1.0376042
2022,2.31,1.2392917
