year,y_true,y_pred
2018,15.78,12.417243
2019,18.45,12.294014
2020,20.86,12.294014
2021,15.13,12.294014
2022,19.97,12.294014
