year,y_true,y_pred
2018,121.68,22.777092
2019,34.78,39.70173
2020,121.8,65.89969
2021,87.05,51.275776
2022,76.32,13.278615
