year,y_true,y_pred
2018,34.76,85.5184
2019,69.57,85.5184
2020,87.0,88.64716
2021,17.41,67.009964
2022,57.24,85.5184
