year,y_true,y_pred
2018,17.38,32.80604
2019,0.0,32.80604
2020,34.8,32.80604
2021,0.0,24.985043
2022,0.0,32.80604
