year,y_true,y_pred
2018,121.68,153.40027
2019,104.35,130.54057
2020,243.61,130.54057
2021,156.69,197.11896
2022,286.2,153.40027
