year,y_true,y_pred
2018,343.05,243.22023
2019,202.69,243.22023
2020,114.11,243.22023
2021,206.2,264.0487
2022,365.27,243.22023
