year,y_true,y_pred
2018,19.6,10.398209
2019,12.87,9.606209
2020,3.17,11.337896
2021,3.12,10.398209
2022,20.07,10.398209
