year,y_true,y_pred
2018,0.0,0.40770835
2019,0.0,0.40770835
2020,0.0,0.40770835
2021,0.0,0.40770835
2022,4.01,0.40770835
