year,y_true,y_pred
2018,0.0,8.032537
2019,6.43,8.032537
2020,0.0,2.6027048
2021,3.12,7.6311693
2022,8.03,6.4292455
