year,y_true,y_pred
2018,58.81,19.819365
2019,64.35,40.86428
2020,95.09,37.824486
2021,84.36,40.914783
2022,80.28,40.914783
