year,y_true,y_pred
2018,9.8,3.5947084
2019,6.43,5.603083
2020,12.68,4.4556665
2021,12.5,3.9425833
2022,12.04,3.9425833
