year,y_true,y_pred
2018,65.18,86.18047
2019,70.57,87.02309
2020,66.12,87.02309
2021,57.67,87.02309
2022,65.24,87.02309
