year,y_true,y_pred
2018,12.38,9.208138
2019,8.21,8.760059
2020,8.98,10.885518
2021,15.43,10.635223
2022,9.57,9.439607
