year,y_true,y_pred
2018,16.5,14.983648
2019,22.16,10.416894
2020,19.59,9.87218
2021,21.93,9.87218
2022,14.79,9.87218
