year,y_true,y_pred
2018,0.0,0.769
2019,1.64,0.769
2020,0.82,0.38625
2021,0.0,0.49699998
2022,0.0,0.769
