year,y_true,y_pred
2018,121.28,187.87126
2019,178.89,187.87126
2020,185.31,198.52939
2021,165.7,184.86267
2022,201.82,172.53575
