year,y_true,y_pred
2018,34.4,18.053833
2019,41.3,21.009958
2020,48.2,18.053833
2021,48.22,18.053833
2022,6.99,18.053833
