year,y_true,y_pred
2018,617.61,391.69397
2019,194.09,760.5567
2020,380.34,395.019
2021,373.16,491.05707
2022,456.12,433.58203
