year,y_true,y_pred
2018,61.0,30.536104
2019,37.32,30.536104
2020,43.89,24.505367
2021,14.35,24.505367
2022,15.73,25.483292
