year,y_true,y_pred
2018,0.0,12.36577
2019,27.47,12.764667
2020,55.07,21.884233
2021,27.56,12.764667
2022,0.0,12.36577
