year,y_true,y_pred
2018,301.45,448.55338
2019,274.73,610.7391
2020,495.59,448.55338
2021,854.47,448.55338
2022,1699.49,610.7391
