year,y_true,y_pred
2018,44.44,4.2885284
2019,8.83,26.225904
2020,52.69,7.324556
2021,26.19,26.225904
2022,29.35,16.354605
