year,y_true,y_pred
2018,1288.66,549.31793
2019,689.05,655.29535
2020,702.56,586.57935
2021,375.45,586.57935
2022,782.63,586.57935
