year,y_true,y_pred
2018,48.29,84.05728
2019,54.01,84.05728
2020,83.52,84.05728
2021,41.53,84.8981
2022,56.76,84.88221
