year,y_true,y_pred
2018,1528.91,1223.3787
2019,1845.15,964.4663
2020,948.49,964.4663
2021,1040.47,954.08215
2022,1299.52,954.08215
