year,y_true,y_pred
2018,160.94,103.869286
2019,137.95,126.52229
2020,97.72,117.21318
2021,103.47,124.6195
2022,107.77,111.69047
