year,y_true,y_pred
2018,74.72,25.635115
2019,11.5,23.1194
2020,28.74,30.193117
2021,34.49,23.1194
2022,25.36,31.232695
