year,y_true,y_pred
2018,91.96,112.597664
2019,63.23,112.597664
2020,143.71,112.597664
2021,120.72,110.08967
2022,101.43,121.98134
