year,y_true,y_pred
2018,0.0,10.506338
2019,0.0,12.559526
2020,5.75,12.559526
2021,11.5,12.559526
2022,6.34,11.56346
