year,y_true,y_pred
2018,120.7,110.056274
2019,97.72,110.056274
2020,120.72,110.056274
2021,45.99,110.056274
2022,114.1,105.96052
