year,y_true,y_pred
2018,20.45,121.67469
2019,61.93,139.13277
2020,0.0,139.13277
2021,105.09,139.13277
2022,208.51,137.2494
