year,y_true,y_pred
2018,520.36,394.82812
2019,475.29,394.82812
2020,303.6,394.82812
2021,410.92,394.82812
2022,465.41,369.5882
