year,y_true,y_pred
2018,34.57,43.196957
2019,36.51,46.33796
2020,21.36,46.33796
2021,39.07,46.994957
2022,42.37,50.205032
