year,y_true,y_pred
2018,45.73,45.162453
2019,48.87,45.162453
2020,46.42,45.162453
2021,44.88,45.162453
2022,56.84,45.162453
