year,y_true,y_pred
2018,0.3,0.098106794
2019,0.29,0.0074803866
2020,0.1,0.109384224
2021,0.0,0.0074803866
2022,0.1,0.0074803866
