year,y_true,y_pred
2018,0.4,0.1280206
2019,0.2,0.14939357
2020,0.39,0.2760449
2021,0.78,0.059178434
2022,1.04,0.401007
