year,y_true,y_pred
2018,6.62,6.1066737
2019,9.23,6.1066737
2020,10.83,9.908633
2021,8.14,9.908633
2022,9.78,6.1066737
