year,y_true,y_pred
2018,78.73,82.23718
2019,77.43,82.23718
2020,73.83,82.23718
2021,83.95,82.23718
2022,125.85,82.23718
