year,y_true,y_pred
2018,73.8,36.623466
2019,37.06,61.593636
2020,0.0,36.623466
2021,112.07,80.98811
2022,65.45,49.74727
