year,y_true,y_pred
2018,1070.11,629.7329
2019,852.48,711.11865
2020,1078.87,785.7159
2021,896.53,881.74115
2022,621.73,785.7159
