year,y_true,y_pred
2018,32.47,102.42288
2019,64.81,78.9301
2020,32.36,78.9301
2021,96.93,102.42288
2022,74.02,78.9301
