year,y_true,y_pred
2018,454.55,1114.1583
2019,550.87,776.3905
2020,679.61,854.28015
2021,452.34,914.09265
2022,1221.32,854.28015
