year,y_true,y_pred
2018,381.86,436.61902
2019,499.94,436.61902
2020,424.49,436.61902
2021,540.27,436.61902
2022,463.84,436.61902
