year,y_true,y_pred
2018,29.7,31.67575
2019,75.62,31.67575
2020,8.32,34.673084
2021,78.36,34.486668
2022,33.73,34.673084
