year,y_true,y_pred
2018,156.79,57.677456
2019,62.44,31.873749
2020,31.08,57.677456
2021,92.82,42.521
2022,120.41,31.873749
