year,y_true,y_pred
2018,878.02,559.47595
2019,343.43,559.47595
2020,652.58,578.37024
2021,618.81,611.05853
2022,872.97,830.6701
