year,y_true,y_pred
2018,171.23,449.2706
2019,75.13,552.9556
2020,166.94,538.04083
2021,293.2,538.04083
2022,241.32,466.24335
