year,y_true,y_pred
2018,38.32,18.540958
2019,22.96,22.457771
2020,38.19,22.457771
2021,22.88,18.540958
2022,48.22,22.457771
