year,y_true,y_pred
2018,206.94,312.8741
2019,267.81,318.70895
2020,252.08,348.64212
2021,305.06,348.64212
2022,273.25,492.5755
