year,y_true,y_pred
2018,69.21,63.523003
2019,51.24,63.523003
2020,101.2,58.731377
2021,58.32,61.574
2022,79.18,63.523003
