year,y_true,y_pred
2018,839.17,639.30865
2019,461.14,639.30865
2020,919.21,652.33246
2021,908.18,688.90955
2022,870.94,662.246
