year,y_true,y_pred
2018,52.38,24.173458
2019,39.21,24.173458
2020,0.0,24.173458
2021,52.1,24.173458
2022,58.66,36.841667
