year,y_true,y_pred
2018,91.67,200.95026
2019,143.77,200.95026
2020,156.56,157.04575
2021,156.29,200.95026
2022,175.98,200.95026
