year,y_true,y_pred
2018,0.0,1.1916363
2019,0.0,1.1916363
2020,0.0,1.1916363
2021,0.0,1.1916363
2022,0.0,1.1916363
