year,y_true,y_pred
2018,26.19,30.786667
2019,0.0,19.365957
2020,13.05,19.365957
2021,26.05,28.996582
2022,43.99,21.626667
