year,y_true,y_pred
2018,104.77,55.58709
2019,78.42,55.58709
2020,104.37,106.139755
2021,78.15,44.864418
2022,131.98,106.139755
