year,y_true,y_pred
2018,73.39,44.03553
2019,72.9,65.28119
2020,31.04,43.69798
2021,30.84,44.739574
2022,40.58,44.03553
