year,y_true,y_pred
2018,429.86,245.04935
2019,291.61,267.9167
2020,227.63,297.7147
2021,308.42,266.31885
2022,432.84,297.7147
