year,y_true,y_pred
2018,98.63,67.61005
2019,108.26,66.563484
2020,128.4,66.563484
2021,137.54,66.563484
2022,50.33,66.563484
