year,y_true,y_pred
2018,449.19,275.10132
2019,226.95,247.67233
2020,200.57,233.01398
2021,376.27,291.32452
2022,278.69,233.01398
