year,y_true,y_pred
2018,56.15,26.281418
2019,56.74,26.281418
2020,0.0,26.281418
2021,57.89,18.127417
2022,25.34,26.281418
