year,y_true,y_pred
2018,73.49,50.29102
2019,28.14,63.369102
2020,22.42,76.03637
2021,94.88,71.40497
2022,66.76,77.44765
