year,y_true,y_pred
2018,11.31,14.637067
2019,5.63,14.637067
2020,0.0,14.637067
2021,0.0,14.637067
2022,6.07,14.637067
