year,y_true,y_pred
2018,11.31,4.256604
2019,0.0,4.256604
2020,11.21,2.3786042
2021,0.0,4.256604
2022,0.0,2.3786042
