year,y_true,y_pred
2018,28.27,36.7415
2019,39.4,32.39975
2020,22.42,36.7415
2021,22.33,32.39975
2022,36.41,32.39975
