year,y_true,y_pred
2018,135.68,173.48482
2019,106.94,173.48482
2020,84.07,173.48482
2021,145.11,173.48482
2022,133.51,173.48482
