year,y_true,y_pred
2018,67.91,60.53103
2019,67.12,79.166695
2020,96.23,79.166695
2021,52.52,79.166695
2022,70.6,50.897907
