year,y_true,y_pred
2018,3.4,1.779662
2019,3.36,1.7182201
2020,0.0,1.7182201
2021,3.28,1.7182201
2022,3.07,1.7182201
