year,y_true,y_pred
2018,16.98,4.4466324
2019,6.71,4.5675397
2020,0.0,7.26014
2021,16.41,13.272217
2022,9.21,10.668489
