year,y_true,y_pred
2018,135.82,124.95373
2019,144.3,124.95373
2020,116.14,133.85834
2021,121.45,124.95373
2022,116.64,124.95373
