year,y_true,y_pred
2018,101.45,39.27304
2019,151.22,39.27304
2020,116.9,39.27304
2021,145.26,39.27304
2022,201.95,39.27304
