year,y_true,y_pred
2018,16.91,4.2922087
2019,4.2,5.4245834
2020,8.35,4.7075834
2021,20.75,4.2922087
2022,45.34,6.1865835
