year,y_true,y_pred
2018,4.23,3.6946669
2019,8.4,3.3686666
2020,16.7,3.6946669
2021,24.9,5.4203334
2022,24.73,5.4203334
