year,y_true,y_pred
2018,118.35,94.542305
2019,92.41,94.542305
2020,104.38,80.67998
2021,112.06,94.542305
2022,123.65,94.542305
