year,y_true,y_pred
2018,8.45,8.1675005
2019,16.8,7.4055
2020,16.7,8.133
2021,4.15,8.1675005
2022,32.97,7.4055
