year,y_true,y_pred
2018,103.85,105.53733
2019,98.14,114.89081
2020,62.6,114.89081
2021,56.76,107.90233
2022,114.03,103.000916
