year,y_true,y_pred
2018,310.46,321.78116
2019,348.77,321.78116
2020,298.77,321.78116
2021,396.59,321.78116
2022,443.77,337.79083
