year,y_true,y_pred
2018,39.14,38.918953
2019,44.27,29.510668
2020,37.35,25.846375
2021,72.95,25.846375
2022,41.22,52.23645
