year,y_true,y_pred
2018,115.3,137.3154
2019,76.83,134.90721
2020,268.92,137.3154
2021,38.42,113.82164
2022,161.62,114.23683
