year,y_true,y_pred
2018,500.07,577.97015
2019,524.52,577.97015
2020,507.19,574.99963
2021,413.47,551.80963
2022,572.08,577.97015
