year,y_true,y_pred
2018,44.02,66.749916
2019,69.7,66.749916
2020,43.13,66.758385
2021,52.97,65.50643
2022,54.74,61.47344
