year,y_true,y_pred
2018,169.04,188.41066
2019,169.03,188.41066
2020,150.09,188.41066
2021,170.86,188.41066
2022,188.93,188.41066
