year,y_true,y_pred
2018,51.06,28.133427
2019,34.85,28.133427
2020,55.2,26.879042
2021,63.22,36.394505
2022,51.21,28.133427
