year,y_true,y_pred
2018,14.09,13.918301
2019,8.71,13.918301
2020,8.63,13.918301
2021,11.96,13.918301
2022,17.66,13.918301
