year,y_true,y_pred
2018,0.0,0.17985001
2019,0.0,0.17985001
2020,0.0,0.17985001
2021,0.0,0.17985001
2022,0.0,0.17985001
