year,y_true,y_pred
2018,234.68,248.08968
2019,338.65,226.75992
2020,147.27,232.62534
2021,191.64,226.75992
2022,252.08,224.38217
