year,y_true,y_pred
2018,19.16,20.575726
2019,7.15,15.368251
2020,9.5,6.182757
2021,7.1,20.504045
2022,2.47,16.806623
