year,y_true,y_pred
2018,0.0,0.22818191
2019,0.0,0.22818191
2020,0.0,0.22818191
2021,0.0,0.22818191
2022,0.0,0.22818191
