year,y_true,y_pred
2018,52.68,45.691044
2019,59.62,45.691044
2020,59.38,40.34225
2021,52.05,45.691044
2022,64.25,45.691044
