year,y_true,y_pred
2018,9.58,16.721832
2019,11.92,16.588333
2020,14.25,16.721832
2021,18.93,15.458583
2022,17.3,15.458583
