year,y_true,y_pred
2018,87.29,34.285095
2019,120.99,36.987335
2020,72.45,36.987335
2021,91.6,41.052044
2022,120.45,36.987335
