year,y_true,y_pred
2018,67.35,75.007576
2019,58.38,48.331074
2020,57.87,75.007576
2021,49.18,48.331074
2022,93.62,48.331074
