year,y_true,y_pred
2018,42.09,13.235167
2019,16.68,14.857792
2020,0.0,13.235167
2021,24.59,11.985367
2022,18.72,13.235167
