year,y_true,y_pred
2018,0.0,0.8093636
2019,0.0,0.8093636
2020,0.0,0.8093636
2021,0.0,0.8093636
2022,0.0,0.8093636
