year,y_true,y_pred
2018,25.25,24.13751
2019,16.68,21.50375
2020,24.8,-0.1749445
2021,16.39,9.638398
2022,18.72,-0.1749445
