year,y_true,y_pred
2018,84.18,43.063698
2019,91.74,42.988773
2020,49.6,42.988773
2021,49.18,63.812668
2022,140.42,63.812668
