year,y_true,y_pred
2018,79.36,76.320045
2019,39.4,91.722275
2020,39.13,57.793385
2021,68.02,74.694885
2022,80.35,63.348324
