year,y_true,y_pred
2018,518.98,313.59683
2019,471.91,256.8497
2020,425.53,256.8497
2021,189.84,256.8497
2022,214.62,310.84012
