year,y_true,y_pred
2018,44.48,13.758188
2019,14.75,17.444626
2020,14.67,17.304
2021,14.6,13.758188
2022,14.31,22.440937
