year,y_true,y_pred
2018,59.98,62.14509
2019,82.93,56.62668
2020,45.48,69.77213
2021,76.2,70.58532
2022,51.18,58.764816
