year,y_true,y_pred
2018,37.49,54.568844
2019,90.47,43.004356
2020,60.64,54.568844
2021,76.2,43.79854
2022,65.8,54.568844
