year,y_true,y_pred
2018,15.0,15.35788
2019,22.62,10.735794
2020,22.74,15.35788
2021,7.62,15.35788
2022,29.25,13.525648
