year,y_true,y_pred
2018,89.98,105.71097
2019,150.78,107.43848
2020,106.12,139.6403
2021,152.4,113.5549
2022,197.41,137.0567
