year,y_true,y_pred
2018,0.0,0.6195556
2019,0.0,0.6195556
2020,7.58,0.6195556
2021,0.0,0.46466666
2022,0.0,0.46466666
