year,y_true,y_pred
2018,62.24,52.951458
2019,67.01,52.951458
2020,54.81,52.951458
2021,55.61,52.951458
2022,53.36,51.627583
