year,y_true,y_pred
2018,0.0,0.51998866
2019,0.0,0.51998866
2020,1.0,0.51998866
2021,0.0,0.51998866
2022,0.0,0.51998866
