year,y_true,y_pred
2018,56.21,57.39779
2019,67.01,57.39779
2020,53.81,57.39779
2021,52.63,59.908333
2022,44.3,57.39779
