year,y_true,y_pred
2018,127.48,108.698875
2019,122.01,108.698875
2020,93.68,108.698875
2021,113.21,115.54667
2022,89.6,118.84502
