year,y_true,y_pred
2018,13.05,13.959791
2019,18.0,13.959791
2020,10.96,13.959791
2021,17.88,13.959791
2022,17.11,16.826334
