year,y_true,y_pred
2018,258.07,207.88934
2019,295.86,220.84395
2020,270.13,226.03242
2021,243.85,226.03242
2022,256.44,239.67024
