year,y_true,y_pred
2018,26.22,32.11454
2019,29.08,21.211988
2020,29.25,32.11454
2021,23.29,32.11454
2022,25.73,21.211988
