year,y_true,y_pred
2018,50.39,66.356155
2019,59.84,50.404564
2020,61.78,60.19515
2021,67.59,66.356155
2022,61.34,66.356155
