year,y_true,y_pred
2018,0.0,0.059948016
2019,0.0,0.059948016
2020,0.0,0.059948016
2021,0.65,0.059948016
2022,0.0,0.0024140887
