year,y_true,y_pred
2018,22.47,24.970793
2019,21.73,24.901793
2020,21.69,25.078793
2021,19.4,25.117792
2022,29.32,25.117792
