year,y_true,y_pred
2018,15.66,18.129795
2019,18.72,21.076942
2020,15.12,20.2903
2021,22.64,19.80251
2022,22.44,16.643806
