year,y_true,y_pred
2018,0.34,0.08056044
2019,0.33,0.08056044
2020,1.31,0.08056044
2021,0.0,0.28926304
2022,0.6,0.08056044
