year,y_true,y_pred
2018,25.38,62.51162
2019,25.21,90.3323
2020,75.19,53.025158
2021,24.91,41.687134
2022,172.24,90.3323
