year,y_true,y_pred
2018,343.19,526.87866
2019,493.48,506.0057
2020,255.91,508.50922
2021,406.43,504.95966
2022,583.01,508.50922
