year,y_true,y_pred
2018,44.0,34.884666
2019,35.25,34.884666
2020,44.12,28.148771
2021,0.0,31.24746
2022,66.9,28.148771
