year,y_true,y_pred
2018,152.54,250.19936
2019,375.1,223.8285
2020,125.26,274.37515
2021,167.29,248.2652
2022,371.2,223.60083
