year,y_true,y_pred
2018,13.87,33.723377
2019,41.68,28.018126
2020,0.0,33.723377
2021,27.88,28.018126
2022,44.54,33.723377
