year,y_true,y_pred
2018,46.1,66.953255
2019,82.55,52.936535
2020,107.55,66.953255
2021,94.52,66.953255
2022,97.89,66.953255
