year,y_true,y_pred
2018,642.43,793.39685
2019,894.49,793.39685
2020,988.6,856.45374
2021,941.39,825.3242
2022,978.38,793.39685
