year,y_true,y_pred
2018,76.44,40.108
2019,162.02,45.812252
2020,118.18,45.812252
2021,114.18,41.1645
2022,107.53,41.1645
