year,y_true,y_pred
2018,2.43,0.06999999
2019,0.62,0.13125
2020,1.88,0.06375
2021,3.17,0.06375
2022,3.55,0.06375
