year,y_true,y_pred
2018,38.82,10.418517
2019,42.51,10.418517
2020,40.02,10.418517
2021,39.96,10.418517
2022,35.5,10.418517
