year,y_true,y_pred
2018,33.97,4.7223334
2019,44.97,5.0643334
2020,27.51,5.096333
2021,41.87,4.2216663
2022,28.91,4.2216663
