year,y_true,y_pred
2018,41.66,81.71596
2019,41.54,81.71596
2020,41.42,81.71596
2021,82.61,81.71596
2022,121.01,81.14867
