year,y_true,y_pred
2018,770.67,639.3226
2019,539.98,694.8496
2020,414.16,642.68164
2021,578.27,642.68164
2022,726.04,642.68164
