year,y_true,y_pred
2018,322.86,285.78012
2019,313.68,285.78012
2020,294.55,273.38
2021,319.6,273.38
2022,373.23,285.78012
