year,y_true,y_pred
2018,47.93,45.00719
2019,41.93,45.00719
2020,43.62,45.00719
2021,47.94,45.00719
2022,37.95,45.00719
