year,y_true,y_pred
2018,61.71,66.79917
2019,69.71,70.33389
2020,71.08,66.79917
2021,72.98,65.90012
2022,72.77,59.10733
