year,y_true,y_pred
2018,13.77,12.420559
2019,19.6,14.571015
2020,14.0,11.666977
2021,21.84,15.324597
2022,12.48,11.666977
