year,y_true,y_pred
2018,0.0,0.09566346
2019,0.0,0.09566346
2020,0.0,0.09566346
2021,0.0,0.09566346
2022,0.0,0.09566346
