year,y_true,y_pred
2018,24.24,21.372656
2019,19.6,18.011751
2020,18.31,18.01214
2021,17.58,20.005816
2022,20.27,21.09746
