year,y_true,y_pred
2018,149.39,79.5898
2019,132.48,98.00835
2020,95.86,98.432846
2021,135.95,81.85517
2022,86.79,98.432846
