year,y_true,y_pred
2018,19.84,20.811083
2019,53.22,20.811083
2020,19.77,18.163666
2021,45.71,15.090666
2022,20.91,18.163666
