year,y_true,y_pred
2018,178.57,182.45316
2019,272.77,183.00282
2020,210.87,168.1737
2021,169.77,175.14824
2022,243.97,214.364
