year,y_true,y_pred
2018,27.96,42.50319
2019,28.08,58.60344
2020,0.0,42.50319
2021,84.94,46.392124
2022,31.27,50.697685
