year,y_true,y_pred
2018,37.79,64.145454
2019,75.67,71.24002
2020,30.53,64.145454
2021,15.28,71.24002
2022,40.14,60.513664
