year,y_true,y_pred
2018,16.97,33.625103
2019,44.8,44.957333
2020,33.28,38.26979
2021,38.46,43.381794
2022,25.94,44.957333
