year,y_true,y_pred
2018,503.51,288.15875
2019,526.43,288.15875
2020,377.13,288.15875
2021,516.46,288.15875
2022,466.99,288.15875
