year,y_true,y_pred
2018,89.15,46.568916
2019,64.69,55.803333
2020,65.71,39.79254
2021,53.38,39.79254
2022,28.53,39.79254
