year,y_true,y_pred
2018,305.65,432.45615
2019,646.91,456.3967
2020,394.27,560.3426
2021,400.37,390.69693
2022,485.02,311.23538
