year,y_true,y_pred
2018,0.0,2.582854
2019,0.0,2.582854
2020,13.14,2.582854
2021,13.35,2.0562916
2022,0.0,1.8748541
