year,y_true,y_pred
2018,25.47,12.468709
2019,38.81,14.100646
2020,26.28,12.468709
2021,40.04,12.468709
2022,14.27,12.468709
