year,y_true,y_pred
2018,50.94,29.779072
2019,103.51,53.27504
2020,92.0,48.98551
2021,40.04,49.013813
2022,71.33,57.600025
