year,y_true,y_pred
2018,89.15,74.712364
2019,142.32,63.230976
2020,92.0,90.811386
2021,80.07,63.230976
2022,42.8,79.33
