year,y_true,y_pred
2018,46.42,28.069891
2019,53.27,48.84845
2020,30.01,29.73866
2021,26.96,46.03952
2022,29.14,39.184765
