year,y_true,y_pred
2018,298.81,536.98145
2019,322.49,536.98145
2020,235.82,536.98145
2021,173.13,536.98145
2022,251.53,536.98145
