year,y_true,y_pred
2018,11.6,10.223542
2019,8.64,9.302767
2020,5.72,9.302767
2021,5.68,9.302767
2022,3.07,10.212334
