year,y_true,y_pred
2018,0.0,0.123333335
2019,0.0,0.123333335
2020,1.43,0.123333335
2021,0.0,0.123333335
2022,0.0,0.123333335
