year,y_true,y_pred
2018,40.62,18.75455
2019,35.99,39.06315
2020,22.87,38.468285
2021,34.06,18.755749
2022,21.47,43.821552
