year,y_true,y_pred
2018,124.75,105.886154
2019,115.18,105.886154
2020,120.05,102.6438
2021,150.43,105.886154
2022,164.11,102.6438
