year,y_true,y_pred
2018,67.95,70.59903
2019,72.97,70.59903
2020,50.19,70.59903
2021,54.2,70.59903
2022,73.63,70.59903
