year,y_true,y_pred
2018,0.0,0.93062466
2019,0.0,0.7263037
2020,1.07,0.7263037
2021,2.13,0.7263037
2022,1.1,0.98276246
