year,y_true,y_pred
2018,0.0,0.155125
2019,0.0,0.155125
2020,0.0,0.198925
2021,0.0,0.198925
2022,0.0,0.198925
