year,y_true,y_pred
2018,16.18,9.165083
2019,13.95,8.312333
2020,17.08,8.312333
2021,13.82,8.312333
2022,20.88,8.312333
