year,y_true,y_pred
2018,18.34,14.899785
2019,26.83,13.250524
2020,25.63,14.899785
2021,34.01,13.544745
2022,32.97,13.544745
