year,y_true,y_pred
2018,95.57,76.25394
2019,80.7,36.50916
2020,96.55,90.676285
2021,93.13,36.510036
2022,97.06,36.510036
