year,y_true,y_pred
2018,42.05,16.510666
2019,30.74,14.815833
2020,30.9,14.815833
2021,15.52,14.815833
2022,25.16,14.815833
