year,y_true,y_pred
2018,0.0,0.347272
2019,3.84,0.347272
2020,0.0,0.0014917862
2021,0.0,0.347272
2022,0.0,0.347272
