year,y_true,y_pred
2018,22.94,7.1336594
2019,26.9,10.134066
2020,19.31,5.4724917
2021,7.76,4.8418555
2022,14.38,4.8418555
