year,y_true,y_pred
2018,59.51,58.356667
2019,39.43,54.18923
2020,39.2,54.18923
2021,42.22,64.98766
2022,50.14,54.18923
