year,y_true,y_pred
2018,71.93,58.94404
2019,79.06,61.040333
2020,74.02,55.01898
2021,75.08,55.01898
2022,59.48,55.01898
