year,y_true,y_pred
2018,71.1,106.319496
2019,82.12,75.311104
2020,23.23,98.31294
2021,74.81,64.9953
2022,75.39,75.311104
