year,y_true,y_pred
2018,297.03,73.00933
2019,99.06,51.48648
2020,198.12,73.00933
2021,99.11,56.46904
2022,95.37,73.17233
