year,y_true,y_pred
2018,65.52,73.21833
2019,131.49,68.96933
2020,43.98,73.656334
2021,66.18,61.420063
2022,42.42,68.96933
