year,y_true,y_pred
2018,66.63,76.00849
2019,64.8,75.95144
2020,42.07,75.966385
2021,53.31,34.74282
2022,81.63,44.362198
