year,y_true,y_pred
2018,50.18,82.67902
2019,67.34,52.866875
2020,84.72,52.866875
2021,85.27,60.88146
2022,77.56,60.88146
