year,y_true,y_pred
2018,319.9,165.41612
2019,127.94,165.41612
2020,175.89,188.42334
2021,111.89,165.41612
2022,525.97,165.41612
