year,y_true,y_pred
2018,0.0,12.910874
2019,15.99,12.910874
2020,0.0,10.720312
2021,15.98,10.720312
2022,82.18,10.720312
