year,y_true,y_pred
2018,111.96,80.08333
2019,79.96,80.08333
2020,143.91,86.837036
2021,63.94,89.205536
2022,115.06,89.393036
