year,y_true,y_pred
2018,31.99,20.789082
2019,0.0,14.638457
2020,0.0,21.603666
2021,0.0,18.335667
2022,16.44,18.335667
