year,y_true,y_pred
2018,79.97,19.643002
2019,31.98,14.032001
2020,0.0,14.032001
2021,15.98,17.348001
2022,0.0,14.909
