year,y_true,y_pred
2018,0.0,1.6389989
2019,0.0,1.6389989
2020,0.0,1.6389989
2021,0.0,1.6389989
2022,0.0,1.6389989
