year,y_true,y_pred
2018,324.74,569.872
2019,209.29,544.18
2020,292.73,478.27676
2021,344.68,478.27676
2022,232.4,478.27676
