year,y_true,y_pred
2018,20.95,0.3688573
2019,10.46,18.530365
2020,10.45,10.070403
2021,10.44,0.0010046245
2022,33.2,10.256176
