year,y_true,y_pred
2018,10.86,24.131
2019,65.5,16.646
2020,32.93,20.897875
2021,99.29,20.897875
2022,19.44,20.953377
