year,y_true,y_pred
2018,847.0,489.9007
2019,360.26,518.41724
2020,307.32,514.38074
2021,264.78,443.72015
2022,379.16,489.9007
