year,y_true,y_pred
2018,141.17,53.169292
2019,152.84,53.169292
2020,175.61,53.169292
2021,176.52,53.169292
2022,87.5,53.169292
