year,y_true,y_pred
2018,10.86,1.8976555
2019,0.0,9.407803
2020,0.0,0.7129819
2021,0.0,9.158856
2022,0.0,1.8976555
