year,y_true,y_pred
2018,54.29,26.635666
2019,76.42,34.503666
2020,76.83,34.503666
2021,55.16,34.503666
2022,38.89,34.503666
