year,y_true,y_pred
2018,10.86,1.4740001
2019,21.83,1.4740001
2020,10.98,1.4740001
2021,22.07,1.4740001
2022,29.17,1.4740001
