year,y_true,y_pred
2018,0.0,3.0274165
2019,10.92,2.8799393
2020,10.98,7.8454165
2021,11.03,7.8454165
2022,29.17,7.8454165
