year,y_true,y_pred
2018,182.36,272.51984
2019,204.9,272.51984
2020,204.9,272.51984
2021,272.64,272.51984
2022,407.37,298.627
