year,y_true,y_pred
2018,9.4,26.020641
2019,20.49,12.776993
2020,24.0,7.2310896
2021,31.11,25.578726
2022,48.88,25.970253
