year,y_true,y_pred
2018,5.64,5.747099
2019,1.86,2.9840267
2020,1.85,3.0609324
2021,5.49,2.9840267
2022,4.07,4.6725707
