year,y_true,y_pred
2018,62.04,42.896416
2019,42.84,48.21079
2020,70.15,48.21079
2021,82.34,42.896416
2022,97.77,42.411915
