year,y_true,y_pred
2018,0.0,0.18545468
2019,0.0,0.18545468
2020,0.0,0.18545468
2021,0.0,0.18545468
2022,0.0,0.18545468
