year,y_true,y_pred
2018,0.0,0.23220599
2019,0.0,0.23220599
2020,0.0,0.23220599
2021,0.0,0.23220599
2022,2.04,0.23220599
