year,y_true,y_pred
2018,34.54,15.381069
2019,37.19,25.614626
2020,56.88,16.91332
2021,25.45,25.730127
2022,45.19,25.614626
