year,y_true,y_pred
2018,316.57,274.43256
2019,360.46,300.80463
2020,440.84,295.53845
2021,350.68,265.77042
2022,379.62,342.1289
