year,y_true,y_pred
2018,43.17,61.20711
2019,60.08,31.46271
2020,56.88,46.04181
2021,56.56,40.29894
2022,60.26,47.968838
