year,y_true,y_pred
2018,0.0,0.2689091
2019,0.0,0.2689091
2020,0.0,0.2689091
2021,0.0,0.2689091
2022,0.0,0.2689091
