year,y_true,y_pred
2018,0.0,0.703125
2019,0.0,0.4036458
2020,0.0,0.703125
2021,0.0,0.703125
2022,0.0,0.703125
