year,y_true,y_pred
2018,92.09,126.52097
2019,137.32,126.52097
2020,130.83,126.52097
2021,87.67,98.56097
2022,102.44,126.52097
