year,y_true,y_pred
2018,45.72,76.099915
2019,69.24,69.08124
2020,116.47,69.08124
2021,141.01,69.08124
2022,117.43,82.524414
