year,y_true,y_pred
2018,96.65,82.06269
2019,136.13,80.706345
2020,95.2,102.06228
2021,103.67,92.19787
2022,109.31,105.17347
