year,y_true,y_pred
2018,0.0,33.829594
2019,31.01,37.39826
2020,15.4,35.114582
2021,45.87,32.881496
2022,61.57,61.478413
