year,y_true,y_pred
2018,898.02,904.04333
2019,689.98,904.04333
2020,546.57,904.04333
2021,611.62,892.4949
2022,777.34,892.4949
