year,y_true,y_pred
2018,55.93,40.2601
2019,55.35,37.25733
2020,46.97,37.25733
2021,34.88,37.343292
2022,33.28,37.343292
