year,y_true,y_pred
2018,295.61,366.35092
2019,351.86,331.38815
2020,324.85,373.26968
2021,333.33,331.38815
2022,507.51,331.38815
