year,y_true,y_pred
2018,0.0,1.0214286
2019,3.95,1.0214286
2020,0.0,1.0214286
2021,0.0,1.0214286
2022,4.16,1.0214286
