year,y_true,y_pred
2018,31.96,40.829033
2019,31.63,37.768684
2020,19.57,37.768684
2021,15.5,40.829033
2022,37.44,36.172718
