year,y_true,y_pred
2018,63.92,94.83933
2019,67.21,86.73392
2020,58.71,86.73392
2021,104.65,75.52126
2022,104.0,94.83933
