year,y_true,y_pred
2018,19.97,29.571869
2019,15.81,29.571869
2020,23.48,29.571869
2021,27.13,21.25412
2022,33.28,21.25412
