year,y_true,y_pred
2018,86.2,76.9704
2019,62.44,70.755394
2020,72.26,55.638973
2021,96.61,72.0247
2022,109.38,76.9704
