year,y_true,y_pred
2018,49.31,35.060986
2019,19.58,24.176815
2020,58.34,24.176815
2021,28.97,42.923374
2022,45.75,33.334736
