year,y_true,y_pred
2018,9.86,10.689211
2019,0.0,10.689211
2020,0.0,0.00022306546
2021,28.97,5.7199836
2022,91.49,10.098974
