year,y_true,y_pred
2018,0.0,0.9691917
2019,0.0,0.9691917
2020,0.0,0.9691917
2021,0.0,0.9691917
2022,0.0,0.9691917
