year,y_true,y_pred
2018,69.03,65.05421
2019,97.91,65.05421
2020,68.07,75.574394
2021,86.92,65.05421
2022,148.67,75.574394
