year,y_true,y_pred
2018,19.72,8.004666
2019,19.58,5.6697707
2020,48.62,5.6697707
2021,19.32,5.6697707
2022,11.44,5.6697707
