year,y_true,y_pred
2018,582.76,621.7425
2019,492.95,727.11426
2020,822.64,727.11426
2021,736.7,668.7655
2022,501.27,668.7655
