year,y_true,y_pred
2018,37.6,43.270164
2019,36.86,57.491173
2020,31.64,57.491173
2021,53.26,57.491173
2022,43.59,47.58334
