year,y_true,y_pred
2018,0.0,28.660397
2019,72.81,0.124519154
2020,73.61,34.24658
2021,74.43,21.131681
2022,30.75,21.131681
