year,y_true,y_pred
2018,359.97,224.41545
2019,327.63,271.16974
2020,404.86,271.16974
2021,409.38,224.41545
2022,584.26,271.16974
