year,y_true,y_pred
2018,25.08,59.885166
2019,80.56,43.853413
2020,0.0,17.970947
2021,104.25,60.671165
2022,154.04,17.970947
