year,y_true,y_pred
2018,0.0,8.860188
2019,44.65,8.860188
2020,0.0,12.963625
2021,44.07,8.860188
2022,0.0,12.963625
