year,y_true,y_pred
2018,247.25,201.03882
2019,223.26,93.637
2020,177.42,95.29946
2021,352.58,117.73691
2022,246.78,297.86963
