year,y_true,y_pred
2018,232.58,103.918564
2019,98.8,103.918564
2020,119.73,71.793884
2021,86.35,75.31107
2022,264.35,71.793884
