year,y_true,y_pred
2018,83.76,38.329052
2019,96.12,38.329052
2020,72.38,24.347416
2021,121.09,82.07742
2022,149.78,24.347416
