year,y_true,y_pred
2018,0.0,4.498229
2019,0.0,7.0033336
2020,0.0,5.797167
2021,0.0,5.797167
2022,27.23,5.797167
