year,y_true,y_pred
2018,23.93,3.8203883
2019,24.03,4.8238916
2020,0.0,10.937217
2021,12.11,10.937217
2022,13.62,8.7288265
