year,y_true,y_pred
2018,18.23,19.984562
2019,18.19,24.2257
2020,27.23,16.334
2021,36.24,19.984562
2022,63.06,19.984562
