year,y_true,y_pred
2018,328.2,274.66742
2019,300.16,274.66742
2020,290.49,244.76825
2021,271.79,244.76825
2022,369.34,244.76825
