year,y_true,y_pred
2018,758.98,859.37805
2019,750.78,859.37805
2020,689.01,834.55963
2021,645.16,859.37805
2022,790.28,859.37805
