year,y_true,y_pred
2018,49.97,60.6909
2019,63.11,60.6909
2020,59.48,58.76471
2021,61.3,59.210136
2022,59.34,57.211624
