year,y_true,y_pred
2018,0.0,0.077436
2019,0.18,0.077436
2020,0.0,0.077436
2021,0.17,0.077436
2022,0.0,0.077436
