year,y_true,y_pred
2018,4.61,0.35769337
2019,3.69,0.35769337
2020,2.09,0.22072864
2021,2.08,0.22072864
2022,1.97,0.22072864
