year,y_true,y_pred
2018,80.98,62.64121
2019,98.44,62.64121
2020,97.16,62.64121
2021,108.05,62.64121
2022,110.62,62.64121
