year,y_true,y_pred
2018,21.62,34.027626
2019,30.41,34.027626
2020,34.71,34.027626
2021,35.5,34.027626
2022,45.36,34.027626
