year,y_true,y_pred
2018,25.16,31.510155
2019,27.6,31.510155
2020,32.27,31.510155
2021,28.22,30.219938
2022,32.81,21.150318
