year,y_true,y_pred
2018,36.81,47.759666
2019,55.66,50.735332
2020,112.23,36.468666
2021,0.0,45.170666
2022,60.83,45.149666
