year,y_true,y_pred
2018,570.48,366.02957
2019,371.06,366.02957
2020,299.29,329.1869
2021,358.29,334.3128
2022,567.72,372.81995
