year,y_true,y_pred
2018,65.48,33.386456
2019,65.22,55.88266
2020,64.97,55.88266
2021,64.73,55.88266
2022,97.83,55.88266
