year,y_true,y_pred
2018,615.51,759.76984
2019,639.19,759.76984
2020,584.72,759.76984
2021,647.33,759.76984
2022,866.53,759.76984
