year,y_true,y_pred
2018,31.8,40.008083
2019,31.56,40.008083
2020,15.67,50.24167
2021,62.26,50.24167
2022,16.38,40.515083
