year,y_true,y_pred
2018,48.26,62.167664
2019,63.4,65.02267
2020,46.88,62.167664
2021,123.3,68.67108
2022,18.64,70.46508
