year,y_true,y_pred
2018,82.08,89.588036
2019,116.04,89.62704
2020,98.47,91.51254
2021,97.71,93.04704
2022,131.41,94.29562
