year,y_true,y_pred
2018,776.73,940.78156
2019,817.19,940.78156
2020,617.31,940.78156
2021,716.92,940.78156
2022,1151.49,940.78156
