year,y_true,y_pred
2018,1.09,0.051775
2019,0.0,0.040374998
2020,0.0,0.040374998
2021,0.0,0.040374998
2022,0.0,0.051775
