year,y_true,y_pred
2018,0.0,0.19808334
2019,0.54,0.12143333
2020,0.0,0.12143333
2021,0.0,0.12143333
2022,0.0,0.12143333
