year,y_true,y_pred
2018,61.42,62.189716
2019,64.53,63.016003
2020,68.71,65.11201
2021,61.54,61.207798
2022,75.01,63.016003
