year,y_true,y_pred
2018,133.17,142.009
2019,138.82,144.06357
2020,135.26,141.01538
2021,122.55,144.06357
2022,148.81,144.06357
