year,y_true,y_pred
2018,39.68,34.643074
2019,45.55,28.116709
2020,43.28,38.552578
2021,54.52,41.79283
2022,52.2,34.643074
