year,y_true,y_pred
2018,101.14,84.85846
2019,64.4,77.43452
2020,92.06,88.651955
2021,110.55,83.05546
2022,106.79,88.34267
