year,y_true,y_pred
2018,1119.55,700.85645
2019,482.32,819.1306
2020,242.33,1107.0028
2021,730.52,561.4503
2022,367.65,844.20935
