year,y_true,y_pred
2018,119.95,20.355331
2019,80.39,19.719229
2020,0.0,19.719229
2021,121.75,35.842335
2022,73.53,35.842335
