year,y_true,y_pred
2018,389.94,472.36533
2019,324.63,472.36533
2020,371.89,472.36533
2021,233.96,472.36533
2022,652.88,472.36533
