year,y_true,y_pred
2018,37.74,50.892002
2019,49.94,49.249203
2020,37.19,49.249203
2021,24.63,58.92525
2022,81.61,49.249203
