year,y_true,y_pred
2018,52.72,45.458668
2019,29.94,40.94867
2020,37.22,49.14946
2021,37.01,49.14946
2022,90.23,49.14946
