year,y_true,y_pred
2018,37.66,10.172209
2019,29.94,11.873667
2020,14.89,8.951208
2021,44.41,8.951208
2022,34.7,10.172209
