year,y_true,y_pred
2018,158.16,174.19968
2019,112.29,159.78271
2020,111.65,159.78271
2021,148.04,146.57124
2022,152.69,146.57124
