year,y_true,y_pred
2018,7.53,20.09075
2019,22.46,23.248625
2020,7.44,23.248625
2021,22.21,16.306
2022,6.94,23.248625
