year,y_true,y_pred
2018,36.45,25.565
2019,21.35,25.565
2020,27.68,25.565
2021,45.22,28.109333
2022,21.86,29.496666
