year,y_true,y_pred
2018,278.35,291.83945
2019,290.69,288.303
2020,257.29,262.87527
2021,253.57,298.68472
2022,211.87,291.83945
