year,y_true,y_pred
2018,107.7,131.79326
2019,98.54,110.34246
2020,164.47,109.00596
2021,153.43,123.58375
2022,149.66,131.79326
