year,y_true,y_pred
2018,0.0,0.36929998
2019,1.64,0.36929998
2020,4.89,0.36929998
2021,0.0,0.258
2022,3.36,0.24993749
