year,y_true,y_pred
2018,1.66,3.6488676
2019,0.0,3.6488676
2020,3.26,3.6488676
2021,1.62,3.6488676
2022,5.04,3.6488676
