year,y_true,y_pred
2018,46.39,47.75746
2019,50.91,47.75746
2020,35.82,47.75746
2021,32.3,39.76519
2022,43.72,39.76519
