year,y_true,y_pred
2018,0.0,0.19738889
2019,0.0,0.19738889
2020,0.0,0.19738889
2021,0.0,0.19738889
2022,0.0,0.19738889
