year,y_true,y_pred
2018,18.97,10.6119995
2019,23.33,12.68725
2020,32.15,12.68725
2021,22.61,12.28975
2022,12.37,10.6119995
