year,y_true,y_pred
2018,175.48,113.58115
2019,163.29,113.58115
2020,165.32,100.689064
2021,230.66,100.689064
2022,218.51,100.689064
