year,y_true,y_pred
2018,164.57,216.67531
2019,191.88,253.55711
2020,203.99,253.55711
2021,388.6,253.55711
2022,374.19,693.6222
