year,y_true,y_pred
2018,14.96,24.342709
2019,0.0,24.342709
2020,43.71,24.342709
2021,43.18,24.269209
2022,22.68,24.269209
