year,y_true,y_pred
2018,14.96,0.003903903
2019,0.0,0.003903903
2020,0.0,2.5033293
2021,0.0,2.5033293
2022,0.0,2.5033293
