year,y_true,y_pred
2018,0.0,4.279524
2019,0.0,4.279524
2020,0.0,4.279524
2021,14.39,4.279524
2022,0.0,4.279524
