year,y_true,y_pred
2018,74.81,115.85617
2019,73.8,76.22366
2020,145.71,76.22366
2021,100.75,115.85617
2022,102.05,115.85617
