year,y_true,y_pred
2018,59.84,13.676666
2019,14.76,17.115957
2020,29.14,17.342459
2021,57.57,13.676666
2022,45.36,17.115957
