year,y_true,y_pred
2018,40.69,62.64479
2019,40.67,69.309364
2020,20.33,47.400963
2021,101.56,62.64479
2022,46.38,69.309364
