year,y_true,y_pred
2018,48.92,41.192146
2019,29.28,33.632145
2020,19.47,38.084667
2021,29.14,41.192146
2022,60.71,41.192146
