year,y_true,y_pred
2018,485.41,400.63937
2019,397.34,392.23645
2020,454.79,400.63937
2021,540.21,400.63937
2022,556.53,400.63937
