year,y_true,y_pred
2018,47.0,35.916767
2019,36.51,32.004604
2020,49.78,31.823792
2021,61.23,33.17079
2022,56.58,33.17079
