year,y_true,y_pred
2018,130.75,112.2017
2019,123.11,122.76913
2020,113.06,122.76913
2021,126.66,112.2017
2022,147.79,122.76913
