year,y_true,y_pred
2018,51.28,30.600826
2019,33.11,30.600826
2020,57.38,30.600826
2021,53.69,30.600826
2022,44.76,30.600826
