year,y_true,y_pred
2018,0.85,0.5675
2019,0.0,0.30933332
2020,2.53,0.30933332
2021,0.0,0.5675
2022,0.84,0.30933332
