year,y_true,y_pred
2018,7.69,7.243
2019,6.79,6.7211246
2020,9.28,6.818
2021,11.74,6.7211246
2022,14.36,8.0688
