year,y_true,y_pred
2018,0.0,0.6339332
2019,0.0,0.6339332
2020,0.84,0.6339332
2021,1.68,0.6339332
2022,0.0,0.0071461787
