year,y_true,y_pred
2018,44.64,76.80271
2019,103.6,66.41258
2020,44.17,33.375027
2021,73.25,31.914028
2022,74.19,63.03391
