year,y_true,y_pred
2018,63.61,35.783188
2019,62.78,36.076
2020,44.28,35.783188
2021,40.82,35.783188
2022,46.9,35.783188
