year,y_true,y_pred
2018,489.39,895.0644
2019,417.74,952.21216
2020,521.95,952.21216
2021,532.73,952.21216
2022,595.6,952.21216
