year,y_true,y_pred
2018,32.99,26.835335
2019,21.99,23.802292
2020,16.48,26.835335
2021,27.46,19.942854
2022,50.1,23.802292
