year,y_true,y_pred
2018,98.98,92.62073
2019,87.95,92.62073
2020,87.91,92.62073
2021,109.84,78.778725
2022,105.76,92.62073
