year,y_true,y_pred
2018,38.49,70.55771
2019,5.5,70.55771
2020,43.95,50.99719
2021,65.91,70.55771
2022,50.1,50.99719
