year,y_true,y_pred
2018,0.0,27.425083
2019,21.99,27.425083
2020,21.98,19.901083
2021,10.98,17.552208
2022,5.57,19.807665
