year,y_true,y_pred
2018,591.2,603.993
2019,561.36,603.18475
2020,367.29,539.1913
2021,406.19,594.82
2022,731.13,592.45544
