year,y_true,y_pred
2018,44.34,50.809624
2019,29.22,51.67462
2020,28.89,48.522522
2021,38.78,50.809624
2022,88.2,50.809624
