year,y_true,y_pred
2018,4.22,26.957642
2019,10.43,12.30325
2020,22.7,12.329579
2021,26.53,13.110158
2022,32.49,13.110158
