year,y_true,y_pred
2018,183.7,165.58917
2019,156.51,165.58917
2020,150.63,165.58917
2021,167.37,165.58917
2022,178.72,165.58917
