year,y_true,y_pred
2018,4.22,7.7353334
2019,6.26,5.9080415
2020,8.25,7.7353334
2021,10.21,7.0729165
2022,20.89,7.0729165
