year,y_true,y_pred
2018,2.11,0.20915152
2019,0.0,0.20915152
2020,4.13,0.20915152
2021,0.0,0.16858333
2022,0.0,0.16858333
