year,y_true,y_pred
2018,264.74,199.27385
2019,350.97,218.05412
2020,253.03,223.22311
2021,329.89,218.05412
2022,255.6,218.29712
