year,y_true,y_pred
2018,44.12,32.76754
2019,70.19,43.926334
2020,34.9,41.694794
2021,26.04,32.76754
2022,30.67,32.76754
