year,y_true,y_pred
2018,45.5,65.624985
2019,136.05,93.61747
2020,22.61,73.72798
2021,67.63,65.624985
2022,94.85,93.61747
