year,y_true,y_pred
2018,1046.41,767.46326
2019,816.33,767.46326
2020,859.15,767.46326
2021,676.28,767.46326
2022,995.97,749.2267
