year,y_true,y_pred
2018,59.65,87.04566
2019,105.09,82.10916
2020,45.44,97.92906
2021,91.67,97.92906
2022,55.98,87.04566
