year,y_true,y_pred
2018,483.05,397.51642
2019,578.36,397.51642
2020,360.63,442.41354
2021,332.48,424.54935
2022,292.61,418.87643
