year,y_true,y_pred
2018,56.83,53.581135
2019,47.41,36.38761
2020,47.45,53.581135
2021,28.5,53.581135
2022,31.63,53.581135
