year,y_true,y_pred
2018,0.0,5.4704165
2019,0.0,5.4704165
2020,0.0,5.4704165
2021,0.0,5.4704165
2022,7.91,5.4704165
