year,y_true,y_pred
2018,246.26,119.04071
2019,293.92,119.04071
2020,170.83,119.04071
2021,237.48,119.04071
2022,134.44,119.04071
