year,y_true,y_pred
2018,9.47,4.562375
2019,47.41,6.8965626
2020,0.0,4.2939997
2021,0.0,6.204
2022,15.82,4.2939997
