year,y_true,y_pred
2018,31.68,41.770832
2019,47.1,45.273335
2020,34.25,41.770832
2021,67.92,41.770832
2022,77.0,46.274834
