year,y_true,y_pred
2018,871.25,831.69324
2019,778.75,894.0557
2020,660.0,865.50616
2021,1167.06,873.07074
2022,1491.6,871.8632
