year,y_true,y_pred
2018,1.76,3.0832083
2019,5.18,2.6272085
2020,5.09,3.722146
2021,5.0,2.4726667
2022,8.64,2.4726667
