year,y_true,y_pred
2018,112.46,175.26208
2019,132.89,198.22733
2020,88.2,182.03967
2021,90.06,175.26208
2022,102.01,175.26208
