year,y_true,y_pred
2018,0.0,0.46795258
2019,0.0,0.46795258
2020,0.0,0.46795258
2021,0.0,0.46795258
2022,0.0,0.46795258
