year,y_true,y_pred
2018,14.06,1.2612048
2019,10.36,2.869873
2020,0.0,3.5485237
2021,10.01,3.4177253
2022,10.37,2.869873
