year,y_true,y_pred
2018,89.62,26.680574
2019,44.87,26.680574
2020,83.11,26.680574
2021,90.06,26.680574
2022,88.18,26.680574
