year,y_true,y_pred
2018,3.51,0.28250784
2019,5.18,0.997824
2020,0.0,0.9818032
2021,1.67,0.22293511
2022,8.64,0.24903908
