year,y_true,y_pred
2018,69.6,40.215935
2019,142.15,40.215935
2020,134.78,40.215935
2021,84.68,40.215935
2022,62.21,40.215935
