year,y_true,y_pred
2018,844.37,976.98596
2019,976.87,962.31146
2020,786.62,962.31146
2021,819.11,1014.73
2022,915.04,962.31146
