year,y_true,y_pred
2018,20.37,9.799021
2019,27.23,9.799021
2020,8.91,9.799021
2021,19.23,9.799021
2022,30.25,11.615958
