year,y_true,y_pred
2018,194.44,139.11166
2019,183.37,139.11166
2020,183.46,158.05196
2021,187.08,158.05196
2022,193.26,146.05077
