year,y_true,y_pred
2018,16.67,14.126358
2019,21.79,11.546956
2020,7.12,12.319048
2021,12.24,18.965563
2022,23.53,12.155466
