year,y_true,y_pred
2018,53.7,55.402
2019,56.28,45.28375
2020,51.65,45.28375
2021,59.45,45.28375
2022,65.54,45.28375
