year,y_true,y_pred
2018,1.85,0.28776705
2019,3.63,0.28776705
2020,0.0,0.0022795456
2021,1.75,0.0022795456
2022,1.68,0.0022795456
