year,y_true,y_pred
2018,37.69,60.82108
2019,49.98,77.754745
2020,49.7,60.82108
2021,74.16,60.82108
2022,69.86,69.45872
