year,y_true,y_pred
2018,48.27,89.50967
2019,78.69,77.50808
2020,78.09,78.72459
2021,74.15,78.01508
2022,63.51,78.957085
