year,y_true,y_pred
2018,69.01,103.15965
2019,69.13,58.127453
2020,34.63,22.311457
2021,34.67,79.894264
2022,100.6,45.46123
