year,y_true,y_pred
2018,81.07,106.950066
2019,84.11,105.26537
2020,118.45,109.66038
2021,90.09,112.760315
2022,119.98,109.66038
