year,y_true,y_pred
2018,109.27,103.326584
2019,112.15,108.31421
2020,87.1,108.31421
2021,124.74,99.88559
2022,116.34,99.88559
