year,y_true,y_pred
2018,7.05,15.982156
2019,7.01,14.102198
2020,10.45,12.986286
2021,3.47,14.102198
2022,3.64,15.982156
