year,y_true,y_pred
2018,0.0,1.4352727
2019,0.0,1.4352727
2020,0.0,1.4352727
2021,0.0,1.4352727
2022,0.0,1.4352727
