year,y_true,y_pred
2018,382.5,456.36234
2019,511.36,449.84732
2020,354.99,422.1523
2021,296.91,449.84732
2022,373.08,449.84732
