year,y_true,y_pred
2018,35.86,48.100212
2019,23.78,48.02335
2020,11.83,26.25956
2021,35.63,2.8799071
2022,13.82,0.11134868
