year,y_true,y_pred
2018,46.73,43.378735
2019,28.57,43.378735
2020,29.12,41.06956
2021,49.47,41.06956
2022,22.37,43.378735
