year,y_true,y_pred
2018,635.51,406.52396
2019,590.53,406.52396
2020,378.6,406.52396
2021,356.19,406.52396
2022,469.73,430.6059
