year,y_true,y_pred
2018,717.17,885.8445
2019,1294.07,753.06464
2020,844.44,885.8445
2021,973.88,753.06464
2022,521.97,820.0372
