year,y_true,y_pred
2018,44.82,93.652336
2019,0.0,75.19334
2020,177.78,76.69617
2021,88.53,97.97034
2022,86.99,90.35817
