year,y_true,y_pred
2018,60.37,307.82733
2019,318.02,259.76147
2020,229.34,404.23834
2021,237.67,307.82733
2022,191.39,307.82733
