year,y_true,y_pred
2018,5.49,0.12214127
2019,5.68,-0.11000295
2020,5.88,4.997772
2021,0.0,4.997772
2022,3.61,4.997772
