year,y_true,y_pred
2018,65.86,40.01605
2019,96.54,42.914173
2020,158.78,40.01605
2021,121.88,40.01605
2022,75.83,40.01605
