year,y_true,y_pred
2018,0.0,0.460525
2019,0.0,0.460525
2020,0.0,0.460525
2021,6.09,0.460525
2022,0.0,0.35912502
