year,y_true,y_pred
2018,5.49,2.878841
2019,0.0,2.878841
2020,0.0,0.00010517372
2021,0.0,0.00010517372
2022,3.61,0.00010517372
