year,y_true,y_pred
2018,39.9,35.62267
2019,34.92,39.80521
2020,44.89,35.62267
2021,49.88,39.80521
2022,43.37,39.80521
