year,y_true,y_pred
2018,259.38,250.18967
2019,364.13,276.95367
2020,299.28,275.24368
2021,319.23,250.18967
2022,368.66,276.95367
