year,y_true,y_pred
2018,132.01,90.07382
2019,84.16,91.42671
2020,120.47,98.02099
2021,72.41,90.07382
2022,131.05,98.02099
