year,y_true,y_pred
2018,40.54,26.291561
2019,13.39,26.291561
2020,39.86,32.936
2021,19.77,26.291561
2022,36.33,26.340874
