year,y_true,y_pred
2018,439.13,709.36774
2019,334.87,709.36774
2020,398.57,709.36774
2021,375.72,709.36774
2022,501.42,709.36774
