year,y_true,y_pred
2018,536.2,460.53784
2019,490.77,519.44354
2020,297.92,460.53784
2021,397.19,443.32095
2022,475.52,482.96542
