year,y_true,y_pred
2018,41.25,50.866486
2019,57.92,49.275284
2020,30.4,42.691486
2021,66.7,49.275284
2022,50.77,42.691486
