year,y_true,y_pred
2018,0.0,0.58075
2019,1.52,0.58075
2020,0.0,0.58075
2021,1.52,0.58075
2022,0.0,0.58075
