year,y_true,y_pred
2018,45.83,15.926067
2019,42.68,19.449793
2020,53.2,19.449793
2021,60.64,19.449793
2022,55.84,19.449793
