year,y_true,y_pred
2018,0.0,0.241117
2019,0.0,0.241117
2020,0.0,0.241117
2021,1.52,0.241117
2022,1.69,0.241117
