year,y_true,y_pred
2018,3.06,4.6050835
2019,13.72,3.7592084
2020,9.12,4.0755835
2021,21.22,4.6050835
2022,25.38,4.6050835
