year,y_true,y_pred
2018,117.63,56.02537
2019,108.21,56.02537
2020,109.44,56.02537
2021,168.28,56.02537
2022,179.38,56.02537
