year,y_true,y_pred
2018,61.19,45.189766
2019,60.83,45.189766
2020,96.78,45.189766
2021,96.26,49.04454
2022,60.3,49.04454
