year,y_true,y_pred
2018,78.59,121.98009
2019,45.87,64.00853
2020,14.89,64.00853
2021,72.54,91.70109
2022,52.14,64.00853
