year,y_true,y_pred
2018,19.08,29.826
2019,28.74,17.787998
2020,19.24,24.57775
2021,67.61,17.787998
2022,61.19,29.826
