year,y_true,y_pred
2018,42.6,53.54096
2019,47.13,53.293457
2020,32.85,57.567665
2021,42.07,49.97163
2022,53.74,53.293457
