year,y_true,y_pred
2018,52.39,45.200596
2019,45.39,49.071854
2020,51.39,49.62963
2021,46.67,45.200596
2022,60.93,45.200596
