year,y_true,y_pred
2018,20.96,68.283585
2019,38.6,68.283585
2020,28.13,68.283585
2021,17.62,68.283585
2022,42.18,68.283585
