year,y_true,y_pred
2018,146.74,152.11333
2019,150.9,152.11333
2020,130.1,152.11333
2021,123.31,152.11333
2022,191.71,152.11333
