year,y_true,y_pred
2018,45.42,71.14637
2019,84.22,71.14637
2020,49.23,71.14637
2021,84.55,71.14637
2022,80.52,71.14637
