year,y_true,y_pred
2018,0.0,4.3539333
2019,0.0,4.3539333
2020,0.0,4.3539333
2021,3.52,4.3539333
2022,0.0,3.5185833
