year,y_true,y_pred
2018,0.0,1.7179721e-07
2019,0.0,1.7179721e-07
2020,0.0,1.7179721e-07
2021,0.0,1.7179721e-07
2022,0.0,1.7179721e-07
