year,y_true,y_pred
2018,161.64,372.26205
2019,253.11,470.6188
2020,217.81,372.26205
2021,251.4,372.26205
2022,211.19,372.26205
