year,y_true,y_pred
2018,34.64,19.528833
2019,34.51,16.455933
2020,11.46,19.630833
2021,45.71,19.470333
2022,0.0,17.889334
