year,y_true,y_pred
2018,370.46,123.12937
2019,500.36,268.5866
2020,278.72,257.32147
2021,332.47,185.0927
2022,325.8,182.1908
