year,y_true,y_pred
2018,7.26,6.174531
2019,3.63,6.10746
2020,7.24,1.9306701
2021,7.23,7.1357336
2022,14.64,3.5637906
