year,y_true,y_pred
2018,133.76,83.16844
2019,84.18,83.16844
2020,135.59,73.45162
2021,153.53,75.83212
2022,137.05,75.83212
