year,y_true,y_pred
2018,0.0,104.17699
2019,238.95,186.94499
2020,119.33,9.03584
2021,238.38,12.939077
2022,0.0,9.03584
