year,y_true,y_pred
2018,16.55,32.94046
2019,32.26,28.548458
2020,47.26,31.40746
2021,61.62,29.38696
2022,18.39,29.38696
