year,y_true,y_pred
2018,661.81,417.1526
2019,419.42,400.66608
2020,441.08,703.25183
2021,385.15,370.80048
2022,533.28,384.08792
