year,y_true,y_pred
2018,1331.65,1123.3271
2019,1432.64,965.89087
2020,1264.87,965.89087
2021,1241.76,965.89087
2022,881.06,965.89087
