year,y_true,y_pred
2018,44.99,52.06148
2019,101.02,52.06148
2020,121.8,44.653584
2021,19.1,44.653584
2022,68.36,39.384045
