mae,rmse,r2,city,model,sequence_length,forecast_horizon,normalization,val_size
0.35526365985423575,0.48150789242325664,0.07481762996111119,4113429,xgboost,8,4,,
