year,y_true,y_pred
2018,0.0,17.215813
2019,42.88,10.809313
2020,0.0,11.855375
2021,85.76,10.809313
2022,108.4,11.855375
