year,y_true,y_pred
2018,85.76,85.09561
2019,214.41,85.09561
2020,343.05,304.64706
2021,385.93,339.65128
2022,596.21,302.9428
