year,y_true,y_pred
2018,0.0,15.108168
2019,0.0,15.108168
2020,28.98,15.108168
2021,87.36,21.108334
2022,62.75,21.108334
