year,y_true,y_pred
2018,372.71,203.45366
2019,490.05,178.39708
2020,231.82,227.75333
2021,145.6,203.45366
2022,219.64,203.45366
