year,y_true,y_pred
2018,28.0,24.263334
2019,31.32,26.003334
2020,44.98,26.003334
2021,30.97,26.813667
2022,52.0,24.263334
