year,y_true,y_pred
2018,269.51,242.44212
2019,309.68,255.40479
2020,287.16,300.10123
2021,344.06,249.43085
2022,381.31,242.44212
