year,y_true,y_pred
2018,109.55,109.816895
2019,68.84,97.01462
2020,73.24,102.92407
2021,79.82,102.92407
2022,99.68,108.041176
