year,y_true,y_pred
2018,7.01,22.170925
2019,20.97,21.1684
2020,27.9,38.371376
2021,27.83,17.12297
2022,45.51,21.438925
