year,y_true,y_pred
2018,322.4,496.51718
2019,405.48,496.51718
2020,348.7,496.51718
2021,320.09,496.51718
2022,485.4,496.51718
