year,y_true,y_pred
2018,42.05,37.64557
2019,55.93,28.098366
2020,34.87,37.64557
2021,13.92,28.098366
2022,60.68,35.737335
