year,y_true,y_pred
2018,147.18,104.7184
2019,132.83,95.63521
2020,132.51,95.63521
2021,97.42,95.63521
2022,83.43,95.02171
