year,y_true,y_pred
2018,7.01,18.402834
2019,6.99,18.402834
2020,27.9,21.658209
2021,27.83,23.707209
2022,37.92,25.363146
