year,y_true,y_pred
2018,25.58,9.46475
2019,30.01,9.46475
2020,34.26,9.46475
2021,19.17,9.46475
2022,22.86,9.46475
