year,y_true,y_pred
2018,237.87,325.13864
2019,332.57,290.70114
2020,342.57,309.70514
2021,266.03,309.70514
2022,479.98,325.13864
