year,y_true,y_pred
2018,12.84,43.90633
2019,5.75,13.213342
2020,10.57,43.90633
2021,19.89,15.897128
2022,31.06,48.34356
