year,y_true,y_pred
2018,40.22,44.383347
2019,46.18,44.383347
2020,27.38,44.383347
2021,72.22,44.383347
2022,78.32,67.224205
