year,y_true,y_pred
2018,730.22,561.133
2019,692.63,675.51886
2020,623.74,675.51886
2021,776.36,675.51886
2022,1249.88,920.343
