year,y_true,y_pred
2018,12.38,11.045784
2019,9.24,11.045784
2020,33.47,15.897579
2021,24.07,9.9491415
2022,6.53,20.538902
