year,y_true,y_pred
2018,6.19,4.9713485e-08
2019,0.0,4.1586733
2020,0.0,4.9713485e-08
2021,0.0,4.9713485e-08
2022,0.0,4.9713485e-08
