year,y_true,y_pred
2018,55.69,61.170666
2019,33.86,62.34071
2020,39.55,61.170666
2021,36.11,52.261234
2022,48.95,61.170666
