year,y_true,y_pred
2018,71.17,75.91272
2019,49.25,51.081333
2020,79.11,52.711445
2021,93.28,53.659107
2022,110.96,103.91154
