year,y_true,y_pred
2018,26.5,53.686916
2019,26.33,53.686916
2020,0.0,53.686916
2021,25.97,53.686916
2022,27.44,53.686916
