year,y_true,y_pred
2018,132.52,465.86316
2019,394.94,465.86316
2020,261.51,441.39816
2021,103.9,465.86316
2022,246.98,465.86316
