year,y_true,y_pred
2018,381.16,292.31793
2019,349.01,292.31793
2020,270.26,292.31793
2021,331.88,258.36047
2022,438.14,292.31793
