year,y_true,y_pred
2018,26.11,25.139048
2019,26.05,35.419666
2020,25.99,35.419666
2021,46.67,25.139048
2022,40.89,25.139048
