year,y_true,y_pred
2018,0.0,0.49272656
2019,0.0,0.49272656
2020,0.0,0.49272656
2021,5.19,0.49272656
2022,5.84,0.49272656
