year,y_true,y_pred
2018,10.44,35.301334
2019,10.42,35.301334
2020,10.39,35.301334
2021,46.67,29.089466
2022,29.21,31.432165
