year,y_true,y_pred
2018,0.0,5.6809998
2019,5.21,5.6809998
2020,0.0,5.6809998
2021,10.37,5.6809998
2022,5.84,3.5856667
