year,y_true,y_pred
2018,0.0,19.759434
2019,0.0,19.759434
2020,24.54,19.759434
2021,48.95,19.759434
2022,20.81,24.595667
