year,y_true,y_pred
2018,106.44,10.39864
2019,53.33,5.6772027
2020,53.42,10.39864
2021,53.5,36.78637
2022,0.0,69.733696
