year,y_true,y_pred
2018,904.74,891.90607
2019,533.33,847.43097
2020,587.61,880.9681
2021,963.08,847.43097
2022,1065.72,960.67535
