year,y_true,y_pred
2018,578.37,809.17365
2019,626.66,809.17365
2020,653.16,664.2336
2021,605.2,809.17365
2022,781.56,613.4226
