year,y_true,y_pred
2018,36.61,60.34829
2019,58.98,60.34829
2020,44.53,60.34829
2021,59.77,60.34829
2022,78.16,60.34829
