year,y_true,y_pred
2018,80.53,72.581665
2019,88.47,72.581665
2020,163.29,72.581665
2021,141.96,72.581665
2022,78.16,72.581665
