year,y_true,y_pred
2018,21.96,29.460642
2019,44.23,38.534695
2020,29.69,38.474583
2021,29.89,27.196499
2022,46.89,23.805527
