year,y_true,y_pred
2018,58.57,64.706375
2019,44.23,64.706375
2020,29.69,64.706375
2021,59.77,64.706375
2022,46.89,64.706375
