year,y_true,y_pred
2018,72.15,60.848667
2019,89.25,55.528
2020,70.7,55.528
2021,114.81,60.848667
2022,98.9,55.528
