year,y_true,y_pred
2018,210.69,152.79868
2019,301.89,149.42445
2020,238.14,152.79868
2021,251.69,152.79868
2022,270.13,152.79868
