year,y_true,y_pred
2018,31.21,9.141733
2019,38.7,12.822584
2020,23.05,12.822584
2021,34.32,13.331667
2022,32.74,13.331667
