year,y_true,y_pred
2018,31.21,12.810257
2019,30.96,12.810257
2020,15.36,12.810257
2021,41.95,11.040319
2022,40.93,11.040319
