year,y_true,y_pred
2018,62.43,60.694
2019,65.8,60.694
2020,88.34,60.694
2021,102.96,54.575333
2022,106.41,54.575333
