year,y_true,y_pred
2018,31.21,14.039733
2019,27.09,16.788334
2020,19.2,14.039733
2021,22.88,14.039733
2022,45.02,14.039733
