year,y_true,y_pred
2018,45.13,64.640205
2019,75.18,64.0417
2020,45.09,64.0417
2021,60.11,61.11589
2022,60.12,64.0417
