year,y_true,y_pred
2018,985.26,851.8175
2019,706.71,895.7991
2020,465.97,853.95184
2021,642.37,858.80884
2022,937.84,906.0914
