year,y_true,y_pred
2018,15.04,18.21125
2019,30.07,17.105999
2020,41.34,18.64925
2021,60.11,15.198
2022,44.09,18.21125
