year,y_true,y_pred
2018,0.0,0.33657575
2019,0.0,0.33657575
2020,3.76,0.33657575
2021,0.0,0.33657575
2022,0.0,0.33657575
