year,y_true,y_pred
2018,71.45,73.255714
2019,78.94,85.87048
2020,105.22,83.14368
2021,71.37,76.01456
2022,88.17,53.615253
