year,y_true,y_pred
2018,0.0,1.2619264
2019,0.0,1.2619264
2020,0.0,1.2619264
2021,0.0,1.2619264
2022,0.0,1.2619264
