year,y_true,y_pred
2018,11.28,10.966185
2019,11.28,11.414309
2020,15.03,14.596545
2021,22.54,14.596545
2022,36.07,7.6455007
