year,y_true,y_pred
2018,68.17,38.825947
2019,91.04,21.450407
2020,22.8,21.450407
2021,34.25,21.38799
2022,99.24,38.739952
