year,y_true,y_pred
2018,462.47,348.59793
2019,594.92,321.79858
2020,264.55,431.93036
2021,344.1,350.45074
2022,532.72,435.06628
