year,y_true,y_pred
2018,52.85,0.00013419674
2019,26.44,20.485886
2020,66.14,36.107685
2021,13.23,38.540314
2022,60.88,37.016407
