year,y_true,y_pred
2018,42.24,32.9334
2019,29.31,40.942127
2020,16.6,40.942127
2021,24.7,32.9334
2022,50.92,40.942127
