year,y_true,y_pred
2018,84.48,103.15071
2019,129.79,103.15071
2020,78.86,103.15071
2021,74.09,103.15071
2022,72.14,103.15071
