year,y_true,y_pred
2018,29.57,41.825626
2019,66.99,41.825626
2020,45.66,39.478542
2021,49.39,36.072334
2022,42.44,35.37604
