year,y_true,y_pred
2018,33.79,7.9159164
2019,20.93,8.550291
2020,8.3,8.550291
2021,0.0,9.079916
2022,8.49,11.154416
