year,y_true,y_pred
2018,635.84,842.72644
2019,690.85,777.6202
2020,659.4,842.72644
2021,742.64,777.6202
2022,739.9,842.72644
