year,y_true,y_pred
2018,78.46,92.02675
2019,85.71,83.628
2020,85.83,92.02675
2021,93.11,78.583
2022,136.61,78.583
