year,y_true,y_pred
2018,683.16,773.83685
2019,512.2,773.83685
2020,388.76,773.83685
2021,564.13,773.83685
2022,425.95,773.83685
