year,y_true,y_pred
2018,75.91,90.37092
2019,0.0,98.23334
2020,29.9,79.60242
2021,74.23,79.60242
2022,56.79,90.37092
