year,y_true,y_pred
2018,17.37,19.226469
2019,0.0,0.001762343
2020,17.0,19.209095
2021,16.83,19.209095
2022,35.42,19.209095
