year,y_true,y_pred
2018,1120.93,980.2375
2019,1033.19,985.00104
2020,1053.34,984.9741
2021,730.59,974.95154
2022,693.51,773.4412
