year,y_true,y_pred
2018,64.67,78.16819
2019,21.98,78.16819
2020,44.82,70.525
2021,45.66,61.703625
2022,67.11,78.16819
