year,y_true,y_pred
2018,33.33,24.853958
2019,22.02,24.738459
2020,21.84,23.923666
2021,20.9,24.853958
2022,66.73,24.738459
