year,y_true,y_pred
2018,277.78,189.98029
2019,352.38,189.98029
2020,218.36,189.98029
2021,271.74,183.49854
2022,300.27,185.79697
