year,y_true,y_pred
2018,0.0,44.25875
2019,80.26,44.25875
2020,0.0,13.068862
2021,0.0,10.254678
2022,75.87,8.352498
