year,y_true,y_pred
2018,14.3,38.196835
2019,42.79,46.60813
2020,14.23,17.389643
2021,42.58,40.418705
2022,14.16,17.389643
