year,y_true,y_pred
2018,61.98,79.246445
2019,62.46,53.16958
2020,62.93,59.899075
2021,95.12,59.899075
2022,30.61,143.18413
