year,y_true,y_pred
2018,45.75,32.805325
2019,48.2,32.805325
2020,58.62,32.805325
2021,66.31,32.805325
2022,40.45,32.805325
