year,y_true,y_pred
2018,67.28,46.917957
2019,50.87,46.917957
2020,93.26,48.811096
2021,45.09,46.917957
2022,107.88,47.87494
