year,y_true,y_pred
2018,24.22,9.44175
2019,26.78,9.44175
2020,15.99,9.44175
2021,31.83,9.44175
2022,29.67,9.44175
