year,y_true,y_pred
2018,13.46,7.8579373
2019,8.03,7.8579373
2020,26.64,12.81743
2021,10.61,7.8579373
2022,16.18,9.095564
