year,y_true,y_pred
2018,0.0,0.25836363
2019,0.0,0.25836363
2020,0.0,0.25836363
2021,5.3,0.25836363
2022,0.0,0.20825
