year,y_true,y_pred
2018,67.52,66.532585
2019,89.08,57.76473
2020,84.65,81.67933
2021,94.56,74.41079
2022,79.4,85.67672
