year,y_true,y_pred
2018,845.52,803.7462
2019,820.76,829.49207
2020,793.58,777.57666
2021,898.35,803.7462
2022,1102.29,829.49207
