year,y_true,y_pred
2018,0.0,0.17495239
2019,0.0,0.17495239
2020,0.76,0.17495239
2021,0.0,0.17495239
2022,0.78,0.17495239
