year,y_true,y_pred
2018,29.92,32.500015
2019,35.78,32.500015
2020,30.99,32.825825
2021,43.53,32.500015
2022,42.81,25.142378
