year,y_true,y_pred
2018,49.87,30.807564
2019,46.44,52.61888
2020,40.06,47.72131
2021,48.78,52.61909
2022,43.59,47.72131
