year,y_true,y_pred
2018,0.77,0.28291383
2019,0.0,0.28291383
2020,0.76,0.28291383
2021,0.0,0.28291383
2022,0.0,0.28291383
