year,y_true,y_pred
2018,129.67,116.05008
2019,127.91,112.70575
2020,120.93,120.276665
2021,109.57,113.92008
2022,109.76,116.05008
