year,y_true,y_pred
2018,46.18,36.46964
2019,35.8,36.369358
2020,30.6,32.90325
2021,66.1,61.541176
2022,48.81,61.541176
