year,y_true,y_pred
2018,5.13,20.854042
2019,10.23,19.072042
2020,15.3,20.854042
2021,15.25,16.741625
2022,10.85,16.741625
