year,y_true,y_pred
2018,82.09,105.00129
2019,61.38,101.33136
2020,91.79,94.70975
2021,91.53,122.15751
2022,119.33,122.15751
