year,y_true,y_pred
2018,39.68,46.26158
2019,72.86,46.26158
2020,34.28,42.97383
2021,57.35,48.05733
2022,25.7,42.97383
