year,y_true,y_pred
2018,88.9,47.029167
2019,74.47,40.707664
2020,74.84,40.707664
2021,163.04,47.029167
2022,133.79,40.707664
