year,y_true,y_pred
2018,15.37,62.313335
2019,30.45,59.165043
2020,75.41,62.313335
2021,89.69,55.339336
2022,46.65,55.339336
