year,y_true,y_pred
2018,368.89,442.26703
2019,365.35,410.656
2020,437.41,410.656
2021,269.06,410.656
2022,373.19,442.26703
