year,y_true,y_pred
2018,41.26,47.267715
2019,36.58,49.183426
2020,19.43,49.183426
2021,14.52,47.267715
2022,22.21,53.752502
