year,y_true,y_pred
2018,7.28,7.059666
2019,0.0,7.059666
2020,0.0,7.059666
2021,21.78,7.059666
2022,14.8,10.697466
