year,y_true,y_pred
2018,131.07,96.98796
2019,146.31,96.98796
2020,177.31,96.98796
2021,159.71,96.98796
2022,199.85,96.98796
