year,y_true,y_pred
2018,7.28,0.0038551758
2019,2.44,-0.01961919
2020,9.72,0.0038551758
2021,12.1,-0.01961919
2022,7.4,0.0038551758
