year,y_true,y_pred
2018,4.85,22.45437
2019,14.63,22.45437
2020,9.72,22.45437
2021,45.98,18.125654
2022,54.28,19.013653
