year,y_true,y_pred
2018,73.51,48.169147
2019,26.35,45.449707
2020,26.25,48.169147
2021,31.95,40.255146
2022,28.31,43.54921
