year,y_true,y_pred
2018,358.71,432.19467
2019,237.17,432.19467
2020,201.22,432.19467
2021,229.49,432.19467
2022,220.21,432.19467
