year,y_true,y_pred
2018,2.94,0.78374976
2019,0.0,0.78374976
2020,0.0,0.78374976
2021,0.0,0.78374976
2022,0.0,0.78374976
