year,y_true,y_pred
2018,14.7,4.2185416
2019,26.35,4.2185416
2020,5.83,4.2185416
2021,5.81,4.2185416
2022,6.29,4.2185416
