year,y_true,y_pred
2018,26.46,23.788454
2019,26.35,23.788454
2020,43.74,23.788454
2021,46.48,23.788454
2022,56.63,23.788454
