year,y_true,y_pred
2018,158.77,138.95004
2019,96.63,132.53032
2020,102.07,131.20992
2021,69.72,131.20992
2022,100.67,92.2018
