year,y_true,y_pred
2018,27.35,62.719505
2019,36.34,43.546772
2020,54.32,42.14175
2021,49.63,62.719505
2022,37.02,62.719505
