year,y_true,y_pred
2018,31.91,26.498001
2019,31.8,26.498001
2020,40.74,26.498001
2021,63.16,20.850937
2022,23.14,20.850937
