year,y_true,y_pred
2018,86.61,81.98567
2019,59.05,81.98567
2020,95.05,60.53372
2021,139.85,81.98567
2022,69.41,81.98567
