year,y_true,y_pred
2018,27.35,12.659447
2019,36.34,9.82366
2020,27.16,24.298903
2021,49.63,9.82366
2022,37.02,24.298903
