mae,rmse,r2,city,model,order
220.89146467760006,249.14567109170818,-3.4848078056201066,São Paulo,arima,"(1, 0, 1)"
