year,y_true,y_pred
2018,197.78,251.56775
2019,118.62,324.03198
2020,237.15,284.9
2021,79.05,233.58836
2022,351.56,244.55699
