year,y_true,y_pred
2018,246.6,219.51314
2019,267.12,254.17
2020,139.13,219.51314
2021,105.15,219.51314
2022,182.37,254.17
