year,y_true,y_pred
2018,18.27,9.109311
2019,15.01,10.154586
2020,11.84,10.154586
2021,5.84,10.154586
2022,7.44,12.270794
