year,y_true,y_pred
2018,0.0,48.976334
2019,0.0,34.84433
2020,49.44,38.259415
2021,0.0,48.976334
2022,0.0,34.84433
