year,y_true,y_pred
2018,195.79,255.0226
2019,344.32,413.49146
2020,321.38,330.15237
2021,347.83,255.0226
2022,168.42,240.5243
