year,y_true,y_pred
2018,73.42,52.140812
2019,49.19,52.140812
2020,222.5,52.140812
2021,24.84,52.140812
2022,63.16,51.836876
