year,y_true,y_pred
2018,0.0,2.2662916
2019,0.0,2.2662916
2020,0.0,2.2662916
2021,0.0,2.2662916
2022,0.0,2.2662916
