year,y_true,y_pred
2018,24.47,22.860792
2019,49.19,22.793291
2020,49.44,16.962566
2021,99.38,22.820333
2022,21.05,22.820333
