year,y_true,y_pred
2018,73.42,34.704956
2019,24.59,35.10996
2020,148.33,34.704956
2021,99.38,35.10996
2022,63.16,45.28327
