year,y_true,y_pred
2018,46.25,124.33133
2019,23.32,116.54054
2020,164.56,124.33133
2021,290.35,124.33133
2022,360.5,105.169044
