year,y_true,y_pred
2018,5.78,1.2555529
2019,0.0,1.2555529
2020,5.88,1.2555529
2021,23.7,1.2555529
2022,27.38,0.0023035484
