year,y_true,y_pred
2018,17.34,10.374061
2019,0.0,22.510277
2020,5.88,5.4387717
2021,0.0,10.261946
2022,4.56,10.73952
