year,y_true,y_pred
2018,17.34,3.4605417
2019,11.66,3.4605417
2020,5.88,3.4605417
2021,0.0,3.4605417
2022,0.0,3.5913334
