year,y_true,y_pred
2018,11.56,0.00288473
2019,5.83,5.4269896
2020,11.75,5.4269896
2021,11.85,5.4269896
2022,18.25,5.4269896
