year,y_true,y_pred
2018,75.15,19.027834
2019,81.6,19.027834
2020,88.16,19.027834
2021,106.66,19.027834
2022,68.45,19.027834
