year,y_true,y_pred
2018,84.08,8.979564
2019,12.01,30.442993
2020,42.0,3.8125184
2021,47.98,30.442993
2022,78.1,30.442993
