year,y_true,y_pred
2018,918.78,689.7737
2019,768.95,902.23944
2020,656.69,902.23944
2021,327.27,902.23944
2022,740.45,902.23944
