year,y_true,y_pred
2018,69.14,116.08795
2019,155.01,105.16953
2020,102.99,105.16953
2021,85.53,76.374565
2022,85.7,93.84019
