year,y_true,y_pred
2018,99.68,55.84519
2019,49.21,43.242897
2020,48.6,55.84519
2021,24.02,43.242897
2022,163.49,55.84519
