year,y_true,y_pred
2018,108.15,95.29346
2019,74.06,98.25627
2020,78.7,89.040634
2021,89.72,89.040634
2022,113.15,104.25596
