year,y_true,y_pred
2018,45.08,50.822853
2019,29.78,48.162136
2020,62.73,55.163773
2021,87.83,60.13692
2022,52.43,96.5431
