year,y_true,y_pred
2018,222.01,378.22775
2019,31.74,382.90643
2020,222.22,276.74817
2021,508.1,346.9533
2022,427.35,188.10419
