year,y_true,y_pred
2018,31.72,13.933968
2019,0.0,13.933968
2020,63.49,15.584043
2021,63.51,13.933968
2022,0.0,13.933968
