year,y_true,y_pred
2018,69.14,68.63888
2019,114.13,75.4196
2020,45.23,68.63888
2021,134.47,75.4196
2022,83.86,68.63888
