year,y_true,y_pred
2018,29.05,16.691563
2019,57.94,20.099564
2020,14.45,31.697376
2021,43.23,16.691563
2022,31.67,20.099564
