year,y_true,y_pred
2018,30.48,22.613958
2019,0.0,24.89246
2020,47.68,27.706459
2021,18.52,21.692959
2022,15.09,21.091667
