year,y_true,y_pred
2018,0.0,57.479412
2019,49.89,57.479412
2020,16.58,44.81186
2021,0.0,60.299618
2022,16.58,48.861874
