year,y_true,y_pred
2018,200.2,345.23947
2019,315.98,345.23947
2020,165.81,345.23947
2021,181.88,345.23947
2022,248.71,345.23947
