year,y_true,y_pred
2018,74.63,113.51931
2019,60.81,83.04536
2020,123.84,91.66761
2021,157.6,133.83748
2022,91.61,113.51931
