year,y_true,y_pred
2018,270.78,429.98633
2019,399.31,429.98633
2020,346.68,429.98633
2021,431.03,429.98633
2022,474.51,429.98633
