year,y_true,y_pred
2018,81.23,77.41928
2019,45.38,77.41928
2020,91.23,79.29696
2021,91.71,48.30519
2022,146.0,67.08819
