year,y_true,y_pred
2018,36.1,8.766996
2019,0.0,5.3280034
2020,36.49,5.2853246
2021,18.34,6.912004
2022,0.0,8.456503
