year,y_true,y_pred
2018,9.03,7.9037085
2019,9.08,7.9037085
2020,18.25,12.5529585
2021,18.34,10.117583
2022,60.83,11.836584
