year,y_true,y_pred
2018,49.24,41.173958
2019,50.15,48.457962
2020,0.0,31.536835
2021,155.93,31.536835
2022,151.44,31.536835
