year,y_true,y_pred
2018,22.77,40.91196
2019,39.9,41.676853
2020,34.23,36.03091
2021,22.85,79.26474
2022,21.49,39.876213
