year,y_true,y_pred
2018,449.78,476.69916
2019,455.97,461.05386
2020,273.88,461.05386
2021,331.3,478.3723
2022,508.6,478.3723
