year,y_true,y_pred
2018,17.08,5.572667
2019,11.4,5.572667
2020,5.71,5.572667
2021,22.85,5.572667
2022,14.33,5.572667
