year,y_true,y_pred
2018,68.32,44.244503
2019,39.9,44.244503
2020,79.88,41.068
2021,62.83,45.669003
2022,78.8,44.244503
