year,y_true,y_pred
2018,5.69,0.50618184
2019,0.0,0.50618184
2020,0.0,0.50618184
2021,0.0,0.50618184
2022,0.0,0.50618184
