year,y_true,y_pred
2018,142.34,73.86367
2019,142.49,73.86367
2020,148.35,73.86367
2021,142.8,73.86367
2022,214.9,73.86367
