year,y_true,y_pred
2018,104.6,0.011783092
2019,0.0,-1.6169801
2020,0.0,0.011783092
2021,0.0,0.0013068316
2022,0.0,42.189896
