year,y_true,y_pred
2018,209.21,407.1979
2019,213.9,357.20428
2020,634.25,317.0283
2021,770.08,317.0283
2022,200.4,397.40442
