year,y_true,y_pred
2018,87.17,114.94375
2019,106.57,114.94375
2020,72.79,121.996376
2021,46.04,114.26725
2022,80.7,114.94375
