year,y_true,y_pred
2018,27.89,7.0223494
2019,0.0,28.766237
2020,54.6,46.907005
2021,27.04,7.0223494
2022,63.11,28.766237
