year,y_true,y_pred
2018,179.94,42.265335
2019,90.46,42.446835
2020,45.45,35.830334
2021,182.73,35.830334
2022,141.84,42.446835
