year,y_true,y_pred
2018,917.29,984.50397
2019,911.5,984.50397
2020,775.37,961.6725
2021,799.79,972.381
2022,1017.33,972.381
