year,y_true,y_pred
2018,41.18,92.721375
2019,29.89,88.76588
2020,63.37,88.76588
2021,63.24,86.711815
2022,52.27,86.711815
