year,y_true,y_pred
2018,112.11,37.27042
2019,37.57,37.27042
2020,75.5,37.28493
2021,75.84,37.27042
2022,63.21,37.28493
