year,y_true,y_pred
2018,411.06,275.01605
2019,300.53,342.3211
2020,453.0,306.99615
2021,341.3,285.44003
2022,316.06,296.57217
