year,y_true,y_pred
2018,98.25,55.030666
2019,98.23,55.030666
2020,65.48,55.030666
2021,98.2,55.030666
2022,74.25,49.15533
