year,y_true,y_pred
2018,14.97,32.92057
2019,36.48,37.535
2020,42.72,32.92057
2021,13.91,32.92057
2022,6.65,37.535
