year,y_true,y_pred
2018,262.0,351.9608
2019,306.46,413.14523
2020,348.85,398.00046
2021,173.85,351.9608
2022,272.79,413.14523
