year,y_true,y_pred
2018,0.0,11.339429
2019,60.56,11.339429
2020,60.39,7.6670003
2021,40.14,6.9905005
2022,62.09,6.9905005
