year,y_true,y_pred
2018,526.42,789.86053
2019,343.16,850.3348
2020,543.48,654.00616
2021,421.52,474.72464
2022,703.64,346.9755
