year,y_true,y_pred
2018,34.0,15.234456
2019,50.78,19.664703
2020,59.0,19.274288
2021,67.15,14.844044
2022,29.52,14.844044
