mae,rmse,r2,city,model,sequence_length,forecast_horizon,normalization,val_size
0.21173926674753457,0.34008936734825695,-0.01682679458579095,2403400,xgboost,8,4,,
