year,y_true,y_pred
2018,277.3,546.71265
2019,248.81,546.71265
2020,212.42,546.71265
2021,123.45,546.71265
2022,170.38,546.71265
