year,y_true,y_pred
2018,28.89,34.789825
2019,22.88,17.832054
2020,11.33,32.3029
2021,11.22,32.3029
2022,3.63,17.832054
