year,y_true,y_pred
2018,36.33,26.512646
2019,28.9,26.512646
2020,0.0,26.512646
2021,21.45,26.48421
2022,51.28,25.402708
