year,y_true,y_pred
2018,196.18,218.97142
2019,231.21,213.50061
2020,215.59,220.68198
2021,193.02,178.83089
2022,249.07,225.9172
