year,y_true,y_pred
2018,5.0,4.086525
2019,2.48,10.343306
2020,4.93,2.9028401
2021,2.45,5.8548803
2022,2.54,9.949446
