year,y_true,y_pred
2018,57.53,89.59373
2019,71.98,89.59373
2020,61.59,89.59373
2021,70.93,89.59373
2022,98.89,89.59373
