year,y_true,y_pred
2018,2.5,1.6213751
2019,0.0,1.9035625
2020,0.0,1.1228334
2021,2.45,1.1228334
2022,0.0,1.1228334
