year,y_true,y_pred
2018,112.55,102.09299
2019,158.86,123.33919
2020,160.14,106.88636
2021,129.64,106.88636
2022,139.47,102.09299
