year,y_true,y_pred
2018,0.0,2.3080332
2019,2.48,2.3080332
2020,0.0,2.3080332
2021,0.0,2.3080332
2022,0.0,2.3080332
