year,y_true,y_pred
2018,0.0,0.0004499679
2019,35.27,4.9707184
2020,52.77,7.2309823
2021,35.09,0.0004499679
2022,16.9,4.9707184
