year,y_true,y_pred
2018,0.0,24.290916
2019,54.49,18.739416
2020,36.34,18.791916
2021,0.0,14.555791
2022,19.64,18.739416
