year,y_true,y_pred
2018,344.95,345.41733
2019,217.94,345.41733
2020,254.36,345.41733
2021,181.79,345.41733
2022,274.94,345.41733
