year,y_true,y_pred
2018,0.0,8.2241335
2019,0.0,8.2241335
2020,0.0,8.2241335
2021,0.0,8.2241335
2022,0.0,8.2241335
