year,y_true,y_pred
2018,0.0,26.165867
2019,54.49,24.78004
2020,54.51,35.823334
2021,18.18,26.165867
2022,0.0,24.78004
