year,y_true,y_pred
2018,145.24,65.17181
2019,72.65,84.52678
2020,181.69,51.958282
2021,54.54,65.17181
2022,78.55,120.92765
