year,y_true,y_pred
2018,30.03,39.268917
2019,33.21,39.268917
2020,29.52,39.268917
2021,28.31,37.806416
2022,34.47,39.268917
