year,y_true,y_pred
2018,1.03,0.12466666
2019,0.61,0.12466666
2020,0.0,0.12466666
2021,0.59,0.16216666
2022,1.01,0.12466666
