year,y_true,y_pred
2018,13.99,13.315208
2019,13.57,14.606133
2020,14.76,14.606133
2021,14.94,14.606133
2022,19.67,14.606133
