year,y_true,y_pred
2018,71.57,71.27017
2019,73.3,74.600334
2020,67.22,71.49717
2021,71.95,71.27017
2022,72.38,74.600334
