year,y_true,y_pred
2018,62.32,57.360485
2019,65.81,62.82815
2020,63.83,57.360485
2021,55.64,57.360485
2022,64.27,55.959892
