year,y_true,y_pred
2018,0.0,0.016916666
2019,0.2,0.016916666
2020,0.0,0.061833333
2021,0.2,0.016916666
2022,0.0,0.016916666
