year,y_true,y_pred
2018,17.86,9.286521
2019,17.62,8.042933
2020,24.34,7.07207
2021,6.87,7.07207
2022,53.5,9.286521
