year,y_true,y_pred
2018,321.42,496.82288
2019,387.58,496.82288
2020,212.14,497.73788
2021,199.17,496.82288
2022,340.43,496.82288
