year,y_true,y_pred
2018,10.71,15.783041
2019,28.19,18.705334
2020,13.91,21.541332
2021,6.87,18.705334
2022,38.91,14.984366
