year,y_true,y_pred
2018,50.0,29.09319
2019,28.19,32.349
2020,45.21,34.482124
2021,30.91,34.123627
2022,48.63,34.593124
