year,y_true,y_pred
2018,75.0,48.968666
2019,66.95,48.968666
2020,97.38,48.968666
2021,54.94,48.968666
2022,116.72,48.968666
