year,y_true,y_pred
2018,0.0,0.60110474
2019,0.0,0.60110474
2020,0.0,0.60110474
2021,0.0,0.60110474
2022,0.0,0.60110474
