year,y_true,y_pred
2018,87.3,63.19556
2019,56.17,64.373
2020,56.21,64.373
2021,56.25,64.373
2022,38.17,63.19556
