year,y_true,y_pred
2018,55.24,85.25394
2019,73.54,85.25394
2020,55.08,85.25394
2021,110.02,85.25394
2022,70.01,85.25394
