year,y_true,y_pred
2018,19.12,18.47978
2019,28.71,18.478867
2020,38.33,18.47978
2021,57.55,18.478867
2022,57.19,9.680087
