year,y_true,y_pred
2018,258.1,333.16025
2019,315.82,252.94252
2020,488.65,355.4109
2021,211.01,336.76596
2022,371.71,250.08728
