year,y_true,y_pred
2018,47.26,60.200043
2019,60.0,59.96754
2020,72.45,61.49648
2021,58.59,60.200043
2022,60.41,57.659332
