year,y_true,y_pred
2018,0.0,60.646458
2019,44.56,60.425957
2020,29.56,67.78083
2021,29.42,67.78083
2022,35.64,67.78083
