year,y_true,y_pred
2018,343.39,414.22375
2019,341.65,414.22375
2020,473.02,386.7985
2021,367.81,393.64377
2022,463.38,448.60187
