year,y_true,y_pred
2018,0.0,50.531376
2019,0.0,50.531376
2020,75.74,50.531376
2021,25.07,24.477625
2022,55.88,31.046375
