year,y_true,y_pred
2018,153.37,413.16266
2019,203.46,413.16266
2020,302.95,413.16266
2021,175.48,413.16266
2022,223.53,413.16266
