year,y_true,y_pred
2018,59.53,22.13969
2019,47.46,22.13969
2020,58.52,22.13969
2021,39.61,22.13969
2022,67.62,22.13969
