year,y_true,y_pred
2018,495.09,419.50305
2019,578.19,419.50305
2020,371.08,481.84366
2021,301.31,419.50305
2022,601.82,419.50305
