year,y_true,y_pred
2018,68.24,59.930737
2019,93.49,59.930737
2020,88.49,59.930737
2021,89.12,59.930737
2022,74.38,59.930737
