year,y_true,y_pred
2018,7.26,0.13778165
2019,2.88,0.13778165
2020,5.71,0.13778165
2021,2.83,0.00024168182
2022,1.35,3.818868
