year,y_true,y_pred
2018,0.0,0.80077136
2019,1.44,0.80077136
2020,0.0,0.80077136
2021,1.41,0.80077136
2022,0.0,0.80077136
