year,y_true,y_pred
2018,21.78,23.14704
2019,15.82,18.902008
2020,45.67,21.51733
2021,32.54,23.903643
2022,35.16,25.233797
