year,y_true,y_pred
2018,14.52,9.557854
2019,11.51,9.304292
2020,18.55,9.304292
2021,15.56,9.304292
2022,14.88,9.304292
