year,y_true,y_pred
2018,152.28,45.834335
2019,203.77,58.480083
2020,51.12,58.480083
2021,153.93,45.834335
2022,256.15,58.480083
