year,y_true,y_pred
2018,1725.89,689.39667
2019,1171.68,689.39667
2020,562.37,689.39667
2021,769.63,622.6577
2022,2049.18,706.6787
