year,y_true,y_pred
2018,9.99,20.56947
2019,19.95,9.601145
2020,9.96,23.596336
2021,29.85,49.777367
2022,19.61,43.969593
