year,y_true,y_pred
2018,189.87,239.27354
2019,259.4,221.29225
2020,119.57,239.27354
2021,189.05,221.29225
2022,294.12,313.3413
