year,y_true,y_pred
2018,512.38,455.74744
2019,1040.79,729.0246
2020,834.26,412.41443
2021,330.12,412.41443
2022,951.28,657.2789
