year,y_true,y_pred
2018,56.93,26.865
2019,112.52,27.144875
2020,27.81,19.533875
2021,27.51,19.533875
2022,57.65,26.865
