year,y_true,y_pred
2018,63.07,23.81987
2019,42.71,23.81987
2020,26.92,23.81987
2021,26.88,15.270828
2022,36.85,15.270828
