year,y_true,y_pred
2018,445.99,377.42395
2019,411.37,398.36172
2020,401.62,414.98398
2021,492.73,411.33572
2022,487.69,436.36874
