year,y_true,y_pred
2018,1013.89,130.01016
2019,945.53,130.01016
2020,315.86,130.01016
2021,1018.09,130.01016
2022,935.38,130.01016
