year,y_true,y_pred
2018,17.58,3.938611
2019,17.4,5.4437084
2020,5.74,3.938611
2021,34.13,8.151667
2022,5.7,8.151667
