year,y_true,y_pred
2018,46.79,10.824974
2019,103.12,50.574936
2020,37.56,10.824974
2021,18.81,50.283283
2022,82.08,45.320145
