year,y_true,y_pred
2018,814.15,650.3229
2019,918.72,672.73816
2020,779.42,1143.7303
2021,705.55,669.43024
2022,1176.47,807.97644
