year,y_true,y_pred
2018,44.66,62.33533
2019,133.81,34.08187
2020,89.09,48.44333
2021,0.0,45.020782
2022,49.29,17.622683
