year,y_true,y_pred
2018,0.0,23.973715
2019,0.0,14.4932
2020,0.0,14.4932
2021,51.87,23.973715
2022,0.0,23.973715
