year,y_true,y_pred
2018,0.0,339.96603
2019,50.45,339.96603
2020,358.24,493.99686
2021,207.47,583.13055
2022,225.94,487.92383
