year,y_true,y_pred
2018,54.08,46.055508
2019,44.94,58.66443
2020,52.21,58.43902
2021,33.58,57.202896
2022,43.16,54.801308
