year,y_true,y_pred
2018,528.35,665.20557
2019,590.41,665.20557
2020,437.73,608.25336
2021,337.74,665.20557
2022,404.32,665.20557
