mae,rmse,r2,city,model,sequence_length,forecast_horizon,normalization,val_size
0.17693046027938342,0.4733743060850925,0.046434434331907304,5107925,xgboost,8,4,,
