year,y_true,y_pred
2018,95.55,63.5525
2019,109.3,54.95975
2020,95.73,54.95975
2021,109.51,61.958
2022,36.9,61.958
