year,y_true,y_pred
2018,24.4,29.411667
2019,38.98,29.411667
2020,14.6,29.411667
2021,48.58,22.918083
2022,33.21,22.166582
