year,y_true,y_pred
2018,692.45,783.64777
2019,898.71,730.48975
2020,691.7,693.74225
2021,879.4,630.7123
2022,642.43,693.74225
