year,y_true,y_pred
2018,47.76,19.689795
2019,97.16,47.549892
2020,74.11,19.689795
2021,150.75,47.469414
2022,50.72,10.2574415
