year,y_true,y_pred
2018,537.63,381.40414
2019,426.86,381.40414
2020,314.83,381.40414
2021,604.49,364.47668
2022,380.35,398.00922
