year,y_true,y_pred
2018,109.98,110.27038
2019,114.89,121.39178
2020,88.55,121.39178
2021,83.12,124.205986
2022,76.67,107.14781
