year,y_true,y_pred
2018,40.98,31.676624
2019,61.34,31.676624
2020,0.0,26.801998
2021,40.75,41.038685
2022,60.89,35.885998
