year,y_true,y_pred
2018,60.94,23.3485
2019,45.23,24.619999
2020,50.36,24.619999
2021,42.48,24.619999
2022,46.49,24.619999
