year,y_true,y_pred
2018,18.35,4.9733334
2019,14.58,3.1873333
2020,14.48,3.9460416
2021,14.39,3.9460416
2022,12.0,3.9460416
