year,y_true,y_pred
2018,499.25,362.67206
2019,375.5,414.06998
2020,242.62,339.94135
2021,420.91,326.78647
2022,371.88,414.06998
