mae,rmse,r2,city,model,sequence_length,forecast_horizon,normalization,val_size
0.31313807990548354,0.3856871575783178,0.018232969553999667,4120150,xgboost,8,4,,
