year,y_true,y_pred
2018,98.77,92.97933
2019,98.57,92.97933
2020,49.2,92.97933
2021,171.91,92.97933
2022,67.9,92.97933
