year,y_true,y_pred
2018,518.52,617.71094
2019,418.93,429.48508
2020,467.4,491.55865
2021,761.3,429.48508
2022,679.04,617.71094
