year,y_true,y_pred
2018,59.38,39.897915
2019,96.44,39.897915
2020,61.18,39.897915
2021,111.75,39.897915
2022,91.87,39.897915
