year,y_true,y_pred
2018,272.91,457.64273
2019,296.06,457.64273
2020,182.4,457.64273
2021,433.59,457.64273
2022,701.67,523.1046
