year,y_true,y_pred
2018,22.74,47.742302
2019,0.0,47.742302
2020,22.8,17.209667
2021,45.64,2.246553
2022,67.9,22.219826
