year,y_true,y_pred
2018,1021.02,641.63324
2019,546.12,795.3677
2020,920.81,613.3849
2021,744.88,783.90216
2022,501.95,1379.1572
