year,y_true,y_pred
2018,0.0,33.03339
2019,60.68,33.03339
2020,122.77,64.69034
2021,124.15,64.69034
2022,0.0,64.69034
