year,y_true,y_pred
2018,523.63,419.48376
2019,425.87,419.48376
2020,369.44,469.32123
2021,327.1,419.48376
2022,970.75,419.48376
