year,y_true,y_pred
2018,80.56,42.734943
2019,26.62,38.79134
2020,39.58,45.01114
2021,52.34,24.71849
2022,77.66,40.425747
