year,y_true,y_pred
2018,113.22,94.02267
2019,56.1,109.69867
2020,40.44,94.77367
2021,45.1,94.77367
2022,60.49,90.35354
