year,y_true,y_pred
2018,7.72,8.072521
2019,2.55,10.414458
2020,0.0,9.833958
2021,2.51,9.833958
2022,5.26,9.833958
