year,y_true,y_pred
2018,53.96,25.768562
2019,64.59,25.768562
2020,73.67,31.32642
2021,55.15,25.768562
2022,42.16,25.768562
