year,y_true,y_pred
2018,92.94,84.95885
2019,119.94,69.19844
2020,82.88,83.577675
2021,88.86,78.57926
2022,94.05,69.19844
