year,y_true,y_pred
2018,35.98,43.471165
2019,52.28,35.211567
2020,92.09,43.471165
2021,98.05,40.28179
2022,84.32,40.28179
