year,y_true,y_pred
2018,20.99,5.6278334
2019,12.3,8.023666
2020,21.49,8.023666
2021,18.38,6.5316668
2022,9.73,6.5316668
