year,y_true,y_pred
2018,0.0,0.24166667
2019,0.0,0.24166667
2020,0.0,0.24166667
2021,0.0,0.24166667
2022,3.24,0.24166667
