year,y_true,y_pred
2018,25.69,48.12175
2019,25.81,33.389
2020,25.93,48.12175
2021,0.0,48.12175
2022,26.79,48.12175
