year,y_true,y_pred
2018,322.01,270.68082
2019,289.18,241.31657
2020,28.59,241.31657
2021,169.59,228.94083
2022,74.21,228.94083
