year,y_true,y_pred
2018,0.0,22.541624
2019,0.0,22.541624
2020,0.0,22.541624
2021,56.53,22.541624
2022,37.11,27.298708
