year,y_true,y_pred
2018,42.45,56.63492
2019,12.08,59.85392
2020,30.09,62.43692
2021,47.98,62.43692
2022,36.65,56.63492
