year,y_true,y_pred
2018,800.44,933.1964
2019,821.5,993.01575
2020,439.34,951.44556
2021,431.78,951.44556
2022,725.65,951.44556
