year,y_true,y_pred
2018,31.09,20.083
2019,15.51,23.18925
2020,30.94,20.130001
2021,0.0,23.18925
2022,16.73,20.130001
