year,y_true,y_pred
2018,44.56,50.78258
2019,45.43,46.292458
2020,23.15,59.652668
2021,70.77,68.916084
2022,46.36,68.916084
