year,y_true,y_pred
2018,15.43,19.40354
2019,15.26,31.447693
2020,30.18,73.928925
2021,59.73,26.222118
2022,64.57,61.433792
