year,y_true,y_pred
2018,0.0,8.4469795
2019,15.26,8.4469795
2020,30.18,8.4469795
2021,0.0,11.991333
2022,16.14,8.4469795
