year,y_true,y_pred
2018,0.0,3.023909
2019,0.0,3.023909
2020,0.0,3.023909
2021,0.0,3.023909
2022,0.0,3.023909
