year,y_true,y_pred
2018,15.43,35.162876
2019,91.53,41.246124
2020,90.54,49.817
2021,74.66,41.29525
2022,112.99,43.557
