year,y_true,y_pred
2018,77.17,50.39736
2019,76.28,50.39736
2020,45.27,50.39736
2021,104.52,4.0889926
2022,80.71,32.582615
