year,y_true,y_pred
2018,0.0,1.8293833
2019,0.0,1.8293833
2020,0.0,1.8293833
2021,0.0,1.8293833
2022,0.0,1.8293833
