year,y_true,y_pred
2018,611.12,855.99695
2019,592.77,855.99695
2020,506.77,855.99695
2021,479.54,855.99695
2022,567.4,855.99695
