year,y_true,y_pred
2018,82.86,91.97544
2019,68.53,86.11728
2020,44.21,93.12298
2021,60.79,71.08295
2022,77.22,78.03692
