year,y_true,y_pred
2018,5.26,21.28913
2019,20.85,0.000760686
2020,5.16,5.8794727
2021,20.46,6.742213
2022,46.65,5.8794727
