year,y_true,y_pred
2018,126.33,183.20222
2019,135.51,186.97438
2020,118.73,182.61574
2021,132.99,186.97438
2022,227.42,184.15878
