year,y_true,y_pred
2018,136.86,81.857994
2019,192.84,81.857994
2020,108.41,81.857994
2021,81.84,81.857994
2022,110.79,77.7588
