year,y_true,y_pred
2018,5.26,5.9140797
2019,15.64,5.6918845
2020,5.16,7.1993647
2021,10.23,5.8112097
2022,5.83,6.8692408
