year,y_true,y_pred
2018,64.35,73.861336
2019,64.3,66.43533
2020,99.95,66.43533
2021,107.01,86.51833
2022,89.92,86.51833
