year,y_true,y_pred
2018,743.65,781.35596
2019,835.95,781.35596
2020,792.46,781.35596
2021,649.21,781.35596
2022,764.33,940.46765
