year,y_true,y_pred
2018,313.83,447.60602
2019,242.92,473.69702
2020,264.83,473.69702
2021,310.84,473.69702
2022,381.39,473.69702
