year,y_true,y_pred
2018,42.41,29.602167
2019,25.13,26.909918
2020,33.1,30.664167
2021,16.36,30.249334
2022,15.26,29.602167
