year,y_true,y_pred
2018,197.49,321.65952
2019,256.42,321.65952
2020,133.67,321.65952
2021,155.18,321.65952
2022,407.29,321.65952
