year,y_true,y_pred
2018,37.36,34.327534
2019,42.74,34.327534
2020,21.39,34.327534
2021,21.4,28.00875
2022,72.95,34.327534
