year,y_true,y_pred
2018,102.77,40.838646
2019,50.86,25.985035
2020,0.0,27.352667
2021,0.0,40.838646
2022,126.9,40.838646
