year,y_true,y_pred
2018,513.87,377.57327
2019,152.59,362.8343
2020,302.11,377.57327
2021,99.65,419.94467
2022,317.26,482.05548
