year,y_true,y_pred
2018,36.38,36.973133
2019,28.74,48.942665
2020,35.72,42.132668
2021,7.1,42.132668
2022,21.21,42.132668
