year,y_true,y_pred
2018,378.4,552.59045
2019,344.88,552.59045
2020,164.31,552.59045
2021,262.84,552.59045
2022,212.09,552.59045
