year,y_true,y_pred
2018,0.0,2.9560606
2019,7.18,2.9560606
2020,7.14,2.9560606
2021,0.0,2.9560606
2022,7.07,2.9560606
