year,y_true,y_pred
2018,0.0,0.9624708
2019,0.0,0.9624708
2020,7.14,0.9624708
2021,0.0,0.9624708
2022,0.0,0.9624708
