year,y_true,y_pred
2018,21.83,60.74704
2019,64.66,14.115761
2020,42.86,60.74704
2021,56.83,60.74704
2022,63.63,60.74704
