year,y_true,y_pred
2018,167.37,129.49615
2019,122.14,129.49615
2020,228.6,129.49615
2021,213.11,129.49615
2022,141.39,129.49615
