year,y_true,y_pred
2018,258.25,234.74222
2019,293.43,234.74222
2020,176.04,234.74222
2021,176.02,234.74222
2022,241.28,234.74222
