year,y_true,y_pred
2018,58.69,26.946
2019,23.47,26.946
2020,58.68,23.804249
2021,23.47,23.804249
2022,12.06,34.019
