year,y_true,y_pred
2018,0.0,29.813667
2019,0.0,29.813667
2020,0.0,29.813667
2021,29.95,29.813667
2022,0.0,25.98421
