year,y_true,y_pred
2018,1145.71,726.2586
2019,1005.32,928.03827
2020,595.24,928.03827
2021,359.39,628.0254
2022,579.78,726.2586
