year,y_true,y_pred
2018,684.53,536.04913
2019,599.22,477.33295
2020,495.17,477.33295
2021,513.5,536.04913
2022,730.42,536.04913
