year,y_true,y_pred
2018,34.71,32.259754
2019,33.74,25.393261
2020,32.09,25.34787
2021,26.84,29.641056
2022,47.98,32.259754
