year,y_true,y_pred
2018,57.6,64.51203
2019,57.94,64.51203
2020,50.32,64.51203
2021,55.12,67.46396
2022,73.88,64.51203
