year,y_true,y_pred
2018,0.74,0.26298854
2019,0.0,0.26298854
2020,0.0,0.26298854
2021,0.0,0.26298854
2022,0.0,0.26298854
