year,y_true,y_pred
2018,0.0,0.15533333
2019,0.0,0.16504166
2020,0.0,0.20897916
2021,0.0,0.20897916
2022,0.0,0.20897916
