year,y_true,y_pred
2018,26.58,20.708612
2019,23.47,19.481504
2020,24.79,20.708612
2021,19.58,19.481504
2022,25.9,20.398825
