year,y_true,y_pred
2018,32.49,42.338123
2019,30.07,42.435623
2020,32.82,42.435623
2021,42.07,42.435623
2022,42.65,42.338123
