year,y_true,y_pred
2018,34.22,12.48663
2019,91.54,18.078081
2020,22.96,18.078081
2021,0.0,28.283249
2022,0.0,28.283249
