year,y_true,y_pred
2018,672.98,300.75467
2019,995.54,297.09146
2020,321.47,306.54446
2021,92.16,295.58566
2022,274.35,295.58566
