year,y_true,y_pred
2018,41.88,30.449223
2019,27.53,23.966097
2020,33.95,17.133348
2021,20.1,28.295431
2022,23.93,17.133348
