year,y_true,y_pred
2018,0.0,7.7929997
2019,6.88,7.7929997
2020,6.79,7.7929997
2021,20.1,7.7929997
2022,0.0,12.386089
