year,y_true,y_pred
2018,34.9,40.688293
2019,13.77,36.83217
2020,40.74,36.83217
2021,40.21,46.251793
2022,47.85,40.688293
