year,y_true,y_pred
2018,62.82,57.290733
2019,48.18,57.290733
2020,61.11,57.290733
2021,53.61,57.290733
2022,159.52,57.290733
