year,y_true,y_pred
2018,150.15,68.301
2019,42.6,63.223877
2020,63.47,69.255005
2021,0.0,68.301
2022,105.88,62.820377
