year,y_true,y_pred
2018,487.09,442.76086
2019,451.11,210.48914
2020,610.35,210.48914
2021,501.04,334.58194
2022,1012.07,467.52386
