year,y_true,y_pred
2018,36.53,26.576468
2019,24.38,26.576468
2020,48.83,39.017918
2021,73.32,26.576468
2022,103.8,26.576468
