year,y_true,y_pred
2018,31.07,39.564167
2019,48.21,30.515451
2020,43.29,30.515451
2021,55.62,32.91804
2022,44.38,37.117798
