year,y_true,y_pred
2018,0.0,54.673927
2019,18.63,54.673927
2020,0.0,54.673927
2021,18.14,54.673927
2022,20.99,54.673927
