year,y_true,y_pred
2018,113.31,268.90033
2019,223.51,264.99478
2020,220.51,337.3723
2021,272.03,337.3723
2022,335.85,337.3723
