year,y_true,y_pred
2018,16.46,24.194666
2019,32.95,24.194666
2020,24.73,30.541666
2021,33.0,24.194666
2022,24.35,24.194666
