year,y_true,y_pred
2018,222.24,370.63934
2019,189.46,370.63934
2020,164.87,370.63934
2021,197.97,370.63934
2022,227.31,370.63934
