year,y_true,y_pred
2018,0.0,45.061295
2019,188.68,45.061295
2020,38.14,56.501793
2021,38.52,39.909374
2022,38.74,39.909374
