year,y_true,y_pred
2018,821.2,753.22546
2019,1018.87,724.0711
2020,800.92,753.22546
2021,500.77,724.0711
2022,658.66,685.8421
