year,y_true,y_pred
2018,77.96,83.85071
2019,78.74,65.74121
2020,79.51,61.604626
2021,53.5,61.604626
2022,53.28,61.604626
