year,y_true,y_pred
2018,37.63,75.50192
2019,46.59,47.25717
2020,36.92,54.265926
2021,36.59,58.890877
2022,65.45,47.397423
