year,y_true,y_pred
2018,592.72,700.4142
2019,913.07,731.91943
2020,719.96,877.76544
2021,667.83,700.4142
2022,621.73,731.91943
