year,y_true,y_pred
2018,37.63,27.786333
2019,0.0,36.169083
2020,27.69,31.321083
2021,54.89,27.786333
2022,40.9,36.169083
