year,y_true,y_pred
2018,65.86,67.399475
2019,111.8,38.711105
2020,119.99,37.19226
2021,128.08,67.399475
2022,81.81,39.97825
