year,y_true,y_pred
2018,9.41,20.393154
2019,9.32,20.393154
2020,36.92,20.393154
2021,9.15,21.1609
2022,24.54,1.2671487
