year,y_true,y_pred
2018,21.42,16.08775
2019,42.29,17.937916
2020,10.44,20.500542
2021,20.62,16.08775
2022,24.5,24.366917
