year,y_true,y_pred
2018,120.32,77.059975
2019,76.13,120.283936
2020,89.42,101.75597
2021,97.78,122.068436
2022,103.81,120.340836
