year,y_true,y_pred
2018,95.95,87.54031
2019,63.18,87.54031
2020,46.82,67.69456
2021,123.44,87.54031
2022,92.76,87.54031
