year,y_true,y_pred
2018,56.63,68.51151
2019,47.11,68.91813
2020,49.43,68.91813
2021,40.09,68.91813
2022,57.19,68.91813
