year,y_true,y_pred
2018,17.12,13.783372
2019,22.25,16.973967
2020,20.81,13.908275
2021,18.1,16.035002
2022,9.53,17.420212
