year,y_true,y_pred
2018,22.39,7.7058334
2019,15.7,6.498667
2020,19.51,6.498667
2021,23.28,6.498667
2022,17.7,6.498667
