year,y_true,y_pred
2018,140.92,179.48419
2019,172.75,187.80713
2020,171.7,179.48419
2021,162.94,198.386
2022,209.71,198.386
