year,y_true,y_pred
2018,0.0,52.208794
2019,14.06,50.057793
2020,28.13,59.027336
2021,28.12,59.027336
2022,31.06,59.027336
