year,y_true,y_pred
2018,478.2,656.91846
2019,632.82,623.4361
2020,576.57,581.5987
2021,646.79,656.91846
2022,667.7,565.43427
