year,y_true,y_pred
2018,64.02,87.79554
2019,31.92,87.79554
2020,0.0,87.79554
2021,95.21,87.79554
2022,96.59,87.79554
