year,y_true,y_pred
2018,902.35,1370.7576
2019,643.29,1014.83417
2020,1091.14,1142.5051
2021,992.95,1128.0812
2022,1660.74,968.13513
