year,y_true,y_pred
2018,0.0,56.26466
2019,0.0,92.34029
2020,128.37,93.095535
2021,96.09,76.15655
2022,79.08,34.108868
