year,y_true,y_pred
2018,230.83,190.39789
2019,291.77,190.39789
2020,366.72,190.39789
2021,306.48,190.39789
2022,195.12,190.39789
