year,y_true,y_pred
2018,20.98,2.4319317
2019,38.9,2.4319317
2020,9.65,3.2930326
2021,9.58,3.2930326
2022,39.02,3.2930326
