year,y_true,y_pred
2018,10.49,34.823334
2019,77.81,34.823334
2020,48.25,30.912167
2021,47.89,30.912167
2022,68.29,35.994335
