year,y_true,y_pred
2018,0.0,10.778292
2019,0.0,10.778292
2020,0.0,10.778292
2021,9.58,10.778292
2022,39.02,10.778292
