year,y_true,y_pred
2018,31.48,58.899166
2019,58.35,58.899166
2020,67.55,78.38897
2021,105.35,78.38897
2022,146.34,78.38897
