year,y_true,y_pred
2018,74.04,57.704166
2019,79.74,59.839794
2020,101.51,59.839794
2021,96.63,59.839794
2022,61.89,59.839794
