year,y_true,y_pred
2018,50.13,52.90789
2019,65.07,61.886414
2020,69.97,52.90789
2021,51.57,52.90789
2022,31.95,61.886414
