year,y_true,y_pred
2018,660.39,979.50916
2019,572.74,979.50916
2020,665.15,979.50916
2021,2218.65,979.50916
2022,2572.41,1007.9305
