year,y_true,y_pred
2018,49.53,76.923584
2019,16.36,46.7177
2020,64.89,76.923584
2021,144.69,57.887512
2022,81.02,53.05926
