year,y_true,y_pred
2018,14.59,6.5656667
2019,21.7,6.5656667
2020,7.17,6.5656667
2021,14.22,8.241667
2022,7.47,6.5656667
