year,y_true,y_pred
2018,200.62,148.34842
2019,245.9,148.34842
2020,143.42,148.34842
2021,156.47,148.34842
2022,190.51,148.34842
