year,y_true,y_pred
2018,95.28,50.787582
2019,44.78,49.052086
2020,100.62,50.787582
2021,33.5,50.952667
2022,47.48,54.256668
