year,y_true,y_pred
2018,431.57,445.29434
2019,554.13,409.5465
2020,508.69,409.5465
2021,362.91,414.8102
2022,516.32,477.48285
