year,y_true,y_pred
2018,52.24,142.70934
2019,17.35,87.65063
2020,51.86,98.34304
2021,137.79,97.96204
2022,91.93,142.70934
