year,y_true,y_pred
2018,150.0,35.883957
2019,0.0,29.295956
2020,0.0,35.54796
2021,0.0,27.572666
2022,51.52,35.967957
