year,y_true,y_pred
2018,73.42,77.48321
2019,66.68,71.80866
2020,72.1,85.39867
2021,29.78,85.39867
2022,68.56,85.39867
