year,y_true,y_pred
2018,6.12,7.4407725
2019,0.0,7.151388
2020,0.0,7.151388
2021,0.0,7.151388
2022,13.71,7.151388
