year,y_true,y_pred
2018,12.24,33.8737
2019,18.19,29.828875
2020,30.04,25.313
2021,35.74,28.890999
2022,47.99,28.890999
