year,y_true,y_pred
2018,140.72,249.38347
2019,169.74,249.38347
2020,144.2,249.38347
2021,113.18,249.38347
2022,191.98,249.38347
