year,y_true,y_pred
2018,0.0,3.4376667
2019,0.0,3.4376667
2020,0.0,3.4376667
2021,11.91,3.4376667
2022,0.0,2.9417083
