year,y_true,y_pred
2018,34.21,36.047916
2019,17.12,38.517338
2020,25.69,41.841106
2021,25.71,36.047916
2022,35.5,41.841106
