year,y_true,y_pred
2018,51.32,75.27712
2019,68.48,75.27712
2020,51.38,75.27712
2021,77.12,75.27712
2022,53.25,37.49224
