year,y_true,y_pred
2018,0.0,0.002443425
2019,8.56,0.002443425
2020,0.0,0.002443425
2021,0.0,0.9622182
2022,0.0,0.9622182
