year,y_true,y_pred
2018,17.11,9.049958
2019,0.0,8.974521
2020,8.56,8.974521
2021,8.57,9.088958
2022,0.0,9.049958
