year,y_true,y_pred
2018,111.2,37.660168
2019,0.0,37.660168
2020,59.95,29.274166
2021,102.83,37.660168
2022,71.0,37.660168
