year,y_true,y_pred
2018,24.34,17.548168
2019,24.16,17.548168
2020,24.05,17.548168
2021,29.92,17.548168
2022,48.09,19.205334
