year,y_true,y_pred
2018,419.84,536.48975
2019,507.43,536.48975
2020,384.73,569.98016
2021,275.22,569.98016
2022,565.07,536.48975
