year,y_true,y_pred
2018,1045.38,802.8665
2019,1106.83,757.55164
2020,828.26,757.55164
2021,936.88,784.5336
2022,1146.2,733.64526
