year,y_true,y_pred
2018,95.03,29.569324
2019,120.31,87.32233
2020,0.0,31.97922
2021,147.93,60.984005
2022,50.94,82.3747
