year,y_true,y_pred
2018,45.32,22.537382
2019,77.3,18.183725
2020,45.62,23.136724
2021,82.38,18.183725
2022,52.78,18.183725
