year,y_true,y_pred
2018,788.51,646.29553
2019,973.04,710.9462
2020,848.54,671.62634
2021,1011.49,710.9462
2022,879.58,710.9462
