year,y_true,y_pred
2018,91.91,47.708794
2019,0.0,47.708794
2020,101.83,35.657104
2021,107.3,40.568855
2022,0.0,47.708794
