year,y_true,y_pred
2018,58.45,90.37142
2019,90.44,90.37142
2020,25.71,90.37142
2021,89.52,81.38087
2022,64.2,94.54142
