year,y_true,y_pred
2018,62.83,55.063732
2019,36.6,55.063732
2020,52.22,46.962666
2021,36.51,54.41271
2022,41.66,55.063732
