year,y_true,y_pred
2018,0.0,1.0650339e-07
2019,0.0,1.0650339e-07
2020,5.22,1.0650339e-07
2021,0.0,1.0650339e-07
2022,0.0,1.0650339e-07
