year,y_true,y_pred
2018,10.47,3.4745834
2019,10.46,2.4554582
2020,0.0,2.4554582
2021,5.22,2.6930833
2022,31.24,2.6930833
