year,y_true,y_pred
2018,287.97,199.33153
2019,219.62,199.33153
2020,271.57,199.33153
2021,349.47,207.67796
2022,328.04,199.33153
