year,y_true,y_pred
2018,377.47,430.30103
2019,445.84,430.30103
2020,477.85,430.30103
2021,491.86,438.06744
2022,457.97,482.91867
