year,y_true,y_pred
2018,53.92,29.898933
2019,47.56,31.311533
2020,35.4,33.633965
2021,70.27,36.202534
2022,36.93,26.600267
