year,y_true,y_pred
2018,55.38,38.035667
2019,82.76,38.035667
2020,62.81,43.514534
2021,50.85,38.035667
2022,56.07,38.035667
