year,y_true,y_pred
2018,561.75,531.95197
2019,685.69,531.95197
2020,518.22,565.1088
2021,449.83,531.95197
2022,616.72,551.1708
