year,y_true,y_pred
2018,174.06,172.19696
2019,193.1,172.19696
2020,160.96,172.19696
2021,222.96,172.19696
2022,254.45,172.19696
