year,y_true,y_pred
2018,31.65,11.711743
2019,15.76,20.246729
2020,11.78,18.40176
2021,3.91,15.012677
2022,17.25,23.360346
