year,y_true,y_pred
2018,0.0,0.39512497
2019,0.0,0.39512497
2020,0.0,0.39512497
2021,0.0,0.39512497
2022,0.0,0.39512497
