year,y_true,y_pred
2018,67.25,76.084
2019,86.7,76.084
2020,90.3,89.06675
2021,101.7,89.06675
2022,94.88,75.91062
