year,y_true,y_pred
2018,857.37,828.50586
2019,531.18,704.50256
2020,794.2,666.2756
2021,745.84,707.8658
2022,1096.22,1225.1995
