year,y_true,y_pred
2018,46.34,64.026955
2019,69.28,64.026955
2020,57.55,58.154373
2021,80.32,65.68166
2022,48.72,58.154373
