year,y_true,y_pred
2018,15.93,6.580362
2019,12.52,6.580362
2020,16.91,5.5975194
2021,7.56,15.690279
2022,24.52,9.084403
