year,y_true,y_pred
2018,186.44,141.40968
2019,190.91,130.55264
2020,141.45,130.55264
2021,160.22,158.11736
2022,246.87,146.63908
