year,y_true,y_pred
2018,4.78,1.661375
2019,1.56,1.6523751
2020,3.08,2.245
2021,6.05,1.661375
2022,8.17,1.294
