year,y_true,y_pred
2018,0.0,1.3775625
2019,1.56,1.3775625
2020,0.0,1.3775625
2021,3.02,1.3775625
2022,1.63,1.873
