year,y_true,y_pred
2018,4.78,3.6831882
2019,7.82,2.016892
2020,1.54,2.6281524
2021,6.05,2.7342246
2022,4.9,3.6831882
