year,y_true,y_pred
2018,63.74,29.69694
2019,51.64,33.559967
2020,52.28,33.887417
2021,64.99,33.559967
2022,57.22,33.559967
