year,y_true,y_pred
2018,35.57,62.045082
2019,71.46,64.625084
2020,26.92,64.625084
2021,9.01,64.625084
2022,37.21,62.045082
