year,y_true,y_pred
2018,21.73,19.032534
2019,29.13,19.030825
2020,27.43,23.410019
2021,31.55,19.032534
2022,41.03,19.032534
