year,y_true,y_pred
2018,39.07,40.41395
2019,44.16,40.41395
2020,39.57,40.41395
2021,49.11,40.41395
2022,46.86,40.41395
