year,y_true,y_pred
2018,0.69,0.25195834
2019,0.23,0.25345832
2020,0.67,0.19827083
2021,0.0,0.20466666
2022,0.23,0.19827083
