year,y_true,y_pred
2018,48.55,50.708714
2019,53.03,48.170788
2020,60.03,48.02685
2021,56.89,50.708714
2022,59.91,50.708714
