year,y_true,y_pred
2018,0.0,0.095953844
2019,0.23,0.095953844
2020,0.0,0.095953844
2021,0.22,0.095953844
2022,0.0,0.095953844
