year,y_true,y_pred
2018,19.88,12.414133
2019,12.75,14.169499
2020,19.34,12.414133
2021,20.67,13.394833
2022,20.28,14.169499
