year,y_true,y_pred
2018,40.4,34.80384
2019,50.47,19.416283
2020,20.18,24.384056
2021,20.17,19.433895
2022,21.92,48.662838
