year,y_true,y_pred
2018,222.18,389.55093
2019,353.29,389.55093
2020,191.71,389.55093
2021,292.52,389.55093
2022,306.88,389.55093
