year,y_true,y_pred
2018,290.79,267.07877
2019,234.21,256.13947
2020,217.46,236.18843
2021,228.77,236.10286
2022,177.34,308.13782
