year,y_true,y_pred
2018,39.37,13.357208
2019,38.0,13.357208
2020,22.71,13.357208
2021,18.13,13.357208
2022,12.39,13.357208
