year,y_true,y_pred
2018,8.05,8.196875
2019,11.49,8.196875
2020,9.61,8.196875
2021,12.95,7.5583334
2022,12.39,7.5583334
