year,y_true,y_pred
2018,0.89,0.59499997
2019,0.88,0.5425
2020,0.0,0.70675
2021,0.0,0.70675
2022,1.91,0.70675
