year,y_true,y_pred
2018,53.68,36.591206
2019,68.94,36.591206
2020,59.39,36.591206
2021,73.38,36.591206
2022,72.46,36.591206
