year,y_true,y_pred
2018,43.68,51.22648
2019,58.35,54.36148
2020,21.92,51.22648
2021,43.92,54.36148
2022,108.57,51.22648
