year,y_true,y_pred
2018,917.36,970.47375
2019,1261.85,970.47375
2020,708.81,970.47375
2021,805.21,970.47375
2022,1094.73,980.2598
