year,y_true,y_pred
2018,72.81,78.749855
2019,102.12,80.82128
2020,168.07,59.015217
2021,131.76,117.65822
2022,262.37,81.609924
