year,y_true,y_pred
2018,43.68,99.525665
2019,14.59,99.525665
2020,21.92,99.525665
2021,29.28,99.525665
2022,36.19,99.525665
