year,y_true,y_pred
2018,7.28,5.2745624
2019,14.59,10.5623045
2020,0.0,0.0014670287
2021,0.0,0.2503616
2022,0.0,0.00045361518
