year,y_true,y_pred
2018,676.51,816.07135
2019,839.68,816.07135
2020,650.23,845.4654
2021,762.04,698.936
2022,629.1,845.49963
