year,y_true,y_pred
2018,129.11,61.84904
2019,93.3,61.51754
2020,52.02,55.505333
2021,52.19,67.99033
2022,82.78,67.99033
