year,y_true,y_pred
2018,43.24,39.1198
2019,53.58,77.30262
2020,53.13,44.684673
2021,42.15,44.966618
2022,37.92,65.646835
