year,y_true,y_pred
2018,54.05,51.81492
2019,48.22,51.81492
2020,37.19,51.81492
2021,36.88,51.81492
2022,5.42,51.81492
