year,y_true,y_pred
2018,5.41,12.349531
2019,21.43,12.349531
2020,0.0,12.349531
2021,10.54,6.7006054
2022,5.42,7.1460247
