year,y_true,y_pred
2018,91.89,97.98487
2019,144.66,85.545
2020,85.0,97.98487
2021,73.77,97.98487
2022,65.0,85.545
