year,y_true,y_pred
2018,53.35,71.75155
2019,43.42,53.89779
2020,88.32,53.89779
2021,89.77,68.527084
2022,77.22,53.89779
