year,y_true,y_pred
2018,10.67,4.611055
2019,43.42,2.946992
2020,22.08,4.611055
2021,33.66,18.44096
2022,9.65,18.44096
