year,y_true,y_pred
2018,213.4,64.80796
2019,86.83,69.62788
2020,88.32,69.62788
2021,145.87,69.62788
2022,144.79,69.62788
