year,y_true,y_pred
2018,10.67,15.237479
2019,43.42,15.237479
2020,55.2,12.475541
2021,112.21,12.475541
2022,19.31,12.475541
