year,y_true,y_pred
2018,29.6,51.37929
2019,47.28,52.367332
2020,59.0,54.85479
2021,35.34,58.611332
2022,47.55,52.367332
