year,y_true,y_pred
2018,215.95,148.06645
2019,206.87,163.20448
2020,32.97,138.01788
2021,90.35,160.52289
2022,201.29,160.97194
