year,y_true,y_pred
2018,41.53,18.642296
2019,16.55,24.304928
2020,8.24,18.050718
2021,0.0,8.749611
2022,25.16,24.329004
