year,y_true,y_pred
2018,170.79,0.00068371306
2019,257.73,72.59685
2020,86.43,0.0005144763
2021,0.0,16.721231
2022,93.28,11.555757
