year,y_true,y_pred
2018,932.62,959.3902
2019,949.16,918.83636
2020,765.49,918.83636
2021,622.19,938.207
2022,889.41,938.207
