year,y_true,y_pred
2018,82.99,56.66409
2019,78.77,56.66409
2020,58.88,65.431564
2021,66.52,56.66409
2022,94.33,57.8437
