year,y_true,y_pred
2018,11.86,11.64176
2019,23.63,11.64176
2020,27.48,10.478889
2021,15.65,8.514016
2022,40.43,2.3310277
