year,y_true,y_pred
2018,39.52,29.329575
2019,19.69,43.01041
2020,11.78,21.797121
2021,23.48,12.508398
2022,22.46,30.269903
