year,y_true,y_pred
2018,122.51,78.89674
2019,129.97,78.89674
2020,109.92,78.89674
2021,180.0,78.89674
2022,139.25,78.89674
