year,y_true,y_pred
2018,104.81,54.005665
2019,80.7,71.982666
2020,34.25,54.005665
2021,67.85,49.804665
2022,67.99,49.804665
