year,y_true,y_pred
2018,555.56,296.3445
2019,295.2,366.52277
2020,220.59,366.52277
2021,73.31,266.561
2022,128.1,266.561
