year,y_true,y_pred
2018,74.07,21.914385
2019,73.8,1.3330216
2020,36.76,-0.8073228
2021,0.0,-0.8073228
2022,42.7,4.4468584
