year,y_true,y_pred
2018,47.75,55.453598
2019,64.15,48.53716
2020,32.32,70.71676
2021,65.09,37.06396
2022,46.19,70.71676
