year,y_true,y_pred
2018,23.99,45.547558
2019,71.79,73.15153
2020,83.55,62.229687
2021,71.45,80.57698
2022,107.43,82.68495
