year,y_true,y_pred
2018,6.25,18.313673
2019,18.68,13.289365
2020,74.49,18.313673
2021,37.12,11.271939
2022,49.89,11.271939
