year,y_true,y_pred
2018,143.76,114.69424
2019,255.36,114.69424
2020,310.37,114.69424
2021,228.9,114.69424
2022,320.72,114.69424
