year,y_true,y_pred
2018,190.48,251.40762
2019,294.06,232.46518
2020,255.13,233.35191
2021,249.46,249.45071
2022,326.13,211.53249
