year,y_true,y_pred
2018,14.29,30.29425
2019,37.94,29.518751
2020,14.17,29.518751
2021,37.65,33.826
2022,35.67,29.518751
