year,y_true,y_pred
2018,152.38,93.73288
2019,104.34,67.398056
2020,118.11,65.94085
2021,108.26,67.398056
2022,173.26,67.398056
