year,y_true,y_pred
2018,4.76,8.572667
2019,14.23,10.698459
2020,9.45,8.572667
2021,14.12,10.698459
2022,0.0,8.572667
