year,y_true,y_pred
2018,52.38,116.901535
2019,90.12,111.21363
2020,99.22,112.4529
2021,80.02,116.901535
2022,61.15,116.901535
