year,y_true,y_pred
2018,646.05,626.35583
2019,691.67,626.35583
2020,555.45,626.35583
2021,421.86,626.35583
2022,659.9,626.35583
