year,y_true,y_pred
2018,69.84,53.031906
2019,71.64,34.062088
2020,80.75,34.062088
2021,77.58,34.062088
2022,65.99,34.062088
