year,y_true,y_pred
2018,75.72,102.53479
2019,25.29,92.576416
2020,0.0,102.53479
2021,0.0,88.34642
2022,111.48,102.53479
