year,y_true,y_pred
2018,224.11,392.41684
2019,272.15,373.89868
2020,242.8,373.89868
2021,367.44,373.89868
2022,509.96,383.38678
