year,y_true,y_pred
2018,5.75,16.684967
2019,22.92,16.684967
2020,25.71,17.787542
2021,31.33,16.684967
2022,32.07,16.684967
