year,y_true,y_pred
2018,2.87,21.390318
2019,17.19,28.738775
2020,31.42,21.748148
2021,17.09,16.671791
2022,16.04,17.589613
