year,y_true,y_pred
2018,20.11,17.050667
2019,11.46,17.722584
2020,22.85,15.637667
2021,22.79,15.1935835
2022,16.04,17.050667
