year,y_true,y_pred
2018,114.93,78.55975
2019,117.45,79.301315
2020,137.11,79.301315
2021,142.42,79.301315
2022,131.5,79.301315
