year,y_true,y_pred
2018,2.87,0.6677726
2019,0.0,0.6677726
2020,0.0,0.6677726
2021,2.85,0.6677726
2022,0.0,0.6677726
