year,y_true,y_pred
2018,14.96,19.603437
2019,52.93,21.684124
2020,15.28,19.603437
2021,23.14,19.907999
2022,38.24,22.428125
