year,y_true,y_pred
2018,47.02,62.71469
2019,31.24,52.427124
2020,70.06,52.427124
2021,38.8,52.427124
2022,53.7,52.427124
