year,y_true,y_pred
2018,214.42,253.75087
2019,277.68,242.99037
2020,270.82,229.41508
2021,285.96,214.7817
2022,301.69,176.70038
