year,y_true,y_pred
2018,11.09,15.927
2019,14.71,12.625562
2020,25.62,14.296374
2021,32.79,13.706875
2022,27.25,13.778
