year,y_true,y_pred
2018,86.88,55.49792
2019,64.36,55.49792
2020,87.83,55.49792
2021,100.18,55.49792
2022,124.57,55.49792
