year,y_true,y_pred
2018,7.39,7.1011457
2019,9.19,6.7283955
2020,9.15,6.7283955
2021,20.04,6.7283955
2022,19.46,6.7283955
