year,y_true,y_pred
2018,18.48,8.932359
2019,29.42,18.59466
2020,31.11,18.59466
2021,34.61,18.59466
2022,27.25,18.59466
