year,y_true,y_pred
2018,633.66,407.68433
2019,1075.7,407.68433
2020,1082.16,465.39804
2021,1209.19,465.39804
2022,857.57,407.68433
