year,y_true,y_pred
2018,79.21,3.5568361
2019,39.84,3.9014559
2020,0.0,3.5568361
2021,161.23,11.588456
2022,111.86,25.77382
