year,y_true,y_pred
2018,54.77,57.33474
2019,70.64,57.33474
2020,42.43,57.33474
2021,42.2,57.33474
2022,106.28,57.341526
