year,y_true,y_pred
2018,538.83,659.44183
2019,504.77,625.61487
2020,494.56,625.61487
2021,451.07,625.61487
2022,737.41,625.61487
