year,y_true,y_pred
2018,2.96,0.53804433
2019,0.0,0.0015888794
2020,0.0,0.0015888794
2021,0.0,0.0015888794
2022,0.0,0.53804433
