year,y_true,y_pred
2018,50.33,46.250816
2019,80.94,57.35902
2020,65.84,46.254124
2021,75.66,49.949467
2022,91.56,51.162918
