year,y_true,y_pred
2018,1.48,0.14896667
2019,0.0,0.14896667
2020,0.0,0.14896667
2021,0.0,0.14896667
2022,0.0,0.14896667
