year,y_true,y_pred
2018,10.36,13.274584
2019,4.41,12.569134
2020,7.32,14.566959
2021,4.37,12.569134
2022,22.89,12.569134
