year,y_true,y_pred
2018,32.39,33.486248
2019,32.45,36.45748
2020,40.63,32.346462
2021,28.49,46.11381
2022,64.73,34.026466
