year,y_true,y_pred
2018,292.97,417.82614
2019,316.93,417.82614
2020,233.11,417.82614
2021,230.4,417.82614
2022,372.19,417.82614
