year,y_true,y_pred
2018,37.08,35.913876
2019,33.17,38.33206
2020,22.03,38.33206
2021,23.77,35.186
2022,53.81,35.913876
