year,y_true,y_pred
2018,0.0,0.21107319
2019,0.0,0.21107319
2020,0.0,0.21107319
2021,0.0,0.21107319
2022,0.0,0.21107319
