year,y_true,y_pred
2018,83.44,81.89775
2019,75.55,83.16487
2020,62.41,83.16487
2021,67.66,83.16487
2022,127.8,83.16487
