year,y_true,y_pred
2018,114.96,107.871254
2019,93.97,112.080246
2020,117.47,105.31075
2021,131.66,112.080246
2022,177.13,112.080246
