year,y_true,y_pred
2018,12.98,14.061
2019,22.11,14.061
2020,9.18,13.144625
2021,3.66,13.219625
2022,11.21,14.061
