year,y_true,y_pred
2018,3.71,0.656875
2019,0.0,1.1206667
2020,0.0,0.656875
2021,0.0,1.1336668
2022,0.0,0.656875
