year,y_true,y_pred
2018,28.84,58.44175
2019,70.75,65.707
2020,97.28,61.39825
2021,54.63,77.812004
2022,65.63,61.39825
