year,y_true,y_pred
2018,456.2,386.0501
2019,408.7,371.75342
2020,371.65,371.75342
2021,289.18,329.76157
2022,511.84,337.01025
