year,y_true,y_pred
2018,40.85,18.662334
2019,41.1,18.662334
2020,36.48,18.662334
2021,47.82,18.662334
2022,53.04,18.662334
