year,y_true,y_pred
2018,115.75,83.29737
2019,125.58,83.29737
2020,164.17,74.69488
2021,125.24,97.58956
2022,167.08,83.29737
