year,y_true,y_pred
2018,72.63,60.40404
2019,79.91,63.41754
2020,54.72,66.53348
2021,47.82,57.414978
2022,76.91,65.44133
