year,y_true,y_pred
2018,0.0,0.7106
2019,0.0,0.82175004
2020,0.0,0.82175004
2021,0.0,0.82175004
2022,0.0,0.82175004
