year,y_true,y_pred
2018,9.08,11.213778
2019,11.42,14.647744
2020,11.4,10.306971
2021,9.11,11.213778
2022,18.56,11.213778
