year,y_true,y_pred
2018,63.84,53.031765
2019,44.26,37.97853
2020,44.0,53.925236
2021,37.51,50.306355
2022,60.79,52.7721
