year,y_true,y_pred
2018,96.79,68.03709
2019,92.73,68.03709
2020,102.67,68.03709
2021,75.02,68.03709
2022,83.85,54.642727
