year,y_true,y_pred
2018,22.65,19.334742
2019,25.29,19.334742
2020,20.95,19.334742
2021,25.01,19.334742
2022,16.77,19.334742
