year,y_true,y_pred
2018,78.25,53.01223
2019,80.08,46.36154
2020,64.95,46.36154
2021,91.69,53.01223
2022,73.37,46.36154
