year,y_true,y_pred
2018,0.0,0.45030245
2019,0.0,0.45030245
2020,6.29,0.45030245
2021,2.08,0.2408448
2022,2.1,0.45030245
