year,y_true,y_pred
2018,0.0,59.032253
2019,10.65,51.300133
2020,5.32,45.51873
2021,5.31,45.51873
2022,26.1,45.51873
