year,y_true,y_pred
2018,880.19,698.2536
2019,745.59,726.3936
2020,856.06,726.3936
2021,1210.51,639.01575
2022,997.08,761.68274
