year,y_true,y_pred
2018,85.35,55.275917
2019,63.91,55.275917
2020,79.76,34.83397
2021,90.26,55.275917
2022,114.85,55.275917
