year,y_true,y_pred
2018,0.0,8.329208
2019,10.65,7.3956666
2020,10.63,9.157208
2021,5.31,8.329208
2022,5.22,10.747667
