year,y_true,y_pred
2018,16.0,25.831
2019,37.28,25.831
2020,15.95,29.983833
2021,26.55,25.831
2022,10.44,34.735664
