year,y_true,y_pred
2018,296.44,258.72223
2019,477.66,216.1229
2020,370.12,246.82957
2021,311.42,209.77646
2022,393.84,209.77646
