year,y_true,y_pred
2018,23.71,36.28873
2019,18.03,23.57785
2020,23.88,36.28873
2021,23.73,23.57785
2022,33.33,36.28873
