year,y_true,y_pred
2018,80.43,0.0090609165
2019,101.32,71.92478
2020,40.83,38.96102
2021,61.7,98.29001
2022,153.99,62.560677
