year,y_true,y_pred
2018,0.0,16.930666
2019,0.0,16.930666
2020,27.88,16.930666
2021,55.45,16.930666
2022,0.0,10.4626665
