year,y_true,y_pred
2018,96.0,128.21233
2019,158.83,108.301346
2020,157.73,129.24573
2021,62.68,129.24573
2022,182.43,90.75967
