year,y_true,y_pred
2018,45.93,58.597626
2019,44.66,58.597626
2020,47.6,58.597626
2021,55.47,58.597626
2022,40.85,58.597626
