year,y_true,y_pred
2018,693.64,1037.9485
2019,806.14,1037.9485
2020,726.86,804.84155
2021,228.75,804.84155
2022,1076.78,804.84155
