year,y_true,y_pred
2018,38.54,63.378334
2019,0.0,63.378334
2020,38.26,63.378334
2021,38.12,63.378334
2022,0.0,63.378334
