year,y_true,y_pred
2018,184.37,224.27524
2019,176.57,224.27524
2020,149.67,224.27524
2021,112.54,224.27524
2022,151.36,224.27524
