year,y_true,y_pred
2018,21.69,11.816811
2019,10.77,15.396223
2020,23.52,10.760883
2021,6.37,15.396223
2022,15.39,10.760883
