year,y_true,y_pred
2018,123.64,67.53139
2019,103.36,67.53139
2020,111.18,67.53139
2021,112.54,67.53139
2022,123.14,67.53139
