year,y_true,y_pred
2018,17.35,19.651949
2019,23.69,20.308872
2020,21.38,17.551426
2021,33.97,19.651949
2022,17.96,19.651949
