year,y_true,y_pred
2018,66.1,83.26973
2019,60.79,78.83754
2020,68.28,79.724045
2021,75.66,83.26973
2022,60.67,83.26973
