year,y_true,y_pred
2018,12.9,11.598001
2019,14.4,10.3837
2020,28.58,11.532625
2021,20.49,11.532625
2022,16.85,10.994125
