year,y_true,y_pred
2018,167.68,177.56871
2019,139.18,161.30775
2020,166.72,167.65509
2021,193.89,161.30775
2022,141.55,177.56871
