year,y_true,y_pred
2018,19.35,13.81325
2019,17.6,13.81325
2020,25.4,12.586625
2021,36.26,12.586625
2022,30.33,13.81325
