year,y_true,y_pred
2018,1.61,1.6246667
2019,0.0,1.6246667
2020,0.0,1.6246667
2021,0.0,1.6246667
2022,0.0,1.6246667
