year,y_true,y_pred
2018,11.79,11.552883
2019,3.93,11.672202
2020,0.0,16.029331
2021,15.73,11.555763
2022,30.74,11.671465
