year,y_true,y_pred
2018,432.3,566.43445
2019,542.47,636.9164
2020,652.7,558.73706
2021,778.67,564.30444
2022,756.91,611.7501
