year,y_true,y_pred
2018,487.55,457.52866
2019,516.2,482.67993
2020,385.63,482.67993
2021,377.03,457.52866
2022,493.87,320.28372
