year,y_true,y_pred
2018,38.64,34.811466
2019,41.57,37.641666
2020,35.68,37.641666
2021,35.2,35.96467
2022,39.91,34.811466
