year,y_true,y_pred
2018,28.7,27.619
2019,27.78,26.915123
2020,31.49,26.427437
2021,30.03,27.619
2022,35.73,27.314999
