year,y_true,y_pred
2018,28.56,22.122631
2019,30.57,25.547113
2020,33.43,25.547113
2021,33.07,24.94787
2022,40.67,24.94787
