year,y_true,y_pred
2018,59.46,53.398285
2019,58.31,53.398285
2020,62.22,53.398285
2021,60.58,55.475487
2022,72.46,53.398285
