year,y_true,y_pred
2018,0.21,0.021875
2019,0.03,0.021875
2020,0.1,0.030791666
2021,0.14,0.030791666
2022,0.11,0.021875
