year,y_true,y_pred
2018,0.35,0.19068849
2019,0.03,0.19068849
2020,0.07,0.2943398
2021,0.17,0.29405335
2022,0.27,0.19584756
