year,y_true,y_pred
2018,36.21,72.90017
2019,69.99,72.97366
2020,58.21,75.47417
2021,48.46,72.90017
2022,60.02,65.77433
