year,y_true,y_pred
2018,56.8,83.02967
2019,70.53,83.02967
2020,70.08,83.02967
2021,97.51,83.02967
2022,49.16,83.02967
