year,y_true,y_pred
2018,49.96,82.907364
2019,62.08,78.55392
2020,49.39,79.98521
2021,85.96,91.51666
2022,55.97,83.1647
