year,y_true,y_pred
2018,15.17,17.420374
2019,37.34,18.639875
2020,29.42,17.420374
2021,28.99,17.420374
2022,9.86,17.420374
