year,y_true,y_pred
2018,758.55,417.35333
2019,440.56,373.78378
2020,205.91,363.66486
2021,304.35,332.69034
2022,404.42,417.35333
