year,y_true,y_pred
2018,7.59,20.266293
2019,14.93,14.883334
2020,7.35,20.266293
2021,7.25,14.883334
2022,49.32,11.731367
