year,y_true,y_pred
2018,0.0,0.80660003
2019,0.0,0.80660003
2020,0.0,0.80660003
2021,0.0,0.80660003
2022,0.0,0.80660003
