year,y_true,y_pred
2018,68.27,43.82554
2019,82.14,43.82554
2020,80.89,43.82554
2021,94.2,43.82554
2022,118.37,43.82554
