year,y_true,y_pred
2018,7.59,14.467001
2019,7.47,14.467001
2020,7.35,14.467001
2021,14.49,14.467001
2022,19.73,14.467001
