year,y_true,y_pred
2018,49.31,40.221313
2019,32.85,51.791374
2020,16.41,40.221313
2021,16.4,45.26675
2022,17.96,45.26675
