year,y_true,y_pred
2018,591.72,588.41754
2019,394.15,500.1655
2020,262.55,603.17096
2021,508.36,492.08478
2022,466.95,574.5779
