year,y_true,y_pred
2018,104.88,46.419483
2019,64.54,18.769539
2020,56.47,46.419483
2021,72.6,46.419483
2022,51.62,46.419483
