year,y_true,y_pred
2018,588.95,569.2363
2019,524.36,569.2363
2020,475.96,504.51935
2021,572.72,504.51935
2022,542.03,569.99567
