year,y_true,y_pred
2018,3341.04,175.93694
2019,3867.2,175.93694
2020,3264.49,175.93694
2021,3258.92,175.93694
2022,1667.03,175.93694
