year,y_true,y_pred
2018,12.49,8.959564
2019,30.74,10.614537
2020,24.23,16.951801
2021,17.91,8.959564
2022,28.99,8.959564
