year,y_true,y_pred
2018,6.24,4.5867085
2019,12.3,4.734667
2020,0.0,4.734667
2021,5.97,4.5867085
2022,7.25,4.734667
