year,y_true,y_pred
2018,99.92,76.192375
2019,98.37,76.192375
2020,72.68,69.59912
2021,101.47,69.59912
2022,86.98,76.192375
