year,y_true,y_pred
2018,0.0,1.1658889
2019,0.0,1.1658889
2020,12.11,1.1658889
2021,0.0,0.9853333
2022,0.0,2.0819168
