year,y_true,y_pred
2018,15.15,69.929855
2019,39.87,85.489395
2020,23.64,75.714264
2021,38.7,75.714264
2022,37.13,75.714264
