year,y_true,y_pred
2018,91.85,234.50749
2019,137.48,234.50749
2020,118.52,234.50749
2021,145.14,234.50749
2022,150.62,234.50749
