year,y_true,y_pred
2018,9.19,19.75025
2019,27.5,27.739
2020,0.0,19.75025
2021,9.07,27.739
2022,25.1,27.739
