year,y_true,y_pred
2018,214.56,105.390625
2019,228.05,132.02069
2020,96.51,132.02069
2021,158.88,93.5545
2022,281.43,105.390625
