year,y_true,y_pred
2018,0.0,13.698459
2019,81.45,13.698459
2020,0.0,13.762959
2021,0.0,14.300034
2022,70.36,9.949959
