year,y_true,y_pred
2018,41.08,27.270958
2019,0.0,27.270958
2020,20.14,21.38677
2021,39.9,21.38677
2022,45.52,27.404457
