year,y_true,y_pred
2018,308.07,498.95273
2019,589.67,492.0417
2020,201.37,465.52664
2021,339.12,492.0417
2022,659.99,498.95273
