year,y_true,y_pred
2018,41.08,0.0015621182
2019,40.67,25.402103
2020,60.41,23.49237
2021,39.9,23.492874
2022,22.76,21.038834
