year,y_true,y_pred
2018,61.61,42.334335
2019,40.67,59.606335
2020,0.0,42.334335
2021,19.95,45.340294
2022,22.76,59.606335
