year,y_true,y_pred
2018,123.23,103.494415
2019,20.33,132.06416
2020,60.41,113.59633
2021,79.79,132.06416
2022,136.55,103.494415
