year,y_true,y_pred
2018,13.44,18.032066
2019,29.43,18.032066
2020,19.11,15.973166
2021,18.64,18.032066
2022,11.79,18.032066
