year,y_true,y_pred
2018,13.44,2.878103
2019,19.62,2.8533382
2020,15.93,26.578594
2021,12.43,25.005585
2022,15.72,19.834394
