year,y_true,y_pred
2018,47.05,48.663666
2019,55.59,42.839664
2020,79.64,48.663666
2021,37.29,44.46408
2022,43.22,45.836582
