year,y_true,y_pred
2018,6.72,7.681304
2019,6.54,3.3216994
2020,3.19,5.1736774
2021,3.11,7.791243
2022,7.86,6.0035458
