year,y_true,y_pred
2018,23.55,26.336832
2019,25.32,26.629333
2020,18.36,24.928083
2021,36.44,26.735832
2022,39.26,26.434334
