year,y_true,y_pred
2018,345.47,261.513
2019,275.56,261.513
2020,191.31,240.54997
2021,260.84,213.53934
2022,322.78,240.54997
