year,y_true,y_pred
2018,4.91,2.8660834
2019,0.97,2.7607498
2020,7.73,3.1375833
2021,1.92,3.1300833
2022,2.62,4.0840836
