year,y_true,y_pred
2018,6.87,4.3572497
2019,10.71,4.3572497
2020,6.76,4.3572497
2021,10.55,4.3572497
2022,3.49,4.3572497
