year,y_true,y_pred
2018,66.74,41.69069
2019,70.11,41.69069
2020,41.55,41.69069
2021,58.5,51.698097
2022,50.6,41.69069
