year,y_true,y_pred
2018,0.0,0.10718333
2019,0.0,0.10718333
2020,0.0,0.10718333
2021,0.96,0.10718333
2022,0.87,0.10718333
