year,y_true,y_pred
2018,0.0,0.094030306
2019,0.0,0.094030306
2020,0.0,0.094030306
2021,0.0,0.094030306
2022,0.0,0.094030306
