year,y_true,y_pred
2018,50.59,22.131123
2019,47.94,30.626633
2020,59.17,30.626633
2021,60.4,30.626633
2022,59.36,30.626633
