year,y_true,y_pred
2018,829.69,483.6378
2019,737.04,490.48227
2020,654.82,490.48227
2021,660.52,490.48227
2022,1238.62,490.48227
