year,y_true,y_pred
2018,0.0,11.134208
2019,0.0,8.3446665
2020,15.51,11.507667
2021,15.49,11.237708
2022,38.22,13.499708
