year,y_true,y_pred
2018,93.25,567.48395
2019,232.88,567.48395
2020,217.09,567.48395
2021,201.36,567.48395
2022,363.08,567.48395
