year,y_true,y_pred
2018,14.0,36.575447
2019,55.76,36.575447
2020,83.34,49.740334
2021,27.68,42.85454
2022,55.36,36.575447
