year,y_true,y_pred
2018,181.95,295.69266
2019,195.18,323.22623
2020,319.49,323.22623
2021,221.45,334.8212
2022,304.5,295.69266
