year,y_true,y_pred
2018,14.0,34.916084
2019,0.0,34.916084
2020,0.0,30.99221
2021,13.84,34.916084
2022,27.68,30.99221
