year,y_true,y_pred
2018,125.96,82.472855
2019,97.59,84.96504
2020,97.24,97.39067
2021,110.73,117.409515
2022,138.41,120.8622
