year,y_true,y_pred
2018,14.0,16.559668
2019,0.0,16.559668
2020,13.89,16.559668
2021,0.0,16.559668
2022,55.36,16.559668
