year,y_true,y_pred
2018,49.26,23.079977
2019,57.04,23.079977
2020,67.12,21.472052
2021,45.97,21.472052
2022,47.97,21.472052
