year,y_true,y_pred
2018,353.63,322.68546
2019,394.09,322.68546
2020,409.51,322.68546
2021,320.94,322.68546
2022,389.89,322.68546
