year,y_true,y_pred
2018,0.0,36.818665
2019,93.41,41.704666
2020,54.64,51.879665
2021,196.59,36.818665
2022,89.97,52.776665
