year,y_true,y_pred
2018,20.25,39.011543
2019,60.06,34.802544
2020,99.01,39.011543
2021,117.55,32.755333
2022,164.05,32.755333
