year,y_true,y_pred
2018,770.22,468.55756
2019,896.57,490.1473
2020,580.88,723.07587
2021,570.52,526.3514
2022,415.42,526.3514
