year,y_true,y_pred
2018,85.58,56.55013
2019,109.34,54.236965
2020,44.68,36.095478
2021,114.1,39.1317
2022,46.16,28.837456
