year,y_true,y_pred
2018,542.31,608.72327
2019,501.48,608.72327
2020,517.18,681.9377
2021,486.62,681.9377
2022,518.49,681.9377
