year,y_true,y_pred
2018,56.49,55.926834
2019,22.79,55.926834
2020,57.46,55.926834
2021,23.17,57.615833
2022,46.09,55.926834
