year,y_true,y_pred
2018,0.0,97.57288
2019,112.68,100.31457
2020,0.0,49.802414
2021,173.31,93.97115
2022,49.02,49.802414
