year,y_true,y_pred
2018,88.57,77.38792
2019,75.6,77.38792
2020,65.29,77.38792
2021,98.34,77.38792
2022,62.0,77.38792
