year,y_true,y_pred
2018,0.0,1.4195668
2019,2.44,1.4195668
2020,0.0,1.4195668
2021,0.0,1.4195668
2022,0.0,1.4195668
