year,y_true,y_pred
2018,243.55,263.66653
2019,209.73,263.66653
2020,159.61,269.86603
2021,191.89,269.86603
2022,272.8,269.86603
