year,y_true,y_pred
2018,14.76,10.287987
2019,21.95,10.289045
2020,14.51,10.287987
2021,14.39,10.289045
2022,22.32,10.287987
