year,y_true,y_pred
2018,0.0,5.8536043
2019,7.32,5.8536043
2020,4.84,4.544854
2021,4.8,5.8536043
2022,4.96,5.8536043
