year,y_true,y_pred
2018,68.33,120.15127
2019,82.75,120.15127
2020,62.34,120.15127
2021,88.31,120.15127
2022,79.43,120.15127
