year,y_true,y_pred
2018,13.08,18.0844
2019,17.42,18.0844
2020,21.75,14.579579
2021,18.82,13.5506315
2022,19.86,13.5506315
