year,y_true,y_pred
2018,4.36,26.540512
2019,15.97,12.260134
2020,14.5,26.378307
2021,18.82,33.56761
2022,25.97,26.378307
