year,y_true,y_pred
2018,212.25,204.82535
2019,227.92,157.22627
2020,191.36,204.82535
2021,233.09,157.22627
2022,252.03,204.82535
