year,y_true,y_pred
2018,1.45,0.64229167
2019,0.0,0.366875
2020,1.45,0.68333334
2021,0.0,0.366875
2022,0.0,0.68333334
