year,y_true,y_pred
2018,45.69,36.121826
2019,69.93,22.402763
2020,23.78,39.301525
2021,24.27,39.241333
2022,20.87,66.27574
