year,y_true,y_pred
2018,56.52,65.77975
2019,56.48,62.68675
2020,45.15,62.68675
2021,56.4,62.68675
2022,99.13,62.68675
