year,y_true,y_pred
2018,106.24,56.142498
2019,67.67,56.142498
2020,77.4,64.80283
2021,96.83,56.142498
2022,71.09,56.142498
