year,y_true,y_pred
2018,1265.21,906.66113
2019,956.98,806.0356
2020,870.74,821.7715
2021,987.7,804.32043
2022,1208.61,821.7715
