year,y_true,y_pred
2018,525.56,374.98056
2019,396.83,501.9721
2020,344.17,565.89624
2021,414.33,348.70126
2022,338.4,513.586
