year,y_true,y_pred
2018,56.31,12.309174
2019,49.6,7.386345
2020,24.58,9.036018
2021,48.74,22.513079
2022,11.47,6.8311043
