year,y_true,y_pred
2018,56.8,31.531376
2019,62.11,31.531376
2020,45.84,31.531376
2021,51.16,31.531376
2022,60.22,31.531376
