year,y_true,y_pred
2018,35.16,22.90776
2019,29.71,22.90776
2020,62.02,15.817973
2021,48.47,19.213675
2022,26.18,17.820665
