year,y_true,y_pred
2018,43.28,27.413952
2019,35.11,27.413952
2020,32.36,27.413952
2021,37.7,27.413952
2022,28.8,27.413952
