year,y_true,y_pred
2018,0.0,0.5383333
2019,0.0,0.5383333
2020,2.7,0.5383333
2021,2.69,0.5383333
2022,0.0,0.5383333
