year,y_true,y_pred
2018,146.06,131.40036
2019,143.13,135.32733
2020,142.91,136.52899
2021,175.02,136.52899
2022,164.96,135.32733
