year,y_true,y_pred
2018,85.68,52.07161
2019,79.6,66.52853
2020,55.07,66.52853
2021,68.84,64.37233
2022,60.96,66.87219
