year,y_true,y_pred
2018,893.02,921.40985
2019,804.33,921.40985
2020,614.13,921.40985
2021,527.19,959.9285
2022,689.16,921.40985
