year,y_true,y_pred
2018,450.22,468.47482
2019,511.37,468.47482
2020,444.59,471.98633
2021,388.06,455.08804
2022,570.7,484.33493
