year,y_true,y_pred
2018,31.81,50.239006
2019,33.23,50.239006
2020,45.91,50.239006
2021,35.13,50.239006
2022,51.65,50.239006
