year,y_true,y_pred
2018,138.65,149.56767
2019,136.96,154.37332
2020,127.26,152.5074
2021,150.91,145.71207
2022,159.24,144.80307
