year,y_true,y_pred
2018,10.6,9.921791
2019,12.97,11.15875
2020,18.52,9.395333
2021,9.58,10.668917
2022,20.66,9.921791
