year,y_true,y_pred
2018,57.09,44.002213
2019,55.11,41.943016
2020,60.41,41.943016
2021,48.71,41.943016
2022,68.86,41.943016
