year,y_true,y_pred
2018,1.63,3.3781621
2019,5.67,1.4570346
2020,4.83,5.840418
2021,3.99,3.7208238
2022,3.44,3.8201115
