year,y_true,y_pred
2018,0.0,32.44175
2019,13.08,31.86875
2020,13.07,35.2814
2021,0.0,32.44175
2022,45.57,31.86875
