year,y_true,y_pred
2018,170.09,666.71533
2019,209.23,666.71533
2020,261.4,666.71533
2021,326.24,666.71533
2022,296.23,666.71533
