year,y_true,y_pred
2018,74.67,65.454796
2019,124.86,56.15995
2020,68.07,56.15995
2021,70.72,65.454796
2022,77.81,63.645702
