year,y_true,y_pred
2018,83.33,78.557846
2019,70.34,83.80403
2020,68.23,83.80403
2021,67.43,72.182625
2022,53.6,72.182625
