year,y_true,y_pred
2018,484.34,496.99756
2019,434.53,496.99756
2020,389.19,496.99756
2021,345.7,496.99756
2022,323.71,496.99756
