year,y_true,y_pred
2018,0.87,0.0009828907
2019,0.0,0.0003718154
2020,0.43,0.0009828907
2021,0.43,0.50907356
2022,0.0,0.50907356
