year,y_true,y_pred
2018,17.79,19.179392
2019,28.48,17.278507
2020,47.2,16.705475
2021,40.97,19.02418
2022,41.69,18.303001
