year,y_true,y_pred
2018,89.84,119.48882
2019,96.66,89.86099
2020,98.26,110.589836
2021,96.88,110.589836
2022,105.49,110.589836
