year,y_true,y_pred
2018,8.68,3.2787917
2019,4.32,3.4392917
2020,6.87,3.3732917
2021,6.4,3.3732917
2022,6.38,3.3732917
