year,y_true,y_pred
2018,730.34,644.6351
2019,1061.75,686.87195
2020,722.82,726.3705
2021,913.12,732.4431
2022,930.09,732.80054
