year,y_true,y_pred
2018,0.0,85.59841
2019,27.94,70.69188
2020,111.2,32.204937
2021,138.35,32.038437
2022,90.01,11.419358
