year,y_true,y_pred
2018,116.08,73.851585
2019,0.0,70.37867
2020,56.37,73.851585
2021,18.53,70.37867
2022,111.77,90.71767
