year,y_true,y_pred
2018,1218.8,1048.2281
2019,629.05,926.04254
2020,676.44,1115.2354
2021,741.29,1119.5332
2022,1024.59,926.04254
