year,y_true,y_pred
2018,37.97,61.229332
2019,21.5,48.16358
2020,58.61,48.16358
2021,42.27,48.16358
2022,30.21,61.229332
