year,y_true,y_pred
2018,56.03,70.5158
2019,80.22,69.140816
2020,122.36,60.315937
2021,42.48,70.5158
2022,114.95,70.2494
