year,y_true,y_pred
2018,1033.5,1095.1914
2019,740.51,1074.9429
2020,758.64,647.69006
2021,497.57,647.69006
2022,817.42,641.441
