year,y_true,y_pred
2018,806.45,834.45404
2019,819.13,834.45404
2020,1098.17,834.45404
2021,371.62,834.45404
2022,939.9,834.45404
