year,y_true,y_pred
2018,96.77,84.614
2019,0.0,70.96375
2020,66.56,75.09625
2021,33.78,70.96375
2022,56.96,84.614
