year,y_true,y_pred
2018,187.34,210.9842
2019,187.06,203.44778
2020,168.1,184.13326
2021,149.23,184.13326
2022,123.92,184.13326
