year,y_true,y_pred
2018,0.0,0.00050104177
2019,0.0,19.408737
2020,0.0,18.090523
2021,0.0,18.360518
2022,20.65,18.360518
