year,y_true,y_pred
2018,785.99,823.25555
2019,838.01,674.95483
2020,781.79,676.8967
2021,1036.69,681.7117
2022,1245.97,1082.7988
