year,y_true,y_pred
2018,89.48,93.3044
2019,67.43,59.266495
2020,50.36,70.11119
2021,85.99,86.00206
2022,77.56,53.11578
