year,y_true,y_pred
2018,106.41,89.594666
2019,81.87,116.44437
2020,105.52,105.08685
2021,107.49,89.594666
2022,115.09,116.44437
