year,y_true,y_pred
2018,2.42,3.2863333
2019,12.04,3.3266666
2020,7.19,3.8033333
2021,7.17,3.2863333
2022,7.51,2.6789167
