year,y_true,y_pred
2018,0.0,2.2478957
2019,2.41,2.2478957
2020,2.4,2.2478957
2021,2.39,2.2478957
2022,0.0,2.2478957
