year,y_true,y_pred
2018,79.75,57.774536
2019,56.7,54.780087
2020,56.45,49.149536
2021,22.48,57.774536
2022,71.98,57.774536
