year,y_true,y_pred
2018,649.42,803.39136
2019,725.79,803.39136
2020,937.11,803.39136
2021,921.76,820.962
2022,1163.63,820.19586
