year,y_true,y_pred
2018,62.42,47.361
2019,63.45,24.55975
2020,64.52,35.537502
2021,0.0,35.537502
2022,0.0,35.537502
