year,y_true,y_pred
2018,536.2,583.3209
2019,529.04,595.91473
2020,354.05,507.97614
2021,356.44,531.64294
2022,580.99,519.04913
