year,y_true,y_pred
2018,15.32,6.9454794
2019,21.41,5.997333
2020,12.21,5.997333
2021,15.23,5.997333
2022,42.89,5.997333
