year,y_true,y_pred
2018,24.51,3.6009016
2019,30.58,10.739693
2020,9.16,7.5908823
2021,27.42,10.383872
2022,42.89,8.020286
