year,y_true,y_pred
2018,0.0,7.3782916
2019,9.17,6.979966
2020,6.1,7.3782916
2021,18.28,10.748792
2022,19.5,10.748792
