year,y_true,y_pred
2018,0.0,9.550762e-07
2019,0.0,9.550762e-07
2020,0.0,9.550762e-07
2021,0.0,9.550762e-07
2022,3.9,9.550762e-07
