year,y_true,y_pred
2018,9.19,3.5870001
2019,0.0,3.5870001
2020,12.21,4.1270003
2021,3.05,5.366
2022,7.8,4.1270003
