year,y_true,y_pred
2018,85.79,67.92533
2019,76.45,64.30092
2020,85.46,60.854332
2021,88.35,71.99133
2022,97.48,60.854332
