year,y_true,y_pred
2018,67.1,74.771866
2019,63.36,74.98864
2020,58.04,86.31754
2021,58.23,69.13747
2022,66.2,74.771866
