year,y_true,y_pred
2018,24.4,22.147614
2019,36.91,15.304404
2020,36.14,19.821363
2021,33.74,19.821363
2022,33.62,19.821363
