year,y_true,y_pred
2018,5.55,4.2658334
2019,5.51,4.2658334
2020,7.12,4.2658334
2021,3.81,4.2658334
2022,8.41,4.2463336
