year,y_true,y_pred
2018,164.69,169.42152
2019,144.9,172.05446
2020,146.73,172.05446
2021,161.63,172.05446
2022,152.88,172.05446
