year,y_true,y_pred
2018,0.0,43.025833
2019,0.0,49.85033
2020,87.0,49.85033
2021,51.81,49.59233
2022,101.45,43.025833
