year,y_true,y_pred
2018,75.05,40.564804
2019,18.6,53.077595
2020,0.0,58.57153
2021,91.49,37.50874
2022,54.68,59.450344
