year,y_true,y_pred
2018,750.47,642.82666
2019,688.24,642.82666
2020,405.83,572.66223
2021,841.72,610.0629
2022,1111.92,642.82666
