year,y_true,y_pred
2018,21.19,40.750687
2019,27.72,40.750687
2020,27.22,34.415
2021,26.74,34.415
2022,18.75,36.394127
