year,y_true,y_pred
2018,303.75,357.75107
2019,256.43,357.75107
2020,234.76,357.75107
2021,217.28,357.75107
2022,209.35,357.75107
