year,y_true,y_pred
2018,61.45,58.274506
2019,111.13,63.93621
2020,42.95,75.6162
2021,47.33,59.06858
2022,66.55,67.864746
