year,y_true,y_pred
2018,1235.75,879.5508
2019,1397.11,1232.9736
2020,655.6,988.4005
2021,471.04,717.02966
2022,719.95,838.69366
