year,y_true,y_pred
2018,39.38,21.800652
2019,61.31,21.800652
2020,49.7,33.217136
2021,27.37,33.217136
2022,64.96,33.217136
