year,y_true,y_pred
2018,72.38,55.44799
2019,28.82,59.02219
2020,43.05,76.65407
2021,57.17,43.490547
2022,44.92,59.02219
