year,y_true,y_pred
2018,719.13,672.7068
2019,715.64,682.51904
2020,556.74,682.51904
2021,464.51,631.737
2022,425.13,663.815
