year,y_true,y_pred
2018,62.38,60.800667
2019,45.57,62.558582
2020,22.88,60.828667
2021,51.71,60.800667
2022,38.95,60.828667
