year,y_true,y_pred
2018,731.5,855.71106
2019,683.53,889.50476
2020,520.59,694.88776
2021,471.13,747.472
2022,684.44,855.71106
