year,y_true,y_pred
2018,26.13,19.385267
2019,36.52,19.385267
2020,41.68,19.385267
2021,46.81,20.423418
2022,43.95,17.171417
