year,y_true,y_pred
2018,365.86,339.37128
2019,349.6,343.49887
2020,312.57,311.8006
2021,447.31,247.9368
2022,499.89,339.37128
