year,y_true,y_pred
2018,0.0,3.6302295
2019,5.22,3.6302295
2020,10.42,3.6302295
2021,10.4,4.839542
2022,21.97,4.839542
