year,y_true,y_pred
2018,20.91,33.200794
2019,36.52,30.959335
2020,31.26,37.649857
2021,31.21,37.649857
2022,93.39,34.059334
