year,y_true,y_pred
2018,78.4,71.21079
2019,83.49,80.39826
2020,93.77,71.21079
2021,124.83,71.21079
2022,115.36,71.21079
