year,y_true,y_pred
2018,56.69,62.404507
2019,64.82,73.54807
2020,80.34,62.404507
2021,60.46,72.80169
2022,74.98,73.54807
