year,y_true,y_pred
2018,544.25,445.76764
2019,499.61,445.76764
2020,451.15,445.76764
2021,455.0,439.15576
2022,446.75,476.0199
