year,y_true,y_pred
2018,60.91,17.538784
2019,53.43,17.538784
2020,58.09,17.538784
2021,53.08,17.538784
2022,62.0,17.538784
