year,y_true,y_pred
2018,1013.6,403.68228
2019,1304.09,564.75903
2020,566.42,513.2825
2021,557.39,412.49704
2022,634.89,403.68112
