year,y_true,y_pred
2018,31.67,31.894394
2019,24.28,37.57851
2020,41.15,17.168787
2021,16.89,31.894394
2022,17.36,29.376196
