year,y_true,y_pred
2018,9.75,0.0008098188
2019,0.0,-0.0635115
2020,0.0,0.004991788
2021,2.41,0.004991788
2022,0.0,0.9812203
