year,y_true,y_pred
2018,77.97,63.890327
2019,58.28,80.74103
2020,113.77,75.98368
2021,84.45,54.370644
2022,106.64,55.974438
