year,y_true,y_pred
2018,26.8,20.657417
2019,43.71,20.657417
2020,29.05,20.657417
2021,36.19,20.657417
2022,44.64,20.657417
