year,y_true,y_pred
2018,144.46,76.81132
2019,217.71,71.36838
2020,109.37,52.646
2021,73.23,52.646
2022,94.58,52.646
