year,y_true,y_pred
2018,79.95,63.354668
2019,0.0,50.767265
2020,16.23,59.625668
2021,49.06,62.988667
2022,83.78,63.354668
