year,y_true,y_pred
2018,28.36,0.33618054
2019,30.92,8.39656
2020,22.29,0.44996253
2021,30.41,0.44996253
2022,33.54,0.44996253
