year,y_true,y_pred
2018,133.31,267.2376
2019,126.49,276.44214
2020,170.0,276.44214
2021,221.16,276.44214
2022,228.71,250.33241
