year,y_true,y_pred
2018,107.78,77.08674
2019,95.57,35.688957
2020,89.18,35.688957
2021,69.11,35.688957
2022,112.83,77.08674
