year,y_true,y_pred
2018,0.0,0.27885833
2019,0.0,0.27885833
2020,0.0,0.27885833
2021,2.76,0.27885833
2022,0.0,0.27885833
