year,y_true,y_pred
2018,14.18,8.595333
2019,11.24,8.595333
2020,27.87,8.595333
2021,8.29,8.595333
2022,18.3,5.3721247
