year,y_true,y_pred
2018,36.87,9.62225
2019,25.3,9.62225
2020,16.72,9.62225
2021,19.35,9.62225
2022,36.59,9.62225
