year,y_true,y_pred
2018,55.31,43.267303
2019,47.92,43.267303
2020,47.75,43.267303
2021,47.6,43.267303
2022,45.81,43.267303
