year,y_true,y_pred
2018,179.12,102.89031
2019,179.63,74.63318
2020,128.67,67.18145
2021,77.4,77.955765
2022,48.94,85.10939
