year,y_true,y_pred
2018,97.59,84.45183
2019,129.25,85.70133
2020,64.21,82.68366
2021,31.91,85.18083
2022,63.92,77.487335
