year,y_true,y_pred
2018,23.52,6.1786666
2019,13.4,7.589667
2020,10.02,8.902333
2021,33.32,6.1786666
2022,17.06,7.589667
