year,y_true,y_pred
2018,325.9,296.72098
2019,378.58,284.14624
2020,227.18,296.72098
2021,253.22,293.48398
2022,279.84,293.48398
