year,y_true,y_pred
2018,16.8,12.971375
2019,20.1,16.482
2020,23.39,12.971375
2021,19.99,16.482
2022,13.65,16.482
