year,y_true,y_pred
2018,0.0,1.7698333
2019,3.35,1.7698333
2020,0.0,1.7698333
2021,0.0,1.7698333
2022,0.0,1.7698333
