year,y_true,y_pred
2018,127.67,42.812626
2019,130.66,42.812626
2020,140.32,42.812626
2021,99.95,42.812626
2022,95.56,42.812626
