year,y_true,y_pred
2018,50.4,51.551506
2019,36.85,44.666634
2020,46.77,47.40163
2021,56.64,51.551506
2022,20.48,44.666634
