year,y_true,y_pred
2018,32.36,16.996458
2019,21.92,18.373667
2020,22.25,18.373667
2021,0.0,18.373667
2022,20.06,14.5806675
