year,y_true,y_pred
2018,129.42,221.75966
2019,175.32,203.74245
2020,166.89,199.99695
2021,135.5,203.50694
2022,130.38,182.38351
