year,y_true,y_pred
2018,963.89,1120.7382
2019,991.43,1019.29956
2020,970.2,1019.29956
2021,726.24,1019.29956
2022,772.02,1019.29956
