year,y_true,y_pred
2018,80.76,79.64492
2019,95.53,82.43533
2020,104.96,80.79542
2021,81.26,86.23033
2022,57.54,79.47454
