year,y_true,y_pred
2018,25.33,66.86275
2019,0.0,55.863625
2020,37.61,57.00987
2021,24.96,70.34906
2022,51.33,55.863625
