year,y_true,y_pred
2018,1124.65,945.54364
2019,903.21,977.8945
2020,880.73,945.54364
2021,724.17,945.54364
2022,634.23,945.54364
