year,y_true,y_pred
2018,62.01,37.496876
2019,38.43,37.496876
2020,36.25,34.7875
2021,29.82,34.7875
2022,81.76,34.7875
