year,y_true,y_pred
2018,8.55,8.24641
2019,14.95,8.24641
2020,25.59,12.509915
2021,17.04,19.4234
2022,50.83,19.4234
