year,y_true,y_pred
2018,2.14,0.98326665
2019,0.0,0.98326665
2020,0.0,0.98326665
2021,0.0,0.98326665
2022,0.0,0.98326665
