year,y_true,y_pred
2018,53.45,41.88122
2019,36.3,41.88122
2020,23.46,43.90155
2021,36.21,33.284298
2022,44.2,45.89027
