year,y_true,y_pred
2018,13.8,33.45158
2019,17.26,21.43265
2020,16.98,19.362724
2021,21.5,19.362724
2022,26.01,19.362724
