year,y_true,y_pred
2018,257.26,249.59108
2019,262.67,299.08432
2020,219.57,299.08432
2021,235.35,271.42596
2022,381.44,271.42596
