year,y_true,y_pred
2018,457.19,265.92767
2019,249.38,553.29834
2020,436.32,360.10773
2021,560.98,357.24884
2022,468.24,666.3474
