year,y_true,y_pred
2018,62.34,23.028286
2019,41.56,15.628551
2020,83.11,15.628551
2021,20.78,48.822224
2022,81.43,16.830166
