year,y_true,y_pred
2018,636.41,692.51105
2019,695.9,667.3447
2020,587.17,667.3447
2021,538.03,692.51105
2022,593.23,692.51105
