year,y_true,y_pred
2018,500.49,541.26965
2019,829.07,541.26965
2020,654.07,541.26965
2021,447.62,541.26965
2022,523.82,541.26965
