year,y_true,y_pred
2018,36.62,61.24946
2019,48.77,49.11402
2020,96.9,61.24946
2021,36.29,63.979023
2022,12.47,49.11402
