year,y_true,y_pred
2018,203.21,335.803
2019,285.54,267.13748
2020,347.93,239.94688
2021,698.3,303.1209
2022,252.84,360.64294
