year,y_true,y_pred
2018,0.0,25.22215
2019,20.4,40.002243
2020,102.33,38.572105
2021,41.08,61.772247
2022,0.0,38.572105
