year,y_true,y_pred
2018,62.81,23.481922
2019,41.47,54.687145
2020,41.08,103.5335
2021,40.71,103.5335
2022,84.75,103.5335
