year,y_true,y_pred
2018,79.68,36.499832
2019,78.93,36.499832
2020,78.25,36.499832
2021,0.0,36.499832
2022,0.0,36.499832
