year,y_true,y_pred
2018,57.07,115.03233
2019,89.23,90.721664
2020,48.43,101.80766
2021,120.5,90.721664
2022,98.0,115.03233
