year,y_true,y_pred
2018,388.58,341.695
2019,232.33,307.00812
2020,244.66,288.32544
2021,352.9,289.411
2022,485.14,325.10263
