year,y_true,y_pred
2018,33.79,35.967087
2019,33.19,21.597958
2020,32.62,21.597958
2021,80.21,21.597958
2022,40.43,29.211084
