year,y_true,y_pred
2018,0.0,20.560734
2019,16.59,12.704833
2020,0.0,20.560734
2021,0.0,20.560734
2022,0.0,20.560734
