year,y_true,y_pred
2018,84.47,67.42392
2019,49.78,60.174335
2020,48.93,65.22087
2021,224.57,67.42392
2022,222.36,69.69192
