year,y_true,y_pred
2018,16.89,24.053865
2019,16.59,38.629185
2020,16.31,43.61586
2021,32.08,26.238922
2022,60.64,42.38931
