year,y_true,y_pred
2018,27.37,25.291574
2019,47.52,25.291574
2020,26.94,19.604609
2021,35.65,25.291574
2022,40.28,19.604609
