year,y_true,y_pred
2018,93.53,73.088356
2019,109.76,81.23673
2020,111.15,73.088356
2021,119.21,68.869354
2022,114.47,73.088356
