year,y_true,y_pred
2018,0.0,0.1816875
2019,0.0,0.1816875
2020,0.0,0.1816875
2021,0.0,0.1816875
2022,1.06,0.1816875
