year,y_true,y_pred
2018,0.0,0.079333335
2019,0.0,0.07685417
2020,0.0,0.079333335
2021,0.0,0.124666676
2022,2.12,0.124666676
