year,y_true,y_pred
2018,5.7,2.9685419
2019,11.32,2.9685419
2020,2.25,2.9685419
2021,2.23,2.6299791
2022,3.18,2.6299791
