year,y_true,y_pred
2018,27.37,19.716
2019,41.87,27.830002
2020,28.07,23.878752
2021,24.51,27.830002
2022,28.62,21.932877
