mae,rmse,r2,city,model,sequence_length,forecast_horizon,normalization,val_size
0.13605854744474014,0.35503210024214893,-0.03859567141084552,2305506,xgboost,8,4,,
