year,y_true,y_pred
2018,354.61,277.25433
2019,333.01,296.21835
2020,438.3,305.57468
2021,290.61,317.64618
2022,514.77,297.58868
