year,y_true,y_pred
2018,29.55,25.784626
2019,39.18,36.497852
2020,19.48,36.497852
2021,38.75,43.093002
2022,51.48,36.497852
