year,y_true,y_pred
2018,39.52,54.580833
2019,71.92,57.159836
2020,79.2,54.297333
2021,82.88,52.18653
2022,76.09,55.942833
