year,y_true,y_pred
2018,13.49,15.810667
2019,0.0,18.121584
2020,19.8,19.172667
2021,0.0,22.483667
2022,7.32,18.121584
