year,y_true,y_pred
2018,249.54,205.76668
2019,253.49,261.7861
2020,171.59,157.03864
2021,209.03,196.62355
2022,270.67,190.91663
