year,y_true,y_pred
2018,74.19,67.27292
2019,80.05,58.107967
2020,66.0,67.27292
2021,91.45,67.27292
2022,43.89,67.27292
