year,y_true,y_pred
2018,33.72,21.725876
2019,33.35,14.51725
2020,13.2,14.51725
2021,32.66,14.51725
2022,29.26,17.44825
