year,y_true,y_pred
2018,13.49,13.732103
2019,20.01,19.292284
2020,19.8,12.337166
2021,6.53,16.496605
2022,14.63,24.424541
