year,y_true,y_pred
2018,0.0,0.79555106
2019,0.0,0.79555106
2020,0.0,0.79555106
2021,0.0,0.79555106
2022,0.0,0.79555106
