year,y_true,y_pred
2018,50.65,57.56867
2019,72.35,50.955666
2020,43.4,57.56867
2021,50.63,58.89358
2022,18.97,50.955666
