year,y_true,y_pred
2018,918.96,981.2413
2019,1117.78,837.10144
2020,640.21,981.2413
2021,636.51,837.10144
2022,698.24,837.10144
