year,y_true,y_pred
2018,0.0,0.8983013
2019,0.0,0.8983013
2020,0.0,0.8983013
2021,3.62,0.8983013
2022,0.0,0.8983013
