year,y_true,y_pred
2018,137.48,60.175453
2019,151.93,60.175453
2020,148.3,60.175453
2021,137.43,60.175453
2022,106.25,60.175453
