year,y_true,y_pred
2018,18.09,7.3306665
2019,14.47,7.3306665
2020,25.32,7.3306665
2021,18.08,7.3306665
2022,7.59,7.3306665
