year,y_true,y_pred
2018,0.0,0.29749998
2019,0.0,0.29749998
2020,0.0,0.29749998
2021,0.0,0.29749998
2022,0.0,0.29749998
