year,y_true,y_pred
2018,65.12,55.653336
2019,57.88,40.136543
2020,32.55,40.136543
2021,83.18,43.888042
2022,53.13,40.136543
