year,y_true,y_pred
2018,0.0,3.5359
2019,8.81,4.8943753
2020,17.54,4.8943753
2021,43.66,6.4950004
2022,48.91,6.4950004
