year,y_true,y_pred
2018,43.42,22.36448
2019,48.24,22.36448
2020,62.71,22.36448
2021,53.06,22.36448
2022,60.04,22.36448
