year,y_true,y_pred
2018,33.77,29.898668
2019,28.94,29.898668
2020,28.94,29.898668
2021,14.47,29.898668
2022,43.67,31.626083
