year,y_true,y_pred
2018,14.47,14.516144
2019,28.94,9.45803
2020,19.3,14.5165825
2021,28.94,14.5165825
2022,49.12,14.5165825
