year,y_true,y_pred
2018,101.31,108.174126
2019,67.54,94.8251
2020,96.48,99.31485
2021,120.6,113.3993
2022,131.0,104.63726
