year,y_true,y_pred
2018,534.66,576.14264
2019,589.39,576.14264
2020,465.28,576.14264
2021,555.85,510.01862
2022,702.27,576.14264
