year,y_true,y_pred
2018,35.64,37.109997
2019,35.72,51.761497
2020,17.9,45.649998
2021,71.72,51.761497
2022,65.33,51.761497
