year,y_true,y_pred
2018,52.15,61.290367
2019,103.77,61.290367
2020,95.9,61.290367
2021,29.37,55.548332
2022,50.31,55.548332
