year,y_true,y_pred
2018,41.4,37.402
2019,0.0,31.244123
2020,0.0,53.67775
2021,0.0,37.402
2022,0.0,53.67775
