year,y_true,y_pred
2018,393.29,504.01566
2019,143.09,497.31927
2020,60.44,458.21677
2021,178.82,458.21677
2022,126.21,458.21677
