year,y_true,y_pred
2018,0.0,19.797966
2019,0.0,19.797966
2020,0.0,19.797966
2021,0.0,19.797966
2022,0.0,19.797966
