year,y_true,y_pred
2018,41.4,39.600807
2019,61.32,106.11751
2020,60.44,60.96582
2021,39.74,41.912468
2022,21.03,39.600807
