year,y_true,y_pred
2018,103.5,91.592545
2019,61.32,79.79317
2020,20.15,109.70955
2021,139.08,96.29173
2022,105.17,91.592545
