year,y_true,y_pred
2018,81.76,46.906334
2019,102.57,46.906334
2020,74.87,46.906334
2021,116.61,46.906334
2022,47.14,46.906334
