year,y_true,y_pred
2018,45.81,80.42131
2019,72.85,85.65221
2020,90.53,65.80293
2021,90.02,71.776886
2022,126.57,71.776886
