year,y_true,y_pred
2018,200.0,81.72667
2019,25.15,86.26666
2020,50.59,114.51666
2021,127.19,98.07767
2022,141.74,93.649956
