year,y_true,y_pred
2018,57.53,17.670986
2019,14.37,14.384611
2020,71.75,16.156025
2021,71.66,17.670986
2022,15.47,19.704987
