year,y_true,y_pred
2018,1105.15,829.38556
2019,834.38,829.38556
2020,957.61,888.2404
2021,1299.51,829.38556
2022,1109.68,934.15845
