year,y_true,y_pred
2018,78.94,53.16002
2019,31.49,35.477894
2020,15.7,64.94755
2021,125.25,54.76152
2022,16.08,45.77349
