year,y_true,y_pred
2018,26.68,6.465758
2019,52.98,6.465758
2020,13.15,6.465758
2021,39.2,15.51435
2022,28.36,6.432205
