year,y_true,y_pred
2018,466.92,287.63248
2019,410.6,432.60062
2020,118.39,286.73245
2021,130.67,287.63248
2022,156.01,309.5931
