year,y_true,y_pred
2018,47.94,17.212734
2019,48.35,11.906666
2020,16.25,11.174127
2021,49.14,17.212734
2022,14.14,20.997835
