year,y_true,y_pred
2018,130.12,51.58206
2019,66.45,56.573875
2020,0.0,51.58206
2021,69.25,64.046005
2022,51.79,51.58206
