year,y_true,y_pred
2018,485.52,466.96033
2019,565.15,466.96033
2020,483.33,466.96033
2021,594.76,466.96033
2022,486.9,466.96033
