year,y_true,y_pred
2018,48.55,13.879604
2019,96.88,51.406864
2020,112.78,57.506863
2021,80.37,57.506863
2022,83.95,57.506863
