year,y_true,y_pred
2018,27.65,61.89125
2019,83.26,74.1098
2020,83.54,61.89125
2021,139.66,61.89125
2022,26.98,61.89125
