year,y_true,y_pred
2018,861.79,851.60913
2019,795.24,851.60913
2020,737.12,780.6573
2021,695.33,749.7105
2022,715.69,851.60913
