year,y_true,y_pred
2018,16.11,65.0394
2019,40.16,56.743668
2020,40.06,65.0394
2021,119.88,65.0394
2022,78.43,61.14921
