year,y_true,y_pred
2018,33.05,44.106
2019,33.18,54.087997
2020,66.62,54.087997
2021,33.43,54.087997
2022,35.64,54.087997
