year,y_true,y_pred
2018,782.78,467.07184
2019,542.94,467.07117
2020,647.41,812.5442
2021,753.01,788.1284
2022,678.62,788.1284
