year,y_true,y_pred
2018,48.92,35.501667
2019,0.0,35.501667
2020,0.0,28.399206
2021,50.2,44.467667
2022,48.47,29.733362
