year,y_true,y_pred
2018,129.12,74.86134
2019,108.8,71.62588
2020,108.36,71.62588
2021,157.0,71.62588
2022,79.47,71.62588
