year,y_true,y_pred
2018,79.53,57.6244
2019,95.66,48.738045
2020,22.3,53.75013
2021,60.79,39.332188
2022,50.47,49.967796
