year,y_true,y_pred
2018,51.9,74.76606
2019,51.99,74.76606
2020,34.72,74.76606
2021,95.65,32.914494
2022,38.03,74.76606
