year,y_true,y_pred
2018,951.47,848.70844
2019,745.23,905.9242
2020,729.17,851.1909
2021,547.83,785.21826
2022,798.55,785.21826
