year,y_true,y_pred
2018,51.9,71.68507
2019,60.66,70.15326
2020,69.44,66.41256
2021,86.96,66.41256
2022,38.03,62.081562
