year,y_true,y_pred
2018,138.4,148.15128
2019,138.65,164.6927
2020,190.97,159.76112
2021,147.83,150.80972
2022,104.57,156.74101
