year,y_true,y_pred
2018,17.3,45.96219
2019,34.66,54.643627
2020,34.72,56.26719
2021,17.39,56.26719
2022,28.52,45.96219
