year,y_true,y_pred
2018,90.16,125.48179
2019,115.21,112.06533
2020,63.63,112.06533
2021,37.97,145.92838
2022,38.88,125.48179
