year,y_true,y_pred
2018,59.81,71.822
2019,54.5,63.217697
2020,76.48,63.217697
2021,120.42,63.217697
2022,82.94,80.828896
