year,y_true,y_pred
2018,309.93,351.72485
2019,239.8,351.72485
2020,278.6,351.72485
2021,437.9,351.72485
2022,556.87,351.72485
