year,y_true,y_pred
2018,299.08,377.71838
2019,281.64,368.27985
2020,187.1,368.27985
2021,158.09,368.27985
2022,226.13,368.27985
