year,y_true,y_pred
2018,36.87,28.95375
2019,24.49,25.9566
2020,0.0,29.26
2021,16.21,30.50775
2022,28.27,25.9566
