year,y_true,y_pred
2018,653.3,536.8674
2019,700.08,532.3838
2020,412.79,494.3298
2021,406.8,526.89453
2022,378.21,526.89453
