year,y_true,y_pred
2018,71.86,35.77133
2019,65.43,35.77133
2020,32.76,35.77133
2021,78.73,35.77133
2022,11.82,32.86404
