year,y_true,y_pred
2018,188.63,209.87947
2019,165.59,222.48196
2020,120.7,222.48196
2021,169.21,261.04892
2022,393.98,261.04892
