year,y_true,y_pred
2018,12.64,16.113525
2019,16.27,16.113525
2020,7.54,16.113525
2021,15.81,16.113525
2022,35.19,18.471058
