year,y_true,y_pred
2018,91.4,107.14386
2019,97.63,102.629745
2020,92.41,102.629745
2021,104.13,106.28185
2022,99.72,120.00996
