year,y_true,y_pred
2018,52.51,35.26732
2019,50.73,35.26732
2020,51.86,35.26732
2021,46.49,35.26732
2022,47.9,35.26732
