year,y_true,y_pred
2018,29.17,21.871492
2019,22.01,24.539154
2020,32.06,27.699205
2021,24.17,22.783543
2022,31.28,28.1386
