year,y_true,y_pred
2018,35.84,56.85621
2019,72.28,51.021957
2020,91.09,62.241665
2021,0.0,51.021957
2022,105.71,51.021957
