year,y_true,y_pred
2018,374.32,334.16272
2019,461.0,347.65024
2020,255.32,347.65024
2021,475.06,317.7513
2022,551.14,347.65024
