year,y_true,y_pred
2018,37.43,47.574966
2019,84.67,55.58579
2020,47.28,68.627335
2021,57.01,47.574966
2022,117.46,68.627335
