year,y_true,y_pred
2018,18.72,20.104624
2019,65.86,21.223999
2020,37.83,20.104624
2021,47.51,21.223999
2022,27.11,20.104624
