year,y_true,y_pred
2018,149.73,121.87329
2019,169.35,134.33386
2020,160.76,134.33386
2021,171.02,121.87329
2022,144.56,134.33386
