year,y_true,y_pred
2018,46.79,39.596317
2019,75.27,39.596317
2020,18.91,33.22652
2021,76.01,39.596317
2022,72.28,39.18445
