year,y_true,y_pred
2018,75.14,120.711876
2019,45.02,80.566
2020,104.87,73.512314
2021,104.71,70.9553
2022,31.12,70.9553
