year,y_true,y_pred
2018,127.99,111.5075
2019,50.86,111.5075
2020,75.79,102.659996
2021,62.76,89.498
2022,124.02,102.659996
