year,y_true,y_pred
2018,20.93,74.042206
2019,62.43,48.505085
2020,41.39,59.01755
2021,30.88,60.122433
2022,48.84,71.624825
