year,y_true,y_pred
2018,20.93,22.29079
2019,62.43,29.991333
2020,93.13,33.312332
2021,72.05,33.312332
2022,85.47,33.312332
