year,y_true,y_pred
2018,52.33,29.873865
2019,20.81,54.051067
2020,41.39,29.873865
2021,20.58,52.259968
2022,146.52,45.235474
