year,y_true,y_pred
2018,73.26,127.82646
2019,114.45,91.72683
2020,134.52,134.52966
2021,51.46,133.6173
2022,158.73,52.373764
