year,y_true,y_pred
2018,53.15,44.631584
2019,62.26,60.44264
2020,59.94,48.64091
2021,67.44,47.77171
2022,67.66,58.507133
