year,y_true,y_pred
2018,90.05,89.70953
2019,82.4,89.70953
2020,106.7,57.24991
2021,120.44,89.70953
2022,141.21,89.70953
