year,y_true,y_pred
2018,815.74,678.81647
2019,776.18,708.45135
2020,730.88,678.81647
2021,762.79,678.81647
2022,756.89,678.81647
