year,y_true,y_pred
2018,256.46,132.18999
2019,308.51,132.18999
2020,189.75,132.18999
2021,237.34,132.18999
2022,189.07,132.18999
