year,y_true,y_pred
2018,25.23,5.4885716
2019,39.34,5.4885716
2020,22.44,5.4885716
2021,24.14,5.4885716
2022,26.77,5.4885716
