year,y_true,y_pred
2018,92.49,73.8987
2019,89.03,53.930542
2020,89.78,56.415375
2021,82.47,56.415375
2022,97.04,56.415375
