year,y_true,y_pred
2018,0.0,0.22254167
2019,2.07,0.22254167
2020,0.0,0.22254167
2021,0.0,0.22254167
2022,0.0,0.22254167
