year,y_true,y_pred
2018,2.1,2.0232916
2019,4.14,1.5012916
2020,0.0,2.0232916
2021,0.0,1.5012916
2022,3.35,1.1382916
