year,y_true,y_pred
2018,12.61,5.670292
2019,6.21,4.5977917
2020,10.2,5.878792
2021,14.08,4.5977917
2022,8.37,4.5977917
