mae,rmse,r2,city,model,sequence_length,forecast_horizon,normalization,val_size
0.023926500903257042,0.06805229563195878,0.046392111484254483,2408102,xgboost,8,4,,
