year,y_true,y_pred
2018,437.65,398.81934
2019,444.84,459.40857
2020,133.69,398.81934
2021,194.5,398.81934
2022,478.55,398.81934
