year,y_true,y_pred
2018,25.37,14.0392685
2019,22.24,20.59937
2020,19.1,20.59937
2021,9.57,20.59937
2022,49.61,10.48505
