year,y_true,y_pred
2018,85.63,44.31297
2019,88.97,44.31297
2020,85.94,44.31297
2021,73.34,44.31297
2022,78.79,44.31297
