year,y_true,y_pred
2018,22.2,3.4461808
2019,28.6,9.495986
2020,28.65,6.371825
2021,31.89,6.371825
2022,14.59,6.371825
