year,y_true,y_pred
2018,28.54,27.624735
2019,25.42,27.624735
2020,19.1,22.842825
2021,28.7,28.549465
2022,20.43,33.298916
