year,y_true,y_pred
2018,0.0,0.27857578
2019,0.0,0.27857578
2020,0.0,0.27857578
2021,0.0,0.27857578
2022,0.0,0.27857578
