year,y_true,y_pred
2018,60.16,69.14642
2019,72.3,26.87956
2020,49.95,75.65192
2021,68.22,54.449665
2022,55.75,54.13634
