year,y_true,y_pred
2018,126.65,26.68467
2019,62.87,26.06024
2020,71.8,26.060596
2021,49.62,26.060596
2022,59.03,34.67592
