year,y_true,y_pred
2018,25.33,22.678791
2019,28.29,22.259333
2020,15.61,18.558332
2021,24.81,23.398333
2022,16.4,19.295603
