year,y_true,y_pred
2018,34.83,49.323875
2019,59.73,49.323875
2020,65.55,49.323875
2021,65.12,42.13788
2022,42.63,42.13788
