year,y_true,y_pred
2018,44.66,41.398464
2019,47.92,33.73204
2020,42.77,41.398464
2021,48.68,33.73204
2022,46.81,41.398464
