year,y_true,y_pred
2018,599.79,479.93018
2019,621.51,479.93018
2020,511.7,479.93018
2021,552.66,479.93018
2022,614.78,479.93018
