year,y_true,y_pred
2018,120.02,96.658806
2019,111.22,96.658806
2020,89.72,96.658806
2021,88.15,96.658806
2022,82.99,96.658806
