year,y_true,y_pred
2018,0.0,0.07316667
2019,0.0,0.07316667
2020,0.3,0.07316667
2021,0.0,0.07316667
2022,0.29,0.07316667
