year,y_true,y_pred
2018,65.33,55.794334
2019,60.88,57.131336
2020,59.51,58.04377
2021,57.28,58.04377
2022,45.66,58.04377
