year,y_true,y_pred
2018,13.37,11.40925
2019,13.86,12.062
2020,11.07,12.062
2021,13.95,11.32675
2022,16.37,12.062
