year,y_true,y_pred
2018,1053.25,425.70502
2019,870.07,425.70502
2020,287.69,425.70502
2021,399.54,396.04166
2022,694.04,396.04166
