year,y_true,y_pred
2018,175.54,16.4825
2019,0.0,18.680168
2020,57.54,16.4825
2021,114.16,18.680168
2022,173.51,30.590334
