year,y_true,y_pred
2018,144.89,331.71753
2019,71.28,331.71753
2020,141.58,331.71753
2021,93.79,331.71753
2022,485.19,331.71753
