year,y_true,y_pred
2018,0.0,49.298664
2019,23.76,25.703754
2020,23.6,49.582794
2021,0.0,49.582794
2022,51.07,49.582794
