year,y_true,y_pred
2018,41.36,91.70372
2019,103.74,91.70372
2020,69.4,97.90273
2021,111.39,88.343475
2022,78.68,78.455765
