year,y_true,y_pred
2018,172.32,200.89006
2019,207.48,200.89006
2020,208.19,195.7545
2021,320.25,195.7545
2022,200.27,195.7545
