year,y_true,y_pred
2018,13.79,0.0002453874
2019,27.66,7.748719
2020,13.88,0.0024353028
2021,27.85,0.0024353028
2022,21.46,0.0024353028
