year,y_true,y_pred
2018,20.68,11.273333
2019,27.66,11.273333
2020,6.94,11.273333
2021,6.96,5.590333
2022,7.15,5.590333
