year,y_true,y_pred
2018,708.96,776.8926
2019,891.86,745.72363
2020,703.18,800.49066
2021,589.75,745.72363
2022,874.75,800.49066
