year,y_true,y_pred
2018,74.63,70.901665
2019,111.48,82.48421
2020,0.0,82.48421
2021,73.72,71.725235
2022,79.52,70.901665
