year,y_true,y_pred
2018,149.53,119.61075
2019,75.91,86.81804
2020,89.9,103.75511
2021,130.36,98.85431
2022,144.57,86.81804
