year,y_true,y_pred
2018,185.49,145.63504
2019,104.9,145.63504
2020,76.29,126.809326
2021,128.12,126.809326
2022,144.37,126.809326
