year,y_true,y_pred
2018,32.46,10.182062
2019,22.8,11.986934
2020,13.46,11.986934
2021,22.09,10.182062
2022,9.62,11.986934
