year,y_true,y_pred
2018,0.0,0.9664667
2019,4.56,0.9664667
2020,0.0,0.9664667
2021,0.0,0.9664667
2022,4.81,0.9664667
