year,y_true,y_pred
2018,4.64,6.6969566
2019,22.8,6.6969566
2020,4.49,15.379888
2021,0.0,1.8682263
2022,0.0,6.6969566
