year,y_true,y_pred
2018,9.27,9.005423
2019,13.68,9.029729
2020,13.46,9.714116
2021,13.25,9.714116
2022,9.62,25.018217
