year,y_true,y_pred
2018,78.84,25.622284
2019,77.53,36.16753
2020,62.83,36.16753
2021,88.36,36.16753
2022,62.56,36.16753
