year,y_true,y_pred
2018,0.0,1.9096667
2019,0.0,1.7074666
2020,0.0,2.211
2021,4.42,2.211
2022,0.0,2.211
