year,y_true,y_pred
2018,1574.93,1285.498
2019,1715.81,1285.498
2020,1188.09,1285.498
2021,1042.19,965.83716
2022,1140.56,965.83716
