year,y_true,y_pred
2018,82.89,84.73137
2019,199.9,116.168686
2020,117.14,105.39362
2021,168.1,116.168686
2022,176.71,105.39362
