year,y_true,y_pred
2018,35.61,23.220734
2019,20.89,23.220734
2020,43.76,20.268496
2021,49.88,28.194134
2022,35.74,23.220734
