year,y_true,y_pred
2018,10.47,12.727528
2019,12.54,19.227118
2020,20.84,15.834189
2021,31.18,15.851418
2022,26.81,18.543385
