year,y_true,y_pred
2018,71.23,74.48831
2019,73.12,74.48831
2020,81.27,74.48831
2021,64.43,78.027534
2022,136.27,74.48831
