year,y_true,y_pred
2018,0.0,0.4704
2019,0.0,1.1387626
2020,0.0,1.1193374
2021,0.0,0.66319203
2022,0.0,0.66319203
