year,y_true,y_pred
2018,20.84,62.592125
2019,83.19,74.013374
2020,20.76,62.592125
2021,82.88,74.013374
2022,65.96,62.592125
