year,y_true,y_pred
2018,74.49,45.733395
2019,44.7,45.733395
2020,74.49,37.53521
2021,104.29,45.733395
2022,85.35,45.733395
