year,y_true,y_pred
2018,774.73,728.60706
2019,819.43,758.99603
2020,566.15,798.22705
2021,730.04,754.2638
2022,782.36,716.63
