year,y_true,y_pred
2018,299.04,343.17648
2019,349.55,343.17648
2020,314.09,330.72174
2021,267.55,322.0096
2022,315.7,342.9277
