year,y_true,y_pred
2018,46.01,33.331146
2019,17.19,29.641123
2020,11.42,30.67828
2021,34.15,30.69262
2022,41.4,33.331146
