mae,rmse,r2,city,model,sequence_length,forecast_horizon,normalization,val_size
0.09989822104361928,0.38861857929741045,0.026373361597338496,2202208,xgboost,8,4,,
