year,y_true,y_pred
2018,459.12,251.488
2019,279.28,287.12125
2020,276.2,287.12125
2021,324.45,287.12125
2022,417.05,251.488
