year,y_true,y_pred
2018,35.32,32.3358
2019,52.37,36.94466
2020,17.26,12.820339
2021,34.15,32.3358
2022,69.51,20.869087
