year,y_true,y_pred
2018,236.69,422.19904
2019,201.44,422.19904
2020,216.74,422.19904
2021,182.21,422.19904
2022,102.04,422.19904
