year,y_true,y_pred
2018,33.81,23.130959
2019,67.15,22.779957
2020,33.34,18.932667
2021,33.13,22.779957
2022,0.0,22.934666
