year,y_true,y_pred
2018,16.91,5.2886667
2019,16.79,3.1789525
2020,0.0,3.1789525
2021,16.56,3.1789525
2022,0.0,3.1789525
