year,y_true,y_pred
2018,152.16,119.8484
2019,184.66,100.67343
2020,166.72,128.96179
2021,115.95,128.96179
2022,119.05,119.8484
