year,y_true,y_pred
2018,0.0,2.5047393
2019,0.0,2.5047393
2020,0.0,2.5047393
2021,0.0,2.5047393
2022,0.0,2.5047393
