year,y_true,y_pred
2018,50.72,53.169933
2019,33.57,47.510376
2020,33.34,34.310635
2021,49.69,29.756802
2022,17.01,29.756802
