year,y_true,y_pred
2018,26.7,47.787106
2019,8.81,40.444588
2020,0.0,47.787106
2021,0.0,47.787106
2022,26.84,45.23489
