year,y_true,y_pred
2018,142.37,397.37918
2019,246.57,397.37918
2020,43.58,397.37918
2021,103.56,397.37918
2022,214.71,397.37918
