year,y_true,y_pred
2018,780.53,783.14276
2019,879.63,997.05975
2020,606.77,997.05975
2021,587.96,796.056
2022,314.25,783.14276
