year,y_true,y_pred
2018,22.96,67.448204
2019,69.44,64.1992
2020,46.67,67.448204
2021,117.59,60.110893
2022,112.23,65.58671
