year,y_true,y_pred
2018,0.0,55.292904
2019,39.09,68.069
2020,13.12,26.573755
2021,26.43,55.292904
2022,58.46,26.573755
