year,y_true,y_pred
2018,59.28,30.309582
2019,59.08,30.309582
2020,0.0,30.309582
2021,146.76,34.448208
2022,83.15,39.28858
