year,y_true,y_pred
2018,660.3,495.84732
2019,646.75,582.2604
2020,801.51,495.84732
2021,681.87,495.84732
2022,720.68,495.84732
