year,y_true,y_pred
2018,23.58,0.0008215961
2019,23.52,20.320799
2020,23.57,14.178841
2021,11.76,13.090167
2022,0.0,0.0008215961
