year,y_true,y_pred
2018,192.03,4.231555
2019,192.18,19.09688
2020,128.23,19.09688
2021,176.42,19.09688
2022,169.01,19.09688
