year,y_true,y_pred
2018,34.63,16.326374
2019,27.04,16.326374
2020,17.11,16.326374
2021,26.72,16.326374
2022,29.25,16.326374
