year,y_true,y_pred
2018,267.17,264.99844
2019,223.72,311.0496
2020,237.04,264.03513
2021,189.49,255.07175
2022,276.71,264.03513
