year,y_true,y_pred
2018,141.01,70.885345
2019,88.51,70.885345
2020,112.41,70.885345
2021,136.04,70.885345
2022,137.23,70.885345
