year,y_true,y_pred
2018,0.0,1.8074437
2019,0.0,1.8074437
2020,4.89,1.8074437
2021,0.0,2.4398956
2022,0.0,0.45875195
