year,y_true,y_pred
2018,4.95,6.10476
2019,12.29,7.51116
2020,4.89,6.71876
2021,4.86,6.18576
2022,4.5,8.09211
