year,y_true,y_pred
2018,46.71,32.55704
2019,80.36,32.55704
2020,43.35,43.06433
2021,80.67,43.06433
2022,94.36,43.06433
