year,y_true,y_pred
2018,460.43,513.89575
2019,451.23,426.90134
2020,309.66,426.90134
2021,620.5,442.26196
2022,754.91,472.8927
