year,y_true,y_pred
2018,0.0,4.351975
2019,0.0,5.4163766
2020,12.39,6.3624434
2021,0.0,6.1711984
2022,12.58,0.07753378
