year,y_true,y_pred
2018,153.48,103.945
2019,117.44,113.37913
2020,80.51,103.945
2021,223.38,89.7999
2022,195.02,113.37913
