year,y_true,y_pred
2018,53.38,70.29068
2019,92.72,51.218964
2020,55.74,66.92244
2021,62.05,77.002014
2022,62.91,75.49254
