year,y_true,y_pred
2018,10.53,14.287294
2019,17.41,14.287294
2020,10.37,14.287294
2021,13.73,14.287294
2022,23.39,14.287294
