year,y_true,y_pred
2018,185.98,234.65106
2019,226.35,234.65106
2020,266.14,254.85287
2021,144.12,283.28088
2022,253.35,234.65106
