year,y_true,y_pred
2018,835.73,638.3682
2019,634.92,892.9623
2020,520.23,639.15784
2021,462.96,627.64087
2022,734.56,638.3682
