year,y_true,y_pred
2018,28.82,57.661335
2019,57.72,43.254333
2020,0.0,57.661335
2021,0.0,39.12127
2022,66.78,39.12127
