year,y_true,y_pred
2018,16.73,43.430458
2019,33.45,43.430458
2020,100.28,37.29233
2021,50.11,66.66759
2022,79.49,37.29233
