year,y_true,y_pred
2018,14.21,31.656334
2019,23.26,30.125042
2020,27.43,30.125042
2021,17.99,37.283916
2022,35.22,30.125042
