year,y_true,y_pred
2018,393.18,476.68613
2019,572.2,464.58685
2020,265.17,448.55267
2021,328.25,450.06833
2022,639.86,461.46985
