year,y_true,y_pred
2018,71.35,72.75369
2019,71.56,93.67624
2020,71.76,91.879875
2021,59.96,93.59557
2022,136.13,104.780876
