year,y_true,y_pred
2018,21.91,37.825794
2019,35.06,41.056854
2020,47.92,41.056854
2021,42.02,41.056854
2022,63.17,37.825794
