year,y_true,y_pred
2018,608.05,1019.56537
2019,706.6,1019.56537
2020,540.45,1019.56537
2021,464.8,1019.56537
2022,508.1,1019.56537
