year,y_true,y_pred
2018,76.14,66.786354
2019,76.78,65.95233
2020,54.64,73.942795
2021,82.63,63.11579
2022,38.35,65.95233
