year,y_true,y_pred
2018,96.81,80.30908
2019,48.47,80.30908
2020,145.7,80.39308
2021,48.64,88.4212
2022,0.0,99.43867
