year,y_true,y_pred
2018,56.37,51.222767
2019,60.68,60.521065
2020,85.83,67.07037
2021,87.62,83.52275
2022,111.28,82.12523
