year,y_true,y_pred
2018,9.4,10.365541
2019,21.01,10.102333
2020,11.6,10.773541
2021,11.53,9.877333
2022,22.76,10.102333
