year,y_true,y_pred
2018,16.44,25.337376
2019,23.34,21.497639
2020,39.43,25.337376
2021,41.51,12.207359
2022,17.7,19.395336
