year,y_true,y_pred
2018,164.42,194.65137
2019,161.05,180.34586
2020,194.85,180.34586
2021,205.22,194.65137
2022,270.62,194.65137
