year,y_true,y_pred
2018,0.0,0.2528921
2019,0.0,0.2528921
2020,0.0,0.2528921
2021,0.0,0.2528921
2022,0.0,0.2528921
