year,y_true,y_pred
2018,137.99,78.82784
2019,140.52,64.61098
2020,77.32,64.61098
2021,84.25,63.232193
2022,119.22,96.84425
