year,y_true,y_pred
2018,35.48,5.0613666
2019,7.81,5.0613666
2020,19.33,5.0613666
2021,3.83,5.0613666
2022,15.69,5.0613666
