year,y_true,y_pred
2018,0.0,70.77321
2019,64.81,71.235214
2020,64.47,70.77321
2021,64.1,87.39465
2022,0.0,87.39465
