year,y_true,y_pred
2018,46.35,50.9685
2019,30.58,50.9685
2020,22.7,48.433834
2021,74.94,48.433834
2022,38.73,50.9685
