year,y_true,y_pred
2018,0.0,10.14796
2019,7.65,10.14796
2020,30.27,10.14796
2021,14.99,9.255225
2022,7.75,9.762455
