year,y_true,y_pred
2018,15.45,0.84020835
2019,7.65,0.6552083
2020,0.0,0.6552083
2021,0.0,0.6552083
2022,0.0,0.84020835
