year,y_true,y_pred
2018,162.24,78.66545
2019,145.26,108.9488
2020,136.22,139.24902
2021,157.37,108.9488
2022,185.9,108.9488
