year,y_true,y_pred
2018,434.25,514.94434
2019,450.33,488.52884
2020,397.27,457.31357
2021,241.19,488.52884
2022,459.22,488.52884
