year,y_true,y_pred
2018,0.0,76.74126
2019,0.0,99.09519
2020,268.34,171.88501
2021,0.0,148.81506
2022,0.0,99.09519
