year,y_true,y_pred
2018,209.62,476.04398
2019,281.49,476.04398
2020,245.87,476.04398
2021,116.89,476.04398
2022,152.98,476.04398
