year,y_true,y_pred
2018,0.0,22.028624
2019,58.64,22.044937
2020,11.71,22.044937
2021,11.69,27.029999
2022,35.3,22.028624
