year,y_true,y_pred
2018,77.2,47.61751
2019,68.64,47.61751
2020,77.25,55.35523
2021,51.51,55.35523
2022,150.87,83.38403
