year,y_true,y_pred
2018,324.61,347.58066
2019,263.58,304.00912
2020,243.16,304.00912
2021,81.0,304.00912
2022,311.67,304.00912
