year,y_true,y_pred
2018,60.86,40.683086
2019,40.55,34.65475
2020,20.26,34.65475
2021,20.25,56.32167
2022,66.79,40.683086
