year,y_true,y_pred
2018,41.82,35.833767
2019,34.65,51.41926
2020,61.9,27.932247
2021,40.96,34.590565
2022,40.02,25.54781
