year,y_true,y_pred
2018,0.0,1.5714166
2019,0.0,1.5714166
2020,6.88,1.5714166
2021,0.0,1.5714166
2022,0.0,1.5714166
