year,y_true,y_pred
2018,27.88,15.322049
2019,41.59,22.7308
2020,13.76,22.7308
2021,27.3,22.7308
2022,16.01,15.322049
