year,y_true,y_pred
2018,20.91,12.824375
2019,34.65,12.07
2020,61.9,15.0668745
2021,20.48,15.0668745
2022,24.01,12.07
