year,y_true,y_pred
2018,76.67,56.101437
2019,62.38,56.101437
2020,116.92,61.454746
2021,143.34,80.708496
2022,112.06,54.85885
