year,y_true,y_pred
2018,444.96,411.62552
2019,437.83,411.62552
2020,242.92,411.62552
2021,250.74,411.62552
2022,414.73,411.62552
