year,y_true,y_pred
2018,50.98,59.134533
2019,46.09,34.225307
2020,18.33,22.63948
2021,27.35,17.946777
2022,25.52,21.288532
