year,y_true,y_pred
2018,63.3,65.38633
2019,56.64,69.27079
2020,89.69,69.27079
2021,62.23,65.38633
2022,97.6,63.266415
