year,y_true,y_pred
2018,1059.18,819.75806
2019,998.47,819.75806
2020,1042.91,819.75806
2021,831.83,819.75806
2022,1199.44,819.75806
