year,y_true,y_pred
2018,32.63,11.481948
2019,21.71,12.878736
2020,21.67,27.707163
2021,27.04,27.707163
2022,39.8,27.707163
