year,y_true,y_pred
2018,353.47,334.20868
2019,195.39,334.20868
2020,346.71,334.20868
2021,275.79,370.56067
2022,386.67,355.39667
