year,y_true,y_pred
2018,16.31,39.947
2019,27.14,35.544937
2020,70.43,35.544937
2021,70.3,44.427002
2022,45.49,44.427002
