year,y_true,y_pred
2018,76.13,77.57806
2019,92.27,122.356895
2020,81.26,71.94625
2021,91.93,69.9059
2022,147.84,72.13896
