year,y_true,y_pred
2018,5.44,7.839612
2019,10.85,12.7596
2020,5.42,9.547688
2021,16.22,7.2436123
2022,11.37,9.547688
