year,y_true,y_pred
2018,0.0,3.4140625
2019,0.0,3.4140625
2020,0.0,3.4140625
2021,0.0,3.4140625
2022,0.0,3.4140625
