year,y_true,y_pred
2018,28.06,18.358618
2019,18.68,14.761895
2020,37.29,12.718855
2021,0.0,12.285489
2022,21.95,18.358618
