year,y_true,y_pred
2018,271.26,256.43472
2019,270.8,164.6093
2020,139.85,108.21235
2021,223.42,98.85089
2022,362.16,107.85299
