year,y_true,y_pred
2018,28.06,5.9357333
2019,37.35,5.9357333
2020,18.65,5.9357333
2021,27.93,5.9357333
2022,21.95,5.9357333
