year,y_true,y_pred
2018,130.95,25.38668
2019,74.7,25.38668
2020,83.91,25.38668
2021,37.24,25.38668
2022,76.82,22.472593
