year,y_true,y_pred
2018,37.41,15.871889
2019,37.35,25.462292
2020,74.59,25.462292
2021,46.55,20.539417
2022,32.92,25.462292
