year,y_true,y_pred
2018,56.12,69.68087
2019,72.87,71.58343
2020,79.93,55.43268
2021,104.01,82.264725
2022,32.57,61.004257
