year,y_true,y_pred
2018,963.34,917.17615
2019,947.26,917.17615
2020,710.48,981.4656
2021,710.76,897.2989
2022,729.5,897.2989
