year,y_true,y_pred
2018,98.97,101.481804
2019,96.54,107.875
2020,74.96,107.875
2021,83.64,106.18325
2022,81.04,106.18325
