year,y_true,y_pred
2018,37.0,25.131435
2019,27.58,30.209326
2020,20.11,25.131435
2021,29.09,23.24576
2022,34.73,30.209326
