year,y_true,y_pred
2018,286.53,398.35406
2019,158.83,398.35406
2020,95.82,398.35406
2021,224.79,417.53766
2022,387.85,398.35406
