year,y_true,y_pred
2018,63.67,61.062115
2019,31.77,12.874537
2020,0.0,33.047005
2021,32.11,43.178974
2022,64.64,52.395126
