year,y_true,y_pred
2018,36.74,6.285619
2019,18.31,6.285619
2020,0.0,6.285619
2021,12.14,7.9724584
2022,32.81,6.285619
