year,y_true,y_pred
2018,113.27,90.54934
2019,128.19,92.612915
2020,173.46,61.824265
2021,136.55,61.824265
2022,180.46,61.824265
