year,y_true,y_pred
2018,76.54,50.49019
2019,48.83,50.49019
2020,48.69,43.816124
2021,42.48,43.816124
2022,78.75,50.49019
