year,y_true,y_pred
2018,3.06,16.545563
2019,15.26,10.0425
2020,9.13,11.546812
2021,18.21,16.545563
2022,22.97,13.042875
