year,y_true,y_pred
2018,0.0,0.29339167
2019,0.0,0.29339167
2020,3.04,0.29339167
2021,0.0,0.29339167
2022,0.0,0.29339167
