year,y_true,y_pred
2018,33.73,26.690655
2019,21.03,26.690655
2020,20.09,26.690655
2021,12.78,19.065002
2022,18.56,5.3255186
