year,y_true,y_pred
2018,219.96,301.57025
2019,217.56,301.57025
2020,164.32,301.57025
2021,139.19,301.57025
2022,195.2,301.57025
