year,y_true,y_pred
2018,5.13,9.265185
2019,4.35,11.740747
2020,5.74,6.5551615
2021,3.55,6.902871
2022,10.39,5.5008674
