year,y_true,y_pred
2018,0.0,0.23266666
2019,0.0,0.23266666
2020,0.0,0.23266666
2021,0.71,0.23266666
2022,0.0,0.23266666
