year,y_true,y_pred
2018,98.25,85.16316
2019,102.98,72.806366
2020,85.39,72.80743
2021,98.0,85.16316
2022,107.62,72.806366
