year,y_true,y_pred
2018,11.73,12.498
2019,9.43,12.498
2020,2.87,10.52725
2021,10.65,10.52725
2022,18.56,8.65
