year,y_true,y_pred
2018,33.67,50.333294
2019,41.97,55.559505
2020,48.41,55.559505
2021,51.37,55.559505
2022,57.77,50.333294
