year,y_true,y_pred
2018,34.1,57.884212
2019,35.78,49.527626
2020,41.08,70.60307
2021,56.57,61.46321
2022,69.65,54.008354
