year,y_true,y_pred
2018,261.23,396.63107
2019,289.3,396.63107
2020,256.76,396.63107
2021,244.95,396.63107
2022,379.47,396.63107
