year,y_true,y_pred
2018,134.57,93.76347
2019,121.3,94.124794
2020,125.66,94.07999
2021,121.57,105.6266
2022,143.85,135.28844
