year,y_true,y_pred
2018,10.35,14.952466
2019,16.38,12.215346
2020,22.35,12.215346
2021,10.23,14.952466
2022,14.32,15.584195
