year,y_true,y_pred
2018,21.92,21.38596
2019,24.87,21.38596
2020,30.21,22.234667
2021,27.08,21.38596
2022,31.89,21.38596
