year,y_true,y_pred
2018,0.0,0.3196357
2019,0.61,0.3196357
2020,0.0,0.3196357
2021,0.6,0.3196357
2022,1.3,0.3196357
