year,y_true,y_pred
2018,0.0,0.139025
2019,0.0,0.139025
2020,0.0,0.139025
2021,0.6,0.139025
2022,0.0,0.139025
