year,y_true,y_pred
2018,69.9,94.785355
2019,96.23,99.91435
2020,58.49,107.63204
2021,31.73,115.52222
2022,84.84,119.64047
