year,y_true,y_pred
2018,23.73,22.981375
2019,29.32,22.981375
2020,40.58,18.894667
2021,40.12,21.078959
2022,23.43,21.078959
