year,y_true,y_pred
2018,195.79,226.66127
2019,269.72,222.02145
2020,226.06,212.46994
2021,223.55,221.33327
2022,287.0,206.59492
