year,y_true,y_pred
2018,106.79,76.064095
2019,140.72,76.064095
2020,110.13,76.064095
2021,97.44,47.100197
2022,58.57,76.064095
