year,y_true,y_pred
2018,35.6,22.909292
2019,23.45,20.870792
2020,34.78,22.909292
2021,40.12,20.870792
2022,35.14,27.546604
