year,y_true,y_pred
2018,35.6,8.324766
2019,5.86,8.324766
2020,34.78,10.473333
2021,22.93,9.814041
2022,5.86,10.473333
