year,y_true,y_pred
2018,0.0,0.75999576
2019,0.0,0.75999576
2020,0.0,0.75999576
2021,0.0,0.75999576
2022,0.0,0.75999576
