year,y_true,y_pred
2018,456.12,643.60736
2019,460.13,367.18033
2020,461.64,367.18033
2021,670.09,471.93198
2022,783.84,598.74335
