year,y_true,y_pred
2018,31.19,28.33181
2019,43.46,22.437288
2020,26.42,30.240301
2021,21.06,31.459276
2022,37.79,29.934744
