year,y_true,y_pred
2018,11.7,16.891562
2019,25.56,16.891562
2020,18.87,20.979
2021,26.01,17.216873
2022,34.99,16.891562
