year,y_true,y_pred
2018,0.0,0.27276012
2019,1.28,0.27276012
2020,0.0,0.27276012
2021,0.0,0.27276012
2022,0.0,0.27276012
