year,y_true,y_pred
2018,53.28,60.709026
2019,42.18,56.321915
2020,44.03,54.994484
2021,50.78,60.709026
2022,55.99,53.855373
