year,y_true,y_pred
2018,67.57,69.47733
2019,71.58,63.862335
2020,79.25,64.22067
2021,52.02,69.47733
2022,75.58,64.29717
