year,y_true,y_pred
2018,577.25,366.51303
2019,553.78,366.51303
2020,336.9,366.51303
2021,522.06,282.97568
2022,432.1,366.51263
