year,y_true,y_pred
2018,46.77,43.430626
2019,41.27,43.5702
2020,42.44,40.557724
2021,31.72,27.236395
2022,38.41,47.04275
