year,y_true,y_pred
2018,41.42,35.610195
2019,46.59,36.393093
2020,74.28,35.55818
2021,39.65,35.55818
2022,44.81,36.393093
