year,y_true,y_pred
2018,0.0,0.53742397
2019,0.0,0.53742397
2020,1.33,0.53742397
2021,0.0,0.53742397
2022,0.0,0.53742397
