year,y_true,y_pred
2018,113.58,79.100945
2019,115.81,79.10363
2020,124.68,79.10363
2021,108.38,79.10363
2022,124.83,79.10363
