year,y_true,y_pred
2018,10.69,8.496151
2019,17.31,7.832432
2020,22.55,8.208931
2021,14.54,8.208931
2022,8.54,8.208931
