year,y_true,y_pred
2018,410.4,183.93947
2019,474.78,183.93947
2020,360.36,219.79591
2021,222.9,219.79591
2022,370.88,219.79591
