year,y_true,y_pred
2018,606.6,765.5274
2019,570.25,666.58307
2020,570.78,666.58307
2021,532.77,666.58307
2022,880.4,666.58307
