year,y_true,y_pred
2018,18.38,45.62297
2019,27.3,42.14666
2020,57.08,43.214275
2021,38.69,51.177643
2022,63.42,39.674385
