year,y_true,y_pred
2018,65.1,23.864834
2019,42.98,23.864834
2020,63.88,23.864834
2021,168.81,23.864834
2022,24.23,23.864834
