year,y_true,y_pred
2018,438.02,479.81924
2019,524.17,443.1304
2020,252.23,479.81924
2021,404.68,476.87125
2022,368.36,443.1304
