year,y_true,y_pred
2018,25.77,41.058315
2019,40.32,47.428703
2020,10.97,43.678
2021,54.69,41.058315
2022,18.89,43.678
