year,y_true,y_pred
2018,80.98,52.233353
2019,43.99,54.549633
2020,32.9,54.404217
2021,51.04,54.404217
2022,99.17,42.003902
