year,y_true,y_pred
2018,14.72,7.633316
2019,11.0,15.9348755
2020,10.97,8.2216625
2021,7.29,8.2216625
2022,14.17,7.633316
