year,y_true,y_pred
2018,128.83,85.86076
2019,124.63,85.86076
2020,98.7,85.86076
2021,98.44,85.86076
2022,136.95,85.86076
