year,y_true,y_pred
2018,1244.81,781.6498
2019,735.55,1002.25574
2020,1348.0,1405.6571
2021,826.74,1002.25574
2022,579.34,1115.869
