year,y_true,y_pred
2018,103.73,28.492584
2019,0.0,23.137583
2020,0.0,16.870733
2021,35.95,16.870733
2022,32.19,23.336458
