year,y_true,y_pred
2018,68.99,91.26778
2019,51.85,91.59896
2020,109.66,91.26778
2021,40.47,77.62646
2022,74.72,91.59896
