year,y_true,y_pred
2018,8.0,14.55626
2019,40.53,14.597893
2020,8.21,14.55626
2021,41.57,7.1460557
2022,7.92,14.55626
