year,y_true,y_pred
2018,143.94,167.68666
2019,202.63,128.48734
2020,164.22,167.68666
2021,282.67,128.48734
2022,197.99,167.68666
