year,y_true,y_pred
2018,45.64,39.027267
2019,45.43,28.12152
2020,90.46,45.419956
2021,180.1,39.027267
2022,0.0,39.027267
