year,y_true,y_pred
2018,0.0,0.0026901553
2019,0.0,0.0026901553
2020,0.0,0.0026901553
2021,23.22,5.443751
2022,48.64,0.0026901553
