year,y_true,y_pred
2018,231.7,240.04126
2019,487.01,181.00616
2020,232.07,240.04126
2021,162.56,181.00616
2022,243.19,159.0431
