year,y_true,y_pred
2018,54.25,91.25896
2019,75.57,91.25896
2020,85.96,81.43867
2021,53.48,74.16646
2022,53.82,91.25896
