year,y_true,y_pred
2018,81.37,79.14733
2019,75.57,73.24254
2020,75.22,73.24254
2021,69.53,73.24254
2022,65.78,74.75154
