year,y_true,y_pred
2018,0.0,0.7212093
2019,0.0,0.7212093
2020,0.0,0.7212093
2021,0.0,0.7212093
2022,5.98,0.7212093
