year,y_true,y_pred
2018,0.0,25.628208
2019,53.98,21.279583
2020,26.86,23.006083
2021,37.44,25.628208
2022,35.88,20.476665
