year,y_true,y_pred
2018,81.37,92.02897
2019,156.55,92.02897
2020,107.45,82.43848
2021,96.27,85.99833
2022,113.62,82.43848
