year,y_true,y_pred
2018,662.46,476.5877
2019,913.68,477.86975
2020,607.22,599.71063
2021,662.61,530.01636
2022,962.47,537.0619
