year,y_true,y_pred
2018,35.03,12.945721
2019,44.41,12.831726
2020,28.61,12.831726
2021,38.23,12.831726
2022,51.5,12.831726
