year,y_true,y_pred
2018,168.8,28.582779
2019,139.59,28.582779
2020,127.17,28.582779
2021,165.65,28.582779
2022,160.95,28.582779
