year,y_true,y_pred
2018,0.0,1.2732748
2019,0.0,1.2732748
2020,0.0,1.2732748
2021,3.19,1.2732748
2022,0.0,2.9277685
