year,y_true,y_pred
2018,76.44,67.92621
2019,82.48,67.92621
2020,95.37,74.45263
2021,86.01,74.45263
2022,119.1,74.45263
