year,y_true,y_pred
2018,9.55,17.485134
2019,6.34,11.3373
2020,12.72,11.3373
2021,12.74,17.485134
2022,16.09,11.3373
