year,y_true,y_pred
2018,63.42,45.442
2019,45.62,38.679314
2020,40.73,45.442
2021,44.05,38.679314
2022,16.3,38.679314
