year,y_true,y_pred
2018,360.24,308.45566
2019,492.33,308.45566
2020,416.09,347.61865
2021,484.89,308.45566
2022,776.05,308.45566
