year,y_true,y_pred
2018,12.64,33.903824
2019,50.5,31.792051
2020,69.35,32.041203
2021,44.08,33.903824
2022,59.13,25.128826
