mae,rmse,r2,city,model,sequence_length,forecast_horizon,normalization,val_size
0.07382720747090359,0.10249533721325754,-0.43483270403284235,2211001,xgboost,8,4,,
