year,y_true,y_pred
2018,170.98,174.88457
2019,224.53,111.16695
2020,155.25,174.88457
2021,141.64,174.88457
2022,159.36,174.88457
