year,y_true,y_pred
2018,18.65,3.6091132
2019,18.45,4.645725
2020,9.13,4.645725
2021,9.04,4.645725
2022,11.8,4.645725
