year,y_true,y_pred
2018,0.0,159.84637
2019,85.84,68.82907
2020,86.73,120.6089
2021,0.0,162.51529
2022,144.2,68.82907
