year,y_true,y_pred
2018,459.18,420.61633
2019,457.86,420.61633
2020,456.62,420.61633
2021,387.92,420.61633
2022,520.06,420.61633
