year,y_true,y_pred
2018,34.01,35.100933
2019,67.83,35.100933
2020,67.65,38.57293
2021,33.73,38.57293
2022,55.72,35.100933
