year,y_true,y_pred
2018,136.05,115.416664
2019,101.75,97.92498
2020,33.82,102.76574
2021,118.06,178.7952
2022,241.46,79.13862
