year,y_true,y_pred
2018,17.01,3.0536666
2019,0.0,3.0536666
2020,0.0,3.0536666
2021,0.0,3.0536666
2022,0.0,3.0536666
