year,y_true,y_pred
2018,153.06,74.28658
2019,50.87,71.99367
2020,16.91,83.96533
2021,67.47,82.269585
2022,130.01,90.00267
