year,y_true,y_pred
2018,0.0,10.753666
2019,0.0,7.4380474
2020,0.0,7.4380474
2021,16.87,7.4380474
2022,55.72,7.4380474
