year,y_true,y_pred
2018,81.82,76.53067
2019,104.88,58.32704
2020,58.09,72.44639
2021,81.1,73.439545
2022,84.91,67.05504
