year,y_true,y_pred
2018,993.51,1010.0393
2019,1136.17,915.58936
2020,778.44,860.47736
2021,915.25,905.67725
2022,1285.71,1000.1201
