year,y_true,y_pred
2018,33.18,16.308582
2019,11.04,16.308582
2020,88.18,17.351957
2021,0.0,16.308582
2022,35.64,17.351957
