year,y_true,y_pred
2018,1301.78,1279.2482
2019,1239.67,1206.2699
2020,648.01,1201.92
2021,852.44,472.73907
2022,863.4,782.28503
