year,y_true,y_pred
2018,29.59,43.704395
2019,147.58,30.736666
2020,88.37,43.704395
2021,88.18,37.18171
2022,61.67,37.18171
