year,y_true,y_pred
2018,21.38,33.26021
2019,0.0,30.477644
2020,58.76,33.420708
2021,42.7,38.429665
2022,32.68,34.257706
