year,y_true,y_pred
2018,679.93,732.864
2019,1081.49,811.83765
2020,854.06,796.3404
2021,978.67,811.83765
2022,830.65,796.3404
