year,y_true,y_pred
2018,50.37,48.950455
2019,75.45,69.27857
2020,75.36,28.815113
2021,125.47,42.115265
2022,53.59,42.115265
