year,y_true,y_pred
2018,42.46,47.295334
2019,0.0,53.613335
2020,21.29,35.198067
2021,85.25,35.198067
2022,59.52,38.659332
