year,y_true,y_pred
2018,658.17,837.804
2019,850.34,860.06366
2020,681.14,820.46265
2021,618.07,653.18115
2022,488.1,725.88324
