year,y_true,y_pred
2018,68.16,41.104195
2019,35.78,41.104195
2020,59.14,42.085342
2021,50.85,40.532845
2022,85.53,46.745853
