year,y_true,y_pred
2018,769.82,613.58844
2019,727.46,623.48944
2020,567.73,547.57574
2021,805.85,624.86163
2022,875.66,623.48944
