year,y_true,y_pred
2018,36.09,44.045605
2019,27.83,40.237793
2020,74.91,40.237793
2021,66.5,40.392292
2022,20.36,44.045605
