year,y_true,y_pred
2018,112.26,121.07591
2019,79.5,108.64733
2020,106.45,108.64733
2021,129.09,115.459915
2022,101.82,108.64733
