year,y_true,y_pred
2018,36.09,39.7013
2019,31.8,37.981987
2020,43.37,54.648033
2021,35.21,54.648033
2022,52.95,54.648033
