year,y_true,y_pred
2018,0.0,1.2080834
2019,0.0,1.2080834
2020,0.0,1.2080834
2021,0.0,1.2080834
2022,0.0,1.2080834
