year,y_true,y_pred
2018,343.09,553.25574
2019,269.98,553.25574
2020,170.85,553.25574
2021,173.44,553.25574
2022,333.81,553.25574
