year,y_true,y_pred
2018,11.83,12.1396675
2019,31.3,12.456709
2020,19.42,13.346084
2021,7.71,13.346084
2022,14.31,14.562584
