year,y_true,y_pred
2018,90.7,39.541958
2019,93.91,39.541958
2020,62.13,39.541958
2021,123.34,39.541958
2022,152.6,39.541958
