year,y_true,y_pred
2018,31.55,7.1013336
2019,31.3,7.1013336
2020,42.71,7.1013336
2021,23.13,7.1013336
2022,14.31,7.1013336
