year,y_true,y_pred
2018,15.77,8.4773655
2019,19.56,8.559458
2020,23.3,1.610749
2021,19.27,8.559329
2022,0.0,8.559329
