year,y_true,y_pred
2018,69.98,105.14467
2019,110.21,110.51866
2020,110.43,124.149086
2021,70.42,124.149086
2022,97.29,105.14467
