year,y_true,y_pred
2018,13.45,20.169666
2019,26.72,24.172667
2020,26.54,20.169666
2021,0.0,20.076666
2022,28.69,20.169666
