year,y_true,y_pred
2018,107.6,293.5143
2019,267.17,307.09683
2020,225.55,297.35434
2021,263.64,310.79733
2022,372.97,270.5012
