year,y_true,y_pred
2018,57.99,34.89321
2019,0.0,48.337585
2020,29.39,34.89321
2021,29.59,53.12121
2022,30.28,48.337585
