mae,rmse,r2,city,model,sequence_length,forecast_horizon,normalization,val_size
1.1271272613693823,1.533293067762385,-0.00015788042044029282,5218904,xgboost,8,4,,
