year,y_true,y_pred
2018,46.84,37.2815
2019,0.0,54.784668
2020,0.0,63.653667
2021,0.0,37.2815
2022,0.0,37.2815
