year,y_true,y_pred
2018,889.93,800.4035
2019,942.06,996.70233
2020,663.19,822.5132
2021,381.13,794.01776
2022,562.06,800.4035
