year,y_true,y_pred
2018,729.73,619.19336
2019,728.23,560.4181
2020,727.89,619.19336
2021,837.36,619.19336
2022,784.27,619.19336
