year,y_true,y_pred
2018,28.93,27.569769
2019,34.85,29.189537
2020,35.93,27.662802
2021,42.86,27.662802
2022,35.67,37.452972
