year,y_true,y_pred
2018,22.18,17.146551
2019,29.36,17.146551
2020,24.59,17.490705
2021,24.83,17.146551
2022,28.93,17.146551
