year,y_true,y_pred
2018,12.54,7.9268003
2019,9.79,8.3885
2020,8.51,8.3885
2021,9.13,7.9268003
2022,13.05,7.9268003
