year,y_true,y_pred
2018,178.15,189.59967
2019,189.75,190.01558
2020,172.34,190.01558
2021,196.52,189.59967
2022,184.0,190.01558
