year,y_true,y_pred
2018,2.65,1.4788333
2019,1.91,1.7856667
2020,1.89,1.7856667
2021,4.68,1.7856667
2022,1.74,1.7856667
