year,y_true,y_pred
2018,564.19,439.06668
2019,505.81,454.02658
2020,355.79,403.5756
2021,481.38,424.80173
2022,978.53,403.5756
