year,y_true,y_pred
2018,80.6,79.23683
2019,68.97,79.23683
2020,45.91,67.92077
2021,80.23,67.92077
2022,131.44,79.23683
