year,y_true,y_pred
2018,39.66,25.964249
2019,0.0,28.835249
2020,117.55,35.37825
2021,116.91,25.964249
2022,84.82,25.521599
