year,y_true,y_pred
2018,773.35,642.48535
2019,492.71,698.6708
2020,646.55,642.48535
2021,1052.22,779.42834
2022,882.1,705.6698
