year,y_true,y_pred
2018,29.54,56.812332
2019,29.67,53.308334
2020,67.03,53.308334
2021,37.39,47.48038
2022,79.78,47.48038
