year,y_true,y_pred
2018,0.0,24.733625
2019,14.83,24.670626
2020,14.9,28.758125
2021,44.87,25.552626
2022,47.87,25.632126
