year,y_true,y_pred
2018,51.69,68.56738
2019,74.17,51.490417
2020,67.03,40.078255
2021,74.78,70.35431
2022,111.7,59.99641
