year,y_true,y_pred
2018,132.93,126.45098
2019,140.92,172.05063
2020,156.4,172.05063
2021,157.03,172.05063
2022,223.39,172.05063
