mae,rmse,r2,city,model,sequence_length,forecast_horizon,normalization,val_size
0.23184533460321663,0.43711152607067916,0.18134897152195828,4307864,xgboost,8,4,,
