year,y_true,y_pred
2018,417.87,422.25717
2019,518.95,422.25717
2020,480.35,404.11807
2021,322.04,404.15558
2022,360.64,422.2947
