year,y_true,y_pred
2018,30.95,28.256498
2019,35.38,28.256498
2020,25.71,29.099499
2021,28.96,26.48725
2022,30.69,30.35575
