year,y_true,y_pred
2018,1.19,0.0013002248
2019,0.0,0.005918911
2020,0.0,0.0013002248
2021,1.16,0.58987844
2022,0.0,0.58987844
