year,y_true,y_pred
2018,30.95,11.761286
2019,20.05,11.761286
2020,31.56,11.761286
2021,30.12,11.761286
2022,19.73,11.761286
