year,y_true,y_pred
2018,2.38,0.6022771
2019,0.0,0.22613332
2020,1.17,0.6188083
2021,0.0,0.20408532
2022,1.1,0.6022771
