year,y_true,y_pred
2018,72.62,66.17237
2019,86.1,66.17237
2020,79.47,62.671562
2021,89.2,71.87181
2022,80.02,62.671562
