year,y_true,y_pred
2018,27.95,62.639183
2019,20.62,77.64361
2020,27.06,77.64361
2021,73.28,77.64361
2022,36.64,76.735
