year,y_true,y_pred
2018,760.46,947.14606
2019,697.32,809.72107
2020,598.02,890.4114
2021,556.07,831.6947
2022,784.49,831.6947
