year,y_true,y_pred
2018,76.05,60.305977
2019,56.54,48.493332
2020,18.69,44.092476
2021,37.07,60.305977
2022,46.15,60.305977
