year,y_true,y_pred
2018,71.29,102.13942
2019,53.59,94.165504
2020,67.61,94.165504
2021,64.65,94.165504
2022,93.41,94.165504
