year,y_true,y_pred
2018,530.73,451.2025
2019,508.24,471.25214
2020,348.65,471.25214
2021,650.24,451.2025
2022,568.33,863.66364
