year,y_true,y_pred
2018,24.69,53.709805
2019,12.4,68.25275
2020,62.26,62.68968
2021,37.51,64.29133
2022,132.17,78.61122
