year,y_true,y_pred
2018,157.23,31.105999
2019,26.13,44.931
2020,104.22,31.105999
2021,0.0,44.931
2022,0.0,31.105999
