year,y_true,y_pred
2018,707.55,375.85406
2019,548.73,930.90717
2020,651.38,314.31284
2021,259.88,318.88028
2022,376.34,373.00107
