year,y_true,y_pred
2018,89.1,68.50166
2019,44.29,108.01018
2020,44.05,68.50166
2021,65.73,75.89027
2022,156.18,68.50166
