year,y_true,y_pred
2018,233.53,106.58006
2019,217.57,123.418
2020,520.57,123.418
2021,134.77,123.418
2022,318.74,118.297874
