year,y_true,y_pred
2018,16.68,10.596251
2019,16.74,7.3896246
2020,33.59,7.3896246
2021,16.85,7.3896246
2022,16.78,10.596251
