year,y_true,y_pred
2018,83.99,33.108765
2019,76.56,42.492332
2020,69.22,33.108765
2021,27.55,42.492332
2022,14.65,42.492332
