year,y_true,y_pred
2018,909.85,1301.111
2019,1057.91,1301.111
2020,539.94,1301.111
2021,833.45,1015.86285
2022,585.95,1015.86285
