year,y_true,y_pred
2018,238.99,249.64146
2019,266.39,249.64146
2020,164.9,249.64146
2021,134.78,249.64146
2022,233.99,249.64146
