year,y_true,y_pred
2018,41.88,46.63025
2019,36.66,42.3742
2020,24.25,38.03309
2021,31.29,48.273697
2022,30.64,48.273697
