year,y_true,y_pred
2018,2.46,4.5269666
2019,0.0,4.704042
2020,0.0,4.704042
2021,19.25,5.4072294
2022,19.5,8.614542
