year,y_true,y_pred
2018,83.77,68.08044
2019,112.42,68.08044
2020,104.28,68.08044
2021,101.09,68.08044
2022,105.85,68.08044
