year,y_true,y_pred
2018,46.81,12.804333
2019,26.88,12.804333
2020,14.55,12.804333
2021,33.7,12.804333
2022,16.71,12.804333
