year,y_true,y_pred
2018,87.41,44.010124
2019,58.55,44.010124
2020,88.24,44.010124
2021,29.54,44.010124
2022,29.46,60.22067
