year,y_true,y_pred
2018,757.58,988.71277
2019,526.93,988.71277
2020,647.06,988.71277
2021,531.76,988.71277
2022,559.65,988.71277
