year,y_true,y_pred
2018,30.35,14.313593
2019,20.27,14.313593
2020,30.46,14.313593
2021,20.34,14.313593
2022,32.48,14.313593
