year,y_true,y_pred
2018,67.59,19.505524
2019,54.63,19.505524
2020,27.6,23.788792
2021,27.88,19.505524
2022,0.0,19.505524
