year,y_true,y_pred
2018,39.7,60.833138
2019,19.73,54.20201
2020,26.15,54.20201
2021,13.0,54.20201
2022,50.99,54.20201
