year,y_true,y_pred
2018,588.9,737.46405
2019,539.23,737.46405
2020,398.72,737.46405
2021,500.42,737.46405
2022,677.4,737.46405
