year,y_true,y_pred
2018,25.16,64.16067
2019,24.89,57.88958
2020,24.64,57.88958
2021,61.0,57.88958
2022,68.4,57.88958
