year,y_true,y_pred
2018,515.79,485.51892
2019,547.67,465.49167
2020,529.75,465.49167
2021,890.57,466.76187
2022,629.27,639.1615
