year,y_true,y_pred
2018,47.99,42.573547
2019,72.47,47.577736
2020,54.71,39.96559
2021,42.83,40.341545
2022,40.41,39.371033
