year,y_true,y_pred
2018,191.95,167.72417
2019,169.09,161.37192
2020,170.21,161.37192
2021,201.91,161.37192
2022,144.33,165.85066
