year,y_true,y_pred
2018,89.98,17.370937
2019,36.23,34.125973
2020,48.63,34.125973
2021,18.36,39.998795
2022,40.41,13.498514
