year,y_true,y_pred
2018,0.0,8.958887e-06
2019,0.0,8.958887e-06
2020,0.0,8.958887e-06
2021,0.0,8.958887e-06
2022,5.77,8.958887e-06
