year,y_true,y_pred
2018,12.0,5.9876666
2019,0.0,4.8195
2020,12.16,5.9876666
2021,0.0,4.8195
2022,5.77,5.9876666
