year,y_true,y_pred
2018,842.99,807.73584
2019,817.22,782.89215
2020,829.02,776.2667
2021,641.62,807.73584
2022,812.07,754.2968
