year,y_true,y_pred
2018,50.36,51.63928
2019,35.1,55.26129
2020,52.66,50.16147
2021,44.76,55.784588
2022,49.82,50.16147
