year,y_true,y_pred
2018,52.67,56.60633
2019,0.0,56.60633
2020,26.86,68.89698
2021,135.91,58.691334
2022,49.26,56.12254
