year,y_true,y_pred
2018,77.98,80.47055
2019,83.84,74.891235
2020,101.65,80.47055
2021,35.82,69.23601
2022,81.17,78.36005
