year,y_true,y_pred
2018,113.97,211.96118
2019,137.74,136.93407
2020,167.42,211.96118
2021,155.23,211.96118
2022,185.53,145.95404
