year,y_true,y_pred
2018,23.99,28.398262
2019,29.94,28.68309
2020,41.86,22.460764
2021,29.85,22.460764
2022,17.39,28.398262
