year,y_true,y_pred
2018,53.99,48.791332
2019,35.93,32.140064
2020,47.84,37.129665
2021,35.82,37.129665
2022,52.18,32.140064
