year,y_true,y_pred
2018,46.47,38.098625
2019,68.98,38.098625
2020,0.0,38.098625
2021,67.66,38.098625
2022,21.28,47.489376
