year,y_true,y_pred
2018,580.86,690.21906
2019,758.8,749.75494
2020,546.45,778.60297
2021,834.46,690.21906
2022,659.71,778.60297
