year,y_true,y_pred
2018,46.47,43.50247
2019,0.0,63.302467
2020,91.07,43.50247
2021,67.66,38.553806
2022,21.28,75.01379
