year,y_true,y_pred
2018,139.41,52.773563
2019,114.97,52.773563
2020,68.31,52.773563
2021,112.76,52.773563
2022,85.12,52.773563
