year,y_true,y_pred
2018,23.23,29.025291
2019,0.0,29.025291
2020,0.0,29.025291
2021,67.66,29.025291
2022,42.56,28.587292
