year,y_true,y_pred
2018,77.19,44.53504
2019,97.47,38.612125
2020,78.74,41.33748
2021,59.61,50.317543
2022,180.4,41.33748
