year,y_true,y_pred
2018,56.01,6.600953
2019,27.28,6.649102
2020,0.0,6.42368
2021,0.0,6.9199576
2022,23.75,30.049126
