year,y_true,y_pred
2018,481.66,365.84552
2019,300.04,365.84552
2020,154.27,365.84552
2021,119.45,365.84552
2022,316.63,365.84552
