year,y_true,y_pred
2018,50.41,51.09926
2019,38.19,26.417473
2020,10.64,48.430965
2021,25.97,30.923302
2022,79.16,9.821951
