year,y_true,y_pred
2018,11.2,11.646
2019,10.91,13.5581255
2020,5.32,17.1591
2021,15.58,11.646
2022,0.0,13.5581255
