year,y_true,y_pred
2018,44.81,47.38773
2019,5.46,47.38773
2020,15.96,34.31704
2021,31.16,32.786366
2022,7.92,47.38773
