year,y_true,y_pred
2018,284.17,635.81226
2019,127.99,635.81226
2020,355.77,635.81226
2021,327.54,319.8418
2022,496.91,635.81226
