year,y_true,y_pred
2018,28.42,75.98868
2019,14.22,75.986824
2020,28.46,27.610207
2021,42.72,38.72523
2022,15.06,1.499272
