year,y_true,y_pred
2018,24.48,27.246834
2019,121.51,27.246834
2020,72.39,86.44831
2021,23.97,40.676304
2022,24.97,27.246834
