year,y_true,y_pred
2018,43.14,28.118874
2019,65.25,28.118874
2020,0.0,38.7205
2021,22.1,28.118874
2022,41.94,38.2555
