year,y_true,y_pred
2018,43.01,96.36305
2019,87.41,105.493614
2020,88.85,88.765755
2021,135.38,125.05276
2022,127.82,161.19676
