year,y_true,y_pred
2018,62.14,51.492332
2019,59.34,51.685043
2020,66.02,52.70473
2021,63.26,51.685043
2022,73.11,51.685043
