year,y_true,y_pred
2018,139.15,84.61425
2019,30.51,84.70425
2020,82.82,92.441246
2021,44.61,79.8312
2022,94.67,92.441246
