year,y_true,y_pred
2018,42.48,80.49043
2019,0.0,133.547
2020,86.17,91.4515
2021,86.73,103.437004
2022,45.87,91.4515
