year,y_true,y_pred
2018,58.47,94.862526
2019,48.36,100.65731
2020,76.81,106.64669
2021,95.34,100.65731
2022,68.64,94.862526
