year,y_true,y_pred
2018,282.75,346.3152
2019,209.64,346.3152
2020,437.59,234.10698
2021,205.06,234.10698
2022,621.3,234.10698
