year,y_true,y_pred
2018,0.0,31.292637
2019,69.88,38.145763
2020,92.12,19.353968
2021,0.0,19.353968
2022,0.0,26.624018
