year,y_true,y_pred
2018,9.39,2.9572709
2019,18.72,4.5216665
2020,9.33,4.5216665
2021,13.94,4.5216665
2022,28.39,4.5216665
