year,y_true,y_pred
2018,46.7,68.02011
2019,59.44,64.78535
2020,58.87,64.78535
2021,95.06,64.78535
2022,53.43,53.540657
