year,y_true,y_pred
2018,661.18,552.2461
2019,727.37,568.1244
2020,551.37,557.6731
2021,496.78,539.37585
2022,687.18,539.37585
