year,y_true,y_pred
2018,26.99,64.671394
2019,94.29,83.07855
2020,26.9,74.92327
2021,13.43,64.671394
2022,46.85,83.07855
