year,y_true,y_pred
2018,111.83,16.610846
2019,126.54,16.610846
2020,36.18,16.610846
2021,83.82,16.610846
2022,57.41,16.610846
