year,y_true,y_pred
2018,1116.69,1019.28107
2019,1181.41,1019.28107
2020,795.51,1115.0575
2021,712.76,967.1596
2022,1033.35,994.2006
