year,y_true,y_pred
2018,52.86,49.647095
2019,85.32,49.647095
2020,26.08,49.647095
2021,45.36,54.49601
2022,7.13,54.421085
