year,y_true,y_pred
2018,0.0,27.574709
2019,54.56,34.581207
2020,0.0,41.338646
2021,0.0,34.59771
2022,61.16,34.581207
