year,y_true,y_pred
2018,55.44,82.417175
2019,55.21,44.785297
2020,121.73,76.835655
2021,78.22,64.64291
2022,79.31,69.63899
