year,y_true,y_pred
2018,23.76,28.95385
2019,19.72,23.961388
2020,39.27,28.354504
2021,31.29,28.95385
2022,37.57,25.041391
