year,y_true,y_pred
2018,27.72,32.742332
2019,35.49,32.742332
2020,19.63,31.607374
2021,35.2,39.576332
2022,41.74,32.742332
