year,y_true,y_pred
2018,0.0,2.2463334
2019,0.0,1.30625
2020,3.93,1.30625
2021,0.0,1.30625
2022,4.17,1.30625
