year,y_true,y_pred
2018,166.32,218.86333
2019,153.79,218.86333
2020,263.1,218.86333
2021,195.55,218.86333
2022,200.37,206.58885
