year,y_true,y_pred
2018,142.91,43.69299
2019,81.97,14.299337
2020,95.79,26.585093
2021,57.37,45.93816
2022,54.58,45.93816
