year,y_true,y_pred
2018,78.81,86.46071
2019,72.07,76.69666
2020,58.84,73.578125
2021,65.23,79.4287
2022,106.99,79.4287
