year,y_true,y_pred
2018,49.13,35.69381
2019,62.86,33.572723
2020,59.09,44.457306
2021,51.9,35.69381
2022,52.64,35.69381
