year,y_true,y_pred
2018,101.77,85.82797
2019,115.24,59.811047
2020,93.84,59.811047
2021,107.25,59.810287
2022,166.01,65.12049
