year,y_true,y_pred
2018,45.62,11.767667
2019,27.94,11.767667
2020,13.9,11.767667
2021,20.76,11.767667
2022,52.64,12.957666
