year,y_true,y_pred
2018,7.02,4.9683332
2019,10.48,4.9683332
2020,10.43,5.970967
2021,6.92,5.970967
2022,0.0,4.9683332
