year,y_true,y_pred
2018,3.51,1.0361834
2019,3.49,1.0361834
2020,0.0,1.0361834
2021,0.0,1.0361834
2022,0.0,1.0361834
