year,y_true,y_pred
2018,38.43,19.279438
2019,43.64,19.279438
2020,29.2,19.279438
2021,55.45,19.279438
2022,45.66,19.279438
