year,y_true,y_pred
2018,323.59,337.74765
2019,339.22,337.74765
2020,315.41,623.67316
2021,707.43,623.67316
2022,773.45,499.453
