year,y_true,y_pred
2018,24.27,4.670371
2019,9.92,2.9316752
2020,13.63,2.9316752
2021,13.38,2.9316752
2022,11.42,2.9316752
