year,y_true,y_pred
2018,30.34,32.79175
2019,61.5,35.866585
2020,56.46,32.79175
2021,61.18,32.79175
2022,71.35,32.79175
