year,y_true,y_pred
2018,12.13,10.4211445
2019,11.9,8.127312
2020,7.79,10.4211445
2021,17.21,10.4211445
2022,37.1,6.010989
