year,y_true,y_pred
2018,0.0,19.56191
2019,97.56,8.131595
2020,24.31,52.95462
2021,24.23,29.843197
2022,25.16,2.7408895
