year,y_true,y_pred
2018,342.63,364.63693
2019,414.63,364.63693
2020,315.99,364.63693
2021,145.38,259.6413
2022,251.64,278.89603
