year,y_true,y_pred
2018,43.99,15.909333
2019,48.84,15.909333
2020,58.57,15.909333
2021,58.53,15.909333
2022,63.38,15.909333
