year,y_true,y_pred
2018,449.68,818.49896
2019,376.09,818.49896
2020,405.1,818.49896
2021,360.91,818.49896
2022,530.11,818.49896
