year,y_true,y_pred
2018,52.37,85.38099
2019,36.44,85.38099
2020,34.39,85.38099
2021,44.75,85.38099
2022,50.91,85.38099
