year,y_true,y_pred
2018,222.89,132.10281
2019,272.73,152.25107
2020,270.8,152.25014
2021,456.67,93.92958
2022,343.41,404.7446
