year,y_true,y_pred
2018,15.55,5.082
2019,20.58,7.5444374
2020,35.77,6.163687
2021,45.67,6.163687
2022,27.69,6.163687
