year,y_true,y_pred
2018,23.6,10.449338
2019,37.74,11.357547
2020,20.0,11.357547
2021,25.33,11.357547
2022,10.51,11.357547
