year,y_true,y_pred
2018,430.77,249.86526
2019,336.74,237.55191
2020,240.04,232.4519
2021,216.72,214.93806
2022,249.61,214.93806
