year,y_true,y_pred
2018,684.93,379.51517
2019,806.16,379.51517
2020,398.18,416.51166
2021,469.11,437.09933
2022,576.62,379.51517
