year,y_true,y_pred
2018,58.29,29.671375
2019,79.89,29.671375
2020,43.44,32.48329
2021,72.17,29.671375
2022,79.28,32.48329
