year,y_true,y_pred
2018,36.43,17.608395
2019,0.0,21.63865
2020,14.48,8.400337
2021,57.74,24.759949
2022,14.42,15.658061
