year,y_true,y_pred
2018,29.15,29.88519
2019,43.58,29.88519
2020,14.48,29.88519
2021,50.52,32.06108
2022,57.66,31.759666
