year,y_true,y_pred
2018,0.0,0.6705152
2019,0.0,0.6705152
2020,0.0,0.6705152
2021,0.0,0.6705152
2022,7.21,0.6705152
