year,y_true,y_pred
2018,153.02,108.69286
2019,130.73,122.66866
2020,101.35,114.93016
2021,137.12,108.69286
2022,144.15,108.69286
