year,y_true,y_pred
2018,128.16,280.06854
2019,169.48,280.06854
2020,123.05,280.06854
2021,380.16,235.20819
2022,235.87,305.00146
