year,y_true,y_pred
2018,19.22,18.819166
2019,6.28,22.896334
2020,6.15,21.406668
2021,24.14,21.406668
2022,0.0,18.819166
