year,y_true,y_pred
2018,105.8,91.642
2019,30.39,78.2603
2020,45.81,87.164375
2021,76.73,87.164375
2022,101.35,91.642
