year,y_true,y_pred
2018,0.0,0.69416666
2019,0.0,0.69416666
2020,0.0,0.69416666
2021,7.42,0.69416666
2022,28.88,0.69416666
