year,y_true,y_pred
2018,132.02,63.551666
2019,129.96,87.26034
2020,368.89,71.708336
2021,200.27,87.26034
2022,389.86,87.26034
