year,y_true,y_pred
2018,30.84,30.632584
2019,30.49,43.409584
2020,15.07,30.632584
2021,29.85,36.308582
2022,48.53,36.025665
