year,y_true,y_pred
2018,693.91,726.34143
2019,853.66,726.34143
2020,512.51,726.34143
2021,373.08,726.34143
2022,469.1,787.67
