year,y_true,y_pred
2018,20.52,34.889748
2019,61.58,30.78627
2020,34.22,39.7728
2021,82.15,39.69525
2022,110.65,40.0616
