year,y_true,y_pred
2018,1067.03,976.9482
2019,1258.98,814.70526
2020,1033.47,1078.1273
2021,883.14,921.72723
2022,1264.62,977.32947
