year,y_true,y_pred
2018,18.28,48.423668
2019,36.67,48.423668
2020,91.95,44.437397
2021,73.77,39.66071
2022,0.0,35.708668
