year,y_true,y_pred
2018,664.76,848.62537
2019,825.43,848.62537
2020,896.16,848.62537
2021,735.39,954.88226
2022,919.36,848.62537
