year,y_true,y_pred
2018,70.84,61.25078
2019,59.93,61.01
2020,92.61,71.69585
2021,98.05,56.10377
2022,149.4,55.415287
