year,y_true,y_pred
2018,19.07,32.902332
2019,29.97,32.400333
2020,32.69,36.046413
2021,38.13,32.902332
2022,37.35,32.902332
