year,y_true,y_pred
2018,16.35,19.265333
2019,19.07,14.165167
2020,29.96,15.631333
2021,2.72,17.665333
2022,14.36,15.779166
