year,y_true,y_pred
2018,15.52,16.258625
2019,15.53,11.596625
2020,46.61,8.89
2021,15.54,13.831625
2022,0.0,8.89
