year,y_true,y_pred
2018,155.16,89.354355
2019,232.88,89.354355
2020,170.91,89.354355
2021,124.36,89.354355
2022,154.8,89.354355
