year,y_true,y_pred
2018,57.51,62.840466
2019,42.74,50.455612
2020,42.37,57.064083
2021,42.02,57.064083
2022,41.85,52.849716
