year,y_true,y_pred
2018,163.67,82.87067
2019,54.95,59.222668
2020,55.34,90.38008
2021,111.48,82.87067
2022,56.56,82.87067
