year,y_true,y_pred
2018,0.0,8.729636
2019,0.0,34.10924
2020,64.94,33.32802
2021,64.89,32.17549
2022,0.0,32.986366
