year,y_true,y_pred
2018,44.22,69.85467
2019,132.53,58.856667
2020,88.26,61.80033
2021,123.44,54.718834
2022,154.21,61.80033
