year,y_true,y_pred
2018,55.52,27.724232
2019,15.75,27.724232
2020,46.92,32.379665
2021,54.38,27.724232
2022,16.39,27.724232
