year,y_true,y_pred
2018,459.99,281.61768
2019,370.11,261.21634
2020,469.23,261.21634
2021,512.7,281.61768
2022,401.47,261.21634
