year,y_true,y_pred
2018,19.77,28.123568
2019,19.46,28.123568
2020,0.0,34.19504
2021,37.81,34.19504
2022,0.0,33.624336
