year,y_true,y_pred
2018,56.52,27.981873
2019,28.45,27.981873
2020,57.26,27.981873
2021,28.81,27.981873
2022,60.82,27.981873
