year,y_true,y_pred
2018,494.56,429.11703
2019,426.68,429.11703
2020,357.86,359.48962
2021,259.29,359.48962
2022,334.5,429.11703
