year,y_true,y_pred
2018,491.3,417.96298
2019,431.14,359.41547
2020,329.1,498.51212
2021,449.07,464.03397
2022,445.5,351.02344
