year,y_true,y_pred
2018,35.29,32.826874
2019,43.11,32.826874
2020,13.38,27.213875
2021,26.57,27.213875
2022,38.98,27.213875
