year,y_true,y_pred
2018,5.43,8.657666
2019,5.39,8.657666
2020,16.05,8.657666
2021,21.26,8.657666
2022,11.14,8.657666
