year,y_true,y_pred
2018,0.0,1.0114762
2019,0.0,1.0114762
2020,0.0,1.0114762
2021,0.0,1.0114762
2022,2.78,1.0114762
