year,y_true,y_pred
2018,29.86,72.33061
2019,56.59,67.365036
2020,48.16,58.6584
2021,58.46,67.365036
2022,80.75,67.365036
