year,y_true,y_pred
2018,108.57,119.820335
2019,91.62,119.820335
2020,66.89,119.820335
2021,95.66,119.820335
2022,122.51,110.758835
