year,y_true,y_pred
2018,28.18,38.89464
2019,55.73,38.20492
2020,27.55,38.89464
2021,13.63,23.761068
2022,0.0,26.609917
