year,y_true,y_pred
2018,619.98,498.66217
2019,654.78,562.5133
2020,551.04,562.5133
2021,804.14,498.66217
2022,668.66,562.5133
