year,y_true,y_pred
2018,40.42,47.958084
2019,40.42,41.451084
2020,0.0,49.57596
2021,40.42,49.57596
2022,0.0,41.451084
