year,y_true,y_pred
2018,444.62,260.38193
2019,404.2,260.38193
2020,444.62,260.38193
2021,808.41,260.38193
2022,376.97,260.38193
