year,y_true,y_pred
2018,21.44,23.553999
2019,0.0,23.553999
2020,107.39,27.567
2021,64.78,27.497187
2022,122.79,40.872124
