year,y_true,y_pred
2018,407.29,416.6728
2019,277.66,416.6728
2020,279.21,476.03586
2021,302.31,476.03586
2022,319.25,416.6728
