mae,rmse,r2,city,model,sequence_length,forecast_horizon,normalization,val_size
0.016533238407691872,0.04320930073217102,-0.062471563565076105,4314902,xgboost,8,4,,
