year,y_true,y_pred
2018,0.0,38.859917
2019,52.9,33.37654
2020,0.0,41.879417
2021,53.66,38.859917
2022,55.16,41.879417
