year,y_true,y_pred
2018,1129.2,648.4649
2019,899.23,1007.87164
2020,452.85,648.4649
2021,482.96,648.4649
2022,358.52,692.08484
