year,y_true,y_pred
2018,42.49,79.51063
2019,52.92,68.16192
2020,42.2,79.51063
2021,31.55,68.16192
2022,69.9,68.16192
