year,y_true,y_pred
2018,0.0,0.61888236
2019,0.0,0.61888236
2020,5.27,0.61888236
2021,0.0,0.61888236
2022,0.0,0.61888236
