year,y_true,y_pred
2018,74.35,110.973366
2019,89.97,111.95591
2020,47.47,111.95591
2021,105.16,111.95591
2022,59.92,111.95591
