year,y_true,y_pred
2018,37.18,48.629623
2019,26.46,50.90504
2020,47.47,57.57833
2021,15.77,48.629623
2022,84.88,57.57833
