year,y_true,y_pred
2018,10.62,20.578209
2019,5.29,16.498959
2020,5.27,20.578209
2021,5.26,20.578209
2022,19.97,20.578209
