year,y_true,y_pred
2018,30.09,39.548542
2019,14.92,39.548542
2020,14.79,39.548542
2021,29.35,39.548542
2022,20.08,39.548542
