year,y_true,y_pred
2018,154.64,101.57425
2019,156.74,102.27789
2020,105.88,102.27789
2021,53.6,115.65787
2022,150.79,25.237577
