year,y_true,y_pred
2018,25.9,31.127768
2019,38.32,21.89275
2020,25.2,20.97069
2021,31.1,22.503332
2022,52.34,20.97069
