year,y_true,y_pred
2018,514.59,561.84546
2019,509.72,561.84546
2020,437.01,561.84546
2021,464.51,561.84546
2022,565.04,561.84546
