year,y_true,y_pred
2018,66.4,53.46913
2019,59.97,66.87311
2020,63.25,58.019592
2021,66.49,58.019592
2022,66.66,58.019592
