year,y_true,y_pred
2018,13.67,6.934867
2019,10.64,6.934867
2020,3.83,6.934867
2021,18.05,8.314334
2022,11.28,8.026334
