year,y_true,y_pred
2018,17.58,11.132049
2019,26.11,11.132049
2020,23.96,11.132049
2021,21.85,11.132049
2022,24.61,11.132049
