year,y_true,y_pred
2018,0.0,0.094909094
2019,0.0,0.094909094
2020,0.0,0.094909094
2021,0.0,0.094909094
2022,0.0,0.094909094
