year,y_true,y_pred
2018,120.1,129.81476
2019,121.87,124.651375
2020,137.04,133.90413
2021,117.79,129.81476
2022,163.05,124.651375
