year,y_true,y_pred
2018,0.98,0.3730385
2019,1.93,0.3730385
2020,0.96,0.04939538
2021,0.95,0.00027876292
2022,2.05,0.00066097785
