year,y_true,y_pred
2018,59.97,29.474667
2019,105.37,29.378666
2020,0.0,29.378666
2021,75.87,29.381666
2022,36.74,29.378666
