year,y_true,y_pred
2018,54.0,68.19871
2019,64.9,70.893394
2020,52.1,70.893394
2021,59.2,70.893394
2022,58.3,70.893394
