year,y_true,y_pred
2018,0.0,0.12444167
2019,1.25,0.12444167
2020,0.0,0.12444167
2021,0.0,0.12444167
2022,0.0,0.12444167
