year,y_true,y_pred
2018,139.4,98.12376
2019,138.53,96.53939
2020,129.01,96.53939
2021,145.53,96.53939
2022,144.53,96.53939
