year,y_true,y_pred
2018,0.0,0.5279787
2019,1.25,0.5279787
2020,1.24,0.5279787
2021,0.0,0.5279787
2022,1.21,0.5279787
