year,y_true,y_pred
2018,25.12,43.632896
2019,38.69,43.632896
2020,29.77,43.632896
2021,27.13,43.632896
2022,35.22,43.632896
