year,y_true,y_pred
2018,12.56,10.376666
2019,11.23,7.7722077
2020,14.89,9.954708
2021,14.8,9.954708
2022,8.5,9.954708
