year,y_true,y_pred
2018,524.32,723.627
2019,554.1,386.27954
2020,408.76,592.8312
2021,526.01,386.27954
2022,654.04,386.27954
