year,y_true,y_pred
2018,29.13,37.341335
2019,87.49,80.65377
2020,29.2,19.588398
2021,87.67,37.341335
2022,68.85,24.079645
