year,y_true,y_pred
2018,89.53,116.32454
2019,0.0,131.62454
2020,28.9,139.11734
2021,0.0,116.32454
2022,0.0,116.32454
