year,y_true,y_pred
2018,49.36,25.917997
2019,49.07,53.160675
2020,43.9,53.160675
2021,53.35,53.160675
2022,85.91,25.917997
