year,y_true,y_pred
2018,375.16,347.78427
2019,397.45,347.78427
2020,326.81,347.78427
2021,412.26,347.78427
2022,545.76,347.78427
