year,y_true,y_pred
2018,11.76,10.284493
2019,5.72,10.284493
2020,11.15,16.762877
2021,10.88,21.978447
2022,13.66,24.96569
