year,y_true,y_pred
2018,258.61,532.8252
2019,240.29,399.04855
2020,284.33,398.99124
2021,282.82,399.0483
2022,293.72,399.0483
