year,y_true,y_pred
2018,43.18,62.01243
2019,53.17,56.374596
2020,57.64,54.395348
2021,53.4,60.5794
2022,49.65,41.662033
