year,y_true,y_pred
2018,883.4,948.56354
2019,918.1,928.9887
2020,541.51,1172.2626
2021,559.81,952.17114
2022,673.33,948.56354
