year,y_true,y_pred
2018,249.23,840.66864
2019,478.64,840.66864
2020,287.29,840.66864
2021,577.45,840.66864
2022,1042.54,840.66864
