year,y_true,y_pred
2018,35.6,91.14367
2019,23.35,91.14367
2020,45.97,91.14367
2021,67.93,64.99834
2022,23.97,64.99834
