year,y_true,y_pred
2018,0.0,16.479916
2019,39.09,16.479916
2020,0.0,16.479916
2021,117.14,16.479916
2022,42.84,40.863834
