year,y_true,y_pred
2018,352.11,579.47614
2019,430.02,579.47614
2020,468.75,579.47614
2021,351.43,579.47614
2022,428.45,579.47614
