year,y_true,y_pred
2018,117.37,180.35324
2019,78.19,125.80769
2020,78.13,125.80769
2021,117.14,125.80769
2022,171.38,125.80769
