year,y_true,y_pred
2018,0.0,48.664272
2019,78.19,48.664272
2020,0.0,30.343634
2021,39.05,40.08652
2022,0.0,48.664272
