mae,rmse,r2,city,model,sequence_length,forecast_horizon,normalization,val_size
0.09945485209501166,0.24352703968448386,-0.02329967582481296,2606002,xgboost,8,4,,
