year,y_true,y_pred
2018,51.03,63.507416
2019,46.15,63.507416
2020,27.55,63.507416
2021,91.37,63.507416
2022,63.45,46.65724
