year,y_true,y_pred
2018,867.51,826.1392
2019,862.98,826.1392
2020,564.74,826.1392
2021,698.98,864.22144
2022,765.92,864.22144
