year,y_true,y_pred
2018,52.19,53.941124
2019,55.15,53.941124
2020,69.05,53.941124
2021,51.2,53.941124
2022,50.72,53.941124
