year,y_true,y_pred
2018,0.0,1.1046717
2019,2.21,1.1046717
2020,0.0,0.3986327
2021,2.18,1.2227345
2022,1.08,0.3986372
