year,y_true,y_pred
2018,12.21,13.827
2019,14.34,15.462501
2020,13.15,15.462501
2021,13.07,12.651313
2022,19.43,12.651313
