year,y_true,y_pred
2018,8.88,8.366465
2019,11.03,4.909796
2020,8.77,7.335937
2021,5.45,5.99419
2022,4.32,4.6716366
