year,y_true,y_pred
2018,44.79,20.217773
2019,15.11,20.217773
2020,53.49,34.136364
2021,38.63,20.217773
2022,22.51,20.217773
