year,y_true,y_pred
2018,358.29,521.76855
2019,271.9,521.76855
2020,351.49,482.34885
2021,293.57,521.76855
2022,615.29,521.76855
