year,y_true,y_pred
2018,25.75,87.16612
2019,125.98,87.16612
2020,49.35,67.48894
2021,72.55,67.48894
2022,173.2,67.48894
