year,y_true,y_pred
2018,123.9,99.46119
2019,153.68,99.46119
2020,123.96,99.46119
2021,84.31,99.46119
2022,72.01,110.47277
