year,y_true,y_pred
2018,261.73,150.92154
2019,121.63,129.14943
2020,242.26,129.14943
2021,241.34,227.07442
2022,215.79,129.14943
