year,y_true,y_pred
2018,52.35,21.501444
2019,34.75,0.0029027017
2020,0.0,9.431685
2021,34.48,0.0005184588
2022,35.96,9.429727
