year,y_true,y_pred
2018,104.69,53.871037
2019,104.26,77.14273
2020,86.52,52.76489
2021,34.48,52.768467
2022,35.96,76.56376
