year,y_true,y_pred
2018,0.0,2.335325
2019,0.0,2.335325
2020,0.0,2.335325
2021,0.0,2.335325
2022,0.0,2.335325
