year,y_true,y_pred
2018,104.69,84.98859
2019,121.63,126.907486
2020,103.82,126.907486
2021,155.15,126.907486
2022,89.91,126.907486
