year,y_true,y_pred
2018,34.85,51.687138
2019,41.76,36.64951
2020,20.85,36.64951
2021,55.53,51.687138
2022,88.2,36.64951
