year,y_true,y_pred
2018,3.33,8.782042
2019,26.08,6.2963333
2020,19.15,6.2914166
2021,0.0,6.2963333
2022,8.51,6.2963333
