year,y_true,y_pred
2018,16.66,5.8525834
2019,9.78,4.3135834
2020,12.77,4.9924583
2021,9.38,5.8525834
2022,17.01,4.9924583
