year,y_true,y_pred
2018,46.65,37.004772
2019,48.9,23.128666
2020,28.73,25.465523
2021,34.41,25.465523
2022,22.69,28.539228
