year,y_true,y_pred
2018,0.0,4.2509465
2019,0.0,2.442423
2020,12.77,0.67879677
2021,9.38,0.9149803
2022,5.67,4.2509465
