year,y_true,y_pred
2018,672.74,514.18976
2019,842.85,514.18976
2020,932.98,514.18976
2021,851.8,644.829
2022,1074.79,514.18976
