year,y_true,y_pred
2018,73.12,16.510351
2019,48.16,33.38153
2020,47.6,49.06718
2021,84.71,32.58001
2022,88.74,25.332035
