year,y_true,y_pred
2018,156.9,46.066998
2019,52.03,63.16375
2020,155.28,32.9194
2021,0.0,63.16375
2022,0.0,32.9194
