year,y_true,y_pred
2018,41.28,45.360085
2019,47.18,31.913128
2020,30.78,44.889984
2021,22.57,31.908531
2022,24.49,22.89062
