year,y_true,y_pred
2018,599.89,567.0258
2019,449.56,545.9538
2020,358.17,567.0258
2021,386.51,548.35333
2022,424.46,548.35333
