year,y_true,y_pred
2018,31.44,18.740227
2019,128.04,95.07652
2020,162.97,78.907104
2021,132.76,30.2686
2022,90.42,87.4475
