year,y_true,y_pred
2018,691.61,757.01575
2019,992.32,719.04584
2020,586.7,907.0299
2021,829.74,675.1779
2022,843.88,923.9919
