year,y_true,y_pred
2018,40.55,55.389168
2019,40.31,62.252666
2020,37.21,48.874332
2021,45.55,48.874332
2022,68.07,55.078667
