year,y_true,y_pred
2018,0.0,7.6846035e-08
2019,5.76,7.6846035e-08
2020,0.0,7.6846035e-08
2021,0.0,7.6846035e-08
2022,0.0,7.6846035e-08
