year,y_true,y_pred
2018,69.51,28.668583
2019,74.85,33.81896
2020,68.7,33.81896
2021,82.55,33.81896
2022,95.91,33.81896
