year,y_true,y_pred
2018,46.34,23.656225
2019,17.27,19.730759
2020,31.49,28.576418
2021,34.16,19.730759
2022,40.22,27.346748
