year,y_true,y_pred
2018,8.69,6.3299794
2019,5.76,6.3299794
2020,11.45,5.4239793
2021,17.08,6.3299794
2022,15.47,5.929042
