year,y_true,y_pred
2018,746.11,847.8409
2019,843.16,845.92535
2020,786.3,830.7358
2021,653.03,896.3044
2022,839.59,844.65186
