year,y_true,y_pred
2018,75.45,64.654465
2019,20.77,64.654465
2020,45.28,64.654465
2021,48.98,55.611332
2022,52.47,53.528164
