year,y_true,y_pred
2018,27.6,27.748999
2019,42.05,23.964561
2020,48.76,23.964561
2021,52.9,23.964561
2022,40.84,27.748999
