year,y_true,y_pred
2018,1146.83,813.5498
2019,912.67,813.5498
2020,733.88,824.0528
2021,1033.95,635.25665
2022,1130.62,944.39465
