year,y_true,y_pred
2018,293.97,596.57886
2019,291.5,596.57886
2020,408.23,596.57886
2021,219.45,596.57886
2022,904.65,596.57886
