year,y_true,y_pred
2018,34.58,39.058002
2019,17.15,39.058002
2020,0.0,36.555626
2021,16.88,36.555626
2022,108.56,36.555626
