year,y_true,y_pred
2018,46.5,108.01323
2019,46.72,43.35366
2020,46.93,43.35366
2021,47.15,81.52755
2022,67.44,81.52755
