year,y_true,y_pred
2018,68.56,42.74891
2019,42.9,42.74891
2020,85.88,42.74891
2021,51.58,42.74891
2022,48.84,42.74891
