year,y_true,y_pred
2018,385.67,225.35678
2019,591.97,225.35678
2020,395.05,225.35678
2021,490.03,225.35678
2022,791.25,225.35678
