year,y_true,y_pred
2018,318.69,230.70142
2019,185.56,240.26392
2020,116.27,197.54587
2021,263.46,197.54587
2022,403.32,197.54587
