year,y_true,y_pred
2018,0.0,16.213757
2019,14.84,15.116308
2020,14.53,5.34376
2021,7.12,15.116308
2022,24.2,10.271994
