year,y_true,y_pred
2018,37.98,43.344208
2019,52.2,40.94421
2020,21.98,47.28367
2021,72.01,47.28367
2022,74.45,39.163708
