year,y_true,y_pred
2018,37.32,58.716938
2019,18.59,58.716938
2020,9.27,58.716938
2021,18.47,58.716938
2022,51.33,58.716938
