year,y_true,y_pred
2018,130.63,460.86243
2019,269.62,460.86243
2020,222.37,460.86243
2021,138.5,460.86243
2022,236.12,460.86243
