year,y_true,y_pred
2018,55.99,80.53609
2019,37.19,101.86133
2020,83.39,72.502075
2021,18.47,60.820885
2022,41.06,81.81337
