year,y_true,y_pred
2018,195.95,152.47983
2019,176.65,153.73572
2020,138.98,168.19232
2021,156.97,157.31084
2022,236.12,198.1185
