year,y_true,y_pred
2018,27.99,17.952333
2019,9.3,18.901333
2020,18.53,18.901333
2021,0.0,17.952333
2022,0.0,22.580418
