year,y_true,y_pred
2018,86.27,50.368473
2019,67.17,50.368473
2020,70.18,50.368473
2021,57.16,50.368473
2022,52.39,50.368473
