year,y_true,y_pred
2018,41.97,66.533585
2019,50.96,71.29867
2020,57.53,66.533585
2021,59.45,71.29867
2022,68.76,71.29867
