year,y_true,y_pred
2018,3.5,12.758477
2019,3.47,12.758477
2020,8.05,12.758477
2021,8.0,12.758477
2022,14.19,12.758477
