year,y_true,y_pred
2018,155.06,124.02034
2019,136.65,124.02034
2020,169.13,142.87805
2021,137.19,124.02034
2022,136.43,142.87805
