year,y_true,y_pred
2018,82.14,0.855762
2019,41.2,0.855762
2020,82.64,0.855762
2021,41.46,0.855762
2022,83.09,0.855762
