year,y_true,y_pred
2018,739.22,250.83116
2019,535.64,321.53458
2020,413.22,279.71414
2021,497.51,279.71414
2022,623.18,279.71414
