year,y_true,y_pred
2018,500.53,575.0673
2019,560.57,557.88434
2020,393.18,566.25934
2021,366.14,566.25934
2022,225.06,557.88434
