year,y_true,y_pred
2018,43.91,16.427666
2019,35.04,14.435667
2020,43.69,16.427666
2021,52.31,14.435667
2022,27.01,16.427666
