year,y_true,y_pred
2018,46.24,46.176533
2019,38.17,53.776863
2020,40.35,46.176533
2021,62.49,52.9687
2022,56.68,65.10336
