year,y_true,y_pred
2018,566.38,607.6493
2019,666.71,560.06635
2020,476.59,607.6493
2021,432.41,560.06635
2022,539.77,560.06635
