year,y_true,y_pred
2018,877.5,658.32654
2019,472.38,689.2808
2020,902.26,723.82886
2021,816.8,689.2808
2022,711.32,658.32654
