year,y_true,y_pred
2018,35.1,40.533333
2019,0.0,54.977356
2020,37.59,35.973373
2021,116.69,54.977356
2022,59.28,35.973373
