mae,rmse,r2,city,model,sequence_length,forecast_horizon,normalization,val_size
30.143587759517363,38.315405140596575,-0.0017648114287724948,3157401,xgboost,8,4,,
