year,y_true,y_pred
2018,46.96,15.624025
2019,46.82,27.027643
2020,31.12,27.027643
2021,15.52,13.63626
2022,15.17,0.0045110923
