year,y_true,y_pred
2018,710.87,237.89001
2019,775.73,291.18494
2020,1012.66,262.81094
2021,686.5,262.81094
2022,720.2,262.81094
