year,y_true,y_pred
2018,69.92,20.15957
2019,57.89,23.0205
2020,80.55,20.15957
2021,91.53,23.0205
2022,36.01,23.0205
