year,y_true,y_pred
2018,267.99,105.78045
2019,308.05,129.48705
2020,116.14,325.40494
2021,233.01,196.00417
2022,349.92,300.38898
