year,y_true,y_pred
2018,0.0,38.285213
2019,0.0,1.0241749
2020,0.0,18.71765
2021,0.0,18.71765
2022,38.88,18.71765
