year,y_true,y_pred
2018,106.57,26.639008
2019,35.71,4.3394423
2020,0.0,22.380945
2021,72.15,3.8775191
2022,39.32,3.8775191
