year,y_true,y_pred
2018,1101.32,692.842
2019,953.43,811.8848
2020,513.01,714.20435
2021,878.48,770.76465
2022,1413.43,811.8848
