year,y_true,y_pred
2018,0.0,46.71979
2019,36.67,35.289104
2020,73.29,26.853104
2021,73.21,26.853104
2022,117.79,35.057335
