mae,rmse,r2,city,model,sequence_length,forecast_horizon,normalization,val_size
10.457101982819182,11.779505877511351,0.0013004470218086484,1715002,xgboost,8,4,,
