year,y_true,y_pred
2018,709.4,815.05634
2019,510.9,746.06866
2020,611.28,815.05634
2021,786.81,767.9267
2022,716.11,710.4717
