year,y_true,y_pred
2018,24.89,86.72736
2019,24.92,86.72736
2020,49.9,86.72736
2021,62.45,86.72736
2022,12.79,86.72736
