year,y_true,y_pred
2018,660.4,812.55493
2019,588.08,782.515
2020,797.74,742.1468
2021,854.7,812.55493
2022,638.45,812.55493
