year,y_true,y_pred
2018,50.8,90.74413
2019,76.71,65.3985
2020,102.93,90.74413
2021,51.8,90.74413
2022,118.23,90.74413
