year,y_true,y_pred
2018,329.06,730.73944
2019,429.82,730.73944
2020,259.33,730.73944
2021,403.95,730.73944
2022,560.19,730.73944
