year,y_true,y_pred
2018,83.75,72.45672
2019,69.06,83.87346
2020,51.79,69.55524
2021,90.38,73.53255
2022,87.35,71.81642
