year,y_true,y_pred
2018,149.04,64.54256
2019,124.02,139.72047
2020,125.97,48.968258
2021,107.07,49.68972
2022,152.16,48.968258
