year,y_true,y_pred
2018,0.0,0.14544444
2019,0.0,0.14544444
2020,0.0,0.14544444
2021,0.0,0.14544444
2022,0.0,0.14544444
