year,y_true,y_pred
2018,38.33,12.218201
2019,23.96,12.218201
2020,25.19,12.218201
2021,27.81,12.218201
2022,39.45,12.218201
