year,y_true,y_pred
2018,14.19,7.1919823
2019,9.87,6.91871
2020,5.6,8.707162
2021,11.12,7.9601617
2022,5.64,5.5355654
