year,y_true,y_pred
2018,0.0,21.427996
2019,37.94,21.427996
2020,37.89,21.427996
2021,37.88,21.427996
2022,117.97,21.427996
