year,y_true,y_pred
2018,297.95,217.22652
2019,227.62,217.22652
2020,189.47,217.22652
2021,227.27,282.0418
2022,668.5,202.46812
