year,y_true,y_pred
2018,29.66,33.523647
2019,42.56,33.523647
2020,22.81,28.596897
2021,32.45,33.523647
2022,32.62,33.523647
