year,y_true,y_pred
2018,306.5,585.1698
2019,360.11,466.44754
2020,172.73,466.44754
2021,246.6,585.1698
2022,326.2,585.1698
