year,y_true,y_pred
2018,0.0,0.41221407
2019,0.0,0.41221407
2020,0.0,0.41221407
2021,0.0,0.41221407
2022,0.0,0.41221407
