year,y_true,y_pred
2018,16.48,11.243917
2019,9.82,9.05775
2020,3.26,9.05775
2021,9.73,11.092417
2022,6.52,9.05775
