year,y_true,y_pred
2018,28.1,32.30033
2019,33.83,41.118565
2020,33.73,41.118565
2021,50.48,41.118565
2022,31.24,33.77333
