year,y_true,y_pred
2018,314.73,353.12485
2019,343.89,353.12485
2020,303.61,353.12485
2021,291.64,353.12485
2022,299.91,353.12485
