year,y_true,y_pred
2018,21.72,35.05929
2019,0.0,47.825333
2020,89.39,37.61679
2021,22.67,35.05929
2022,22.38,47.825333
