year,y_true,y_pred
2018,44.8,30.432999
2019,29.83,37.103
2020,44.71,30.432999
2021,44.66,37.103
2022,0.0,37.103
