year,y_true,y_pred
2018,149.34,177.74904
2019,343.08,177.74904
2020,223.55,273.52463
2021,119.1,252.36061
2022,202.19,182.14696
