year,y_true,y_pred
2018,35.65,18.313713
2019,41.56,18.313713
2020,47.45,6.7999544
2021,65.19,12.712275
2022,32.41,12.712275
