year,y_true,y_pred
2018,47.53,12.196563
2019,17.81,12.196563
2020,29.65,16.220875
2021,29.63,12.196563
2022,12.97,12.196563
