year,y_true,y_pred
2018,35.65,10.875333
2019,11.87,7.0499163
2020,11.86,10.875333
2021,11.85,7.900333
2022,12.97,10.2786665
