year,y_true,y_pred
2018,240.28,292.61624
2019,307.83,271.464
2020,115.34,292.61624
2021,296.11,269.877
2022,366.36,271.464
