year,y_true,y_pred
2018,60.07,7.0799685
2019,0.0,6.581125
2020,14.42,9.282625
2021,56.4,6.194
2022,0.0,6.581125
