year,y_true,y_pred
2018,49.91,0.00070082577
2019,49.75,-0.30573648
2020,24.8,-0.30573648
2021,49.46,-0.30573648
2022,97.32,-0.30573648
