year,y_true,y_pred
2018,474.17,410.93616
2019,398.01,365.35178
2020,248.02,410.93616
2021,272.01,410.93616
2022,754.26,334.36813
