year,y_true,y_pred
2018,61.98,83.69777
2019,64.41,83.69777
2020,56.14,83.69777
2021,39.95,83.69777
2022,44.87,83.69777
