year,y_true,y_pred
2018,132.04,149.4642
2019,96.62,138.07007
2020,98.92,126.99133
2021,114.53,112.0373
2022,99.7,112.0373
