year,y_true,y_pred
2018,97.01,78.6326
2019,99.3,88.159996
2020,96.25,81.104996
2021,117.19,81.104996
2022,114.66,86.86175
