year,y_true,y_pred
2018,0.0,0.26795834
2019,0.0,0.26795834
2020,2.67,0.26795834
2021,0.0,0.26795834
2022,0.0,0.26795834
