year,y_true,y_pred
2018,5.39,6.09525
2019,10.74,7.124417
2020,5.35,6.09525
2021,13.32,7.8262916
2022,2.49,6.09525
