year,y_true,y_pred
2018,22.29,45.6
2019,89.97,49.984375
2020,45.39,45.6
2021,91.6,41.318874
2022,21.83,35.638374
