year,y_true,y_pred
2018,260.45,181.59334
2019,282.59,181.59334
2020,329.3,181.59334
2021,375.01,181.59334
2022,345.7,181.59334
