year,y_true,y_pred
2018,29.35,22.232334
2019,32.61,22.232334
2020,14.32,22.232334
2021,45.99,17.300854
2022,35.54,20.204792
