year,y_true,y_pred
2018,89.81,34.43227
2019,17.91,20.164867
2020,35.71,7.5045304
2021,0.0,34.43227
2022,33.46,7.5045304
