year,y_true,y_pred
2018,449.07,226.90305
2019,393.98,277.0958
2020,374.93,276.68002
2021,302.65,226.90305
2022,585.48,226.90305
