year,y_true,y_pred
2018,76.3,71.609665
2019,87.72,71.609665
2020,24.72,61.426666
2021,12.19,56.894665
2022,100.09,50.686207
