year,y_true,y_pred
2018,686.67,759.35004
2019,802.01,936.88965
2020,753.83,878.47125
2021,317.03,878.47125
2022,1272.52,913.6096
