year,y_true,y_pred
2018,77.1,72.250336
2019,46.3,81.44133
2020,69.5,81.44133
2021,61.82,80.38133
2022,76.73,81.44133
