year,y_true,y_pred
2018,18.32,47.199097
2019,47.01,42.121773
2020,53.55,47.199097
2021,67.0,47.199097
2022,45.31,49.151367
