year,y_true,y_pred
2018,53.2,58.046997
2019,10.39,48.293396
2020,50.83,53.357998
2021,49.77,48.293396
2022,26.21,53.357998
