year,y_true,y_pred
2018,33.3,104.897194
2019,77.51,62.909344
2020,110.49,87.16097
2021,110.25,104.85089
2022,0.0,115.89265
