year,y_true,y_pred
2018,358.64,320.55988
2019,406.26,320.55988
2020,320.44,320.55988
2021,221.26,261.36975
2022,450.51,261.36975
