year,y_true,y_pred
2018,16.49,18.178427
2019,44.69,11.871916
2020,12.02,23.067804
2021,43.46,21.447392
2022,60.65,23.067804
