year,y_true,y_pred
2018,815.3,636.841
2019,1145.75,636.841
2020,676.58,710.89703
2021,973.96,700.4312
2022,874.99,710.89703
