year,y_true,y_pred
2018,94.7,60.251007
2019,77.34,60.251007
2020,39.48,60.251007
2021,0.0,60.251007
2022,38.03,19.956203
