year,y_true,y_pred
2018,359.33,857.78406
2019,465.12,857.78406
2020,486.46,857.78406
2021,550.03,857.78406
2022,371.18,857.78406
