year,y_true,y_pred
2018,156.69,69.36813
2019,54.16,67.327835
2020,87.49,69.36813
2021,66.91,82.67567
2022,79.15,69.36813
