year,y_true,y_pred
2018,258.87,216.49411
2019,169.26,197.97136
2020,282.66,216.49411
2021,147.21,195.52234
2022,165.5,216.49411
