year,y_true,y_pred
2018,115.81,53.58228
2019,47.39,53.58228
2020,80.76,53.58228
2021,53.53,53.58228
2022,93.55,53.58228
