year,y_true,y_pred
2018,20.44,7.4442863
2019,0.0,7.452792
2020,26.92,13.949663
2021,13.38,19.52552
2022,14.39,0.0011009182
