year,y_true,y_pred
2018,64.14,59.127003
2019,63.49,59.127003
2020,15.72,59.127003
2021,46.72,42.01394
2022,62.84,53.637
