year,y_true,y_pred
2018,843.69,590.43146
2019,898.23,680.98413
2020,795.41,680.98413
2021,785.29,590.43146
2022,1030.81,590.43146
