year,y_true,y_pred
2018,74.17,49.600502
2019,46.3,57.509335
2020,27.75,49.600502
2021,83.15,49.600502
2022,80.17,57.509335
