year,y_true,y_pred
2018,0.0,2.3572915
2019,0.0,2.3572915
2020,0.0,2.3572915
2021,0.0,2.3572915
2022,0.0,2.3572915
