year,y_true,y_pred
2018,129.8,121.08036
2019,212.98,114.05948
2020,110.99,219.65546
2021,138.58,138.69363
2022,206.16,127.54691
