year,y_true,y_pred
2018,18.54,16.567999
2019,9.26,13.364599
2020,18.5,13.364599
2021,9.24,13.364599
2022,11.45,16.5395
