year,y_true,y_pred
2018,64.9,25.362787
2019,37.04,28.855602
2020,55.49,35.06204
2021,9.24,29.25417
2022,57.27,30.618418
