year,y_true,y_pred
2018,114.59,73.12825
2019,98.93,77.452
2020,120.35,79.582
2021,64.7,77.452
2022,89.61,73.12825
