year,y_true,y_pred
2018,595.65,272.95734
2019,434.39,272.95734
2020,752.91,236.51146
2021,500.91,272.95734
2022,246.37,272.95734
