year,y_true,y_pred
2018,22.91,32.975334
2019,22.86,30.701542
2020,45.63,18.800722
2021,45.54,18.800722
2022,49.27,30.701542
