year,y_true,y_pred
2018,0.0,96.29633
2019,137.17,94.16742
2020,68.45,91.864334
2021,91.07,75.805046
2022,73.91,91.864334
