year,y_true,y_pred
2018,91.64,19.938168
2019,22.86,19.938168
2020,22.82,18.765333
2021,45.54,18.765333
2022,24.64,19.938168
