year,y_true,y_pred
2018,0.0,38.46904
2019,22.86,85.01076
2020,22.82,85.01076
2021,45.54,47.36416
2022,49.27,22.377468
