year,y_true,y_pred
2018,0.0,2.0610085
2019,0.0,2.0610085
2020,0.0,2.0610085
2021,0.0,2.0610085
2022,0.0,2.0610085
