year,y_true,y_pred
2018,43.61,24.64779
2019,23.79,21.167105
2020,27.77,27.425854
2021,19.84,27.425854
2022,27.74,20.738333
