year,y_true,y_pred
2018,348.85,319.48108
2019,257.77,567.5345
2020,150.75,319.48108
2021,226.19,319.48108
2022,291.3,319.48108
