year,y_true,y_pred
2018,91.18,43.87371
2019,79.31,57.2754
2020,119.01,43.87371
2021,107.14,43.87371
2022,147.96,43.87371
