year,y_true,y_pred
2018,0.0,0.68972486
2019,0.0,0.68972486
2020,0.0,0.68972486
2021,0.0,0.68972486
2022,0.0,0.68972486
