year,y_true,y_pred
2018,15.86,27.66532
2019,23.79,32.884445
2020,51.57,17.488234
2021,43.65,32.832302
2022,9.25,35.00441
