year,y_true,y_pred
2018,7.93,4.6140003
2019,0.0,4.6140003
2020,7.93,2.98
2021,3.97,4.6140003
2022,18.5,2.98
