year,y_true,y_pred
2018,1078.68,801.6012
2019,1239.05,834.89746
2020,1251.35,834.89746
2021,1001.96,834.89746
2022,993.85,834.89746
