year,y_true,y_pred
2018,56.45,30.055967
2019,27.94,30.055967
2020,27.67,24.088291
2021,0.0,28.817333
2022,37.13,28.817333
