year,y_true,y_pred
2018,61.62,59.871662
2019,66.69,61.329502
2020,30.98,64.85778
2021,70.76,65.110054
2022,70.59,65.537415
