year,y_true,y_pred
2018,118.48,75.7293
2019,0.0,114.90974
2020,39.86,149.35635
2021,80.13,0.0013078859
2022,76.28,114.91
