year,y_true,y_pred
2018,68.31,41.921875
2019,107.26,41.921875
2020,58.47,53.00556
2021,77.9,41.921875
2022,73.65,53.00556
