year,y_true,y_pred
2018,12.32,12.991501
2019,30.75,19.508001
2020,30.7,12.991501
2021,24.53,12.991501
2022,13.57,19.508001
