year,y_true,y_pred
2018,314.16,356.20355
2019,350.55,356.20355
2020,337.73,356.20355
2021,367.92,356.20355
2022,481.68,356.20355
