year,y_true,y_pred
2018,24.64,3.315763
2019,12.3,2.8707626
2020,12.28,3.2408218
2021,18.4,3.2408218
2022,6.78,2.8707626
