year,y_true,y_pred
2018,43.12,32.28519
2019,61.5,20.272953
2020,30.7,20.759443
2021,18.4,20.759443
2022,40.71,45.429497
