year,y_true,y_pred
2018,104.72,47.666004
2019,55.35,31.630392
2020,73.69,31.630392
2021,134.9,31.630392
2022,101.76,31.630392
