year,y_true,y_pred
2018,432.65,361.31796
2019,383.77,395.73434
2020,261.37,386.81384
2021,190.9,399.92526
2022,320.41,361.31845
