year,y_true,y_pred
2018,38.18,37.872196
2019,31.46,29.006893
2020,31.12,19.624626
2021,24.63,19.624626
2022,38.45,29.145712
