year,y_true,y_pred
2018,219.71,234.24922
2019,137.65,234.24922
2020,154.94,237.67938
2021,120.86,233.94943
2022,369.87,237.02567
