year,y_true,y_pred
2018,33.29,26.963478
2019,6.55,29.007332
2020,19.37,35.02133
2021,12.72,31.581541
2022,47.22,23.604229
