year,y_true,y_pred
2018,73.24,26.006638
2019,52.44,39.461502
2020,71.01,47.335403
2021,95.41,30.290522
2022,31.48,36.931572
