year,y_true,y_pred
2018,33.29,10.561958
2019,0.0,10.561958
2020,25.82,9.443634
2021,31.8,13.107458
2022,55.09,10.561958
