year,y_true,y_pred
2018,0.0,0.72485
2019,0.0,0.72485
2020,0.0,0.72485
2021,6.36,0.72485
2022,0.0,0.72485
