year,y_true,y_pred
2018,6.66,3.9296474
2019,6.55,9.36885
2020,6.46,4.7474184
2021,12.72,6.7023616
2022,0.0,0.0014023364
