year,y_true,y_pred
2018,63.39,26.255253
2019,12.58,39.341747
2020,24.96,30.1124
2021,24.77,52.7773
2022,22.96,25.184254
