year,y_true,y_pred
2018,570.49,264.16046
2019,377.31,264.16046
2020,287.03,264.16046
2021,470.7,264.16046
2022,332.91,367.7836
