year,y_true,y_pred
2018,72.6,67.609955
2019,72.45,70.49177
2020,71.65,70.49177
2021,67.39,70.49177
2022,64.46,67.21667
