year,y_true,y_pred
2018,570.14,606.4203
2019,525.52,545.90784
2020,440.79,494.94196
2021,444.7,569.5136
2022,560.64,589.4871
