year,y_true,y_pred
2018,17.24,13.405506
2019,13.91,11.351871
2020,16.42,12.732903
2021,20.41,12.948902
2022,22.69,16.570402
