year,y_true,y_pred
2018,43.33,38.239788
2019,45.08,38.239788
2020,45.03,38.239788
2021,46.97,38.239788
2022,50.68,38.239788
