year,y_true,y_pred
2018,147.47,131.16455
2019,149.6,142.9736
2020,135.1,147.1661
2021,149.92,140.00403
2022,151.19,142.9736
