year,y_true,y_pred
2018,12.02,9.923666
2019,12.34,9.923666
2020,8.43,9.923666
2021,10.97,9.826666
2022,13.78,10.544666
