year,y_true,y_pred
2018,53.66,13.834875
2019,35.65,13.834875
2020,34.12,13.834875
2021,34.01,13.834875
2022,35.92,13.834875
