year,y_true,y_pred
2018,727.4,699.85077
2019,831.95,753.64935
2020,443.5,753.64935
2021,537.31,714.92126
2022,1350.77,651.1304
