year,y_true,y_pred
2018,0.0,1.0763549
2019,0.0,1.0763549
2020,0.0,1.0763549
2021,0.0,1.0763549
2022,7.18,1.0763549
