year,y_true,y_pred
2018,155.02,62.42321
2019,124.79,62.42321
2020,170.58,62.42321
2021,170.03,62.42321
2022,215.55,62.42321
