year,y_true,y_pred
2018,47.7,13.491333
2019,35.65,16.69329
2020,13.65,13.491333
2021,34.01,14.867332
2022,21.55,13.491333
