year,y_true,y_pred
2018,5.96,24.794905
2019,23.77,38.12354
2020,75.05,18.172989
2021,27.21,12.782502
2022,35.92,24.696808
