year,y_true,y_pred
2018,0.0,3.1885962
2019,0.0,3.1885962
2020,0.0,3.1885962
2021,0.0,3.1885962
2022,0.0,3.1885962
