year,y_true,y_pred
2018,70.62,78.45645
2019,46.49,77.318665
2020,68.9,77.318665
2021,45.4,77.318665
2022,54.69,77.318665
