year,y_true,y_pred
2018,42.97,48.25265
2019,86.54,101.06675
2020,43.55,101.06675
2021,219.2,47.840103
2022,215.7,101.06675
