year,y_true,y_pred
2018,108.67,85.03866
2019,91.36,118.986176
2020,57.78,82.724045
2021,75.5,75.99184
2022,99.88,84.87967
