year,y_true,y_pred
2018,91.95,88.874
2019,76.41,88.874
2020,104.01,93.87299
2021,80.42,96.1665
2022,96.24,93.87299
