year,y_true,y_pred
2018,40.12,34.102333
2019,38.21,32.759583
2020,26.41,32.759583
2021,42.67,34.930332
2022,45.4,35.954533
