year,y_true,y_pred
2018,73.56,60.342255
2019,46.51,60.342255
2020,47.88,53.22496
2021,57.44,53.22496
2022,56.29,57.69948
