year,y_true,y_pred
2018,16.14,10.525016
2019,7.81,10.393818
2020,0.0,16.5601
2021,7.37,16.5601
2022,5.88,10.8056135
