year,y_true,y_pred
2018,104.89,144.0834
2019,85.96,78.1944
2020,68.26,97.74367
2021,88.49,97.74367
2022,100.04,97.74367
