year,y_true,y_pred
2018,969.88,769.0205
2019,664.28,978.07825
2020,460.59,823.9132
2021,717.21,760.75696
2022,599.1,823.9132
