year,y_true,y_pred
2018,129.18,99.42667
2019,51.02,116.824585
2020,84.03,116.824585
2021,83.08,99.42667
2022,128.52,116.824585
