year,y_true,y_pred
2018,504.5,421.20926
2019,677.99,421.20926
2020,555.56,433.286
2021,471.29,433.286
2022,591.5,421.20926
