year,y_true,y_pred
2018,7.76,23.878168
2019,23.38,23.878168
2020,23.47,19.177334
2021,15.71,19.177334
2022,7.3,23.878168
