year,y_true,y_pred
2018,0.0,0.49016666
2019,0.0,0.49016666
2020,0.0,0.49016666
2021,7.85,0.6285667
2022,0.0,0.49016666
