year,y_true,y_pred
2018,0.0,3.1846666
2019,0.0,2.8474667
2020,15.65,4.529333
2021,0.0,5.4511666
2022,0.0,2.8474667
