year,y_true,y_pred
2018,100.9,118.63133
2019,140.27,118.06634
2020,125.2,118.63133
2021,54.98,113.11584
2022,131.44,113.291336
