year,y_true,y_pred
2018,19.73,30.934864
2019,19.46,30.934864
2020,44.82,30.934864
2021,44.26,35.352333
2022,43.83,35.352333
