year,y_true,y_pred
2018,407.71,355.97232
2019,512.45,329.07202
2020,492.99,341.32202
2021,404.7,355.97232
2022,450.87,355.97232
