year,y_true,y_pred
2018,0.0,0.65557575
2019,0.0,0.65557575
2020,0.0,0.65557575
2021,0.0,0.65557575
2022,0.0,0.65557575
