year,y_true,y_pred
2018,39.46,58.669395
2019,12.97,58.669395
2020,12.8,47.820778
2021,31.62,47.820778
2022,37.57,55.756386
