year,y_true,y_pred
2018,13.15,17.650146
2019,6.49,17.650146
2020,12.8,20.422209
2021,12.65,20.446667
2022,18.79,20.446667
