year,y_true,y_pred
2018,233.2,230.47853
2019,244.0,230.47853
2020,272.13,230.47853
2021,346.26,243.17932
2022,411.84,264.09332
