year,y_true,y_pred
2018,23.32,38.088665
2019,46.48,34.202583
2020,28.95,33.253082
2021,23.08,38.088665
2022,31.68,34.202583
