year,y_true,y_pred
2018,0.0,67.36453
2019,99.86,59.753834
2020,39.79,50.276585
2021,79.29,56.257336
2022,64.78,50.276585
