year,y_true,y_pred
2018,441.15,642.15515
2019,499.3,642.15515
2020,298.45,642.15515
2021,455.9,772.07306
2022,734.18,772.07306
