year,y_true,y_pred
2018,144.44,92.331665
2019,98.86,87.65583
2020,203.05,71.90973
2021,104.28,92.331665
2022,41.48,71.90973
