year,y_true,y_pred
2018,15.43,4.5586877
2019,13.59,5.0030003
2020,6.73,5.0030003
2021,23.36,5.0030003
2022,33.74,5.0030003
