year,y_true,y_pred
2018,241.81,268.86774
2019,227.66,298.79074
2020,196.98,298.79074
2021,255.31,298.79074
2022,305.55,268.86774
