year,y_true,y_pred
2018,526.32,455.40433
2019,756.83,503.74234
2020,296.25,422.1899
2021,526.84,345.58853
2022,460.34,455.40433
