year,y_true,y_pred
2018,98.68,17.49627
2019,98.72,18.060665
2020,0.0,18.060665
2021,32.93,17.49627
2022,35.41,17.49627
