year,y_true,y_pred
2018,551.83,956.85834
2019,580.32,956.85834
2020,633.44,956.85834
2021,396.6,956.85834
2022,621.72,956.85834
