year,y_true,y_pred
2018,33.96,61.243393
2019,50.46,61.243393
2020,75.01,58.216152
2021,41.31,69.84096
2022,8.76,34.25857
