year,y_true,y_pred
2018,47.95,31.363737
2019,74.34,24.253204
2020,63.51,24.253204
2021,73.86,24.253204
2022,37.13,24.253204
