year,y_true,y_pred
2018,101.23,102.38763
2019,127.44,109.89057
2020,148.2,109.89057
2021,84.41,109.89057
2022,95.49,103.88163
