year,y_true,y_pred
2018,31.97,61.968666
2019,74.34,58.77233
2020,68.8,61.968666
2021,84.41,52.796333
2022,84.88,58.77233
