year,y_true,y_pred
2018,0.0,0.95829165
2019,0.0,0.95829165
2020,0.0,0.95829165
2021,0.0,0.95829165
2022,0.0,0.95829165
