year,y_true,y_pred
2018,21.31,8.956765
2019,21.24,8.956765
2020,31.76,8.956765
2021,15.83,8.956765
2022,10.61,8.956765
