year,y_true,y_pred
2018,54.24,19.43775
2019,21.57,22.9
2020,32.18,16.170374
2021,21.34,26.293999
2022,67.99,16.170374
