year,y_true,y_pred
2018,336.3,258.59525
2019,388.31,232.28433
2020,343.27,239.54012
2021,320.07,248.81433
2022,385.27,248.81433
