year,y_true,y_pred
2018,97.64,115.29208
2019,118.65,115.29208
2020,171.64,115.29208
2021,96.02,115.29208
2022,90.65,115.29208
