year,y_true,y_pred
2018,0.0,6.5804167
2019,0.0,8.467417
2020,10.73,6.39675
2021,0.0,6.39675
2022,33.99,6.39675
