year,y_true,y_pred
2018,65.09,39.462856
2019,43.15,33.23329
2020,64.36,33.099792
2021,85.35,33.23329
2022,45.33,33.23329
