year,y_true,y_pred
2018,39.89,7.6988335
2019,23.61,7.6988335
2020,7.76,7.6988335
2021,61.32,5.6600833
2022,36.12,7.6988335
