year,y_true,y_pred
2018,723.69,798.77515
2019,824.85,900.1154
2020,691.01,798.77515
2021,898.08,900.1154
2022,1150.92,798.77515
