year,y_true,y_pred
2018,40.21,60.664772
2019,20.37,60.664772
2020,30.94,60.664772
2021,62.66,60.664772
2022,54.29,70.86125
