year,y_true,y_pred
2018,24.63,57.473194
2019,57.35,75.33481
2020,49.05,88.05244
2021,130.54,73.075745
2022,112.07,61.586113
