year,y_true,y_pred
2018,46.8,39.492832
2019,66.71,38.898666
2020,59.91,39.492832
2021,73.08,38.898666
2022,55.69,38.898666
