year,y_true,y_pred
2018,66.38,10.875022
2019,41.32,10.868176
2020,41.15,27.972952
2021,32.79,27.972952
2022,98.85,27.970345
