year,y_true,y_pred
2018,307.03,219.70601
2019,198.31,223.94939
2020,189.28,206.58539
2021,360.66,223.41689
2022,296.55,223.94939
