year,y_true,y_pred
2018,41.49,8.356376
2019,16.53,25.179554
2020,24.69,24.413141
2021,16.39,25.179554
2022,53.92,24.413141
