year,y_true,y_pred
2018,41.49,23.715666
2019,24.79,23.715666
2020,41.15,23.715666
2021,24.59,23.715666
2022,62.9,23.715666
