year,y_true,y_pred
2018,134.71,480.9792
2019,312.78,386.65973
2020,222.12,386.65973
2021,176.68,386.65973
2022,415.51,386.65973
