year,y_true,y_pred
2018,25.65,29.571
2019,41.73,29.571
2020,8.13,23.413874
2021,24.02,20.582811
2022,23.19,20.255999
