year,y_true,y_pred
2018,21.98,24.468584
2019,65.95,16.076084
2020,43.99,24.468584
2021,22.0,16.076084
2022,21.15,24.468584
