year,y_true,y_pred
2018,439.56,703.78766
2019,461.64,565.7946
2020,285.9,703.78766
2021,263.97,565.7946
2022,359.48,565.7946
