year,y_true,y_pred
2018,99.4,86.65746
2019,149.66,77.88867
2020,100.13,61.836876
2021,25.12,77.88867
2022,101.83,61.836876
