year,y_true,y_pred
2018,16.01,15.108708
2019,20.12,14.064667
2020,8.1,12.952233
2021,28.49,12.952233
2022,49.5,12.952233
