year,y_true,y_pred
2018,0.0,0.33063334
2019,0.0,0.33063334
2020,0.0,0.33063334
2021,0.0,0.33063334
2022,0.0,0.33063334
