year,y_true,y_pred
2018,28.01,25.913834
2019,40.25,25.913834
2020,20.24,25.913834
2021,32.57,25.913834
2022,53.62,25.913834
