year,y_true,y_pred
2018,92.03,79.82079
2019,100.62,79.82079
2020,89.05,79.82079
2021,77.34,79.82079
2022,132.0,78.95493
