year,y_true,y_pred
2018,24.01,23.597
2019,16.1,14.952801
2020,20.24,23.597
2021,44.78,23.597
2022,12.37,19.02425
