year,y_true,y_pred
2018,0.0,0.44443563
2019,0.0,0.44443563
2020,0.0,0.44443563
2021,0.0,0.44443563
2022,4.12,0.44443563
