year,y_true,y_pred
2018,382.06,317.29053
2019,437.09,349.38904
2020,347.14,349.38904
2021,425.19,317.29053
2022,462.45,349.38904
