year,y_true,y_pred
2018,38.85,42.379784
2019,39.35,36.74921
2020,43.39,40.719284
2021,44.57,40.719284
2022,32.33,39.46452
