year,y_true,y_pred
2018,0.72,0.4172381
2019,0.0,0.4172381
2020,0.0,0.4172381
2021,0.0,0.4172381
2022,0.0,0.4172381
