year,y_true,y_pred
2018,106.49,93.283585
2019,118.04,93.283585
2020,136.58,93.283585
2021,116.73,93.283585
2022,122.29,93.283585
