year,y_true,y_pred
2018,67.63,69.803406
2019,75.83,74.74015
2020,72.56,69.803406
2021,67.92,69.802345
2022,64.66,74.74015
