year,y_true,y_pred
2018,7.91,8.319333
2019,9.3,10.217867
2020,8.54,10.217867
2021,10.61,10.217867
2022,3.51,10.217867
