year,y_true,y_pred
2018,80.07,37.79053
2019,68.09,34.65583
2020,101.36,50.200523
2021,78.27,34.348606
2022,101.0,34.65583
