year,y_true,y_pred
2018,79.93,66.12611
2019,53.64,66.12611
2020,80.99,81.380005
2021,81.52,70.442
2022,95.62,66.12611
