year,y_true,y_pred
2018,0.0,59.495
2019,40.23,43.923
2020,13.5,52.548748
2021,54.35,48.053623
2022,54.64,52.548748
