year,y_true,y_pred
2018,0.0,29.273792
2019,0.0,17.260376
2020,67.49,19.534292
2021,27.17,29.273792
2022,13.66,14.360105
