year,y_true,y_pred
2018,199.81,233.05727
2019,214.56,249.5721
2020,242.98,292.17184
2021,135.87,259.10556
2022,232.21,281.79938
