year,y_true,y_pred
2018,0.0,4.4455304
2019,0.0,4.4455304
2020,0.0,4.4455304
2021,13.59,4.4455304
2022,0.0,0.19463359
