year,y_true,y_pred
2018,45.09,64.47832
2019,52.56,58.9994
2020,22.51,58.010483
2021,59.97,52.8734
2022,66.11,65.47248
