year,y_true,y_pred
2018,25.27,26.971266
2019,18.77,26.971266
2020,11.82,26.971266
2021,43.15,26.971266
2022,26.31,26.971266
