year,y_true,y_pred
2018,88.0,62.64985
2019,100.65,68.57049
2020,111.0,68.571556
2021,108.27,68.57049
2022,97.41,68.57049
