year,y_true,y_pred
2018,46.2,49.62782
2019,35.01,49.62782
2020,58.77,49.62782
2021,51.97,49.62782
2022,53.58,49.62782
