year,y_true,y_pred
2018,13.2,13.692083
2019,17.5,13.102709
2020,21.77,12.146667
2021,21.65,15.590667
2022,9.74,15.590667
