year,y_true,y_pred
2018,165.0,187.45258
2019,164.1,177.52689
2020,174.12,175.5177
2021,175.4,175.5177
2022,148.56,175.5177
