year,y_true,y_pred
2018,0.0,2.3313332
2019,2.19,2.3313332
2020,6.53,2.3313332
2021,0.0,2.3241665
2022,4.87,2.3166666
