year,y_true,y_pred
2018,123.85,123.003334
2019,116.61,123.003334
2020,121.67,123.003334
2021,90.48,123.003334
2022,205.57,123.003334
