year,y_true,y_pred
2018,628.68,336.50238
2019,701.48,336.50238
2020,580.05,336.50238
2021,153.49,336.50238
2022,857.27,332.633
