year,y_true,y_pred
2018,39.29,15.983823
2019,0.0,22.73804
2020,38.67,15.983823
2021,0.0,15.983823
2022,42.86,15.983823
