year,y_true,y_pred
2018,15.18,17.989058
2019,0.0,4.94008
2020,14.52,4.94008
2021,28.45,4.94008
2022,29.75,17.258356
