year,y_true,y_pred
2018,318.81,150.16786
2019,148.43,271.68835
2020,203.34,150.16786
2021,213.37,271.68835
2022,312.36,271.68835
