year,y_true,y_pred
2018,43.02,55.572964
2019,37.4,53.998123
2020,60.17,50.480934
2021,47.5,55.572964
2022,38.06,55.554432
