year,y_true,y_pred
2018,532.38,570.18115
2019,507.57,546.5974
2020,575.18,516.7061
2021,545.31,516.7061
2022,542.33,570.18115
