year,y_true,y_pred
2018,39.15,64.14796
2019,64.49,82.43208
2020,63.77,82.43208
2021,88.32,82.43208
2022,63.28,73.09008
