year,y_true,y_pred
2018,33.01,42.397625
2019,32.67,42.32547
2020,48.5,38.8331
2021,96.06,36.4886
2022,34.13,34.092274
