year,y_true,y_pred
2018,445.62,470.44574
2019,359.42,470.44574
2020,307.15,470.44574
2021,448.29,470.44574
2022,358.36,470.44574
