year,y_true,y_pred
2018,44.57,77.288506
2019,0.0,81.454605
2020,22.49,77.288506
2021,45.19,81.454605
2022,44.55,81.454605
