year,y_true,y_pred
2018,75.19,82.593544
2019,114.03,98.472336
2020,38.41,91.78233
2021,129.37,92.772545
2022,107.89,89.715546
