year,y_true,y_pred
2018,40.51,22.381332
2019,40.24,22.381332
2020,19.04,22.381332
2021,41.62,22.381332
2022,47.45,22.381332
