year,y_true,y_pred
2018,252.69,232.89525
2019,260.58,254.11797
2020,184.66,267.11914
2021,270.52,267.11914
2022,320.27,259.05533
