year,y_true,y_pred
2018,76.7,26.445084
2019,95.95,26.445084
2020,96.02,26.445084
2021,96.1,26.445084
2022,50.85,26.445084
