year,y_true,y_pred
2018,31.22,54.39432
2019,32.33,54.820534
2020,133.87,54.820534
2021,138.48,50.700333
2022,81.29,50.700333
