year,y_true,y_pred
2018,78.39,89.452644
2019,67.08,73.189705
2020,66.97,82.38171
2021,44.58,82.38171
2022,94.39,82.38171
