year,y_true,y_pred
2018,0.0,22.891083
2019,30.64,29.410667
2020,0.0,23.119667
2021,0.0,16.909206
2022,32.51,29.410667
