year,y_true,y_pred
2018,91.1,163.99576
2019,214.46,163.99576
2020,154.51,163.99576
2021,280.55,211.31465
2022,292.59,163.99576
