year,y_true,y_pred
2018,33.5,46.035583
2019,102.99,46.035583
2020,35.17,46.035583
2021,0.0,28.33235
2022,110.96,46.035583
