year,y_true,y_pred
2018,804.02,1032.1906
2019,1029.87,758.2228
2020,914.53,668.29346
2021,828.83,758.2228
2022,1109.57,966.00146
