year,y_true,y_pred
2018,168.92,44.01614
2019,126.37,43.506317
2020,0.0,43.506317
2021,41.91,42.897564
2022,46.0,5.8898354
