year,y_true,y_pred
2018,355.06,462.24667
2019,446.04,428.93268
2020,426.77,479.53275
2021,332.13,479.53275
2022,483.08,451.83957
