year,y_true,y_pred
2018,18.94,28.269054
2019,30.2,28.269054
2020,15.98,25.99246
2021,24.69,28.269054
2022,40.07,28.480444
