year,y_true,y_pred
2018,11.84,12.420688
2019,18.59,12.420688
2020,11.41,13.525625
2021,24.69,13.525625
2022,4.45,11.738
