year,y_true,y_pred
2018,2.37,0.8215313
2019,0.0,0.8215313
2020,0.0,0.8215313
2021,0.0,0.8215313
2022,0.0,0.8215313
