year,y_true,y_pred
2018,42.61,38.88046
2019,60.4,44.221596
2020,43.36,52.842876
2021,40.39,46.842464
2022,46.75,44.221596
