year,y_true,y_pred
2018,62.53,30.621475
2019,53.4,30.621475
2020,17.74,41.00933
2021,44.2,30.621475
2022,80.67,35.622833
