year,y_true,y_pred
2018,528.05,699.25397
2019,442.0,699.25397
2020,518.1,699.25397
2021,491.64,699.25397
2022,475.54,699.25397
