year,y_true,y_pred
2018,34.7,36.80328
2019,37.68,45.776604
2020,46.85,36.99432
2021,38.91,36.99432
2022,57.86,36.99432
