year,y_true,y_pred
2018,20.78,27.000954
2019,27.14,27.130995
2020,44.37,27.82045
2021,34.62,25.228516
2022,55.77,24.811745
