year,y_true,y_pred
2018,233.39,484.83694
2019,261.81,484.83694
2020,250.38,484.83694
2021,294.23,484.83694
2022,314.48,444.0068
