year,y_true,y_pred
2018,39.96,48.081486
2019,33.52,33.707172
2020,33.28,35.78856
2021,33.04,33.033146
2022,32.53,33.033146
