year,y_true,y_pred
2018,6.39,6.0430064
2019,4.79,6.0430064
2020,11.09,6.6565933
2021,4.72,7.9021015
2022,6.2,6.94293
