year,y_true,y_pred
2018,99.11,85.86412
2019,126.12,85.86412
2020,122.02,85.86412
2021,124.3,111.92298
2022,123.93,85.86412
