year,y_true,y_pred
2018,1188.55,600.5239
2019,1021.32,1168.4132
2020,873.6,835.46216
2021,692.1,983.78705
2022,957.67,698.12726
