year,y_true,y_pred
2018,126.06,60.717247
2019,53.75,56.9155
2020,71.31,60.717247
2021,106.48,54.341
2022,114.92,50.582
