year,y_true,y_pred
2018,18.46,50.127502
2019,9.22,31.05628
2020,18.42,44.084763
2021,27.61,44.084763
2022,49.34,45.691116
