year,y_true,y_pred
2018,101.51,50.20351
2019,64.53,42.480022
2020,101.32,42.480022
2021,73.62,42.480022
2022,49.34,42.480022
