year,y_true,y_pred
2018,46.14,61.0785
2019,36.88,56.904
2020,82.9,57.48888
2021,18.4,52.232746
2022,118.42,62.1173
