year,y_true,y_pred
2018,46.14,21.517666
2019,64.53,21.517666
2020,36.84,25.698917
2021,36.81,21.517666
2022,59.21,21.517666
