mae,rmse,r2,city,model,sequence_length,forecast_horizon,normalization,val_size
0.21260856026102126,0.37182888189635294,-0.20085218726908938,1600055,xgboost,8,4,,
