year,y_true,y_pred
2018,165.2,53.467667
2019,110.74,54.4911
2020,0.0,152.6419
2021,55.99,53.467667
2022,50.89,105.93794
