year,y_true,y_pred
2018,116.41,62.492
2019,38.8,62.492
2020,38.8,48.773293
2021,38.82,48.773293
2022,0.0,76.8722
