year,y_true,y_pred
2018,155.01,137.33636
2019,153.11,137.33636
2020,175.2,168.82773
2021,118.1,168.82773
2022,160.8,168.82773
