year,y_true,y_pred
2018,40.79,18.77921
2019,0.0,21.824667
2020,47.78,21.824667
2021,15.75,14.91924
2022,12.37,21.824667
