year,y_true,y_pred
2018,16.32,5.4861426
2019,16.12,10.132875
2020,15.93,10.132875
2021,7.87,10.132875
2022,6.18,7.1679997
