year,y_true,y_pred
2018,32.63,5.1440234
2019,8.06,21.851484
2020,31.85,5.1440234
2021,55.11,21.851484
2022,24.74,19.022484
