year,y_true,y_pred
2018,0.0,1.9664546
2019,0.0,1.9664546
2020,0.0,1.9664546
2021,7.87,1.9664546
2022,0.0,1.9664546
