year,y_true,y_pred
2018,354.51,397.02368
2019,703.38,381.17685
2020,333.54,402.02258
2021,445.13,376.709
2022,281.78,612.2643
