year,y_true,y_pred
2018,73.86,13.87198
2019,29.93,48.709858
2020,30.32,0.002624516
2021,92.1,40.66776
2022,33.15,72.037895
