year,y_true,y_pred
2018,0.0,20.82927
2019,29.93,20.98527
2020,30.32,24.740957
2021,46.05,27.947958
2022,66.3,28.42227
