year,y_true,y_pred
2018,14.77,5.295843
2019,29.93,5.1820464
2020,0.0,11.978
2021,0.0,10.132823
2022,49.73,20.15107
