year,y_true,y_pred
2018,103.4,58.904064
2019,119.72,75.2674
2020,45.48,75.803
2021,276.29,66.4062
2022,149.18,76.577286
