year,y_true,y_pred
2018,292.75,257.6213
2019,240.31,317.35544
2020,236.85,317.35544
2021,373.74,257.6213
2022,768.74,257.6213
