year,y_true,y_pred
2018,24.4,35.32622
2019,16.02,21.493557
2020,31.58,35.32622
2021,38.93,35.32622
2022,136.13,35.32622
