year,y_true,y_pred
2018,103.63,41.174664
2019,62.57,4.1970553
2020,104.91,71.92908
2021,84.42,71.92908
2022,86.84,71.92908
