year,y_true,y_pred
2018,224.46,240.79294
2019,253.58,233.86478
2020,249.08,265.0361
2021,329.87,233.86478
2022,389.15,257.09805
