year,y_true,y_pred
2018,59.86,31.328566
2019,22.37,38.02933
2020,29.74,31.328566
2021,40.77,31.328566
2022,32.43,31.328566
