year,y_true,y_pred
2018,42.54,45.461857
2019,42.88,56.5
2020,51.16,45.461857
2021,0.0,45.461857
2022,27.16,47.717373
