year,y_true,y_pred
2018,186.71,163.75058
2019,185.61,163.75058
2020,86.87,204.88109
2021,151.22,172.7244
2022,172.75,163.75058
