year,y_true,y_pred
2018,21.97,15.620297
2019,21.84,15.599148
2020,21.72,0.0014519979
2021,10.8,0.008787848
2022,40.65,0.0006387298
