year,y_true,y_pred
2018,9.43,8.064604
2019,27.74,9.294604
2020,13.6,8.064604
2021,13.35,10.934792
2022,13.57,9.294604
