year,y_true,y_pred
2018,155.62,127.94144
2019,180.29,127.94144
2020,81.62,109.28767
2021,80.11,110.351776
2022,85.95,110.351776
