year,y_true,y_pred
2018,353.71,240.42043
2019,489.13,277.25565
2020,268.47,246.54266
2021,421.78,277.25565
2022,334.07,277.25565
