year,y_true,y_pred
2018,33.37,27.151083
2019,33.05,22.692667
2020,32.74,26.755667
2021,12.98,25.541584
2022,48.89,27.151083
