year,y_true,y_pred
2018,0.0,0.63090855
2019,0.0,0.0016644069
2020,0.0,0.63090855
2021,0.0,0.63090855
2022,0.0,0.63090855
