year,y_true,y_pred
2018,6.67,54.481125
2019,19.83,20.36232
2020,13.1,36.21679
2021,12.98,20.372526
2022,0.0,20.372526
