year,y_true,y_pred
2018,53.39,68.86263
2019,79.32,100.61827
2020,58.93,47.042664
2021,58.4,25.607176
2022,57.04,28.989674
