year,y_true,y_pred
2018,60.06,35.55707
2019,66.1,68.835
2020,72.03,68.835
2021,84.36,32.53028
2022,171.11,65.07979
