year,y_true,y_pred
2018,9.58,12.749332
2019,19.22,12.904666
2020,9.63,12.749332
2021,38.62,16.999332
2022,10.8,12.749332
