year,y_true,y_pred
2018,38.49,46.418865
2019,38.19,30.640478
2020,64.44,30.640478
2021,45.16,46.418865
2022,46.85,46.418865
