year,y_true,y_pred
2018,106.9,65.45438
2019,150.29,65.45438
2020,118.46,65.45438
2021,110.73,65.45438
2022,121.45,65.45438
