year,y_true,y_pred
2018,11.2,-0.013865867
2019,0.0,11.442509
2020,23.33,33.282543
2021,35.07,36.887173
2022,79.68,32.208405
