year,y_true,y_pred
2018,78.42,36.74937
2019,162.94,56.410786
2020,81.65,99.03711
2021,46.76,56.410786
2022,132.8,105.56737
