year,y_true,y_pred
2018,0.0,1.038225
2019,0.0,1.038225
2020,0.0,1.038225
2021,0.0,1.038225
2022,13.28,1.038225
