year,y_true,y_pred
2018,0.0,6.557542
2019,0.0,3.1825416
2020,23.33,3.1825416
2021,0.0,2.901729
2022,0.0,3.1825416
