year,y_true,y_pred
2018,44.81,75.51345
2019,11.64,23.401705
2020,34.99,107.20969
2021,105.2,40.452236
2022,106.24,75.689766
