year,y_true,y_pred
2018,16.39,15.669043
2019,16.38,11.920542
2020,40.92,11.920542
2021,65.43,11.920542
2022,82.99,11.920542
