year,y_true,y_pred
2018,868.78,423.5694
2019,671.58,446.96133
2020,556.56,446.96133
2021,580.73,423.5694
2022,846.54,446.96133
