year,y_true,y_pred
2018,0.0,0.69666666
2019,8.19,0.69666666
2020,24.55,0.69666666
2021,0.0,0.69666666
2022,0.0,0.69666666
