year,y_true,y_pred
2018,24.59,3.0283124
2019,0.0,4.8253126
2020,32.74,3.0283124
2021,8.18,3.0283124
2022,33.2,4.8253126
