year,y_true,y_pred
2018,16.39,9.449834
2019,32.76,9.449834
2020,8.18,9.449834
2021,49.08,7.4233336
2022,41.5,9.449834
