year,y_true,y_pred
2018,43.87,51.263332
2019,66.46,51.263332
2020,41.84,52.54933
2021,38.23,53.419334
2022,46.3,51.263332
