year,y_true,y_pred
2018,24.57,20.115467
2019,24.49,21.550667
2020,22.66,20.115467
2021,33.02,20.115467
2022,32.8,20.115467
