year,y_true,y_pred
2018,0.0,0.4957143
2019,0.0,0.4957143
2020,0.0,0.4957143
2021,0.0,0.4957143
2022,0.0,0.4957143
