year,y_true,y_pred
2018,14.04,15.905126
2019,8.74,15.746
2020,10.46,15.746
2021,12.16,15.282625
2022,27.01,15.746
