year,y_true,y_pred
2018,0.0,2.6020002
2019,1.75,1.65075
2020,0.0,2.6020002
2021,1.74,2.0805001
2022,1.93,2.0805001
