year,y_true,y_pred
2018,159.69,182.87811
2019,190.64,186.97462
2020,141.2,182.87811
2021,142.49,186.97462
2022,202.57,182.87811
