year,y_true,y_pred
2018,51.34,50.553585
2019,53.35,46.251083
2020,56.05,57.047096
2021,42.47,50.553585
2022,44.36,54.62957
