year,y_true,y_pred
2018,470.64,403.29172
2019,425.34,403.29172
2020,440.62,403.29172
2021,460.12,403.29172
2022,597.76,403.29172
