year,y_true,y_pred
2018,29.24,36.185966
2019,30.58,31.068209
2020,33.35,36.185966
2021,36.81,36.185966
2022,40.13,36.185966
