year,y_true,y_pred
2018,7.84,9.549084
2019,13.51,10.691284
2020,9.22,13.742316
2021,13.45,10.691284
2022,9.15,12.600116
