year,y_true,y_pred
2018,79.15,122.42764
2019,76.11,138.55095
2020,97.21,136.6696
2021,74.33,120.54629
2022,85.19,145.80228
