year,y_true,y_pred
2018,56.07,77.55748
2019,51.53,77.55748
2020,51.02,96.17433
2021,34.99,96.17433
2022,66.87,96.17433
