year,y_true,y_pred
2018,78.74,63.576138
2019,104.79,18.778242
2020,104.6,96.696526
2021,78.33,99.01872
2022,138.31,62.04233
