year,y_true,y_pred
2018,35.01,49.065666
2019,17.61,49.065666
2020,17.72,60.871666
2021,71.28,60.871666
2022,18.14,53.490833
