mae,rmse,r2,city,model,sequence_length,forecast_horizon,normalization,val_size
0.34810216772892333,0.48616872442469333,0.05969135690191085,4313003,xgboost,8,4,,
