year,y_true,y_pred
2018,144.92,61.370365
2019,123.42,68.47429
2020,106.16,61.370365
2021,57.7,68.47429
2022,93.72,68.47429
