year,y_true,y_pred
2018,238.2,609.97186
2019,321.45,609.97186
2020,294.69,609.97186
2021,316.07,609.97186
2022,388.44,609.97186
