year,y_true,y_pred
2018,28.58,12.414709
2019,23.99,12.414709
2020,38.65,15.603667
2021,29.18,14.982584
2022,19.67,15.603667
