year,y_true,y_pred
2018,95.28,56.541965
2019,134.34,56.541965
2020,115.94,60.628334
2021,150.74,56.541965
2022,142.59,56.541965
