year,y_true,y_pred
2018,0.0,0.0022431246
2019,0.0,0.46110445
2020,0.0,0.46110445
2021,0.0,0.46110445
2022,0.0,0.46110445
