year,y_true,y_pred
2018,57.17,28.591635
2019,14.39,17.870218
2020,19.32,6.908189
2021,38.9,30.766127
2022,39.34,28.398193
