year,y_true,y_pred
2018,19.06,13.356267
2019,9.6,13.356267
2020,14.49,13.356267
2021,24.31,16.020334
2022,24.58,19.069334
