year,y_true,y_pred
2018,417.88,478.81772
2019,596.79,478.81772
2020,513.07,478.81772
2021,456.4,478.81772
2022,255.04,478.81772
