year,y_true,y_pred
2018,37.99,35.984066
2019,49.73,35.984066
2020,73.3,35.984066
2021,24.02,52.625694
2022,0.0,35.484516
