year,y_true,y_pred
2018,95.54,54.204395
2019,45.05,54.204395
2020,49.82,54.204395
2021,69.44,54.204395
2022,52.62,55.07514
