year,y_true,y_pred
2018,422.41,477.4334
2019,390.39,477.4334
2020,279.0,494.72675
2021,312.47,501.68976
2022,315.72,501.68976
