year,y_true,y_pred
2018,115.66,130.3592
2019,130.13,120.63282
2020,154.44,108.52272
2021,168.63,146.35736
2022,173.65,130.8698
