year,y_true,y_pred
2018,50.29,17.431185
2019,35.04,17.30522
2020,54.8,17.30522
2021,59.52,17.30522
2022,73.67,17.30522
