year,y_true,y_pred
2018,0.0,0.45872724
2019,0.0,0.45872724
2020,0.0,0.45872724
2021,0.0,0.45872724
2022,5.26,0.45872724
