year,y_true,y_pred
2018,224.31,189.08833
2019,264.51,166.65642
2020,185.7,175.92192
2021,66.83,161.63533
2022,211.46,168.41891
