year,y_true,y_pred
2018,8.63,31.122625
2019,17.06,28.414188
2020,8.44,35.835625
2021,8.35,35.835625
2022,19.22,28.414188
