year,y_true,y_pred
2018,41.07,56.499535
2019,123.36,65.71079
2020,82.3,72.64835
2021,82.41,56.499535
2022,202.68,1.2828892
