year,y_true,y_pred
2018,44.74,36.036343
2019,39.37,46.26796
2020,46.3,42.107967
2021,36.21,40.551975
2022,33.46,43.76185
