year,y_true,y_pred
2018,3.99,13.048413
2019,7.73,10.619559
2020,22.48,4.9749413
2021,10.92,4.9749413
2022,13.68,9.4223385
