year,y_true,y_pred
2018,151.67,158.52042
2019,200.92,206.04655
2020,337.23,266.98853
2021,294.71,310.75943
2022,283.86,278.2857
