year,y_true,y_pred
2018,90.69,75.54723
2019,73.05,114.62035
2020,66.86,52.938393
2021,88.42,52.938393
2022,85.62,114.62035
