year,y_true,y_pred
2018,63.97,15.260921
2019,42.03,46.046326
2020,20.72,15.260921
2021,61.35,68.5188
2022,60.39,46.046326
