year,y_true,y_pred
2018,703.62,900.84863
2019,672.41,900.84863
2020,372.98,900.84863
2021,572.6,777.8997
2022,825.28,900.84863
