year,y_true,y_pred
2018,25.22,22.276115
2019,77.84,31.589582
2020,53.4,22.276115
2021,109.98,22.993685
2022,34.81,22.276115
