year,y_true,y_pred
2018,54.19,46.498775
2019,56.4,45.791183
2020,48.86,45.791183
2021,62.01,46.498775
2022,54.86,45.791183
