year,y_true,y_pred
2018,47.9,23.300146
2019,63.88,17.318209
2020,31.94,17.318209
2021,79.86,17.318209
2022,16.63,17.310709
