year,y_true,y_pred
2018,15.97,27.797792
2019,0.0,30.200792
2020,31.94,20.916603
2021,15.97,28.250105
2022,33.27,30.256292
