year,y_true,y_pred
2018,15.97,10.585
2019,0.0,7.8901253
2020,31.94,13.787001
2021,31.94,10.585
2022,0.0,10.585
