year,y_true,y_pred
2018,175.63,55.27198
2019,191.63,55.27198
2020,175.69,55.27198
2021,159.72,55.27198
2022,182.97,55.27198
