year,y_true,y_pred
2018,47.99,58.906796
2019,100.56,68.337
2020,57.8,77.087
2021,46.97,63.8565
2022,110.79,58.906796
