year,y_true,y_pred
2018,634.5,953.23865
2019,867.95,953.23865
2020,667.37,953.23865
2021,610.62,953.23865
2022,1119.6,953.23865
