year,y_true,y_pred
2018,58.96,46.354946
2019,86.86,52.784103
2020,85.4,26.631536
2021,56.01,25.289923
2022,48.6,67.76012
