year,y_true,y_pred
2018,44.29,100.75
2019,88.65,87.03481
2020,177.54,87.03481
2021,88.85,120.241066
2022,93.37,87.03481
