year,y_true,y_pred
2018,511.42,679.86176
2019,443.01,553.3824
2020,229.2,436.42133
2021,365.69,550.87067
2022,467.65,550.87006
