year,y_true,y_pred
2018,58.03,23.360899
2019,32.83,23.360899
2020,48.78,27.209
2021,42.96,23.360899
2022,29.15,27.209
