year,y_true,y_pred
2018,563.74,466.07404
2019,670.35,609.653
2020,520.31,609.653
2021,397.36,609.653
2022,685.09,466.07404
