year,y_true,y_pred
2018,11.05,2.4727917
2019,8.21,3.6043334
2020,5.42,3.6043334
2021,0.0,2.9332917
2022,2.92,2.3273332
