year,y_true,y_pred
2018,0.0,5.875958
2019,5.47,7.8052707
2020,2.71,6.3094583
2021,18.79,7.8052707
2022,14.58,6.340958
