year,y_true,y_pred
2018,96.72,100.756134
2019,117.65,100.756134
2020,70.46,100.756134
2021,96.65,100.756134
2022,90.37,100.756134
