year,y_true,y_pred
2018,2.76,1.0797143
2019,2.74,1.0797143
2020,0.0,1.0797143
2021,0.0,1.0797143
2022,0.0,1.0797143
