year,y_true,y_pred
2018,52.51,43.226334
2019,49.25,41.827835
2020,21.68,41.827835
2021,42.96,46.005333
2022,55.39,43.226334
