year,y_true,y_pred
2018,130.29,52.12992
2019,65.4,31.102043
2020,65.66,52.12992
2021,0.0,52.12992
2022,67.84,31.102043
