year,y_true,y_pred
2018,641.47,175.40425
2019,662.6,175.40425
2020,584.93,175.40425
2021,538.0,175.40425
2022,345.27,175.40425
