year,y_true,y_pred
2018,15.27,8.97152
2019,45.7,11.928771
2020,45.58,11.928771
2021,60.62,11.928771
2022,21.58,11.928771
