year,y_true,y_pred
2018,440.16,302.83804
2019,334.7,470.6009
2020,438.47,246.58282
2021,347.34,440.09775
2022,522.61,246.58282
