year,y_true,y_pred
2018,27.95,29.528666
2019,34.87,33.42471
2020,6.96,33.42471
2021,34.73,33.926395
2022,31.67,33.42471
