year,y_true,y_pred
2018,69.87,98.699036
2019,20.92,89.26394
2020,41.76,81.77338
2021,62.52,88.922165
2022,102.94,85.24783
