year,y_true,y_pred
2018,90.83,90.01242
2019,76.7,93.171295
2020,76.56,87.91542
2021,69.47,87.91542
2022,95.02,87.91542
