year,y_true,y_pred
2018,0.0,8.670292
2019,20.92,9.994333
2020,27.84,9.7352915
2021,6.95,12.898792
2022,15.84,12.898792
