year,y_true,y_pred
2018,67.04,70.562164
2019,48.33,70.562164
2020,45.11,70.562164
2021,49.49,70.562164
2022,55.06,70.562164
