year,y_true,y_pred
2018,948.76,761.8547
2019,826.91,794.1527
2020,699.94,781.08984
2021,846.48,761.8547
2022,985.05,781.08984
