year,y_true,y_pred
2018,21.71,14.316542
2019,18.18,14.292979
2020,12.82,15.170479
2021,12.73,15.170479
2022,21.92,15.170479
