year,y_true,y_pred
2018,52.09,53.986534
2019,49.29,53.986534
2020,50.34,53.986534
2021,55.62,53.986534
2022,54.04,53.986534
