year,y_true,y_pred
2018,28.94,32.06844
2019,26.8,32.06844
2020,25.17,32.06844
2021,28.28,32.06844
2022,29.06,32.06844
