year,y_true,y_pred
2018,0.48,0.17183334
2019,0.48,0.17183334
2020,0.0,0.17183334
2021,0.0,0.17183334
2022,1.02,0.17183334
