year,y_true,y_pred
2018,660.55,971.06213
2019,818.78,972.11163
2020,974.55,1554.0835
2021,590.97,1554.0835
2022,584.13,1554.0835
