year,y_true,y_pred
2018,0.0,136.32423
2019,54.59,136.32423
2020,54.14,144.94855
2021,71.63,144.94855
2022,37.69,78.076706
