year,y_true,y_pred
2018,669.3,715.2475
2019,798.05,746.16095
2020,813.25,715.2475
2021,704.14,715.2475
2022,953.82,686.04395
