year,y_true,y_pred
2018,12.21,0.7086667
2019,6.15,0.7529583
2020,12.4,0.7086667
2021,6.25,0.7086667
2022,16.14,0.7086667
