year,y_true,y_pred
2018,213.64,109.13965
2019,116.88,119.60521
2020,99.19,109.13965
2021,162.43,109.13965
2022,113.01,119.60521
