year,y_true,y_pred
2018,332.16,441.95038
2019,367.44,384.8891
2020,237.83,384.8891
2021,419.1,441.95038
2022,519.48,417.21
