year,y_true,y_pred
2018,0.0,12.214667
2019,18.37,6.462278
2020,0.0,6.462278
2021,18.22,12.214667
2022,18.55,6.462278
