year,y_true,y_pred
2018,55.36,23.96157
2019,18.37,33.57869
2020,54.88,23.96157
2021,72.89,33.57869
2022,37.11,23.96157
