year,y_true,y_pred
2018,147.63,85.2027
2019,110.23,99.61538
2020,109.77,96.582375
2021,109.33,96.582375
2022,166.98,96.582375
