year,y_true,y_pred
2018,0.0,52.46802
2019,18.37,46.19367
2020,36.59,37.03827
2021,54.66,52.46802
2022,37.11,52.46802
