year,y_true,y_pred
2018,0.0,2.3162858
2019,0.0,2.3162858
2020,0.0,2.3162858
2021,0.0,2.3162858
2022,18.55,2.3162858
