year,y_true,y_pred
2018,380.65,308.64975
2019,373.32,308.64975
2020,314.19,308.64975
2021,416.37,319.293
2022,401.01,308.64975
