year,y_true,y_pred
2018,31.96,29.155334
2019,28.94,27.775667
2020,14.41,27.775667
2021,40.2,29.569334
2022,25.87,32.547134
