year,y_true,y_pred
2018,43.55,35.149208
2019,38.0,36.319206
2020,43.31,40.045208
2021,59.4,31.213207
2022,49.71,34.615208
