year,y_true,y_pred
2018,117.1,104.44234
2019,58.34,97.11454
2020,174.52,68.46562
2021,116.01,97.11454
2022,0.0,68.46562
