year,y_true,y_pred
2018,19.23,14.521286
2019,47.97,21.385689
2020,38.3,18.266626
2021,38.23,14.521286
2022,47.58,21.124126
