year,y_true,y_pred
2018,254.35,273.7224
2019,275.63,273.7224
2020,325.53,250.16512
2021,296.19,263.01526
2022,382.83,273.7224
