year,y_true,y_pred
2018,25.21,42.303333
2019,11.39,37.381042
2020,15.82,42.303333
2021,29.17,42.303333
2022,23.27,40.837044
