year,y_true,y_pred
2018,196.68,224.32079
2019,415.85,269.5228
2020,306.82,224.32079
2021,307.22,201.82738
2022,505.9,224.32079
