year,y_true,y_pred
2018,21.85,7.2026663
2019,109.43,11.806084
2020,21.92,7.2026663
2021,109.72,7.2026663
2022,96.36,7.2026663
