year,y_true,y_pred
2018,131.02,33.638565
2019,43.29,64.00124
2020,14.31,42.675663
2021,70.97,34.930023
2022,47.71,95.12194
