year,y_true,y_pred
2018,538.65,505.23755
2019,620.49,505.23755
2020,271.86,505.23755
2021,326.47,505.23755
2022,556.62,505.23755
