year,y_true,y_pred
2018,47.86,30.469494
2019,59.9,33.547043
2020,35.99,48.93252
2021,24.02,44.467426
2022,50.66,38.444374
