year,y_true,y_pred
2018,526.44,330.60095
2019,455.25,516.9463
2020,419.87,516.9463
2021,288.29,399.7676
2022,519.25,330.60095
