year,y_true,y_pred
2018,15.61,44.195335
2019,63.02,36.43183
2020,31.81,43.985332
2021,48.14,46.203835
2022,80.68,55.06067
