year,y_true,y_pred
2018,54.38,33.527466
2019,54.87,33.527466
2020,34.6,39.955406
2021,55.82,39.955406
2022,51.43,34.70233
