year,y_true,y_pred
2018,370.34,490.76306
2019,588.96,490.76306
2020,428.48,472.78015
2021,406.07,458.47885
2022,536.02,490.76306
