year,y_true,y_pred
2018,45.0,34.470497
2019,58.55,34.470497
2020,65.13,34.470497
2021,54.6,34.470497
2022,53.6,34.470497
