year,y_true,y_pred
2018,20.77,8.162309
2019,20.67,8.162309
2020,13.71,8.162309
2021,30.71,10.193464
2022,21.44,8.162309
