year,y_true,y_pred
2018,69.22,47.56404
2019,96.44,47.56404
2020,61.7,47.56404
2021,119.43,47.56404
2022,142.94,47.56404
