year,y_true,y_pred
2018,38.07,18.890083
2019,37.89,18.890083
2020,78.84,18.890083
2021,61.42,18.890083
2022,75.04,18.890083
