year,y_true,y_pred
2018,31.0,6.3998337
2019,30.85,7.1577086
2020,30.69,6.3998337
2021,15.28,6.3998337
2022,16.24,6.3998337
