year,y_true,y_pred
2018,341.03,173.08423
2019,277.61,173.08423
2020,460.41,173.08423
2021,259.74,173.08423
2022,406.04,173.08423
