year,y_true,y_pred
2018,33.51,30.89348
2019,24.96,25.288334
2020,41.33,30.89348
2021,41.06,25.288334
2022,9.28,27.206041
