year,y_true,y_pred
2018,494.34,353.45245
2019,341.18,512.2194
2020,595.19,404.52658
2021,435.28,422.6701
2022,408.13,505.63025
