year,y_true,y_pred
2018,20.84,38.08598
2019,26.11,48.645767
2020,31.39,48.645767
2021,5.24,44.09754
2022,37.43,48.645767
