year,y_true,y_pred
2018,10.42,0.57999384
2019,0.0,0.0023982509
2020,0.0,0.0023982509
2021,0.0,0.0023982509
2022,16.04,0.57999384
