year,y_true,y_pred
2018,5.21,9.498545
2019,15.66,7.266474
2020,5.23,11.532105
2021,0.0,5.1190906
2022,5.35,11.07479
