year,y_true,y_pred
2018,151.12,136.67062
2019,151.41,136.67062
2020,141.24,136.67062
2021,115.3,136.67062
2022,176.45,75.79078
