year,y_true,y_pred
2018,67.74,65.95531
2019,99.2,65.95531
2020,31.39,65.95531
2021,115.3,65.95531
2022,74.86,65.95531
