year,y_true,y_pred
2018,128.06,126.84377
2019,119.25,119.110954
2020,105.17,115.872665
2021,110.03,120.62746
2022,105.04,126.84377
