year,y_true,y_pred
2018,99.32,64.82834
2019,108.7,64.82834
2020,79.75,64.82834
2021,76.41,64.82834
2022,67.73,64.82834
