year,y_true,y_pred
2018,1006.02,809.46136
2019,965.47,808.97235
2020,835.83,808.97235
2021,827.76,781.87494
2022,1073.48,781.87494
