year,y_true,y_pred
2018,28.94,12.054099
2019,32.91,12.054099
2020,14.68,12.054099
2021,17.03,12.054099
2022,39.19,12.054099
