year,y_true,y_pred
2018,201.61,132.35901
2019,157.99,131.936
2020,123.89,138.439
2021,141.64,132.35901
2022,290.95,131.936
