year,y_true,y_pred
2018,4.82,2.5169795
2019,5.64,2.5169795
2020,6.42,2.5169795
2021,8.07,2.5169795
2022,8.31,2.5169795
