year,y_true,y_pred
2018,30.87,31.829618
2019,32.91,31.829618
2020,33.95,37.73256
2021,33.17,37.73256
2022,64.13,37.73256
