year,y_true,y_pred
2018,9.65,11.467667
2019,15.99,12.766666
2020,10.09,13.1866665
2021,6.27,12.766666
2022,26.13,11.467667
