year,y_true,y_pred
2018,0.0,0.13033333
2019,0.0,0.13033333
2020,0.0,0.13033333
2021,0.0,0.13033333
2022,1.19,0.13033333
