year,y_true,y_pred
2018,386.32,260.58228
2019,394.08,281.4987
2020,346.96,345.8081
2021,175.94,330.60312
2022,438.43,388.8953
