year,y_true,y_pred
2018,30.3,26.290174
2019,29.74,15.201036
2020,25.57,15.201036
2021,10.77,15.201036
2022,25.29,15.201036
