year,y_true,y_pred
2018,104.71,70.17436
2019,105.33,33.220516
2020,63.57,33.220516
2021,106.54,70.17436
2022,96.57,33.220516
