year,y_true,y_pred
2018,25.59,28.355896
2019,34.15,37.196667
2020,42.72,31.491709
2021,25.65,31.491709
2022,25.77,31.169668
