year,y_true,y_pred
2018,417.95,430.09067
2019,486.6,423.08066
2020,273.39,423.08066
2021,478.84,430.09067
2022,549.78,407.50565
