year,y_true,y_pred
2018,183.25,23.07788
2019,78.91,58.94864
2020,0.0,43.962566
2021,26.55,37.286808
2022,43.22,28.919197
