year,y_true,y_pred
2018,0.0,4.1359525
2019,0.0,4.1359525
2020,0.0,4.1359525
2021,26.55,4.1359525
2022,0.0,3.5820417
