year,y_true,y_pred
2018,0.0,20.302334
2019,78.91,20.316479
2020,26.43,23.890541
2021,26.55,20.302334
2022,21.61,23.890541
