year,y_true,y_pred
2018,130.89,153.3724
2019,157.81,207.27896
2020,158.56,153.3724
2021,238.92,207.27896
2022,172.9,153.3724
