year,y_true,y_pred
2018,104.71,43.371964
2019,105.21,43.371964
2020,79.28,43.371964
2021,53.09,43.371964
2022,108.06,43.371964
