year,y_true,y_pred
2018,52.36,42.901516
2019,85.95,43.942142
2020,22.58,42.901516
2021,55.66,39.120403
2022,58.33,43.364944
