year,y_true,y_pred
2018,1011.16,204.31845
2019,634.15,204.31845
2020,732.27,749.07043
2021,1078.81,749.07043
2022,1749.93,204.31845
