year,y_true,y_pred
2018,11.62,9.586975
2019,11.53,9.586975
2020,22.88,20.881851
2021,11.36,20.881851
2022,70.56,18.464254
