year,y_true,y_pred
2018,104.02,55.79475
2019,68.89,55.79475
2020,102.7,32.21925
2021,34.03,55.79475
2022,177.54,33.721313
