year,y_true,y_pred
2018,35.88,25.329834
2019,35.8,25.925709
2020,0.0,39.41567
2021,35.65,25.925709
2022,68.8,36.767708
