year,y_true,y_pred
2018,588.61,652.2425
2019,734.21,458.55963
2020,355.91,669.6387
2021,595.49,458.56058
2022,719.74,620.2264
