year,y_true,y_pred
2018,31.53,22.161133
2019,62.93,31.398458
2020,20.94,47.37379
2021,83.58,22.161133
2022,130.86,47.37379
