year,y_true,y_pred
2018,31.53,65.97019
2019,52.44,37.783283
2020,20.94,41.341545
2021,41.79,38.972286
2022,32.72,44.584545
