year,y_true,y_pred
2018,10.51,9.368294
2019,20.98,9.368294
2020,20.94,4.9094176
2021,0.0,4.9094176
2022,0.0,4.0210657
