year,y_true,y_pred
2018,115.62,87.44092
2019,115.38,87.44092
2020,125.61,87.44092
2021,198.5,87.44092
2022,174.48,87.44092
