year,y_true,y_pred
2018,0.0,1.2155519
2019,10.49,1.2155519
2020,0.0,1.2155519
2021,0.0,1.2155519
2022,0.0,1.2155519
