year,y_true,y_pred
2018,36.87,73.68166
2019,128.72,80.81633
2020,91.73,70.651665
2021,73.21,73.68166
2022,60.27,68.4925
