year,y_true,y_pred
2018,186.81,139.60707
2019,199.42,139.60707
2020,157.45,139.60707
2021,231.75,139.60707
2022,113.28,148.89514
