year,y_true,y_pred
2018,32.21,8.365417
2019,27.51,9.241333
2020,20.54,14.045916
2021,13.63,9.241333
2022,15.1,9.241333
