year,y_true,y_pred
2018,0.0,44.10737
2019,0.0,44.10737
2020,87.64,38.777042
2021,0.0,38.777042
2022,22.41,38.999043
