year,y_true,y_pred
2018,57.44,76.31969
2019,50.97,59.65624
2020,47.51,59.65624
2021,57.16,59.65624
2022,65.77,60.28467
