year,y_true,y_pred
2018,27.99,38.045353
2019,56.27,15.803372
2020,84.87,79.08234
2021,0.0,36.59576
2022,29.4,54.397602
