year,y_true,y_pred
2018,301.08,520.08276
2019,229.77,520.08276
2020,199.61,520.08276
2021,146.36,520.08276
2022,457.87,520.08276
