year,y_true,y_pred
2018,10.04,13.028125
2019,4.94,13.6723
2020,4.87,12.0321245
2021,4.8,12.0321245
2022,8.4,12.0321245
