year,y_true,y_pred
2018,0.0,12.089334
2019,24.94,14.48848
2020,8.34,11.954542
2021,0.0,14.396334
2022,48.61,12.089334
