year,y_true,y_pred
2018,86.39,78.18987
2019,48.11,85.24133
2020,57.3,81.01629
2021,75.19,85.24133
2022,62.51,93.85833
