year,y_true,y_pred
2018,40.64,1.2671379
2019,53.81,14.239727
2020,13.36,13.551044
2021,13.27,1.2671379
2022,16.34,1.2671379
