year,y_true,y_pred
2018,474.13,448.5988
2019,417.0,448.5988
2020,227.09,448.5988
2021,291.93,382.77283
2022,424.91,382.77283
