year,y_true,y_pred
2018,3.59,25.68157
2019,10.6,23.262892
2020,17.43,23.262892
2021,30.98,32.00482
2022,28.35,32.00482
