year,y_true,y_pred
2018,46.61,26.244999
2019,49.48,26.244999
2020,66.24,26.244999
2021,44.75,26.244999
2022,63.8,26.244999
