year,y_true,y_pred
2018,37.89,74.86041
2019,77.79,74.86041
2020,39.9,17.72363
2021,122.85,74.86041
2022,36.04,17.72363
