year,y_true,y_pred
2018,568.4,635.21124
2019,739.01,737.3126
2020,558.66,613.3134
2021,737.1,737.3114
2022,468.47,960.24664
