year,y_true,y_pred
2018,30.42,17.750328
2019,15.25,24.851429
2020,15.29,24.851429
2021,15.32,24.851429
2022,39.07,24.851429
