year,y_true,y_pred
2018,182.54,145.9286
2019,167.73,119.349
2020,91.73,136.54614
2021,76.62,101.51709
2022,260.48,101.51709
