year,y_true,y_pred
2018,22.43,42.54212
2019,44.66,32.71723
2020,81.52,42.54212
2021,51.66,37.057373
2022,30.71,37.057373
