year,y_true,y_pred
2018,67.29,66.17386
2019,66.99,61.612392
2020,81.52,66.17386
2021,51.66,57.32439
2022,69.09,58.74355
