year,y_true,y_pred
2018,7.48,14.336567
2019,37.22,16.715042
2020,37.06,16.895042
2021,0.0,16.895042
2022,7.68,16.812542
