year,y_true,y_pred
2018,112.15,104.47546
2019,59.55,104.01496
2020,125.99,97.80667
2021,118.07,105.38967
2022,153.53,109.10467
