year,y_true,y_pred
2018,44.19,40.83207
2019,41.91,40.83207
2020,45.6,40.83207
2021,59.11,43.22292
2022,37.33,40.83207
