year,y_true,y_pred
2018,827.64,720.50214
2019,688.49,801.1515
2020,670.18,825.4053
2021,898.5,760.25586
2022,875.16,788.74536
