year,y_true,y_pred
2018,78.34,55.64761
2019,79.82,87.76698
2020,77.33,87.76698
2021,100.49,87.76698
2022,101.62,73.68728
