year,y_true,y_pred
2018,18.08,16.213821
2019,17.96,22.692904
2020,9.91,16.213821
2021,17.73,20.786436
2022,20.74,16.213821
