year,y_true,y_pred
2018,70.31,61.03304
2019,53.88,56.651405
2020,57.5,53.569355
2021,80.79,56.804443
2022,103.69,46.406834
