year,y_true,y_pred
2018,37.93,54.157455
2019,12.63,54.157455
2020,12.61,60.931618
2021,50.4,60.931618
2022,64.69,54.157455
