year,y_true,y_pred
2018,57.5,2.0466409
2019,13.13,2.0466409
2020,0.0,7.3000364
2021,51.5,15.919944
2022,74.25,2.0466409
