year,y_true,y_pred
2018,316.27,184.89856
2019,367.55,184.89856
2020,129.97,184.89856
2021,231.75,210.50949
2022,326.7,182.18288
