year,y_true,y_pred
2018,89.32,51.72025
2019,26.57,54.75925
2020,43.93,56.943
2021,52.33,52.68175
2022,43.6,53.451252
