year,y_true,y_pred
2018,518.04,546.8141
2019,487.14,546.8141
2020,377.82,546.8141
2021,344.48,530.34467
2022,483.96,543.60706
