year,y_true,y_pred
2018,38.7,59.347626
2019,51.39,49.257687
2020,38.39,49.257687
2021,38.24,49.257687
2022,24.3,49.257687
