year,y_true,y_pred
2018,26.84,57.820442
2019,106.58,37.77815
2020,105.82,54.593163
2021,26.27,27.66954
2022,27.3,59.255665
