year,y_true,y_pred
2018,805.15,909.9293
2019,1305.62,992.79895
2020,846.56,909.9293
2021,735.68,992.79895
2022,1146.6,1013.72473
