year,y_true,y_pred
2018,11.78,37.370167
2019,56.37,34.866665
2020,59.11,33.941334
2021,41.22,40.998917
2022,43.07,36.98033
