year,y_true,y_pred
2018,435.72,363.1447
2019,424.27,363.1447
2020,331.03,363.1447
2021,421.08,386.92566
2022,493.69,398.07776
