mae,rmse,r2,city,model,sequence_length,forecast_horizon,normalization,val_size
0.27549922908151697,0.32799996642515084,0.07735422177333606,5206800,xgboost,8,4,,
