year,y_true,y_pred
2018,3.5,5.775083
2019,10.37,5.9777083
2020,13.66,5.775083
2021,6.75,5.859083
2022,6.75,4.9589334
