year,y_true,y_pred
2018,136.44,305.76648
2019,124.42,302.81067
2020,211.73,210.21768
2021,216.05,210.21768
2022,249.86,302.81067
