year,y_true,y_pred
2018,3.5,1.0332493
2019,10.37,1.0332493
2020,6.83,3.8978586
2021,3.38,3.8978586
2022,3.38,1.0332493
