year,y_true,y_pred
2018,59.48,71.77239
2019,44.93,71.77239
2020,64.89,71.77239
2021,74.27,71.77239
2022,64.15,71.77239
