year,y_true,y_pred
2018,78.52,352.29187
2019,193.24,236.2216
2020,323.56,313.8006
2021,393.85,228.28287
2022,313.9,338.27173
