year,y_true,y_pred
2018,58.53,58.559185
2019,72.7,58.559185
2020,43.35,58.559185
2021,100.56,58.559185
2022,45.54,58.559185
