year,y_true,y_pred
2018,110.09,20.118355
2019,36.34,22.065292
2020,71.97,30.595875
2021,0.0,22.065292
2022,0.0,30.595875
