year,y_true,y_pred
2018,107.89,36.11832
2019,74.7,33.301434
2020,63.36,36.11832
2021,83.62,36.11832
2022,89.18,36.11832
