year,y_true,y_pred
2018,46.52,28.127625
2019,79.99,28.127625
2020,67.43,28.127625
2021,38.73,28.127625
2022,65.32,28.127625
