year,y_true,y_pred
2018,54.67,69.985664
2019,79.04,73.367165
2020,62.21,73.96333
2021,55.34,69.985664
2022,60.76,69.985664
