year,y_true,y_pred
2018,876.65,786.1717
2019,863.15,861.84064
2020,531.04,861.84064
2021,575.96,821.8447
2022,816.53,821.8447
