year,y_true,y_pred
2018,12.35,44.21656
2019,12.51,38.225815
2020,50.58,46.832348
2021,64.0,49.33855
2022,49.49,65.18126
