year,y_true,y_pred
2018,26.61,59.96429
2019,53.35,59.96429
2020,80.19,59.96429
2021,0.0,59.96429
2022,52.53,59.96429
