year,y_true,y_pred
2018,70.43,25.512001
2019,43.86,29.0905
2020,43.51,29.0905
2021,17.27,29.0905
2022,58.0,28.87525
