year,y_true,y_pred
2018,0.0,36.77407
2019,63.09,36.77407
2020,62.58,36.77407
2021,62.11,36.77407
2022,0.0,36.77407
