year,y_true,y_pred
2018,127.23,290.41852
2019,189.27,382.9583
2020,500.63,318.08453
2021,186.34,591.47754
2022,393.26,318.08453
