year,y_true,y_pred
2018,1079.86,730.79694
2019,691.4,767.5034
2020,536.97,688.01483
2021,608.91,720.1671
2022,809.18,730.79694
