year,y_true,y_pred
2018,0.0,0.69007933
2019,3.05,2.275649
2020,3.0,2.275649
2021,0.0,2.275649
2022,3.76,2.275649
