year,y_true,y_pred
2018,18.56,15.856199
2019,24.37,15.856199
2020,3.0,15.856199
2021,26.6,20.154749
2022,15.05,15.856199
