year,y_true,y_pred
2018,0.0,13.371172
2019,0.0,11.285773
2020,6.0,12.833773
2021,5.91,20.845669
2022,11.29,20.845669
