year,y_true,y_pred
2018,27.85,47.077065
2019,39.6,43.525867
2020,6.0,52.775837
2021,59.12,43.525867
2022,48.93,39.047855
