year,y_true,y_pred
2018,265.23,164.56895
2019,239.7,148.69026
2020,179.65,153.36845
2021,131.43,163.89246
2022,326.22,164.56895
