year,y_true,y_pred
2018,9.47,5.7467084
2019,27.66,5.138233
2020,8.98,7.476625
2021,8.76,5.7467084
2022,18.64,5.138233
