year,y_true,y_pred
2018,28.46,19.562084
2019,47.23,24.616667
2020,18.81,15.566668
2021,9.37,24.616667
2022,69.99,19.562084
