year,y_true,y_pred
2018,664.14,481.34167
2019,510.11,516.9849
2020,338.66,477.17865
2021,356.11,495.45923
2022,429.96,481.34167
