year,y_true,y_pred
2018,9.38,40.130085
2019,28.13,36.134083
2020,9.38,35.984665
2021,56.24,40.130085
2022,36.51,33.035957
