year,y_true,y_pred
2018,225.1,261.62744
2019,215.68,284.18253
2020,84.38,246.80444
2021,309.34,261.62744
2022,316.38,284.18253
