year,y_true,y_pred
2018,121.93,132.53596
2019,75.02,132.53596
2020,28.13,140.77246
2021,103.11,132.53596
2022,133.85,132.53596
