year,y_true,y_pred
2018,9.38,16.25094
2019,75.02,10.609713
2020,28.13,21.114584
2021,0.0,12.475586
2022,12.17,4.723704
