year,y_true,y_pred
2018,37.52,34.056606
2019,18.75,39.881855
2020,28.13,36.950794
2021,37.5,35.45079
2022,12.17,39.881855
