year,y_true,y_pred
2018,173.01,54.559334
2019,57.84,67.32029
2020,57.94,66.447334
2021,0.0,66.447334
2022,59.95,66.447334
