year,y_true,y_pred
2018,94.39,47.476284
2019,13.5,41.193115
2020,40.52,50.92668
2021,40.56,25.754974
2022,66.41,41.193115
