year,y_true,y_pred
2018,0.0,6.253733
2019,0.0,3.6972663
2020,13.36,5.1791334
2021,4.36,9.844734
2022,5.58,5.4959164
