year,y_true,y_pred
2018,74.47,118.76267
2019,72.82,160.66753
2020,66.81,181.65634
2021,34.89,181.65634
2022,50.21,181.65634
