year,y_true,y_pred
2018,43.59,74.509544
2019,72.72,76.93533
2020,87.34,80.11804
2021,72.84,80.11804
2022,43.43,68.05933
