year,y_true,y_pred
2018,115.76,75.74722
2019,86.59,55.952408
2020,57.59,53.61994
2021,28.72,60.997448
2022,32.14,77.31187
