year,y_true,y_pred
2018,53.5,16.544567
2019,71.05,16.544567
2020,70.78,16.544567
2021,17.64,29.641335
2022,53.23,21.331291
