year,y_true,y_pred
2018,267.48,264.82532
2019,337.48,264.82532
2020,318.53,264.82532
2021,246.91,264.82532
2022,408.09,299.22787
