year,y_true,y_pred
2018,124.82,76.77777
2019,195.38,76.77777
2020,212.35,76.77777
2021,194.0,76.77777
2022,248.4,76.77777
