year,y_true,y_pred
2018,0.0,6.8111396
2019,0.0,6.8111396
2020,0.0,6.8111396
2021,0.0,6.8111396
2022,0.0,6.8111396
