year,y_true,y_pred
2018,0.0,45.47921
2019,35.52,35.84703
2020,17.7,44.150208
2021,35.27,35.84703
2022,35.49,44.150208
