year,y_true,y_pred
2018,0.0,4.0790625
2019,17.76,4.0790625
2020,0.0,4.0790625
2021,0.0,4.0790625
2022,35.49,4.0790625
