year,y_true,y_pred
2018,47.89,62.903374
2019,0.0,62.903374
2020,0.0,62.903374
2021,0.0,62.903374
2022,57.24,62.903374
