year,y_true,y_pred
2018,95.79,576.9498
2019,140.85,333.03146
2020,184.25,510.4946
2021,135.69,502.66434
2022,400.69,502.66434
