year,y_true,y_pred
2018,0.0,25.976334
2019,45.01,25.976334
2020,0.0,25.837542
2021,22.35,25.528978
2022,68.24,36.08404
