year,y_true,y_pred
2018,203.39,196.54333
2019,225.07,196.54333
2020,246.69,174.68134
2021,715.08,196.54333
2022,659.69,196.54333
