year,y_true,y_pred
2018,330.15,140.39008
2019,430.73,204.30553
2020,702.99,206.06755
2021,137.79,151.52875
2022,285.04,144.35843
