year,y_true,y_pred
2018,36.68,12.007469
2019,0.0,12.007469
2020,175.75,12.007469
2021,0.0,54.572567
2022,0.0,0.09349353
