year,y_true,y_pred
2018,38.01,147.07278
2019,56.6,130.77351
2020,149.9,77.25223
2021,130.31,147.07278
2022,126.1,134.81923
