year,y_true,y_pred
2018,44.73,46.79824
2019,56.14,46.79824
2020,55.39,46.79824
2021,50.77,46.79824
2022,35.53,46.79824
