year,y_true,y_pred
2018,16.27,7.2597084
2019,16.04,8.723708
2020,19.78,8.723708
2021,31.24,7.2597084
2022,15.79,7.2597084
