year,y_true,y_pred
2018,16.27,13.549646
2019,8.02,19.8254
2020,7.91,13.549646
2021,7.81,13.549646
2022,15.79,13.549646
