mae,rmse,r2,city,model,sequence_length,forecast_horizon,normalization,val_size
0.04955212291993364,0.13288648159052627,-0.06461433785820447,5108402,xgboost,8,4,,
