year,y_true,y_pred
2018,128.63,486.50827
2019,176.52,486.50827
2020,176.21,486.50827
2021,231.87,486.50827
2022,352.34,486.50827
