year,y_true,y_pred
2018,8.04,38.07954
2019,16.05,38.07954
2020,32.04,38.07954
2021,71.96,38.07954
2022,40.97,41.24648
