year,y_true,y_pred
2018,104.51,110.906204
2019,96.29,133.98866
2020,120.14,110.906204
2021,223.87,132.93013
2022,180.27,122.19887
