year,y_true,y_pred
2018,24.12,38.846416
2019,24.07,42.824417
2020,56.07,38.34154
2021,71.96,46.26325
2022,57.36,46.26325
