year,y_true,y_pred
2018,0.0,6.2149997
2019,8.02,5.6661873
2020,0.0,5.6661873
2021,0.0,5.6661873
2022,8.19,5.6661873
