year,y_true,y_pred
2018,309.76,336.35196
2019,292.2,315.07147
2020,257.55,305.54004
2021,257.25,305.54004
2022,428.45,305.54004
