year,y_true,y_pred
2018,86.04,17.670544
2019,0.0,34.844025
2020,17.17,0.1373798
2021,0.0,45.440987
2022,51.41,34.98873
