year,y_true,y_pred
2018,0.0,2.3863297
2019,0.0,12.83151
2020,0.0,9.85122
2021,0.0,9.85122
2022,34.28,9.85122
