year,y_true,y_pred
2018,34.42,53.898666
2019,51.56,61.530396
2020,51.51,48.586143
2021,102.9,51.242706
2022,85.69,53.898666
