year,y_true,y_pred
2018,189.3,60.404293
2019,103.13,60.384792
2020,85.85,55.00879
2021,68.6,55.00879
2022,188.52,60.404293
