year,y_true,y_pred
2018,58.3,28.216866
2019,45.71,28.216866
2020,45.76,32.842335
2021,45.8,32.842335
2022,36.27,32.842335
