year,y_true,y_pred
2018,369.2,358.99173
2019,419.03,358.99173
2020,415.63,358.99173
2021,320.62,358.99173
2022,338.55,358.99173
