year,y_true,y_pred
2018,15.55,8.667339
2019,0.0,7.699059
2020,19.07,9.589366
2021,19.08,8.581315
2022,0.0,10.750366
