year,y_true,y_pred
2018,50.52,12.42292
2019,38.09,39.02134
2020,26.69,41.87213
2021,38.17,12.42292
2022,48.36,50.949146
