year,y_true,y_pred
2018,0.0,0.98206264
2019,0.0,0.98206264
2020,3.81,0.98206264
2021,0.0,0.98206264
2022,0.0,0.98206264
