year,y_true,y_pred
2018,44.95,17.526253
2019,26.59,25.713593
2020,30.62,25.713593
2021,51.61,25.713593
2022,33.45,25.713593
