year,y_true,y_pred
2018,154.29,127.5885
2019,93.86,124.27801
2020,109.38,119.57
2021,104.57,119.57
2022,126.57,124.207504
