year,y_true,y_pred
2018,9.52,12.302584
2019,19.01,10.393666
2020,18.99,14.615708
2021,37.93,12.830584
2022,44.59,11.9036665
