year,y_true,y_pred
2018,14.28,20.408033
2019,9.51,16.020021
2020,23.73,16.020021
2021,23.71,20.408033
2022,9.91,16.020021
