year,y_true,y_pred
2018,4.76,25.541504
2019,28.52,16.981024
2020,18.99,19.919796
2021,9.48,19.300665
2022,29.73,21.407795
