year,y_true,y_pred
2018,95.17,68.29333
2019,142.59,68.114204
2020,137.66,71.27334
2021,99.56,71.27334
2022,148.64,68.114204
