year,y_true,y_pred
2018,395.65,333.00104
2019,98.72,333.00104
2020,98.49,333.00104
2021,360.42,333.00104
2022,446.74,333.00104
