mae,rmse,r2,city,model,sequence_length,forecast_horizon,normalization,val_size
0.02741563963673352,0.06785447267595827,-0.19845022070797724,2800308,xgboost,8,4,,
