year,y_true,y_pred
2018,52.05,66.42933
2019,60.61,81.03567
2020,17.14,66.42933
2021,67.9,66.42933
2022,43.27,74.282585
