year,y_true,y_pred
2018,36.93,42.79677
2019,74.68,52.52487
2020,75.53,42.79677
2021,38.2,42.79677
2022,127.23,52.52487
