year,y_true,y_pred
2018,923.19,807.6044
2019,1232.26,877.98944
2020,566.47,983.9756
2021,763.94,807.6044
2022,795.17,877.98944
