year,y_true,y_pred
2018,789.1,885.46826
2019,718.65,932.2353
2020,323.97,556.45337
2021,937.61,932.2353
2022,983.25,564.95337
