year,y_true,y_pred
2018,215.21,75.855
2019,179.66,90.130005
2020,36.0,81.10812
2021,72.12,81.15762
2022,72.83,76.245125
