year,y_true,y_pred
2018,88.16,270.05188
2019,145.94,270.05188
2020,58.0,270.05188
2021,115.27,270.05188
2022,401.98,270.05188
