year,y_true,y_pred
2018,0.0,28.993292
2019,0.0,18.806875
2020,29.0,18.806875
2021,0.0,18.806875
2022,92.76,18.806875
