year,y_true,y_pred
2018,69.24,123.58546
2019,114.81,123.58546
2020,91.43,112.39867
2021,68.26,123.58546
2022,135.28,109.92266
