year,y_true,y_pred
2018,202.82,189.34688
2019,295.64,189.34688
2020,165.14,189.34688
2021,156.25,189.34688
2022,228.59,189.34688
