year,y_true,y_pred
2018,32.45,36.826332
2019,40.5,36.826332
2020,24.17,36.627335
2021,40.06,36.627335
2022,25.4,36.826332
