year,y_true,y_pred
2018,93.29,87.81626
2019,121.5,66.936195
2020,140.97,60.91856
2021,124.2,60.91856
2022,165.09,60.91856
