year,y_true,y_pred
2018,0.0,0.5422072
2019,8.1,0.5422072
2020,0.0,4.3082714
2021,4.01,0.266799
2022,21.17,0.00169712
