year,y_true,y_pred
2018,12.17,9.609667
2019,8.1,8.690633
2020,4.03,8.690633
2021,0.0,9.609667
2022,16.93,8.690633
