year,y_true,y_pred
2018,0.0,0.40511668
2019,4.05,0.40511668
2020,0.0,0.40511668
2021,0.0,0.40511668
2022,0.0,0.40511668
