year,y_true,y_pred
2018,28.39,52.749706
2019,40.5,53.304665
2020,48.33,53.304665
2021,24.04,46.725666
2022,59.26,51.633583
