year,y_true,y_pred
2018,404.38,432.44852
2019,430.08,439.32758
2020,507.88,554.15656
2021,598.49,440.53394
2022,612.41,554.2608
