year,y_true,y_pred
2018,39.13,43.62996
2019,65.16,43.62996
2020,65.11,68.3277
2021,65.05,43.62996
2022,68.05,43.62996
