year,y_true,y_pred
2018,822.04,796.71106
2019,755.35,796.71106
2020,820.92,796.71106
2021,755.94,796.71106
2022,886.24,796.71106
