year,y_true,y_pred
2018,27.89,45.368732
2019,27.93,23.5498
2020,28.07,15.2843485
2021,84.61,15.2843485
2022,35.38,18.700651
