year,y_true,y_pred
2018,0.0,35.001835
2019,66.83,36.724834
2020,50.03,46.062935
2021,66.57,39.711334
2022,67.0,39.241833
