year,y_true,y_pred
2018,418.62,660.26636
2019,451.13,660.26636
2020,366.85,660.26636
2021,499.25,660.26636
2022,586.26,660.26636
