year,y_true,y_pred
2018,15.21,23.700901
2019,15.22,23.235096
2020,22.84,13.178602
2021,22.86,15.485637
2022,29.84,25.671007
