year,y_true,y_pred
2018,492.99,733.40204
2019,462.96,716.06506
2020,649.15,767.91437
2021,804.95,767.91437
2022,1113.8,767.91437
