year,y_true,y_pred
2018,46.22,57.255665
2019,61.73,64.53667
2020,46.37,56.717667
2021,77.4,51.939667
2022,112.99,56.717667
