year,y_true,y_pred
2018,8.25,24.876068
2019,32.78,19.215282
2020,16.28,27.006306
2021,32.37,24.876068
2022,29.02,27.006306
