year,y_true,y_pred
2018,379.66,455.99506
2019,327.84,441.86203
2020,236.1,441.86203
2021,275.1,441.86203
2022,667.44,441.86203
