year,y_true,y_pred
2018,57.37,62.34903
2019,28.66,73.917465
2020,81.16,83.01431
2021,76.33,62.34903
2022,54.5,62.34903
