year,y_true,y_pred
2018,19.12,13.583934
2019,19.11,13.583934
2020,47.74,17.091084
2021,33.39,18.889668
2022,8.39,14.950583
