year,y_true,y_pred
2018,100.4,53.799946
2019,95.55,58.01626
2020,100.25,58.01626
2021,81.1,58.01626
2022,62.89,58.01626
