year,y_true,y_pred
2018,133.86,198.93794
2019,157.65,198.93794
2020,138.44,198.93794
2021,209.9,198.93794
2022,113.2,255.0992
