year,y_true,y_pred
2018,4.78,2.7475624
2019,9.55,2.7475624
2020,0.0,3.896
2021,9.54,1.994075
2022,0.0,3.896
