year,y_true,y_pred
2018,80.73,95.71366
2019,40.26,88.900665
2020,60.23,89.59645
2021,30.04,88.900665
2022,30.51,88.900665
