year,y_true,y_pred
2018,383.84,220.74297
2019,423.03,528.9344
2020,355.06,497.4128
2021,492.44,632.33374
2022,1012.04,586.0586
