year,y_true,y_pred
2018,36.21,15.2873335
2019,28.68,15.2873335
2020,35.51,15.2873335
2021,21.1,15.2873335
2022,69.8,15.2873335
