year,y_true,y_pred
2018,471.01,459.78098
2019,601.37,459.78098
2020,551.53,338.19226
2021,812.45,459.78098
2022,799.92,459.78098
