year,y_true,y_pred
2018,42.82,41.03717
2019,60.14,18.273302
2020,60.32,26.94973
2021,60.5,26.94973
2022,78.04,26.94973
