year,y_true,y_pred
2018,0.0,3.6151466
2019,17.18,3.6151466
2020,8.62,7.681771
2021,0.0,3.6151466
2022,0.0,3.6151466
