year,y_true,y_pred
2018,59.95,32.136406
2019,85.91,32.136406
2020,206.83,32.136406
2021,146.93,32.136406
2022,126.82,32.136406
