year,y_true,y_pred
2018,0.0,0.77117497
2019,0.0,0.77117497
2020,0.0,0.77117497
2021,0.0,0.77117497
2022,0.0,0.77117497
