year,y_true,y_pred
2018,65.78,88.68404
2019,88.05,78.63854
2020,22.1,91.24933
2021,88.75,79.49504
2022,79.71,91.24933
