year,y_true,y_pred
2018,248.58,303.88318
2019,168.35,303.88318
2020,240.88,303.88318
2021,265.32,303.88318
2022,281.21,303.88318
