year,y_true,y_pred
2018,47.35,48.46104
2019,24.05,43.95607
2020,36.13,43.95607
2021,48.24,43.95607
2022,12.23,43.95607
