year,y_true,y_pred
2018,11.84,0.83724993
2019,0.0,0.83724993
2020,0.0,0.83724993
2021,0.0,0.83724993
2022,0.0,1.07365
