year,y_true,y_pred
2018,94.7,99.73029
2019,36.08,99.73029
2020,84.31,50.00551
2021,60.3,99.73029
2022,97.81,46.175426
