year,y_true,y_pred
2018,35.51,49.742004
2019,108.23,49.742004
2020,84.31,49.742004
2021,72.36,34.966003
2022,61.13,49.742004
