year,y_true,y_pred
2018,22.28,60.178566
2019,44.75,60.178566
2020,0.0,60.178566
2021,67.72,60.178566
2022,66.74,52.879375
