year,y_true,y_pred
2018,343.46,508.28534
2019,296.43,508.28534
2020,286.48,508.28534
2021,179.53,508.28534
2022,437.47,508.28534
