year,y_true,y_pred
2018,36.15,67.409996
2019,17.44,67.409996
2020,0.0,67.409996
2021,0.0,67.409996
2022,0.0,67.409996
