year,y_true,y_pred
2018,52.52,42.306465
2019,43.12,42.306465
2020,73.68,35.722935
2021,45.91,31.750929
2022,55.58,45.21216
