year,y_true,y_pred
2018,73.42,37.835857
2019,18.32,37.835857
2020,45.7,51.637
2021,72.99,43.78625
2022,66.37,37.835857
