year,y_true,y_pred
2018,77.64,34.572666
2019,74.82,34.572666
2020,69.22,34.572666
2021,69.18,34.572666
2022,83.16,34.572666
