year,y_true,y_pred
2018,621.14,589.79364
2019,520.93,640.9828
2020,553.77,589.79364
2021,597.68,589.79364
2022,632.59,616.62665
