year,y_true,y_pred
2018,897.28,968.942
2019,758.48,999.7625
2020,436.51,973.264
2021,525.97,973.54047
2022,632.23,973.54047
