year,y_true,y_pred
2018,107.14,50.453682
2019,26.61,77.19956
2020,39.68,65.62353
2021,26.3,67.09373
2022,40.36,51.748184
