year,y_true,y_pred
2018,26.78,5.313069
2019,0.0,0.0026310354
2020,13.23,0.0026310354
2021,13.15,0.0026310354
2022,0.0,5.313069
