year,y_true,y_pred
2018,0.0,35.270668
2019,0.0,35.227394
2020,26.46,32.191395
2021,39.45,32.191395
2022,53.81,32.191395
