year,y_true,y_pred
2018,0.0,21.023518
2019,0.0,21.023518
2020,172.91,21.023518
2021,57.18,39.04204
2022,0.0,21.023518
