year,y_true,y_pred
2018,280.9,879.85004
2019,305.31,879.85004
2020,306.31,879.85004
2021,519.97,879.85004
2022,513.35,879.85004
