year,y_true,y_pred
2018,46.82,46.74343
2019,23.49,28.608627
2020,23.56,22.510815
2021,47.27,22.510815
2022,128.34,28.608627
