year,y_true,y_pred
2018,81.9,90.861336
2019,80.65,90.861336
2020,41.82,90.861336
2021,49.48,85.06504
2022,79.39,85.06504
