year,y_true,y_pred
2018,19.5,21.331371
2019,24.31,21.659042
2020,38.8,13.5174265
2021,38.71,22.484873
2022,44.51,22.484873
