year,y_true,y_pred
2018,229.07,220.6591
2019,320.86,224.68407
2020,257.07,206.96498
2021,329.07,173.7435
2022,384.41,291.2346
