year,y_true,y_pred
2018,287.45,257.16925
2019,285.12,327.43903
2020,270.8,327.43903
2021,302.82,327.43903
2022,337.0,327.43903
