year,y_true,y_pred
2018,22.11,20.022938
2019,12.29,20.022938
2020,29.28,23.627438
2021,38.76,20.881124
2022,37.44,20.022938
