year,y_true,y_pred
2018,599.04,809.86127
2019,615.08,809.86127
2020,512.82,809.86127
2021,725.63,809.86127
2022,658.57,933.94574
