year,y_true,y_pred
2018,79.87,70.2851
2019,39.68,45.841698
2020,78.9,45.841698
2021,98.06,55.179874
2022,41.16,45.841698
