year,y_true,y_pred
2018,199.68,165.26215
2019,158.73,165.26215
2020,118.34,139.64273
2021,196.12,165.26215
2022,41.16,165.26215
