year,y_true,y_pred
2018,0.0,14.526334
2019,39.68,14.526334
2020,19.72,9.794666
2021,58.84,14.526334
2022,82.32,9.488584
