year,y_true,y_pred
2018,19.97,5.4017
2019,0.0,9.261875
2020,0.0,6.400125
2021,0.0,6.400125
2022,0.0,6.400125
