year,y_true,y_pred
2018,33.03,27.554543
2019,42.85,27.554543
2020,50.02,27.554543
2021,49.63,27.554543
2022,45.66,27.554543
