year,y_true,y_pred
2018,396.39,380.81143
2019,521.75,418.89175
2020,520.16,388.03207
2021,503.78,355.79794
2022,577.46,355.79794
