year,y_true,y_pred
2018,43.2,69.24389
2019,75.62,74.81264
2020,60.02,70.86089
2021,74.45,63.820637
2022,75.2,74.81264
