year,y_true,y_pred
2018,10.16,10.332376
2019,5.04,10.332376
2020,15.0,10.332376
2021,14.89,10.332376
2022,13.43,7.7103753
