year,y_true,y_pred
2018,60.98,70.05727
2019,80.66,62.960224
2020,102.53,70.05727
2021,84.38,83.06131
2022,96.69,83.06131
