year,y_true,y_pred
2018,0.0,0.253425
2019,2.52,0.253425
2020,0.0,0.253425
2021,0.0,0.253425
2022,0.0,0.253425
