year,y_true,y_pred
2018,30.37,44.84751
2019,80.79,40.90631
2020,20.14,32.012936
2021,40.15,36.222897
2022,90.79,48.77345
