year,y_true,y_pred
2018,592.11,626.7687
2019,583.5,799.65814
2020,496.73,799.65814
2021,604.25,799.65814
2022,1071.43,756.2268
