year,y_true,y_pred
2018,22.77,38.578136
2019,29.92,38.578136
2020,29.51,38.578136
2021,29.12,38.578136
2022,38.82,38.578136
