year,y_true,y_pred
2018,7.59,15.947625
2019,12.47,16.570688
2020,14.75,12.709
2021,26.69,16.570688
2022,10.35,14.780625
