year,y_true,y_pred
2018,60.73,57.629795
2019,79.79,51.699814
2020,61.48,50.79795
2021,43.68,57.629795
2022,44.0,49.036114
