year,y_true,y_pred
2018,0.0,0.5349979
2019,0.0,0.5349979
2020,0.0,0.5349979
2021,2.43,0.5349979
2022,0.0,0.5349979
