year,y_true,y_pred
2018,51.55,59.88825
2019,104.71,59.88825
2020,53.16,59.88825
2021,107.87,59.88825
2022,0.0,59.88825
