year,y_true,y_pred
2018,67.06,33.66913
2019,40.06,95.38118
2020,79.79,46.80471
2021,66.21,77.665726
2022,65.59,65.23967
