year,y_true,y_pred
2018,9.5,2.761874
2019,9.32,2.761874
2020,0.0,2.761874
2021,8.99,12.596108
2022,5.67,2.761874
