year,y_true,y_pred
2018,26.56,17.438572
2019,15.57,8.209066
2020,15.21,17.438572
2021,24.8,15.674742
2022,62.74,8.209066
