year,y_true,y_pred
2018,398.34,360.30756
2019,337.24,336.83075
2020,289.03,336.83075
2021,312.53,336.83075
2022,592.54,352.53534
