year,y_true,y_pred
2018,53.08,93.86533
2019,123.15,93.86533
2020,17.5,89.36777
2021,69.64,98.24904
2022,107.55,93.86533
