year,y_true,y_pred
2018,0.0,1.5955833
2019,0.0,1.5955833
2020,17.5,1.5955833
2021,0.0,1.5955833
2022,0.0,1.5955833
