year,y_true,y_pred
2018,70.77,166.90533
2019,158.34,186.52234
2020,104.99,141.15433
2021,156.69,166.90533
2022,143.39,186.52234
