year,y_true,y_pred
2018,53.08,39.889336
2019,52.78,37.404793
2020,69.99,37.404793
2021,104.46,39.889336
2022,53.77,39.889336
