year,y_true,y_pred
2018,0.0,15.395832
2019,0.0,15.395832
2020,0.0,15.395832
2021,34.82,15.395832
2022,17.92,18.826708
