year,y_true,y_pred
2018,63.11,51.185917
2019,71.03,46.303684
2020,69.57,49.10516
2021,48.69,46.303684
2022,48.83,46.303684
