year,y_true,y_pred
2018,450.0,467.98132
2019,497.24,467.98132
2020,464.79,467.98132
2021,376.77,467.98132
2022,465.91,510.22665
