year,y_true,y_pred
2018,30.93,28.708874
2019,43.62,28.708874
2020,48.02,27.432749
2021,50.52,27.432749
2022,54.25,27.432749
