year,y_true,y_pred
2018,0.0,0.16170539
2019,0.0,0.16170539
2020,0.0,0.16170539
2021,1.22,0.16170539
2022,1.36,0.020856062
