year,y_true,y_pred
2018,116.76,72.698105
2019,72.28,67.67758
2020,73.26,69.15619
2021,93.74,80.76776
2022,96.3,74.523674
