year,y_true,y_pred
2018,0.0,0.089762054
2019,0.0,0.089762054
2020,0.0,0.089762054
2021,0.61,0.089762054
2022,0.0,0.089762054
