year,y_true,y_pred
2018,582.77,882.58673
2019,662.64,882.58673
2020,581.56,882.58673
2021,646.12,882.58673
2022,844.02,882.58673
