year,y_true,y_pred
2018,73.77,67.88308
2019,73.22,72.64266
2020,39.98,72.64266
2021,83.02,77.612335
2022,107.57,72.64266
