year,y_true,y_pred
2018,728.48,810.04663
2019,757.2,832.67413
2020,834.83,773.19934
2021,716.38,845.87585
2022,533.86,845.87585
