year,y_true,y_pred
2018,66.23,52.57815
2019,65.84,58.41199
2020,81.85,59.052845
2021,48.84,53.811954
2022,14.05,51.69337
