year,y_true,y_pred
2018,45.47,19.637001
2019,11.39,19.637001
2020,38.01,19.637001
2021,30.46,20.676
2022,26.87,19.637001
