year,y_true,y_pred
2018,15.16,3.750058
2019,11.39,3.4268143
2020,19.01,7.627194
2021,11.42,7.627194
2022,11.94,7.627194
