year,y_true,y_pred
2018,30.31,38.19876
2019,68.31,38.19876
2020,45.61,38.19876
2021,49.49,38.19876
2022,41.79,38.19876
