year,y_true,y_pred
2018,125.05,108.80873
2019,159.4,108.80873
2020,152.05,108.80873
2021,118.01,108.80873
2022,95.53,108.80873
