year,y_true,y_pred
2018,3.79,0.34153333
2019,0.0,0.26633334
2020,0.0,0.26633334
2021,0.0,0.26633334
2022,0.0,0.34153333
