year,y_true,y_pred
2018,54.47,92.08356
2019,138.54,62.6218
2020,28.19,49.564125
2021,0.0,21.343468
2022,50.94,51.231304
