year,y_true,y_pred
2018,277.14,225.71143
2019,372.23,225.71143
2020,277.48,225.71143
2021,344.39,225.71143
2022,424.68,225.71143
