year,y_true,y_pred
2018,23.09,27.229012
2019,30.39,24.921362
2020,30.0,32.021664
2021,29.63,26.511557
2022,55.39,26.511557
