year,y_true,y_pred
2018,69.28,63.165375
2019,83.56,63.165375
2020,131.24,65.836
2021,122.2,63.165375
2022,110.79,63.165375
