year,y_true,y_pred
2018,11.55,8.325267
2019,15.19,11.621616
2020,3.75,10.053741
2021,11.11,8.325267
2022,7.39,11.621616
