year,y_true,y_pred
2018,0.0,0.98177046
2019,0.0,0.98177046
2020,0.0,0.98177046
2021,0.0,0.98177046
2022,0.0,0.98177046
