year,y_true,y_pred
2018,46.19,32.59936
2019,45.58,37.927544
2020,48.75,37.927544
2021,66.66,37.927544
2022,62.78,32.59936
