year,y_true,y_pred
2018,30.99,46.0793
2019,39.9,46.0793
2020,28.31,47.478745
2021,37.12,46.0793
2022,42.13,47.478745
