year,y_true,y_pred
2018,320.26,279.46985
2019,430.88,293.7163
2020,404.21,334.15964
2021,417.33,332.39313
2022,604.7,332.39313
