year,y_true,y_pred
2018,39.27,13.921932
2019,19.61,18.611082
2020,58.74,24.677532
2021,19.55,18.614082
2022,0.0,14.654666
