year,y_true,y_pred
2018,75.13,30.751959
2019,68.51,49.260117
2020,59.97,62.417152
2021,49.68,62.417152
2022,80.67,30.751959
