year,y_true,y_pred
2018,353.69,299.35468
2019,352.6,298.05515
2020,251.1,298.05515
2021,275.38,291.2242
2022,301.77,291.2242
