year,y_true,y_pred
2018,44.21,50.922703
2019,62.96,32.699196
2020,25.11,40.77948
2021,25.03,21.977402
2022,46.94,41.02842
