year,y_true,y_pred
2018,0.0,0.5808788
2019,0.0,0.5808788
2020,0.0,0.5808788
2021,0.0,0.5808788
2022,6.71,0.5808788
