year,y_true,y_pred
2018,6.32,1.2315521
2019,0.0,1.2315521
2020,0.0,1.2315521
2021,0.0,1.2315521
2022,0.0,1.2315521
