year,y_true,y_pred
2018,50.53,28.074291
2019,37.78,28.074291
2020,43.94,28.074291
2021,31.29,22.207916
2022,46.94,28.074291
