year,y_true,y_pred
2018,107.37,118.96285
2019,132.23,111.09651
2020,169.49,118.96285
2021,100.14,112.38648
2022,107.3,111.09651
