year,y_true,y_pred
2018,6.32,-0.000105473206
2019,18.89,8.338751
2020,0.0,-0.000105473206
2021,6.26,8.338751
2022,0.0,0.0014705388
