year,y_true,y_pred
2018,731.53,826.45197
2019,549.49,816.68
2020,321.44,826.45197
2021,383.66,826.45197
2022,455.22,826.45197
