year,y_true,y_pred
2018,40.64,58.73143
2019,56.57,58.73143
2020,32.14,58.73143
2021,55.95,42.52673
2022,23.55,37.408794
