year,y_true,y_pred
2018,640.34,522.3857
2019,640.11,522.3857
2020,639.89,522.3857
2021,852.88,482.31473
2022,944.77,482.31473
