year,y_true,y_pred
2018,71.15,50.23333
2019,0.0,37.60027
2020,71.1,50.23333
2021,71.07,37.60027
2022,72.67,50.23333
