year,y_true,y_pred
2018,22.45,23.24327
2019,22.41,12.088406
2020,89.47,0.0015595163
2021,44.65,0.017625745
2022,24.88,3.1690655
