year,y_true,y_pred
2018,81.87,88.579834
2019,46.53,72.44708
2020,81.02,88.579834
2021,34.55,72.44708
2022,76.85,88.579834
