year,y_true,y_pred
2018,1210.67,902.72754
2019,948.65,902.72754
2020,804.73,844.1369
2021,643.87,864.7594
2022,813.84,931.3891
