year,y_true,y_pred
2018,55.31,59.365253
2019,30.6,59.365253
2020,60.96,59.365253
2021,78.96,59.365253
2022,68.39,54.671337
