year,y_true,y_pred
2018,18.44,4.411381
2019,12.24,7.500433
2020,12.19,8.147006
2021,48.59,14.529999
2022,75.23,7.5451756
