year,y_true,y_pred
2018,0.0,3.1421666
2019,0.0,3.1421666
2020,0.0,3.1421666
2021,0.0,3.1421666
2022,6.84,3.1421666
