year,y_true,y_pred
2018,18.44,5.784419
2019,48.96,7.9484534
2020,42.68,16.892527
2021,30.37,16.892527
2022,54.71,17.296093
