year,y_true,y_pred
2018,73.75,82.42398
2019,189.73,67.67104
2020,286.53,66.279335
2021,218.67,66.279335
2022,218.85,66.279335
