year,y_true,y_pred
2018,0.0,16.874521
2019,46.64,14.573959
2020,0.0,16.874521
2021,15.54,19.355959
2022,51.82,13.716667
