year,y_true,y_pred
2018,10.7,37.76279
2019,149.81,39.292103
2020,85.62,33.17429
2021,53.52,34.82429
2022,90.28,28.159332
