year,y_true,y_pred
2018,55.31,91.11967
2019,82.84,97.36933
2020,96.49,97.36933
2021,82.58,91.11967
2022,104.81,91.11967
