year,y_true,y_pred
2018,292.06,337.51157
2019,407.45,398.12866
2020,695.65,587.05054
2021,231.08,337.51157
2022,493.96,202.05937
