year,y_true,y_pred
2018,58.41,28.466665
2019,0.0,28.466665
2020,0.0,41.168583
2021,0.0,41.168583
2022,0.0,30.245832
