year,y_true,y_pred
2018,56.22,66.427765
2019,49.37,71.14279
2020,85.19,71.14279
2021,81.55,74.08736
2022,117.41,69.666794
