year,y_true,y_pred
2018,26.46,25.323
2019,9.87,22.296875
2020,32.77,21.112
2021,29.36,25.323
2022,39.14,22.296875
