year,y_true,y_pred
2018,19.84,31.739649
2019,32.92,29.40165
2020,36.04,31.606825
2021,29.36,24.367199
2022,56.93,32.4604
