year,y_true,y_pred
2018,208.35,229.27309
2019,227.12,203.47707
2020,232.63,229.27309
2021,264.23,229.27309
2022,327.32,229.27309
