year,y_true,y_pred
2018,3.31,1.4907501
2019,0.0,1.4907501
2020,3.28,1.4907501
2021,0.0,1.4907501
2022,0.0,1.4907501
