year,y_true,y_pred
2018,606.0,433.31427
2019,613.73,461.26392
2020,448.29,518.47595
2021,416.32,507.97656
2022,486.08,426.14932
