year,y_true,y_pred
2018,53.91,52.340927
2019,59.53,52.340927
2020,56.38,52.340927
2021,44.64,52.340927
2022,41.32,38.704926
