year,y_true,y_pred
2018,39.97,26.917107
2019,39.68,25.163074
2020,37.13,28.079052
2021,40.54,28.079052
2022,43.37,28.079052
