year,y_true,y_pred
2018,0.46,0.45566666
2019,0.0,0.45566666
2020,0.0,0.45566666
2021,0.0,0.45566666
2022,0.0,0.45566666
