year,y_true,y_pred
2018,18.12,10.085373
2019,22.15,14.808222
2020,18.79,14.808222
2021,11.84,14.808222
2022,22.91,10.085373
