year,y_true,y_pred
2018,89.69,48.295498
2019,91.37,48.295498
2020,70.13,48.295498
2021,94.74,48.295498
2022,88.79,48.295498
