year,y_true,y_pred
2018,0.0,0.13447618
2019,0.46,0.13447618
2020,0.0,0.13447618
2021,0.46,0.13447618
2022,0.0,0.13447618
