year,y_true,y_pred
2018,35.98,31.564625
2019,12.11,31.564625
2020,12.22,24.828125
2021,24.66,24.828125
2022,0.0,31.564625
