year,y_true,y_pred
2018,83.95,15.217668
2019,24.22,15.612334
2020,24.45,17.172335
2021,24.66,15.217668
2022,12.85,15.217668
