year,y_true,y_pred
2018,35.98,11.890792
2019,48.44,10.279792
2020,24.45,12.552334
2021,37.0,12.552334
2022,25.69,12.552334
