year,y_true,y_pred
2018,35.98,32.689003
2019,84.77,30.749367
2020,110.01,35.81321
2021,209.64,36.199226
2022,64.23,36.199226
