year,y_true,y_pred
2018,345.19,192.27629
2019,376.39,192.27629
2020,353.77,192.27629
2021,323.45,192.27629
2022,464.34,192.27629
