year,y_true,y_pred
2018,19.92,14.559148
2019,20.16,20.892347
2020,27.21,18.465687
2021,68.82,21.12663
2022,44.22,21.12663
