year,y_true,y_pred
2018,33.19,51.680065
2019,26.89,23.546196
2020,47.62,46.430065
2021,34.41,27.57744
2022,44.22,27.57744
