year,y_true,y_pred
2018,0.0,0.51139164
2019,0.0,0.51139164
2020,0.0,0.51139164
2021,6.88,0.51139164
2022,0.0,0.39879167
