year,y_true,y_pred
2018,66.38,93.06067
2019,87.38,81.36367
2020,183.69,87.22117
2021,123.87,103.42442
2022,99.5,103.42442
