year,y_true,y_pred
2018,40.66,94.00525
2019,45.79,85.487915
2020,39.49,94.00525
2021,22.26,94.00525
2022,61.23,94.00525
