year,y_true,y_pred
2018,36.74,52.785915
2019,45.93,46.89454
2020,68.89,46.89454
2021,87.26,49.561333
2022,106.93,49.561333
