year,y_true,y_pred
2018,159.33,191.55763
2019,174.71,201.88354
2020,155.23,212.81334
2021,197.11,198.66833
2022,251.72,212.81334
