year,y_true,y_pred
2018,30.35,23.870743
2019,29.95,17.202862
2020,17.25,23.159943
2021,24.34,22.244944
2022,15.73,19.422071
