year,y_true,y_pred
2018,8.13,102.861336
2019,89.24,106.279335
2020,97.17,102.861336
2021,64.67,102.861336
2022,62.01,106.279335
