year,y_true,y_pred
2018,0.0,7.1777744
2019,55.52,7.1777744
2020,0.0,7.1777744
2021,0.0,7.1777744
2022,0.0,7.1777744
