year,y_true,y_pred
2018,167.5,112.28598
2019,55.52,112.28598
2020,220.87,112.28598
2021,219.66,88.05604
2022,58.86,88.05604
