year,y_true,y_pred
2018,94.06,77.59806
2019,93.46,77.59806
2020,58.05,65.90691
2021,57.7,65.90691
2022,37.13,65.90691
