year,y_true,y_pred
2018,1105.23,891.1104
2019,876.17,895.82794
2020,847.56,941.3621
2021,865.55,861.38434
2022,1151.13,861.38434
