year,y_true,y_pred
2018,1428.57,655.06116
2019,1205.98,655.06116
2020,928.64,587.577
2021,791.69,587.577
2022,862.9,587.577
