year,y_true,y_pred
2018,190.48,89.23147
2019,144.72,59.456264
2020,48.88,89.23147
2021,49.48,45.046043
2022,191.75,45.046043
