year,y_true,y_pred
2018,687.05,599.41815
2019,513.0,668.5977
2020,442.63,599.41815
2021,677.97,599.41815
2022,877.19,682.24805
