year,y_true,y_pred
2018,22.4,33.099632
2019,44.97,33.099632
2020,45.15,26.999208
2021,45.31,26.999208
2022,48.45,26.999208
