year,y_true,y_pred
2018,348.76,445.66336
2019,276.62,462.1183
2020,300.71,446.0016
2021,211.5,462.1183
2022,246.77,304.33356
