year,y_true,y_pred
2018,18.55,5.435583
2019,18.44,5.435583
2020,22.0,5.435583
2021,18.23,5.435583
2022,20.23,5.435583
