year,y_true,y_pred
2018,7.42,10.438292
2019,3.69,9.462375
2020,18.34,10.438292
2021,7.29,10.414291
2022,8.09,9.462375
