year,y_true,y_pred
2018,74.2,66.413734
2019,118.02,66.413734
2020,117.35,53.301666
2021,105.75,53.301666
2022,76.86,53.301666
