year,y_true,y_pred
2018,7.42,12.485666
2019,29.51,10.715667
2020,29.34,14.392417
2021,25.53,14.392417
2022,32.36,12.469334
