year,y_true,y_pred
2018,0.0,0.51098424
2019,0.0,0.51098424
2020,0.0,0.51098424
2021,0.0,0.51098424
2022,0.0,0.51098424
