year,y_true,y_pred
2018,49.1,80.75917
2019,67.3,107.416046
2020,54.9,107.166145
2021,79.08,107.166145
2022,110.48,106.90856
