year,y_true,y_pred
2018,401.75,220.86002
2019,233.49,356.9331
2020,372.32,160.13431
2021,351.12,356.9331
2022,578.73,356.9331
