year,y_true,y_pred
2018,18.26,21.547655
2019,37.36,11.22677
2020,47.73,21.547655
2021,68.27,21.547655
2022,65.52,21.547655
