year,y_true,y_pred
2018,723.35,795.88995
2019,883.31,795.88995
2020,823.58,848.3967
2021,756.11,795.88995
2022,1061.2,795.88995
