year,y_true,y_pred
2018,45.07,75.981995
2019,64.85,75.981995
2020,48.84,75.981995
2021,68.34,75.981995
2022,70.75,75.981995
