year,y_true,y_pred
2018,11.27,14.347375
2019,17.89,14.347375
2020,11.1,14.347375
2021,15.43,14.347375
2022,12.63,14.347375
