year,y_true,y_pred
2018,36.05,37.43797
2019,51.43,38.375736
2020,44.4,35.44495
2021,30.86,33.282955
2022,45.48,33.81615
