year,y_true,y_pred
2018,171.53,242.29868
2019,258.52,242.29868
2020,153.92,304.08743
2021,164.28,242.29868
2022,356.64,242.29868
