year,y_true,y_pred
2018,32.43,46.796413
2019,24.32,41.368862
2020,48.59,40.97101
2021,89.01,25.774027
2022,42.58,19.1833
