year,y_true,y_pred
2018,210.8,147.68837
2019,113.49,147.68837
2020,129.59,105.77726
2021,250.85,105.77726
2022,119.23,147.68837
