year,y_true,y_pred
2018,89.18,44.04775
2019,48.64,44.04775
2020,105.29,44.04775
2021,113.29,44.04775
2022,85.16,44.04775
