year,y_true,y_pred
2018,8.11,4.249833
2019,8.11,1.7220606
2020,8.1,1.7220606
2021,8.09,1.7220606
2022,0.0,1.7220606
