mae,rmse,r2,city,model,sequence_length,forecast_horizon,normalization,val_size
0.08266966573172053,0.20972249706563995,-0.02810404933090438,1703602,xgboost,8,4,,
