year,y_true,y_pred
2018,70.57,23.330084
2019,0.0,25.587833
2020,74.35,24.082668
2021,0.0,23.330084
2022,0.0,24.082668
