year,y_true,y_pred
2018,51.59,56.23876
2019,0.0,56.23876
2020,52.65,63.16104
2021,159.45,64.02204
2022,156.01,82.75254
