year,y_true,y_pred
2018,136.29,102.47508
2019,68.05,90.2599
2020,33.98,82.06323
2021,101.8,102.47508
2022,33.88,102.47508
