year,y_true,y_pred
2018,34.55,52.098457
2019,42.13,45.981834
2020,44.05,54.313957
2021,42.05,54.313957
2022,49.35,49.737667
