year,y_true,y_pred
2018,36.16,42.538864
2019,47.69,42.538864
2020,45.62,42.538864
2021,30.37,42.538864
2022,39.95,31.139593
