year,y_true,y_pred
2018,89.19,115.555664
2019,119.22,105.911415
2020,116.41,115.555664
2021,88.76,115.555664
2022,95.56,105.911415
