year,y_true,y_pred
2018,0.0,0.8763958
2019,0.0,1.0977083
2020,0.0,1.0977083
2021,0.0,1.0977083
2022,0.78,1.0977083
