year,y_true,y_pred
2018,11.25,12.681541
2019,10.33,12.681541
2020,7.08,12.681541
2021,16.35,14.5634165
2022,8.62,12.886416
