year,y_true,y_pred
2018,35.92,74.88467
2019,72.6,75.05717
2020,36.66,64.68733
2021,37.02,74.88467
2022,126.22,87.71927
