year,y_true,y_pred
2018,51.26,55.57033
2019,102.77,46.008266
2020,51.53,46.008266
2021,51.67,55.289333
2022,50.28,46.008266
