year,y_true,y_pred
2018,213.4,49.674416
2019,0.0,18.098263
2020,43.38,35.105488
2021,131.18,49.674416
2022,0.0,33.51552
