year,y_true,y_pred
2018,169.08,448.04053
2019,201.47,353.83688
2020,140.8,353.83688
2021,169.3,353.83688
2022,337.95,353.83688
