year,y_true,y_pred
2018,11.27,24.006847
2019,11.19,24.006847
2020,14.82,24.006847
2021,18.4,24.006847
2022,25.03,24.006847
