year,y_true,y_pred
2018,161.46,90.799034
2019,160.74,90.799034
2020,248.98,90.799034
2021,212.54,90.799034
2022,55.09,90.799034
