year,y_true,y_pred
2018,14.19,12.520083
2019,28.69,12.520083
2020,29.01,9.377133
2021,0.0,12.520083
2022,16.14,13.907583
