year,y_true,y_pred
2018,212.86,292.0199
2019,229.56,326.78262
2020,217.55,326.78262
2021,249.19,326.78262
2022,129.16,326.78262
