year,y_true,y_pred
2018,28.38,8.268044
2019,28.69,9.030713
2020,0.0,3.4743466
2021,29.32,3.4743466
2022,0.0,3.4743466
