year,y_true,y_pred
2018,70.95,38.61898
2019,57.39,38.6117
2020,87.02,38.61216
2021,131.93,38.146812
2022,113.01,38.61898
