year,y_true,y_pred
2018,42.57,27.596
2019,71.74,37.947502
2020,72.52,33.246502
2021,29.32,33.246502
2022,64.58,27.596
