year,y_true,y_pred
2018,101.92,41.574806
2019,128.21,40.29051
2020,25.8,85.894066
2021,25.96,85.894066
2022,57.94,41.574806
