year,y_true,y_pred
2018,338.89,377.4824
2019,397.42,355.02646
2020,275.34,355.02646
2021,215.65,312.3897
2022,397.46,313.07974
