year,y_true,y_pred
2018,29.47,20.399452
2019,14.61,20.399452
2020,23.19,23.021011
2021,31.63,22.887812
2022,32.58,20.399452
