year,y_true,y_pred
2018,14.73,8.347134
2019,17.53,10.650069
2020,8.69,8.347134
2021,31.63,0.0019195371
2022,16.29,8.347134
