year,y_true,y_pred
2018,8.84,7.9751253
2019,8.77,7.5191255
2020,11.59,7.5191255
2021,20.13,7.9751253
2022,39.09,7.9751253
