year,y_true,y_pred
2018,53.04,43.37428
2019,26.3,43.37428
2020,43.47,43.37428
2021,60.38,34.982014
2022,39.09,43.37428
