year,y_true,y_pred
2018,0.0,82.195
2019,28.98,91.203995
2020,85.2,110.53619
2021,83.61,110.53619
2022,64.58,82.195
