year,y_true,y_pred
2018,22.4,37.31671
2019,22.34,42.467075
2020,22.28,38.448494
2021,22.23,38.448494
2022,24.73,38.448494
