year,y_true,y_pred
2018,44.8,10.413917
2019,0.0,9.495042
2020,22.28,9.495042
2021,22.23,14.126417
2022,0.0,10.699667
