year,y_true,y_pred
2018,0.0,2.3017166
2019,0.0,2.3017166
2020,0.0,2.3017166
2021,22.23,2.3017166
2022,0.0,2.3017166
