year,y_true,y_pred
2018,22.4,68.145294
2019,134.02,57.561295
2020,111.41,82.60161
2021,111.14,64.45079
2022,49.47,68.145294
