year,y_true,y_pred
2018,89.61,21.009485
2019,89.35,25.863928
2020,89.13,29.364483
2021,66.68,29.364483
2022,24.73,29.364483
