year,y_true,y_pred
2018,31.41,51.23854
2019,30.23,47.330418
2020,35.64,51.23854
2021,31.67,51.23854
2022,49.32,51.23854
