year,y_true,y_pred
2018,0.0,222.83728
2019,52.0,222.83728
2020,204.71,222.83728
2021,453.63,222.83728
2022,430.77,222.83728
