year,y_true,y_pred
2018,362.32,282.2895
2019,461.42,282.2895
2020,528.48,284.1427
2021,435.95,284.52252
2022,387.83,300.17786
