year,y_true,y_pred
2018,39.07,20.354439
2019,46.14,3.8320038
2020,60.3,19.447016
2021,88.61,19.447016
2022,28.38,19.447016
