year,y_true,y_pred
2018,31.97,20.136875
2019,17.75,18.230751
2020,42.56,18.23825
2021,35.44,20.136875
2022,34.68,18.230751
