year,y_true,y_pred
2018,24.87,15.224
2019,21.3,15.068001
2020,28.37,13.08125
2021,38.99,13.088
2022,56.76,13.088
