year,y_true,y_pred
2018,85.25,43.962635
2019,53.24,43.962635
2020,78.03,53.235603
2021,141.77,53.215694
2022,113.51,43.57175
