year,y_true,y_pred
2018,0.0,0.0028054419
2019,3.55,0.0028054419
2020,10.64,0.6077416
2021,0.0,0.0028054419
2022,6.31,0.0028054419
