year,y_true,y_pred
2018,0.0,32.79058
2019,33.24,32.79058
2020,33.28,10.07575
2021,66.6,6.2767158
2022,33.66,74.752144
