year,y_true,y_pred
2018,299.0,335.77942
2019,332.45,335.77942
2020,399.33,457.56195
2021,366.3,406.86453
2022,370.25,457.56195
