year,y_true,y_pred
2018,221.03,47.393517
2019,126.26,63.044353
2020,63.09,133.12198
2021,94.61,96.82371
2022,165.51,93.35284
