year,y_true,y_pred
2018,978.7,882.77686
2019,634.08,882.77686
2020,854.21,791.1717
2021,924.64,1000.31824
2022,1097.06,861.0575
