year,y_true,y_pred
2018,69.08,64.811455
2019,46.11,56.097958
2020,34.63,60.061665
2021,104.02,50.891666
2022,78.36,56.097958
