year,y_true,y_pred
2018,151.11,79.89046
2019,67.01,93.46095
2020,133.76,84.694954
2021,83.43,91.51866
2022,155.44,84.694954
