mae,rmse,r2,city,model,sequence_length,forecast_horizon,normalization,val_size
0.019565573821508704,0.021581949902761664,-1.7888204278307875,3106200,xgboost,8,4,,
