year,y_true,y_pred
2018,424.93,338.25885
2019,216.75,338.25885
2020,75.96,338.25885
2021,163.44,338.25885
2022,233.27,338.25885
