year,y_true,y_pred
2018,38.63,14.162027
2019,0.0,12.831819
2020,0.0,23.757067
2021,12.57,24.439137
2022,0.0,14.162027
