year,y_true,y_pred
2018,49.39,43.521072
2019,53.43,43.521072
2020,35.33,43.521072
2021,39.44,43.521072
2022,30.83,43.521072
