year,y_true,y_pred
2018,1.12,0.415125
2019,1.11,0.415125
2020,0.0,0.415125
2021,2.19,0.415125
2022,0.0,0.246
