year,y_true,y_pred
2018,55.0,60.974045
2019,47.86,66.28854
2020,54.1,59.77598
2021,69.03,60.974045
2022,75.78,60.524044
