year,y_true,y_pred
2018,664.18,1008.66895
2019,597.81,1008.66895
2020,441.08,1008.66895
2021,488.5,1008.66895
2022,654.42,1008.66895
