year,y_true,y_pred
2018,46.45,67.21567
2019,52.01,68.27167
2020,38.55,68.27167
2021,61.63,68.27167
2022,65.38,68.27167
