year,y_true,y_pred
2018,53.05,89.6815
2019,70.49,69.39883
2020,56.2,69.39883
2021,84.02,69.39883
2022,59.8,90.08874
