year,y_true,y_pred
2018,53.05,41.438248
2019,63.44,41.438248
2020,50.93,41.438248
2021,59.52,41.438248
2022,56.06,41.438248
