year,y_true,y_pred
2018,31.83,17.66975
2019,35.24,24.292458
2020,35.12,24.292458
2021,26.26,24.292458
2022,31.77,21.111584
