year,y_true,y_pred
2018,58.63,115.086494
2019,146.33,104.30119
2020,58.41,105.743
2021,174.93,114.767
2022,119.33,105.743
