year,y_true,y_pred
2018,7.33,14.742417
2019,9.76,10.630688
2020,12.17,13.359203
2021,9.71,15.049953
2022,12.11,4.86838
