year,y_true,y_pred
2018,870.31,786.74115
2019,778.11,726.8286
2020,372.25,728.4711
2021,247.63,744.74646
2022,365.44,621.9
