year,y_true,y_pred
2018,15.34,11.207841
2019,14.85,13.109737
2020,8.87,13.109737
2021,11.87,10.293469
2022,12.93,10.339274
