year,y_true,y_pred
2018,238.34,134.06914
2019,167.96,134.06914
2020,166.37,134.06914
2021,97.12,134.06914
2022,108.99,93.80042
