year,y_true,y_pred
2018,363.2,364.67642
2019,284.78,294.1769
2020,533.22,171.41252
2021,413.39,269.82254
2022,571.43,271.09857
