year,y_true,y_pred
2018,16.94,46.917336
2019,17.14,46.917336
2020,34.67,46.917336
2021,70.1,46.917336
2022,84.72,33.343086
