year,y_true,y_pred
2018,71.14,61.036625
2019,85.53,74.406334
2020,57.13,59.158974
2021,42.92,78.06817
2022,72.05,74.406334
