year,y_true,y_pred
2018,71.78,82.808
2019,32.64,80.40357
2020,13.06,82.808
2021,65.34,80.40357
2022,40.17,86.88775
