year,y_true,y_pred
2018,39.15,63.166332
2019,45.7,52.074333
2020,39.19,52.074333
2021,52.27,52.074333
2022,33.47,63.166332
