year,y_true,y_pred
2018,104.41,72.94966
2019,137.1,78.062706
2020,58.78,72.94966
2021,111.07,72.94966
2022,26.78,78.062706
