year,y_true,y_pred
2018,104.41,186.12106
2019,130.57,186.12106
2020,124.09,186.12106
2021,163.35,186.12106
2022,214.22,183.90538
