year,y_true,y_pred
2018,33.83,39.334564
2019,39.2,38.732162
2020,39.88,37.37789
2021,45.37,39.211426
2022,52.72,36.742832
