year,y_true,y_pred
2018,502.56,481.6686
2019,538.09,479.7103
2020,488.8,481.6686
2021,502.19,490.52023
2022,565.27,524.35803
