year,y_true,y_pred
2018,29.31,26.200577
2019,32.31,26.200577
2020,28.26,26.200577
2021,28.78,26.200577
2022,39.31,26.200577
