year,y_true,y_pred
2018,2.09,2.354905
2019,2.41,2.354905
2020,1.98,2.354905
2021,1.72,2.354905
2022,1.88,2.42559
