year,y_true,y_pred
2018,16.0,13.570517
2019,18.19,13.263353
2020,16.31,13.263353
2021,16.27,13.263353
2022,21.02,13.263353
