year,y_true,y_pred
2018,458.67,43.14237
2019,511.36,542.5139
2020,462.5,542.5139
2021,459.81,442.19662
2022,500.28,544.77106
