year,y_true,y_pred
2018,43.13,2.6113834
2019,59.43,15.729915
2020,77.12,34.91788
2021,78.05,36.475487
2022,63.83,36.475487
