year,y_true,y_pred
2018,48.94,25.526981
2019,32.58,24.106773
2020,24.4,8.767871
2021,8.12,25.526981
2022,26.23,25.526981
