year,y_true,y_pred
2018,252.83,196.64534
2019,350.19,196.64534
2020,276.49,196.64534
2021,227.38,196.64534
2022,384.68,185.59355
