year,y_true,y_pred
2018,32.62,40.792873
2019,65.15,43.298
2020,24.4,48.716064
2021,48.73,39.971
2022,69.94,48.716064
