year,y_true,y_pred
2018,32.62,14.190834
2019,8.14,21.785667
2020,16.26,14.190834
2021,0.0,16.68496
2022,26.23,14.190834
