year,y_true,y_pred
2018,114.18,69.08113
2019,162.88,66.23479
2020,130.11,75.08426
2021,129.93,66.23479
2022,104.91,66.23479
