year,y_true,y_pred
2018,75.19,92.49546
2019,132.12,90.42824
2020,118.41,92.49546
2021,61.15,90.42824
2022,161.52,90.42824
