year,y_true,y_pred
2018,27.4,22.209478
2019,67.41,21.419538
2020,26.55,22.209478
2021,26.15,21.419538
2022,12.26,21.419538
