year,y_true,y_pred
2018,52.71,54.665962
2019,45.77,52.77968
2020,50.97,50.516174
2021,64.15,50.516174
2022,74.93,48.13655
