year,y_true,y_pred
2018,51.36,39.258408
2019,56.54,35.95905
2020,60.36,33.479084
2021,57.47,33.479084
2022,38.12,33.479084
