year,y_true,y_pred
2018,94.6,60.489357
2019,105.01,60.489357
2020,92.55,60.489357
2021,130.97,60.489357
2022,114.37,60.489357
