year,y_true,y_pred
2018,25.68,9.808667
2019,17.5,9.808667
2020,22.8,9.808667
2021,26.73,9.808667
2022,27.61,9.808667
