year,y_true,y_pred
2018,1.35,0.7307917
2019,0.0,0.7307917
2020,0.0,0.7307917
2021,0.0,0.7307917
2022,1.31,0.7307917
