year,y_true,y_pred
2018,322.16,384.5109
2019,367.04,433.75067
2020,272.03,433.91946
2021,309.71,384.5109
2022,438.95,433.75067
