year,y_true,y_pred
2018,14.01,46.383423
2019,45.44,41.26507
2020,31.39,32.40296
2021,34.8,53.44352
2022,61.67,32.40296
