year,y_true,y_pred
2018,0.0,0.8209739
2019,0.0,0.8209739
2020,3.49,0.8209739
2021,0.0,0.49635538
2022,0.0,0.49635538
