year,y_true,y_pred
2018,77.04,23.292837
2019,41.95,23.292837
2020,66.26,23.292837
2021,76.56,23.292837
2022,65.3,23.292837
