year,y_true,y_pred
2018,122.56,144.82166
2019,101.37,154.4133
2020,170.89,148.57666
2021,187.91,130.90799
2022,224.91,129.44366
