year,y_true,y_pred
2018,21.01,3.9922502
2019,3.5,3.9922502
2020,3.49,3.204
2021,3.48,3.4042501
2022,10.88,3.93825
