year,y_true,y_pred
2018,24.22,27.848186
2019,43.62,40.04044
2020,66.28,35.2314
2021,49.87,29.424465
2022,94.09,35.175076
