year,y_true,y_pred
2018,734.58,664.05786
2019,1039.02,613.8467
2020,771.99,664.05786
2021,1028.04,613.8467
2022,761.65,664.05786
