year,y_true,y_pred
2018,15.38,24.905268
2019,29.4,23.457167
2020,33.03,23.437668
2021,38.6,22.815166
2022,34.89,22.815166
