year,y_true,y_pred
2018,334.02,344.25333
2019,431.71,333.89554
2020,344.34,344.25333
2021,350.86,367.34473
2022,437.72,367.34473
