year,y_true,y_pred
2018,95.05,70.17106
2019,152.15,70.17106
2020,95.14,70.17106
2021,76.14,70.17106
2022,100.91,60.057808
