year,y_true,y_pred
2018,67.43,85.455666
2019,89.75,83.89777
2020,22.4,83.89777
2021,89.45,83.89777
2022,142.08,104.10267
