year,y_true,y_pred
2018,736.27,848.5207
2019,1088.16,848.5207
2020,705.27,777.93164
2021,705.54,809.19464
2022,882.29,777.93164
