year,y_true,y_pred
2018,16.69,26.260582
2019,33.29,25.586458
2020,49.83,31.500084
2021,99.44,26.260582
2022,19.06,29.370083
