year,y_true,y_pred
2018,350.41,630.19073
2019,416.18,633.90173
2020,365.39,633.90173
2021,646.34,633.90173
2022,686.24,736.0907
