year,y_true,y_pred
2018,49.5,41.293068
2019,94.29,37.69118
2020,64.68,46.99298
2021,44.89,42.805504
2022,94.08,43.305004
