year,y_true,y_pred
2018,24.75,20.073042
2019,14.89,22.578333
2020,9.95,22.578333
2021,39.9,22.578333
2022,15.68,22.050041
