year,y_true,y_pred
2018,19.8,11.994875
2019,24.81,11.766875
2020,24.88,10.349375
2021,29.93,10.349375
2022,47.04,10.349375
