year,y_true,y_pred
2018,39.6,23.45683
2019,64.52,19.202053
2020,109.46,23.45683
2021,164.6,34.46099
2022,167.25,49.841118
