year,y_true,y_pred
2018,284.17,313.94333
2019,464.37,313.94333
2020,291.6,288.54
2021,313.34,319.96896
2022,314.77,313.94333
