year,y_true,y_pred
2018,32.97,24.304085
2019,45.5,24.304085
2020,36.06,24.304085
2021,31.33,24.304085
2022,31.93,24.304085
