year,y_true,y_pred
2018,6.28,19.083124
2019,15.69,19.083124
2020,7.84,19.083124
2021,36.03,19.083124
2022,6.08,22.202665
