year,y_true,y_pred
2018,161.71,142.92833
2019,158.45,148.572
2020,180.29,148.572
2021,150.4,148.572
2022,130.77,142.92833
