year,y_true,y_pred
2018,45.53,48.6537
2019,58.05,52.416378
2020,78.39,56.261063
2021,50.13,48.6537
2022,47.14,52.416378
