year,y_true,y_pred
2018,31.6,42.931583
2019,25.73,41.58908
2020,19.93,37.869957
2021,19.84,40.758083
2022,32.11,40.758083
