year,y_true,y_pred
2018,267.7,542.18884
2019,407.68,542.18884
2020,249.82,542.18884
2021,171.06,542.18884
2022,409.05,542.18884
