year,y_true,y_pred
2018,39.37,25.832666
2019,70.56,23.385666
2020,39.04,21.431665
2021,15.55,22.215332
2022,72.72,25.832666
