year,y_true,y_pred
2018,22.31,31.249046
2019,23.84,52.640717
2020,44.93,45.751556
2021,45.09,48.765778
2022,101.63,48.765778
