year,y_true,y_pred
2018,58.21,63.13516
2019,89.31,58.061005
2020,66.81,55.757637
2021,64.41,69.42002
2022,38.7,58.386063
