year,y_true,y_pred
2018,53.73,69.601036
2019,71.45,76.970146
2020,71.26,76.359505
2021,86.62,79.62761
2022,94.34,73.33171
