year,y_true,y_pred
2018,6.72,14.536834
2019,11.16,7.1568074
2020,11.13,14.536834
2021,17.77,7.1568074
2022,14.51,7.9761195
