year,y_true,y_pred
2018,0.0,0.3037066
2019,0.0,0.3037066
2020,0.0,0.3037066
2021,0.0,0.3037066
2022,0.0,0.3037066
