year,y_true,y_pred
2018,85.08,94.67546
2019,113.87,94.67546
2020,113.57,97.200874
2021,93.29,97.200874
2022,118.53,90.04346
