year,y_true,y_pred
2018,42.83,38.72925
2019,40.46,34.79925
2020,22.91,41.49575
2021,43.52,38.72925
2022,39.23,38.60475
