year,y_true,y_pred
2018,578.23,320.65335
2019,566.46,320.65335
2020,265.37,320.65335
2021,450.35,320.65335
2022,428.27,320.65335
