year,y_true,y_pred
2018,70.65,85.71923
2019,93.6,101.47148
2020,52.33,95.82054
2021,63.57,94.12855
2022,123.3,95.82054
