year,y_true,y_pred
2018,134.17,19.548
2019,111.93,16.050125
2020,22.41,14.350699
2021,0.0,14.350699
2022,47.24,19.444624
