year,y_true,y_pred
2018,577.58,713.13513
2019,633.58,905.02155
2020,398.09,713.13513
2021,853.56,713.13513
2022,331.91,716.1058
