year,y_true,y_pred
2018,325.93,450.45993
2019,475.71,450.45993
2020,261.62,453.8135
2021,200.12,326.65552
2022,234.02,476.0987
