year,y_true,y_pred
2018,10.19,10.587188
2019,0.0,12.433125
2020,20.12,10.587188
2021,0.0,9.882
2022,10.64,10.587188
