year,y_true,y_pred
2018,32.95,43.587143
2019,65.6,86.71846
2020,71.83,48.598057
2021,84.53,58.013874
2022,70.46,66.785484
