year,y_true,y_pred
2018,231.22,459.87225
2019,294.62,459.87225
2020,269.8,459.87225
2021,350.34,459.87225
2022,471.9,459.87225
