year,y_true,y_pred
2018,33.6,49.5654
2019,56.58,49.5654
2020,38.54,61.054333
2021,22.85,49.5654
2022,56.32,31.185932
