year,y_true,y_pred
2018,83.0,62.368595
2019,107.31,70.72412
2020,90.57,70.72412
2021,118.05,70.72412
2022,145.65,70.72412
