year,y_true,y_pred
2018,0.0,0.4450966
2019,0.0,0.4450966
2020,7.71,0.4450966
2021,0.0,0.4450966
2022,3.88,0.4450966
