year,y_true,y_pred
2018,41.5,46.427338
2019,31.22,46.427338
2020,26.98,46.427338
2021,43.79,46.427338
2022,56.32,49.075577
