year,y_true,y_pred
2018,9.88,12.113949
2019,5.85,13.14065
2020,9.64,18.347454
2021,13.33,18.347454
2022,13.59,18.347454
