year,y_true,y_pred
2018,341.38,359.16553
2019,334.06,359.53415
2020,240.67,381.2287
2021,326.27,381.2287
2022,424.83,381.2287
