year,y_true,y_pred
2018,22.47,32.01424
2019,28.5,32.01424
2020,24.53,33.26702
2021,31.63,33.26702
2022,42.96,33.890457
