year,y_true,y_pred
2018,81.76,66.89023
2019,78.05,66.89023
2020,101.81,66.89023
2021,83.97,66.89023
2022,93.56,66.89023
