year,y_true,y_pred
2018,0.73,0.27500245
2019,0.54,0.60012645
2020,0.54,1.1019231
2021,0.72,0.28488404
2022,0.47,0.59966165
