year,y_true,y_pred
2018,0.27,0.193
2019,0.36,0.1104375
2020,0.18,0.137625
2021,0.27,0.1336875
2022,0.47,0.1336875
