year,y_true,y_pred
2018,15.8,18.921667
2019,14.07,18.440666
2020,17.49,18.440666
2021,19.71,18.921667
2022,22.14,18.624708
