year,y_true,y_pred
2018,34.17,37.465668
2019,29.22,37.465668
2020,32.73,37.465668
2021,37.1,37.465668
2022,39.01,37.510666
