year,y_true,y_pred
2018,151.66,182.67534
2019,288.6,186.15392
2020,223.79,186.15392
2021,226.57,182.67534
2022,223.05,186.15392
