year,y_true,y_pred
2018,18.27,21.8529
2019,43.84,23.292696
2020,30.93,23.292696
2021,32.63,19.049452
2022,29.99,19.049452
