year,y_true,y_pred
2018,9.14,6.086624
2019,7.31,5.2621875
2020,3.64,4.5615745
2021,1.81,5.621274
2022,0.0,6.086624
