year,y_true,y_pred
2018,36.54,31.16049
2019,18.27,35.84565
2020,14.56,27.740616
2021,10.88,21.321844
2022,7.5,19.224295
