year,y_true,y_pred
2018,104.15,105.64182
2019,126.03,105.64182
2020,81.87,105.64182
2021,90.63,108.508835
2022,58.1,105.79699
