year,y_true,y_pred
2018,3.65,0.4922776
2019,0.0,1.9180748
2020,1.82,0.009576336
2021,0.0,0.0015414364
2022,0.0,0.4922776
