year,y_true,y_pred
2018,749.7,730.12366
2019,615.72,730.12366
2020,735.29,730.12366
2021,601.83,730.12366
2022,710.93,730.12366
