year,y_true,y_pred
2018,72.55,62.926704
2019,60.36,58.791206
2020,60.27,58.791206
2021,60.18,68.91239
2022,40.24,68.91239
