year,y_true,y_pred
2018,34.03,45.95067
2019,54.11,43.68496
2020,47.07,45.95067
2021,26.74,45.95067
2022,35.7,38.977524
