year,y_true,y_pred
2018,439.04,355.9806
2019,405.02,396.0513
2020,195.34,347.43018
2021,159.85,443.03973
2022,309.21,452.97028
