year,y_true,y_pred
2018,61.26,25.70051
2019,55.69,39.54146
2020,10.28,55.44249
2021,17.76,59.529346
2022,25.34,59.949303
