year,y_true,y_pred
2018,328.79,560.54144
2019,375.1,560.54144
2020,372.54,560.54144
2021,486.7,560.54144
2022,476.05,572.1705
