year,y_true,y_pred
2018,34.98,37.46753
2019,6.95,47.671288
2020,34.49,38.964725
2021,34.27,22.827045
2022,29.3,32.675358
