year,y_true,y_pred
2018,0.0,10.608385
2019,19.33,10.608385
2020,0.0,10.608385
2021,0.0,10.608385
2022,23.04,10.608385
