year,y_true,y_pred
2018,278.72,132.62267
2019,251.26,128.05946
2020,168.73,134.50946
2021,164.87,134.50946
2022,276.5,134.50946
