year,y_true,y_pred
2018,385.98,594.41254
2019,366.74,501.5668
2020,257.68,594.41254
2021,203.16,594.41254
2022,358.39,594.41254
