year,y_true,y_pred
2018,54.58,65.11833
2019,50.72,65.11833
2020,27.33,59.384666
2021,50.79,59.293167
2022,58.34,55.538334
