mae,rmse,r2,city,model,sequence_length,forecast_horizon,normalization,val_size
0.2963388201336751,0.3790857107352938,0.0009605370394998314,2803807,xgboost,8,4,,
