year,y_true,y_pred
2018,45.48,46.550625
2019,53.29,46.550625
2020,71.64,50.731125
2021,69.69,50.122128
2022,50.28,50.122128
