year,y_true,y_pred
2018,12.25,25.316542
2019,12.34,19.846012
2020,16.58,28.55278
2021,45.93,25.316542
2022,55.6,33.829556
