year,y_true,y_pred
2018,134.72,67.28833
2019,106.97,67.28833
2020,107.79,67.28833
2021,196.24,67.28833
2022,146.95,67.28833
