year,y_true,y_pred
2018,48.99,25.668882
2019,37.03,25.668882
2020,78.77,17.966816
2021,41.75,25.668882
2022,39.72,25.668882
