year,y_true,y_pred
2018,22.99,23.068792
2019,35.88,23.068792
2020,25.92,23.068792
2021,45.08,21.967567
2022,17.99,23.068792
