year,y_true,y_pred
2018,413.78,788.68146
2019,368.53,788.68146
2020,372.63,788.68146
2021,347.77,788.68146
2022,299.9,788.68146
