year,y_true,y_pred
2018,0.0,0.0023909714
2019,0.0,0.0023909714
2020,0.0,0.0023909714
2021,0.0,0.41776946
2022,0.0,0.41776946
