year,y_true,y_pred
2018,26.27,31.753492
2019,19.57,24.783623
2020,42.12,24.783623
2021,48.3,42.862816
2022,41.99,31.753492
