year,y_true,y_pred
2018,6.57,6.416238
2019,6.52,6.416238
2020,6.48,6.416238
2021,35.42,6.416238
2022,9.0,8.085167
