year,y_true,y_pred
2018,131.36,74.54927
2019,75.01,74.54927
2020,139.33,55.420788
2021,170.66,74.54927
2022,80.97,74.54982
