year,y_true,y_pred
2018,34.92,108.11533
2019,70.43,108.11533
2020,124.33,108.11533
2021,143.27,81.447525
2022,121.34,81.447525
