year,y_true,y_pred
2018,16.08,37.189125
2019,31.96,45.338688
2020,15.88,47.50259
2021,0.0,47.50259
2022,55.63,45.338688
