year,y_true,y_pred
2018,46.59,41.602123
2019,50.87,45.79425
2020,40.7,41.602123
2021,42.6,41.602123
2022,50.0,41.602123
