mae,rmse,r2,city,model,sequence_length,forecast_horizon,normalization,val_size
0.29104757626311717,0.46931013300475044,0.12225980133587477,5220157,xgboost,8,4,,
