year,y_true,y_pred
2018,5.94,13.67947
2019,8.87,10.258357
2020,2.95,13.67947
2021,5.87,13.67947
2022,9.91,13.67947
