year,y_true,y_pred
2018,56.42,41.021107
2019,53.24,49.63037
2020,44.2,49.986977
2021,64.57,45.848103
2022,56.17,55.890976
