year,y_true,y_pred
2018,23.76,9.2595625
2019,17.75,9.2595625
2020,8.84,9.100374
2021,8.81,7.5916247
2022,13.22,7.5916247
