year,y_true,y_pred
2018,26.73,6.438185
2019,2.96,6.6712856
2020,5.89,6.6768355
2021,8.81,4.762818
2022,6.61,6.6712856
