year,y_true,y_pred
2018,49.4,38.765938
2019,0.0,9.1247835
2020,33.2,45.88219
2021,49.99,17.060305
2022,47.82,43.956142
