year,y_true,y_pred
2018,977.32,453.81403
2019,877.51,673.3126
2020,790.7,549.27045
2021,668.66,488.95813
2022,807.34,488.95813
