year,y_true,y_pred
2018,24.13,20.631987
2019,60.1,33.19807
2020,95.84,34.85091
2021,23.88,20.631987
2022,24.46,20.631987
