year,y_true,y_pred
2018,34.16,41.972668
2019,67.91,41.972668
2020,33.76,41.972668
2021,33.57,34.831585
2022,34.9,34.541668
