year,y_true,y_pred
2018,990.78,339.20245
2019,1392.19,665.28125
2020,708.98,1242.7574
2021,503.52,541.7865
2022,942.41,297.69482
