year,y_true,y_pred
2018,40.56,59.398266
2019,56.61,56.047417
2020,10.75,54.710915
2021,37.53,56.047417
2022,41.9,56.047417
