year,y_true,y_pred
2018,121.67,179.02284
2019,172.53,182.71133
2020,161.28,184.04483
2021,163.51,182.71133
2022,142.47,184.04483
