year,y_true,y_pred
2018,54.08,51.700066
2019,51.22,51.700066
2020,61.82,51.700066
2021,75.05,51.700066
2022,83.81,43.790333
