year,y_true,y_pred
2018,0.0,0.94319046
2019,0.0,0.94319046
2020,0.0,0.94319046
2021,0.0,0.94319046
2022,2.79,0.94319046
