year,y_true,y_pred
2018,85.78,57.377346
2019,74.81,64.23799
2020,85.22,67.31962
2021,95.58,67.31962
2022,64.88,60.45897
