year,y_true,y_pred
2018,79.32,87.16185
2019,52.15,92.93227
2020,154.36,83.27559
2021,50.8,78.265884
2022,82.15,94.23093
