year,y_true,y_pred
2018,608.14,979.78143
2019,599.74,979.78143
2020,617.44,979.78143
2021,533.4,979.78143
2022,684.56,979.78143
