year,y_true,y_pred
2018,73.81,95.022705
2019,44.2,78.0619
2020,29.42,89.6503
2021,14.68,104.67137
2022,17.78,104.67137
