year,y_true,y_pred
2018,63.73,69.99828
2019,50.71,71.85234
2020,81.96,51.56723
2021,37.63,99.71922
2022,80.31,34.940647
