year,y_true,y_pred
2018,90.16,21.447374
2019,77.55,26.974874
2020,77.0,21.447374
2021,64.71,26.974874
2022,12.63,26.974874
