year,y_true,y_pred
2018,504.9,442.78717
2019,560.73,538.6269
2020,479.74,472.5099
2021,505.91,387.61615
2022,467.26,464.50168
