year,y_true,y_pred
2018,6.01,8.911667
2019,5.97,7.490667
2020,11.85,7.490667
2021,29.41,7.2565837
2022,18.94,11.761667
