year,y_true,y_pred
2018,18.03,10.114458
2019,5.97,10.114458
2020,0.0,10.872666
2021,11.77,10.872666
2022,6.31,7.3127704
