year,y_true,y_pred
2018,90.16,32.780823
2019,143.16,49.209625
2020,59.23,32.78112
2021,58.83,32.780823
2022,82.09,65.60651
