year,y_true,y_pred
2018,93.59,89.67096
2019,140.06,72.94003
2020,0.0,90.34702
2021,46.49,89.67096
2022,149.85,97.21896
