year,y_true,y_pred
2018,0.0,33.99504
2019,104.82,33.99504
2020,52.3,42.102543
2021,156.66,30.395567
2022,0.0,30.395567
