year,y_true,y_pred
2018,58.87,67.04952
2019,58.66,79.22135
2020,80.39,83.9943
2021,29.14,79.73119
2022,32.01,79.22135
