year,y_true,y_pred
2018,816.78,765.27954
2019,733.25,797.15936
2020,599.24,742.4923
2021,888.63,800.9522
2022,760.3,751.3045
