year,y_true,y_pred
2018,25.79,72.43572
2019,51.75,73.61199
2020,51.91,71.3617
2021,26.03,42.904613
2022,65.34,71.26791
