year,y_true,y_pred
2018,74.09,7.1349583
2019,55.85,7.1349583
2020,28.06,7.1349583
2021,9.4,7.1349583
2022,45.58,7.1349583
