year,y_true,y_pred
2018,120.4,69.10042
2019,107.05,69.10042
2020,102.9,83.66989
2021,131.62,83.66989
2022,195.98,69.10042
