year,y_true,y_pred
2018,0.0,0.444721
2019,0.0,0.444721
2020,0.0,0.444721
2021,9.4,0.444721
2022,4.56,3.468366
