year,y_true,y_pred
2018,0.0,0.0068452377
2019,0.0,1.3070632
2020,0.0,1.3070632
2021,0.0,1.3070632
2022,0.0,1.3070632
