year,y_true,y_pred
2018,13.89,13.402166
2019,9.31,16.044666
2020,9.35,16.044666
2021,0.0,16.044666
2022,22.79,11.833417
