year,y_true,y_pred
2018,32.42,24.043041
2019,27.93,24.043041
2020,32.74,23.244333
2021,28.2,23.244333
2022,50.13,23.244333
