year,y_true,y_pred
2018,52.7,69.47579
2019,119.19,69.47579
2020,79.85,79.30933
2021,106.98,79.30933
2022,57.05,79.30933
