year,y_true,y_pred
2018,0.0,0.30753702
2019,13.24,0.4443441
2020,13.31,1.5958337
2021,40.12,1.5958337
2022,14.26,0.9476821
