year,y_true,y_pred
2018,79.05,37.967377
2019,132.43,37.967377
2020,159.7,53.513523
2021,133.73,53.513523
2022,171.16,53.513523
