year,y_true,y_pred
2018,26.35,27.819
2019,26.49,27.819
2020,66.54,27.819
2021,40.12,18.867437
2022,71.32,18.867437
