year,y_true,y_pred
2018,440.1,312.2535
2019,455.77,406.73846
2020,436.97,406.73846
2021,368.88,406.73846
2022,653.4,312.2535
