year,y_true,y_pred
2018,28.5,30.583347
2019,22.0,31.667847
2020,31.21,31.667847
2021,18.6,33.711834
2022,65.71,29.330572
