year,y_true,y_pred
2018,17.57,4.9867134
2019,35.09,4.9867134
2020,17.6,13.856167
2021,52.48,4.9867134
2022,15.8,13.856167
