year,y_true,y_pred
2018,650.15,361.99124
2019,298.25,454.5502
2020,369.65,361.99124
2021,349.9,361.99124
2022,410.68,361.99124
