year,y_true,y_pred
2018,778.08,676.55396
2019,676.21,684.17834
2020,743.41,668.0611
2021,652.93,640.19336
2022,753.07,708.47906
