year,y_true,y_pred
2018,45.11,45.711174
2019,56.35,60.630745
2020,112.64,45.711174
2021,112.57,58.844406
2022,24.29,66.495094
