year,y_true,y_pred
2018,45.11,5.0794
2019,11.27,5.0794
2020,11.26,2.0304234
2021,11.26,2.0304234
2022,60.73,9.497057
