year,y_true,y_pred
2018,11.28,3.7305305
2019,22.54,11.525251
2020,0.0,12.662162
2021,11.26,8.862127
2022,24.29,20.8407
