year,y_true,y_pred
2018,202.98,180.60606
2019,191.59,195.547
2020,247.8,199.228
2021,270.18,180.60606
2022,194.34,180.60606
