year,y_true,y_pred
2018,54.27,33.680458
2019,0.0,18.367111
2020,0.0,19.174583
2021,27.31,18.367111
2022,82.87,18.367111
