year,y_true,y_pred
2018,217.1,259.14963
2019,326.35,270.73624
2020,299.81,222.76193
2021,355.0,265.80783
2022,497.24,276.18527
