year,y_true,y_pred
2018,81.41,69.60193
2019,54.39,69.60193
2020,81.77,69.60193
2021,136.54,97.99933
2022,110.5,97.99933
