year,y_true,y_pred
2018,54.27,21.901083
2019,27.2,21.901083
2020,81.77,21.901083
2021,109.23,21.602583
2022,0.0,21.901083
