year,y_true,y_pred
2018,54.27,14.884917
2019,0.0,14.884917
2020,27.26,18.282417
2021,54.61,14.009334
2022,0.0,14.884917
