year,y_true,y_pred
2018,20.03,11.125792
2019,55.6,13.069792
2020,39.39,15.363334
2021,23.45,11.704854
2022,38.12,13.114792
