year,y_true,y_pred
2018,749.2,916.35785
2019,611.62,936.797
2020,362.39,916.5844
2021,687.93,916.5844
2022,478.22,614.30005
