year,y_true,y_pred
2018,36.62,28.345167
2019,45.76,29.368334
2020,25.17,28.345167
2021,50.32,28.345167
2022,59.64,31.605167
