year,y_true,y_pred
2018,2.29,0.74307114
2019,0.0,0.74307114
2020,0.0,0.74307114
2021,0.0,0.74307114
2022,2.49,0.74307114
