year,y_true,y_pred
2018,4.58,5.640655
2019,2.29,5.640655
2020,0.0,6.936781
2021,18.3,5.640655
2022,17.4,5.3356137
