year,y_true,y_pred
2018,16.02,33.789207
2019,41.19,36.599262
2020,29.74,36.599262
2021,41.17,36.599262
2022,59.64,31.699635
