year,y_true,y_pred
2018,38.57,44.59163
2019,67.58,56.626076
2020,48.33,58.088573
2021,38.71,73.68731
2022,95.42,58.5648
