year,y_true,y_pred
2018,578.54,632.08887
2019,656.5,643.0704
2020,531.66,612.97424
2021,503.24,632.08887
2022,687.02,632.08887
