year,y_true,y_pred
2018,112.87,14.450521
2019,28.1,14.450521
2020,0.0,21.742668
2021,83.66,21.742668
2022,96.37,14.450521
