year,y_true,y_pred
2018,564.33,373.29062
2019,646.25,325.41772
2020,447.8,333.67786
2021,390.41,372.95105
2022,481.85,369.07004
