year,y_true,y_pred
2018,622.48,290.83182
2019,475.84,290.83182
2020,402.64,290.83182
2021,366.03,290.83182
2022,350.33,290.83182
