year,y_true,y_pred
2018,73.23,49.860832
2019,73.21,36.79013
2020,146.41,36.79013
2021,73.21,44.366333
2022,77.85,61.20983
