year,y_true,y_pred
2018,48.42,33.696396
2019,33.02,33.696396
2020,18.08,35.96062
2021,42.83,23.868835
2022,58.47,29.203001
