year,y_true,y_pred
2018,573.58,540.49335
2019,506.29,540.49335
2020,567.85,540.49335
2021,471.08,540.49335
2022,701.59,540.49335
