year,y_true,y_pred
2018,50.8,53.351604
2019,75.38,42.818375
2020,41.45,42.818375
2021,82.08,53.351604
2022,63.81,42.818375
