year,y_true,y_pred
2018,161.77,59.331562
2019,93.41,54.247875
2020,118.91,42.812813
2021,52.34,54.247875
2022,64.34,59.331562
