mae,rmse,r2,city,model,sequence_length,forecast_horizon,normalization,val_size
0.22114280838358244,0.24954122793276634,-0.07585084146625642,2205516,xgboost,8,4,,
