year,y_true,y_pred
2018,446.7,440.0298
2019,321.12,440.0298
2020,316.98,278.36154
2021,463.54,278.36154
2022,487.62,440.0298
