year,y_true,y_pred
2018,56.6,56.683704
2019,30.1,56.683704
2020,45.85,56.683704
2021,69.33,56.683704
2022,52.85,56.683704
