year,y_true,y_pred
2018,133.49,70.38367
2019,113.77,89.64983
2020,56.57,89.64983
2021,112.53,62.503666
2022,55.3,89.64983
