mae,rmse,r2,city,model,sequence_length,forecast_horizon,normalization,val_size
0.09157588764564396,0.21278121218694052,-0.003712991404391408,2207702,xgboost,8,4,,
