year,y_true,y_pred
2018,727.68,563.1501
2019,471.83,512.0466
2020,330.49,482.95764
2021,164.02,496.28308
2022,336.51,496.28308
