year,y_true,y_pred
2018,111.95,49.006126
2019,83.26,49.006126
2020,0.0,49.006126
2021,27.34,44.538544
2022,0.0,31.900366
