year,y_true,y_pred
2018,176.24,212.93884
2019,202.56,212.93884
2020,86.42,212.93884
2021,170.85,132.76985
2022,187.64,72.391556
