year,y_true,y_pred
2018,13.56,0.0022431246
2019,6.98,0.0022431246
2020,0.0,0.0022431246
2021,0.0,0.0022431246
2022,0.0,0.0022431246
