year,y_true,y_pred
2018,13.56,0.77420837
2019,0.0,0.72866666
2020,0.0,0.77420837
2021,0.0,0.77420837
2022,0.0,1.0322778
