year,y_true,y_pred
2018,47.45,33.042458
2019,55.88,33.042458
2020,79.22,33.042458
2021,104.0,33.042458
2022,47.91,33.042458
