year,y_true,y_pred
2018,0.0,0.49727234
2019,6.98,0.49727234
2020,28.81,0.0013118596
2021,14.86,0.0013118596
2022,3.99,0.0013118596
