year,y_true,y_pred
2018,6.78,2.4866333
2019,0.0,1.8296459
2020,7.2,2.9916668
2021,7.43,1.8296459
2022,0.0,1.8296459
