year,y_true,y_pred
2018,60.33,53.172768
2019,47.34,53.172768
2020,49.87,53.172768
2021,58.71,51.63285
2022,56.92,51.63285
