year,y_true,y_pred
2018,63.94,28.82827
2019,228.16,52.48228
2020,66.47,16.627647
2021,33.89,9.187492
2022,113.09,41.47845
