year,y_true,y_pred
2018,144.33,168.45706
2019,165.87,168.45706
2020,120.97,168.45706
2021,116.38,168.45706
2022,166.13,168.45706
