year,y_true,y_pred
2018,19.06,0.44066668
2019,5.35,0.44066668
2020,10.52,0.44066668
2021,10.35,0.44066668
2022,7.38,0.44066668
