year,y_true,y_pred
2018,0.0,0.6439149
2019,0.0,0.6439149
2020,0.0,0.6439149
2021,5.17,0.6439149
2022,0.0,1.3532186
