year,y_true,y_pred
2018,0.0,0.3655456
2019,0.0,0.3655456
2020,5.26,0.3655456
2021,0.0,0.0024612942
2022,11.08,0.0024612942
