year,y_true,y_pred
2018,43.57,67.30455
2019,56.18,50.41618
2020,89.41,56.792416
2021,56.9,67.30455
2022,88.6,56.792416
