year,y_true,y_pred
2018,91.49,46.749416
2019,72.43,46.74894
2020,64.79,52.115
2021,119.07,52.11548
2022,78.97,44.111805
