year,y_true,y_pred
2018,4.46,5.436333
2019,6.58,3.5620952
2020,0.0,5.436333
2021,14.88,3.5620952
2022,13.48,4.4813333
