year,y_true,y_pred
2018,38.91,61.681435
2019,54.99,66.12627
2020,68.93,67.23746
2021,48.48,67.23746
2022,61.91,61.681435
