year,y_true,y_pred
2018,1041.32,912.26447
2019,1024.6,912.26447
2020,959.53,912.26447
2021,626.71,912.26447
2022,1041.57,925.583
