year,y_true,y_pred
2018,101.91,163.08633
2019,135.64,152.55766
2020,123.34,152.55766
2021,138.27,163.08633
2022,145.67,152.55766
