year,y_true,y_pred
2018,9.26,0.015813343
2019,7.33,5.050737
2020,3.63,0.0829909
2021,7.18,6.6341467
2022,5.46,17.025608
