year,y_true,y_pred
2018,12.97,15.004899
2019,31.16,16.381374
2020,29.02,16.463875
2021,35.91,16.838875
2022,38.24,16.838875
