year,y_true,y_pred
2018,11.12,8.227995
2019,16.5,10.437595
2020,19.95,13.931196
2021,14.37,8.4998455
2022,16.39,10.43729
