year,y_true,y_pred
2018,0.0,54.288
2019,65.4,54.288
2020,0.0,40.091125
2021,0.0,54.288
2022,0.0,44.567123
