year,y_true,y_pred
2018,230.64,307.57526
2019,294.31,258.75214
2020,194.74,212.53105
2021,64.45,249.8788
2022,269.72,307.57526
