year,y_true,y_pred
2018,66.76,52.565002
2019,65.98,59.553
2020,65.27,52.565002
2021,64.58,52.565002
2022,151.75,52.565002
