year,y_true,y_pred
2018,76.27,183.00005
2019,179.7,42.32197
2020,156.92,234.69203
2021,154.23,132.33191
2022,264.18,89.637596
