year,y_true,y_pred
2018,15.25,7.1798515
2019,9.98,14.87472
2020,9.81,6.0925174
2021,9.64,4.207409
2022,11.74,5.6480365
