year,y_true,y_pred
2018,422.06,378.73724
2019,292.19,202.88322
2020,178.94,202.88322
2021,286.03,271.47253
2022,385.53,202.88322
