year,y_true,y_pred
2018,112.55,37.490486
2019,41.74,19.752687
2020,13.76,24.167713
2021,68.1,13.8272
2022,45.36,19.752687
