year,y_true,y_pred
2018,452.01,329.45178
2019,331.61,329.45178
2020,273.51,348.20862
2021,338.97,348.20862
2022,506.9,348.20862
