year,y_true,y_pred
2018,39.88,29.436666
2019,30.95,29.436666
2020,17.65,26.269667
2021,52.83,27.981583
2022,52.44,29.436666
