year,y_true,y_pred
2018,39.88,50.694252
2019,66.32,44.7178
2020,52.94,53.064
2021,66.03,44.7178
2022,61.18,50.694252
