year,y_true,y_pred
2018,124.08,129.30325
2019,114.96,129.30325
2020,119.11,129.30325
2021,158.48,129.30325
2022,166.05,119.865135
