year,y_true,y_pred
2018,13.29,22.603067
2019,4.42,10.300022
2020,22.06,10.300022
2021,26.41,14.975986
2022,17.48,10.963335
