year,y_true,y_pred
2018,0.0,0.444175
2019,0.0,0.444175
2020,0.0,0.444175
2021,0.0,0.444175
2022,0.0,0.444175
