year,y_true,y_pred
2018,507.64,502.91968
2019,308.18,553.9288
2020,322.34,502.91968
2021,441.5,539.2154
2022,414.29,539.2154
