year,y_true,y_pred
2018,5.34,20.867733
2019,26.57,27.30571
2020,47.56,22.258667
2021,26.28,20.867733
2022,62.14,27.30571
