year,y_true,y_pred
2018,21.37,26.165245
2019,53.13,37.325027
2020,63.41,21.42229
2021,68.33,31.441763
2022,56.97,25.88153
