year,y_true,y_pred
2018,21.37,6.61575
2019,26.57,8.258
2020,31.71,6.61575
2021,42.05,8.258
2022,31.07,8.258
