year,y_true,y_pred
2018,90.84,108.6076
2019,132.84,108.60787
2020,248.36,38.819984
2021,147.17,108.6076
2022,108.75,108.6076
