year,y_true,y_pred
2018,378.55,527.89606
2019,504.31,509.07715
2020,440.9,545.9851
2021,356.54,527.89606
2022,564.97,509.1996
