year,y_true,y_pred
2018,42.06,47.240353
2019,84.05,16.173494
2020,41.99,47.240353
2021,0.0,16.173494
2022,41.85,38.237686
