year,y_true,y_pred
2018,92.19,24.428465
2019,61.43,24.428465
2020,107.44,24.428465
2021,61.36,24.428465
2022,168.92,24.428465
