year,y_true,y_pred
2018,553.17,773.1425
2019,537.47,856.44867
2020,567.92,856.44867
2021,613.59,856.44867
2022,975.98,856.44867
