year,y_true,y_pred
2018,184.58,82.27813
2019,111.54,82.27813
2020,97.33,82.27813
2021,128.12,88.751305
2022,140.06,82.27813
