year,y_true,y_pred
2018,67.71,51.515366
2019,63.16,42.288334
2020,67.63,42.288334
2021,40.56,42.288334
2022,35.24,42.288334
