year,y_true,y_pred
2018,352.11,453.97464
2019,329.33,445.10107
2020,270.54,477.10452
2021,238.82,477.10452
2022,277.52,477.10452
