year,y_true,y_pred
2018,55.63,42.772987
2019,19.26,42.772987
2020,116.91,17.376425
2021,39.42,40.70208
2022,35.24,27.660007
