year,y_true,y_pred
2018,556.33,606.6502
2019,616.21,538.49286
2020,467.65,579.18665
2021,433.67,707.5343
2022,405.21,603.7639
