year,y_true,y_pred
2018,323.24,517.29944
2019,350.06,507.22842
2020,260.64,507.22842
2021,258.84,507.22842
2022,462.68,507.22842
