year,y_true,y_pred
2018,117.54,63.692085
2019,0.0,52.19921
2020,28.96,52.18367
2021,0.0,57.774586
2022,61.69,57.774586
