year,y_true,y_pred
2018,53.91,38.669666
2019,53.7,42.740665
2020,80.25,42.740665
2021,53.3,42.740665
2022,37.07,38.669666
