year,y_true,y_pred
2018,48.66,58.87679
2019,24.15,58.87679
2020,35.98,58.87679
2021,35.74,46.98375
2022,19.82,58.87679
