year,y_true,y_pred
2018,488.57,461.30414
2019,483.84,461.30414
2020,479.39,461.30414
2021,323.01,461.30414
2022,404.29,461.30414
