year,y_true,y_pred
2018,19.54,5.534995
2019,116.12,59.19574
2020,95.88,24.243616
2021,38.0,14.526608
2022,60.64,21.401062
