year,y_true,y_pred
2018,0.0,3.0147915
2019,0.0,11.019584
2020,0.0,3.0147915
2021,46.04,3.0147915
2022,0.0,3.0147915
