year,y_true,y_pred
2018,41.24,55.56907
2019,41.37,81.62876
2020,124.53,0.003284823
2021,124.95,75.66395
2022,40.49,49.70066
