year,y_true,y_pred
2018,733.81,787.79315
2019,553.3,787.79315
2020,519.7,787.79315
2021,490.03,787.79315
2022,486.41,787.79315
