year,y_true,y_pred
2018,9.74,16.062582
2019,16.08,16.605583
2020,15.94,20.673666
2021,25.29,20.673666
2022,20.46,15.621395
