year,y_true,y_pred
2018,64.94,54.89467
2019,73.99,52.157707
2020,63.77,54.89467
2021,101.17,52.157707
2022,68.19,54.89467
