year,y_true,y_pred
2018,34.36,60.166298
2019,34.41,60.166298
2020,27.68,60.166298
2021,32.86,60.166298
2022,42.09,60.166298
