year,y_true,y_pred
2018,121.48,128.56125
2019,109.1,128.56125
2020,110.73,128.56125
2021,113.81,128.56125
2022,139.91,128.56125
