year,y_true,y_pred
2018,64.3,38.137894
2019,71.27,38.137894
2020,77.22,38.137894
2021,85.06,38.137894
2022,77.49,38.137894
