year,y_true,y_pred
2018,0.25,0.12967879
2019,0.24,0.12967879
2020,0.24,0.12967879
2021,0.0,0.12967879
2022,0.0,0.12967879
