year,y_true,y_pred
2018,0.25,0.27454334
2019,0.24,0.47079697
2020,0.0,0.47079697
2021,0.24,0.47079697
2022,0.24,0.47079697
