year,y_true,y_pred
2018,0.0,32.04091
2019,25.22,45.517387
2020,25.01,45.517387
2021,24.8,45.517387
2022,69.54,45.517387
