year,y_true,y_pred
2018,23.6,41.96633
2019,71.12,41.715332
2020,71.45,41.96633
2021,71.77,41.96633
2022,98.69,41.96633
