year,y_true,y_pred
2018,707.88,431.91315
2019,758.65,467.90366
2020,523.93,483.00018
2021,287.08,462.7292
2022,468.79,455.4917
