year,y_true,y_pred
2018,285.01,290.39893
2019,231.57,233.07195
2020,140.56,314.54684
2021,177.71,290.39893
2022,104.51,290.39893
