year,y_true,y_pred
2018,25.91,3.1977878
2019,38.6,5.285208
2020,25.56,5.285208
2021,50.77,5.285208
2022,0.0,5.285208
