year,y_true,y_pred
2018,59.4,40.34954
2019,62.37,45.151333
2020,37.55,45.151333
2021,42.23,39.20848
2022,57.87,39.20848
