year,y_true,y_pred
2018,112.2,83.80453
2019,103.4,80.20233
2020,137.15,83.80453
2021,128.33,80.20233
2022,112.53,83.80453
