year,y_true,y_pred
2018,3.3,0.26805946
2019,3.28,0.26805946
2020,4.9,0.26805946
2021,4.87,3.5611043
2022,4.82,3.5611043
