year,y_true,y_pred
2018,13.2,13.264001
2019,16.41,12.183001
2020,24.49,11.099376
2021,16.24,11.099376
2022,12.86,11.099376
