year,y_true,y_pred
2018,410.36,291.01614
2019,467.4,426.5859
2020,291.86,494.43613
2021,275.57,303.7532
2022,265.33,291.01614
