year,y_true,y_pred
2018,23.58,28.397715
2019,42.07,22.947628
2020,23.16,28.397715
2021,41.34,20.093391
2022,28.43,28.397715
