year,y_true,y_pred
2018,4.72,11.190667
2019,0.0,13.588667
2020,9.27,11.190667
2021,4.59,14.662209
2022,9.48,13.588667
