year,y_true,y_pred
2018,80.18,55.057552
2019,70.11,62.481544
2020,83.39,68.13747
2021,96.45,62.461033
2022,94.76,62.461033
