year,y_true,y_pred
2018,23.58,19.63823
2019,37.39,19.63823
2020,13.9,19.63823
2021,27.56,16.13454
2022,14.21,13.998333
