year,y_true,y_pred
2018,563.74,583.17834
2019,412.61,692.6294
2020,331.13,692.6294
2021,557.45,583.17834
2022,440.21,692.6294
