year,y_true,y_pred
2018,46.02,27.956665
2019,91.69,32.21821
2020,11.42,27.956665
2021,22.75,33.748665
2022,48.91,32.164146
