year,y_true,y_pred
2018,667.43,710.45245
2019,896.55,899.0402
2020,895.52,686.07086
2021,940.37,686.07135
2022,645.3,696.08
