year,y_true,y_pred
2018,46.03,69.75261
2019,91.95,69.75261
2020,45.92,63.40079
2021,114.68,69.75261
2022,21.51,68.877335
