year,y_true,y_pred
2018,346.41,479.90744
2019,390.09,480.45966
2020,339.25,479.88113
2021,288.37,480.45966
2022,541.66,480.45966
