year,y_true,y_pred
2018,39.66,57.59493
2019,50.78,57.59493
2020,27.41,57.59493
2021,31.66,57.59493
2022,53.69,57.59493
