year,y_true,y_pred
2018,44.32,34.84939
2019,45.01,41.11775
2020,38.84,41.11775
2021,44.1,41.11775
2022,36.99,41.11775
