year,y_true,y_pred
2018,66.48,96.946365
2019,68.09,96.946365
2020,70.82,96.946365
2021,76.9,96.946365
2022,83.52,96.946365
