year,y_true,y_pred
2018,16.33,8.887167
2019,6.92,10.632667
2020,15.99,8.415667
2021,15.83,10.632667
2022,15.51,10.632667
