year,y_true,y_pred
2018,0.0,0.59966147
2019,0.0,0.59966147
2020,0.0,0.59966147
2021,1.13,0.59966147
2022,0.0,0.59966147
