year,y_true,y_pred
2018,74.46,38.20362
2019,75.13,52.669
2020,0.0,38.20362
2021,152.79,38.20362
2022,78.12,38.20362
