year,y_true,y_pred
2018,61.22,18.244041
2019,30.64,27.430637
2020,0.0,0.16370463
2021,92.14,0.18670714
2022,30.6,26.434853
