year,y_true,y_pred
2018,367.31,443.023
2019,275.74,533.21606
2020,460.12,443.023
2021,460.69,570.00336
2022,703.79,443.023
