year,y_true,y_pred
2018,7.12,2.0850832
2019,7.07,2.7296667
2020,24.55,2.7296667
2021,38.3,1.6518333
2022,34.27,1.6518333
