year,y_true,y_pred
2018,149.59,143.45715
2019,258.01,190.70358
2020,210.47,208.96031
2021,215.88,179.26459
2022,277.63,179.26459
