year,y_true,y_pred
2018,182.31,283.20282
2019,282.37,283.20282
2020,180.17,304.56683
2021,320.79,300.12982
2022,339.82,298.15268
