year,y_true,y_pred
2018,38.16,29.319004
2019,54.79,29.319004
2020,12.57,29.319004
2021,45.83,47.657745
2022,45.92,16.304895
