year,y_true,y_pred
2018,67.84,57.176247
2019,42.14,58.44872
2020,67.04,65.93678
2021,99.99,52.50358
2022,137.77,58.44872
