year,y_true,y_pred
2018,0.0,0.44899794
2019,0.0,0.44899794
2020,0.0,0.44899794
2021,0.0,0.44899794
2022,0.0,0.44899794
