year,y_true,y_pred
2018,25.44,43.25154
2019,50.57,32.798355
2020,33.52,43.25154
2021,20.83,32.798355
2022,41.33,37.940918
