mae,rmse,r2,city,model,sequence_length,forecast_horizon,normalization,val_size
0.5986904074713009,1.0539633398336923,-0.0004288744257454624,2205805,xgboost,8,4,,
