year,y_true,y_pred
2018,49.78,55.99956
2019,67.33,60.214
2020,63.03,60.970375
2021,45.06,55.99956
2022,63.19,60.214
