year,y_true,y_pred
2018,776.64,769.65875
2019,758.45,769.65875
2020,716.93,769.65875
2021,611.3,769.65875
2022,819.33,697.0606
