year,y_true,y_pred
2018,47.08,47.289375
2019,35.18,49.006313
2020,37.5,49.006313
2021,28.79,49.006313
2022,59.19,49.006313
