year,y_true,y_pred
2018,1132.93,798.2767
2019,675.17,832.52765
2020,819.06,762.71765
2021,814.21,762.71765
2022,1328.61,798.2767
