year,y_true,y_pred
2018,75.53,17.407146
2019,150.04,38.55953
2020,74.46,17.407146
2021,148.04,38.55953
2022,177.15,17.407146
