year,y_true,y_pred
2018,84.87,69.80517
2019,93.47,66.37033
2020,93.03,69.80517
2021,88.57,69.80517
2022,91.92,69.80517
