year,y_true,y_pred
2018,0.0,46.157833
2019,0.0,53.006832
2020,78.28,53.006832
2021,78.12,70.459335
2022,0.0,41.270535
