year,y_true,y_pred
2018,85.51,45.053566
2019,56.88,56.595005
2020,99.35,72.79632
2021,56.67,39.035313
2022,81.31,72.79632
