year,y_true,y_pred
2018,11.92,13.688979
2019,35.21,16.738333
2020,35.03,13.688979
2021,29.05,13.688979
2022,56.47,13.688979
