year,y_true,y_pred
2018,166.83,130.3559
2019,146.71,119.87627
2020,157.66,146.58284
2021,139.46,145.83961
2022,289.43,146.58284
