year,y_true,y_pred
2018,33.37,18.370667
2019,11.15,25.269522
2020,0.0,25.269522
2021,0.0,25.269522
2022,10.61,21.899458
