year,y_true,y_pred
2018,344.83,634.91034
2019,490.41,634.91034
2020,245.65,634.91034
2021,279.67,634.91034
2022,233.32,634.91034
