year,y_true,y_pred
2018,96.54,40.699665
2019,76.53,67.199554
2020,94.8,88.75521
2021,56.39,88.75521
2022,84.82,65.13411
