year,y_true,y_pred
2018,637.19,616.5794
2019,459.15,526.64197
2020,455.06,616.74054
2021,582.71,616.5794
2022,572.52,616.5794
