year,y_true,y_pred
2018,46.28,46.826523
2019,49.46,46.826523
2020,43.83,46.826523
2021,65.27,46.826523
2022,57.78,46.826523
