year,y_true,y_pred
2018,114.81,108.818665
2019,118.34,108.818665
2020,111.33,111.699585
2021,96.6,108.818665
2022,82.16,112.250084
