year,y_true,y_pred
2018,49.84,44.8829
2019,48.57,40.76916
2020,44.71,39.951115
2021,63.53,56.824417
2022,45.14,58.15145
