year,y_true,y_pred
2018,17.8,18.94469
2019,23.85,18.439453
2020,13.15,18.44887
2021,17.4,18.909153
2022,17.15,22.492498
