year,y_true,y_pred
2018,0.0,0.18888889
2019,0.0,0.18888889
2020,0.0,0.18888889
2021,0.0,0.18888889
2022,0.9,0.18888889
