year,y_true,y_pred
2018,3.53,8.309709
2019,14.03,6.4437084
2020,6.98,5.875146
2021,6.94,6.4437084
2022,22.31,7.5702085
