year,y_true,y_pred
2018,119.74,84.99681
2019,76.43,125.62007
2020,54.84,92.02102
2021,87.98,79.06558
2022,141.58,111.361404
