year,y_true,y_pred
2018,57.74,93.91894
2019,117.79,93.91894
2020,0.0,10.53707
2021,183.71,124.568695
2022,108.4,55.52067
