year,y_true,y_pred
2018,33.68,83.21239
2019,102.53,74.061714
2020,138.65,95.521706
2021,175.69,83.285065
2022,155.04,80.14992
