year,y_true,y_pred
2018,49.14,37.731773
2019,44.01,31.204432
2020,27.15,39.366653
2021,43.37,35.967697
2022,40.71,31.204432
