year,y_true,y_pred
2018,3.6,1.7258018
2019,5.95,0.56372696
2020,7.08,7.0561414
2021,7.03,9.868394
2022,4.65,9.763296
