year,y_true,y_pred
2018,0.0,0.12080834
2019,0.0,0.12080834
2020,1.18,0.12080834
2021,0.0,0.12080834
2022,0.0,0.12080834
