year,y_true,y_pred
2018,0.0,0.678125
2019,0.0,0.678125
2020,0.0,0.678125
2021,0.0,0.678125
2022,0.0,0.678125
