year,y_true,y_pred
2018,93.48,98.02296
2019,96.34,98.02296
2020,86.19,105.183525
2021,98.47,105.183525
2022,111.65,105.183525
