year,y_true,y_pred
2018,76.7,90.49938
2019,71.37,97.292046
2020,46.05,97.292046
2021,78.54,97.292046
2022,95.37,97.292046
