year,y_true,y_pred
2018,764.54,778.79095
2019,571.48,778.79095
2020,504.12,808.5993
2021,320.17,808.5993
2022,648.42,820.723
