year,y_true,y_pred
2018,38.71,64.48407
2019,38.74,72.61167
2020,87.25,72.61167
2021,19.4,81.153336
2022,66.75,81.153336
