year,y_true,y_pred
2018,58.07,137.00803
2019,77.49,29.48161
2020,106.64,46.72697
2021,97.02,137.00803
2022,38.14,97.84931
