year,y_true,y_pred
2018,29.03,82.63236
2019,67.8,56.52423
2020,87.25,82.63236
2021,77.62,53.016624
2022,57.21,42.571667
