year,y_true,y_pred
2018,0.0,0.8429333
2019,0.0,0.8429333
2020,0.0,0.8429333
2021,0.0,0.8429333
2022,0.0,0.8429333
