year,y_true,y_pred
2018,0.0,2.3416092
2019,0.0,2.3416092
2020,0.0,2.3416092
2021,0.0,2.3416092
2022,0.0,2.3416092
