year,y_true,y_pred
2018,19.36,21.155174
2019,58.12,15.971813
2020,67.86,32.154854
2021,19.4,35.210392
2022,19.07,13.030659
