year,y_true,y_pred
2018,34.93,43.446117
2019,34.42,38.505733
2020,50.89,44.505733
2021,92.02,46.70062
2022,46.0,49.214764
