year,y_true,y_pred
2018,70.6,63.039333
2019,83.9,67.64017
2020,117.77,64.29417
2021,61.8,57.68992
2022,181.88,57.68992
