year,y_true,y_pred
2018,51.6,82.63271
2019,51.47,104.22071
2020,128.34,82.63271
2021,128.01,102.95867
2022,110.62,102.95867
