year,y_true,y_pred
2018,215.17,212.18004
2019,250.51,222.99156
2020,116.07,218.8664
2021,160.41,249.97356
2022,236.14,165.2
