year,y_true,y_pred
2018,8.97,13.361666
2019,44.73,16.021208
2020,8.93,16.315434
2021,0.0,14.301666
2022,18.89,13.361666
