year,y_true,y_pred
2018,44.83,20.681044
2019,62.63,17.147917
2020,26.79,17.147917
2021,26.74,20.681044
2022,37.78,20.681044
