year,y_true,y_pred
2018,0.0,18.180916
2019,35.79,1.4713498
2020,26.79,2.2866545
2021,8.91,18.180916
2022,56.67,1.4713498
