year,y_true,y_pred
2018,143.45,97.70535
2019,71.58,97.70535
2020,116.07,93.17025
2021,115.85,97.70535
2022,122.79,78.413956
