year,y_true,y_pred
2018,92.83,64.89762
2019,74.28,68.007996
2020,67.56,60.413185
2021,55.52,66.22063
2022,59.28,64.427
