year,y_true,y_pred
2018,285.41,318.03006
2019,296.98,318.03006
2020,312.49,318.03006
2021,294.28,318.03006
2022,402.41,318.03006
