year,y_true,y_pred
2018,2.94,6.8522
2019,2.94,6.8522
2020,1.47,7.43825
2021,4.39,6.97175
2022,3.22,6.97175
