year,y_true,y_pred
2018,167.72,143.65497
2019,145.55,143.80832
2020,152.58,143.56671
2021,109.8,143.65497
2022,123.94,113.51669
