year,y_true,y_pred
2018,38.25,44.02842
2019,45.58,37.913544
2020,35.21,38.162334
2021,48.31,39.211918
2022,46.68,38.162334
