year,y_true,y_pred
2018,0.0,0.7694762
2019,0.0,0.7694762
2020,1.47,0.7694762
2021,0.0,0.7694762
2022,0.0,0.7694762
