year,y_true,y_pred
2018,62.71,22.665234
2019,41.67,26.927666
2020,0.0,23.783709
2021,41.39,22.665234
2022,42.93,22.665234
