year,y_true,y_pred
2018,679.12,641.65204
2019,763.14,567.6212
2020,621.12,567.6212
2021,479.41,567.6212
2022,748.13,641.65204
