year,y_true,y_pred
2018,0.0,44.371933
2019,84.79,63.359837
2020,28.23,44.371933
2021,0.0,48.373833
2022,62.34,44.371933
