year,y_true,y_pred
2018,96.01,610.13477
2019,123.3,478.93567
2020,177.91,478.93567
2021,205.06,478.93567
2022,148.54,478.93567
