year,y_true,y_pred
2018,0.0,57.562664
2019,0.0,57.562664
2020,13.69,69.555084
2021,27.34,69.555084
2022,14.85,57.562664
