year,y_true,y_pred
2018,22.18,16.594105
2019,29.3,16.594105
2020,25.41,16.594105
2021,21.59,16.594105
2022,17.64,16.594105
