year,y_true,y_pred
2018,303.12,245.32704
2019,263.7,273.50934
2020,257.7,273.50934
2021,327.42,253.45433
2022,243.37,253.45433
