year,y_true,y_pred
2018,1519.04,1019.11487
2019,1674.9,1019.11487
2020,1292.82,1019.11487
2021,1275.68,1019.11487
2022,1421.16,1019.11487
