year,y_true,y_pred
2018,64.18,27.73252
2019,42.95,20.386833
2020,86.19,20.386833
2021,86.49,22.598185
2022,45.12,22.598185
