year,y_true,y_pred
2018,360.54,270.21332
2019,303.3,270.21332
2020,212.65,270.21332
2021,156.13,270.21332
2022,295.47,270.21332
