year,y_true,y_pred
2018,16.9,50.70582
2019,22.47,38.23686
2020,50.36,50.70582
2021,27.88,54.210476
2022,45.46,50.70582
