year,y_true,y_pred
2018,50.7,80.75492
2019,73.02,80.75492
2020,67.15,80.75492
2021,50.18,80.75492
2022,73.87,80.75492
