year,y_true,y_pred
2018,135.2,77.424385
2019,117.95,123.25564
2020,89.54,87.16463
2021,78.06,123.25564
2022,113.64,110.28455
