year,y_true,y_pred
2018,0.0,4.2728906
2019,0.0,4.2728906
2020,0.0,4.2728906
2021,0.0,4.2728906
2022,5.68,4.2728906
