year,y_true,y_pred
2018,25.76,29.357841
2019,102.6,22.726221
2020,51.07,54.497505
2021,12.71,46.385536
2022,0.0,38.61173
