year,y_true,y_pred
2018,218.99,515.18317
2019,269.33,515.18317
2020,217.06,515.18317
2021,177.98,515.18317
2022,158.33,515.18317
