mae,rmse,r2,city,model,sequence_length,forecast_horizon,normalization,val_size
0.00802975290719167,0.026533541956127258,0.06242482697168361,2507507,xgboost,8,4,,
