year,y_true,y_pred
2018,73.58,89.56923
2019,73.46,161.60658
2020,73.33,111.72203
2021,48.8,113.13208
2022,0.0,130.78763
