year,y_true,y_pred
2018,150.98,72.80956
2019,51.49,72.80956
2020,52.66,44.275574
2021,161.46,101.61827
2022,47.48,93.80327
