year,y_true,y_pred
2018,1207.85,911.90234
2019,720.91,1132.4543
2020,1632.44,911.90234
2021,1130.25,1132.4543
2022,854.7,1065.9473
