year,y_true,y_pred
2018,0.0,60.779
2019,40.37,60.779
2020,0.0,60.954624
2021,125.68,55.971626
2022,0.0,51.807
