year,y_true,y_pred
2018,911.97,864.6696
2019,1211.14,864.6696
2020,781.25,806.15106
2021,628.4,801.60754
2022,572.3,864.6696
