year,y_true,y_pred
2018,67.19,85.25986
2019,75.75,72.82761
2020,67.48,85.75142
2021,80.29,75.90459
2022,55.59,85.75075
