year,y_true,y_pred
2018,138.57,162.67311
2019,126.25,162.67311
2020,122.31,162.67311
2021,147.91,162.67311
2022,119.72,162.67311
