year,y_true,y_pred
2018,96.58,59.26825
2019,67.33,59.26825
2020,84.35,70.26546
2021,92.97,59.26825
2022,106.9,59.26825
