year,y_true,y_pred
2018,21.0,21.86258
2019,33.67,16.36382
2020,29.52,21.86258
2021,46.49,9.656031
2022,29.93,7.755529
