year,y_true,y_pred
2018,0.0,57.4188
2019,34.73,57.4188
2020,86.93,57.4188
2021,34.81,89.24982
2022,33.09,35.050064
