year,y_true,y_pred
2018,329.52,197.55713
2019,295.19,377.81918
2020,312.93,429.52835
2021,295.91,409.10684
2022,380.48,429.52835
