year,y_true,y_pred
2018,52.03,69.33058
2019,17.36,66.65666
2020,17.39,66.65666
2021,121.85,66.65666
2022,16.54,74.93308
