year,y_true,y_pred
2018,0.0,12.677709
2019,69.46,20.61496
2020,17.39,12.432333
2021,17.41,12.677709
2022,0.0,20.61496
