year,y_true,y_pred
2018,173.43,122.31435
2019,156.28,122.31435
2020,173.85,122.31435
2021,156.66,122.31435
2022,115.8,122.31435
