year,y_true,y_pred
2018,0.0,4.9140954
2019,0.0,4.9140954
2020,0.0,4.9140954
2021,0.0,4.9140954
2022,0.0,4.9140954
