year,y_true,y_pred
2018,240.53,47.690872
2019,150.24,47.690872
2020,90.09,47.690872
2021,60.02,47.690872
2022,88.05,70.9111
