year,y_true,y_pred
2018,43.63,41.208878
2019,29.12,43.422874
2020,14.58,38.008812
2021,14.59,38.008812
2022,40.67,41.030376
