year,y_true,y_pred
2018,407.21,494.99295
2019,611.53,459.67215
2020,335.28,821.9189
2021,481.61,400.26926
2022,704.89,494.08356
