year,y_true,y_pred
2018,32.21,34.85626
2019,36.28,19.335386
2020,28.26,19.335386
2021,68.71,19.335386
2022,41.08,31.46127
