year,y_true,y_pred
2018,406.68,314.4063
2019,358.81,314.4063
2020,331.01,314.4063
2021,533.48,345.86215
2022,484.8,345.86215
