year,y_true,y_pred
2018,0.0,0.38533333
2019,0.0,0.38533333
2020,0.0,0.38533333
2021,0.0,0.38533333
2022,0.0,0.38533333
