year,y_true,y_pred
2018,136.9,98.30228
2019,116.92,131.42285
2020,153.39,131.42285
2021,149.54,121.44625
2022,123.25,128.17192
