year,y_true,y_pred
2018,72.48,65.922356
2019,56.44,65.922356
2020,68.62,65.922356
2021,48.5,65.922356
2022,24.65,65.922356
