year,y_true,y_pred
2018,4.03,8.111667
2019,12.09,6.875619
2020,8.07,11.176583
2021,20.21,8.111667
2022,4.11,8.111667
