year,y_true,y_pred
2018,8.05,1.8756666
2019,0.0,1.8756666
2020,4.04,3.8535
2021,0.0,2.0145
2022,4.11,1.8756666
