year,y_true,y_pred
2018,605.62,724.6026
2019,707.61,724.6026
2020,736.73,831.22754
2021,519.27,831.22754
2022,680.84,724.6026
