year,y_true,y_pred
2018,0.0,47.418873
2019,99.07,52.031376
2020,27.8,41.740124
2021,68.32,45.281376
2022,33.21,41.740124
