year,y_true,y_pred
2018,39.84,62.358593
2019,49.61,62.358593
2020,49.42,62.358593
2021,29.54,77.67789
2022,43.94,77.67789
