mae,rmse,r2,city,model,sequence_length,forecast_horizon,normalization,val_size
0.16105898889323556,0.23515919391225448,-0.016374308193988885,2910800,xgboost,8,4,,
