year,y_true,y_pred
2018,79.13,69.434906
2019,11.2,69.434906
2020,55.49,69.434906
2021,55.02,69.434906
2022,45.64,85.520584
