year,y_true,y_pred
2018,67.36,144.1924
2019,22.57,66.61165
2020,68.07,153.16766
2021,22.81,66.61165
2022,47.57,153.16766
