year,y_true,y_pred
2018,242.0,127.318665
2019,283.88,127.318665
2020,103.34,127.318665
2021,240.81,131.66653
2022,426.15,134.92693
