year,y_true,y_pred
2018,0.0,1.9005487
2019,7.47,0.0026070052
2020,7.38,8.572816
2021,0.0,3.475996
2022,0.0,3.475996
