year,y_true,y_pred
2018,235.96,130.0706
2019,283.69,171.09634
2020,189.39,171.09634
2021,0.0,151.2063
2022,79.65,130.0706
