year,y_true,y_pred
2018,49.85,36.5665
2019,49.2,20.291618
2020,64.79,24.48649
2021,48.0,21.953299
2022,78.65,21.953299
