year,y_true,y_pred
2018,332.34,356.78934
2019,229.62,356.78934
2020,372.53,420.62967
2021,336.0,356.78934
2022,377.54,420.62967
