year,y_true,y_pred
2018,14.28,6.6101904
2019,21.22,6.6101904
2020,28.04,6.6101904
2021,6.95,6.6101904
2022,11.31,6.6101904
