year,y_true,y_pred
2018,242.7,292.71542
2019,247.54,321.36542
2020,182.25,321.36542
2021,264.05,281.03476
2022,203.62,321.36542
