year,y_true,y_pred
2018,123.32,119.522385
2019,30.7,92.71517
2020,91.72,119.522385
2021,76.12,223.45558
2022,82.33,23.932972
