year,y_true,y_pred
2018,61.32,50.978146
2019,27.6,59.632236
2020,46.51,53.079292
2021,32.55,64.55601
2022,49.28,56.27513
