year,y_true,y_pred
2018,81.34,59.010227
2019,82.43,59.010227
2020,101.08,59.010227
2021,75.64,59.010227
2022,64.35,59.010227
