year,y_true,y_pred
2018,12.84,15.329067
2019,21.69,15.329067
2020,35.16,10.806554
2021,13.35,10.806554
2022,18.93,10.806554
