year,y_true,y_pred
2018,17.12,16.500668
2019,21.69,16.500668
2020,35.16,17.207958
2021,26.7,17.630959
2022,37.85,17.630959
