year,y_true,y_pred
2018,4.28,0.3849091
2019,0.0,0.3849091
2020,0.0,0.3849091
2021,0.0,0.3849091
2022,0.0,0.3849091
