year,y_true,y_pred
2018,81.34,55.38825
2019,143.17,55.38825
2020,184.58,73.33867
2021,195.78,62.980083
2022,208.18,62.980083
