year,y_true,y_pred
2018,41.0,34.887787
2019,54.83,25.614302
2020,13.75,25.614302
2021,27.58,29.752531
2022,85.41,29.752531
