year,y_true,y_pred
2018,44.44,10.59525
2019,89.97,10.59525
2020,45.52,10.59525
2021,0.0,10.59525
2022,86.62,10.59525
