year,y_true,y_pred
2018,800.0,273.02258
2019,539.81,292.01413
2020,455.17,318.8561
2021,276.37,318.8561
2022,779.56,318.8561
