year,y_true,y_pred
2018,8.62,14.051499
2019,34.47,20.232733
2020,34.48,14.051499
2021,25.86,14.051499
2022,45.09,14.051499
