year,y_true,y_pred
2018,120.63,195.94186
2019,189.59,141.63058
2020,189.64,143.82765
2021,293.13,166.50621
2022,252.5,195.94186
