year,y_true,y_pred
2018,181.72,301.65195
2019,277.43,301.65195
2020,165.8,300.38654
2021,205.25,186.39171
2022,337.32,247.20113
