year,y_true,y_pred
2018,15.14,12.086157
2019,55.49,11.681566
2020,35.17,15.67855
2021,30.04,21.048967
2022,22.87,18.989576
