year,y_true,y_pred
2018,25.05,16.744333
2019,17.19,14.445917
2020,9.47,14.445917
2021,15.03,14.960167
2022,39.79,13.259417
