year,y_true,y_pred
2018,0.0,0.24554303
2019,0.0,0.24554303
2020,0.0,0.24554303
2021,1.88,0.24554303
2022,2.84,0.24554303
