year,y_true,y_pred
2018,7.71,9.896667
2019,3.82,9.896667
2020,9.47,9.896667
2021,11.27,11.4956665
2022,31.27,14.037896
