year,y_true,y_pred
2018,88.63,71.85385
2019,116.51,71.85385
2020,115.52,67.03661
2021,142.74,71.85385
2022,136.43,71.85385
