year,y_true,y_pred
2018,23.12,18.484575
2019,28.65,19.025702
2020,13.26,18.484575
2021,11.27,25.27144
2022,17.05,21.08144
