year,y_true,y_pred
2018,733.32,598.7371
2019,1177.05,824.8051
2020,1401.87,598.7371
2021,1356.68,854.74567
2022,879.34,774.28265
