year,y_true,y_pred
2018,24.44,24.076134
2019,24.52,15.091204
2020,24.59,15.091204
2021,74.0,15.091204
2022,24.43,15.091204
