year,y_true,y_pred
2018,0.0,25.272333
2019,12.19,25.272333
2020,11.98,25.272333
2021,23.55,25.272333
2022,12.48,17.940332
