year,y_true,y_pred
2018,211.13,538.9131
2019,268.26,266.21024
2020,131.77,384.09998
2021,188.41,266.21063
2022,174.76,261.64703
