year,y_true,y_pred
2018,12.42,12.648964
2019,0.0,12.648964
2020,0.0,12.648964
2021,35.33,12.648964
2022,12.48,4.4266663
