year,y_true,y_pred
2018,49.68,20.937614
2019,60.97,55.35404
2020,35.94,37.651237
2021,58.88,37.651237
2022,49.93,20.937614
