year,y_true,y_pred
2018,0.0,19.125805
2019,12.19,29.495378
2020,11.98,57.628323
2021,23.55,57.628323
2022,74.9,57.62882
