year,y_true,y_pred
2018,25.89,39.36646
2019,17.25,39.27046
2020,34.49,32.559666
2021,43.11,32.559666
2022,25.92,32.559666
