year,y_true,y_pred
2018,202.02,38.36692
2019,79.87,59.067863
2020,118.48,71.34632
2021,39.08,38.36692
2022,36.34,101.85893
