year,y_true,y_pred
2018,20.36,17.169125
2019,0.0,17.169125
2020,20.33,13.029688
2021,40.64,22.366438
2022,21.88,20.101625
