year,y_true,y_pred
2018,366.45,477.43793
2019,508.65,487.9846
2020,488.0,524.6176
2021,264.17,572.2877
2022,481.3,477.43793
