year,y_true,y_pred
2018,0.0,33.023666
2019,0.0,33.023666
2020,0.0,33.023666
2021,50.29,33.023666
2022,80.54,33.023666
