year,y_true,y_pred
2018,81.43,30.332825
2019,83.2,30.332825
2020,106.27,30.332825
2021,32.57,30.332825
2022,101.93,35.406517
