mae,rmse,r2,city,model,sequence_length,forecast_horizon,normalization,val_size
0.12765424969938796,0.17138254939914088,-0.45617470497963186,5103403,xgboost,8,4,,
