year,y_true,y_pred
2018,388.03,398.788
2019,517.71,359.63516
2020,261.37,391.4417
2021,459.28,360.26196
2022,330.18,341.2947
