year,y_true,y_pred
2018,48.5,20.906979
2019,13.81,23.201416
2020,13.76,20.906979
2021,27.42,20.906979
2022,25.4,20.906979
