year,y_true,y_pred
2018,2003.15,705.17834
2019,2193.28,705.17834
2020,2063.05,705.17834
2021,1292.9,705.17834
2022,1616.63,705.17834
