year,y_true,y_pred
2018,67.52,45.49962
2019,0.0,45.49962
2020,162.26,65.912445
2021,47.01,20.250023
2022,62.99,43.122
