year,y_true,y_pred
2018,985.34,1013.00433
2019,1009.6,1013.00433
2020,984.49,865.3231
2021,910.32,865.3231
2022,796.71,865.3231
