year,y_true,y_pred
2018,61.58,54.869667
2019,135.43,54.869667
2020,135.37,60.05771
2021,73.81,60.05771
2022,64.25,54.869667
