year,y_true,y_pred
2018,89.96,41.224033
2019,60.54,44.966053
2020,45.82,34.049294
2021,69.35,67.94002
2022,80.51,38.45747
