year,y_true,y_pred
2018,19.18,8.737333
2019,32.24,8.737333
2020,19.51,7.7972503
2021,13.12,8.737333
2022,8.48,8.737333
