year,y_true,y_pred
2018,204.63,215.64388
2019,193.42,207.94138
2020,91.03,207.94138
2021,157.39,203.19838
2022,84.81,215.64388
