year,y_true,y_pred
2018,59.05,52.326088
2019,41.96,55.379158
2020,41.75,52.326088
2021,8.31,33.54896
2022,0.0,33.54896
