year,y_true,y_pred
2018,269.93,447.92767
2019,327.26,447.92767
2020,183.69,447.92767
2021,191.09,447.92767
2022,196.51,447.92767
