year,y_true,y_pred
2018,59.05,68.740746
2019,33.57,68.740746
2020,25.05,68.740746
2021,66.47,68.740746
2022,73.69,68.740746
