year,y_true,y_pred
2018,194.01,115.01997
2019,117.48,115.01997
2020,166.99,111.879745
2021,132.93,122.07868
2022,131.01,113.37202
