year,y_true,y_pred
2018,8.44,19.399868
2019,8.39,4.1080446
2020,16.7,4.1080446
2021,16.62,10.059872
2022,49.13,10.059872
