year,y_true,y_pred
2018,35.54,60.925125
2019,0.0,44.65294
2020,0.0,60.925125
2021,37.2,46.352627
2022,0.0,46.352627
