year,y_true,y_pred
2018,1066.1,523.4158
2019,1010.47,626.53955
2020,513.2,626.53955
2021,930.06,523.4158
2022,904.03,626.53955
