year,y_true,y_pred
2018,8.68,11.835252
2019,16.97,12.034667
2020,11.07,15.671302
2021,40.63,14.5235615
2022,34.26,16.128801
