mae,rmse,r2,city,model,sequence_length,forecast_horizon,normalization,val_size
0.13083468154903194,0.2082093434170556,-0.014213275514274537,4302154,xgboost,8,4,,
