year,y_true,y_pred
2018,17.33,45.814247
2019,69.17,45.814247
2020,69.04,63.461998
2021,34.45,45.814247
2022,118.14,45.814247
