year,y_true,y_pred
2018,10.75,20.792
2019,21.34,16.833101
2020,0.0,16.833101
2021,31.56,16.833101
2022,59.92,16.833101
