year,y_true,y_pred
2018,204.24,294.57468
2019,234.72,303.20197
2020,201.25,314.26404
2021,168.3,314.26404
2022,215.7,314.26404
