year,y_true,y_pred
2018,36.65,47.222126
2019,85.43,41.3134
2020,60.96,48.093624
2021,66.99,47.222126
2022,76.32,47.222126
