year,y_true,y_pred
2018,6.11,1.2744937
2019,6.1,1.2744937
2020,12.19,1.2744937
2021,36.54,1.2744937
2022,21.81,1.2744937
