year,y_true,y_pred
2018,252.36,301.10376
2019,330.3,226.49904
2020,213.75,359.58926
2021,569.33,213.84142
2022,839.77,304.33478
