year,y_true,y_pred
2018,5.58,7.9055524
2019,20.73,7.904922
2020,8.22,7.9086795
2021,16.31,7.751578
2022,9.54,13.2826395
