year,y_true,y_pred
2018,48.8,42.92019
2019,66.34,42.920086
2020,43.85,42.91901
2021,63.86,42.22124
2022,95.43,42.91901
