year,y_true,y_pred
2018,4.18,8.363
2019,6.91,6.3068748
2020,5.48,6.97775
2021,10.87,8.363
2022,17.18,7.18625
