year,y_true,y_pred
2018,1.39,0.50962496
2019,0.0,0.50962496
2020,0.0,0.50962496
2021,0.0,0.50962496
2022,0.0,0.50962496
