year,y_true,y_pred
2018,16.73,11.657337
2019,19.35,7.8801217
2020,20.55,7.8801217
2021,14.95,7.8801217
2022,17.18,7.8801217
