year,y_true,y_pred
2018,31.41,42.162376
2019,128.21,35.225815
2020,98.1,42.162376
2021,66.67,37.221
2022,0.0,42.162376
