year,y_true,y_pred
2018,30.4,26.608334
2019,56.04,26.608334
2020,59.92,20.994791
2021,80.75,20.994791
2022,102.58,20.994791
