year,y_true,y_pred
2018,369.16,191.37888
2019,370.75,320.94235
2020,308.17,320.94235
2021,356.99,320.94235
2022,459.19,320.94235
