year,y_true,y_pred
2018,21.72,19.050959
2019,8.62,19.644875
2020,25.68,19.644875
2021,34.0,19.644875
2022,39.08,16.185959
