year,y_true,y_pred
2018,143.32,71.69075
2019,103.47,68.343
2020,55.64,71.69075
2021,131.75,75.443
2022,131.89,80.41363
