year,y_true,y_pred
2018,0.0,0.47694445
2019,0.0,0.47694445
2020,0.0,0.47694445
2021,4.25,0.47694445
2022,0.0,0.47694445
