year,y_true,y_pred
2018,13.03,20.159502
2019,21.56,18.603434
2020,17.12,16.68423
2021,21.25,22.584002
2022,19.54,16.68423
