year,y_true,y_pred
2018,54.0,91.21667
2019,81.12,95.25259
2020,54.17,99.15167
2021,108.52,99.15167
2022,25.25,98.733665
