year,y_true,y_pred
2018,0.0,2.7530556
2019,0.0,2.7530556
2020,0.0,2.7530556
2021,0.0,2.7530556
2022,0.0,2.7530556
