year,y_true,y_pred
2018,188.98,100.73487
2019,216.33,110.869064
2020,270.86,110.869064
2021,271.3,110.869064
2022,151.48,110.869064
