year,y_true,y_pred
2018,0.0,11.821334
2019,0.0,11.821334
2020,54.17,11.821334
2021,0.0,7.9928336
2022,0.0,7.2875834
