year,y_true,y_pred
2018,0.0,17.35775
2019,54.08,17.35775
2020,81.26,11.788084
2021,27.13,11.094667
2022,25.25,11.094667
