year,y_true,y_pred
2018,30.18,53.381935
2019,60.4,53.381935
2020,15.11,53.381935
2021,0.0,53.381935
2022,27.97,53.381935
