year,y_true,y_pred
2018,150.93,415.39972
2019,264.98,415.39972
2020,246.82,415.39972
2021,580.84,415.39972
2022,614.45,415.39972
