year,y_true,y_pred
2018,9.43,22.348417
2019,56.78,22.442917
2020,37.97,27.605791
2021,76.18,19.955791
2022,78.03,22.355917
