year,y_true,y_pred
2018,22.16,47.626
2019,29.45,43.31575
2020,22.02,47.626
2021,62.2,43.31575
2022,50.62,46.14325
