year,y_true,y_pred
2018,598.25,558.56903
2019,559.54,543.6133
2020,293.59,523.01904
2021,439.06,535.67377
2022,426.02,535.67377
