year,y_true,y_pred
2018,7.39,0.546125
2019,0.0,0.514
2020,0.0,0.546125
2021,10.98,0.59916663
2022,0.0,0.514
