year,y_true,y_pred
2018,70.17,71.629234
2019,88.35,67.49733
2020,110.1,71.629234
2021,109.77,81.33458
2022,160.28,81.33454
