year,y_true,y_pred
2018,11.08,7.563667
2019,7.36,5.6778336
2020,11.01,5.6778336
2021,21.95,7.563667
2022,8.44,5.6778336
