year,y_true,y_pred
2018,25.85,27.887001
2019,29.45,27.887001
2020,25.69,27.887001
2021,7.32,27.887001
2022,50.62,27.887001
