year,y_true,y_pred
2018,92.57,81.94429
2019,127.86,80.99833
2020,70.04,81.94429
2021,128.96,92.420334
2022,59.41,80.014336
