year,y_true,y_pred
2018,0.0,9.319848
2019,0.0,4.5233226
2020,11.3,17.230204
2021,11.04,31.005642
2022,17.21,31.005642
