mae,rmse,r2,city,model,sequence_length,forecast_horizon,normalization,val_size
0.040336488236478556,0.09742719000568573,-1.2132680345707274,4202404,xgboost,8,4,,
