year,y_true,y_pred
2018,395.72,449.30725
2019,367.48,456.13376
2020,280.44,456.13376
2021,222.29,449.30725
2022,297.18,449.30725
