year,y_true,y_pred
2018,73.28,70.72083
2019,58.8,60.78583
2020,44.28,62.203663
2021,44.46,70.72083
2022,104.01,70.72083
