year,y_true,y_pred
2018,42.09,33.42733
2019,55.98,36.31979
2020,34.91,35.56979
2021,62.69,33.42733
2022,58.07,32.124332
