year,y_true,y_pred
2018,7.02,1.5099773
2019,7.0,1.5099773
2020,0.0,1.5099773
2021,0.0,1.5099773
2022,14.52,1.5099773
