year,y_true,y_pred
2018,35.08,54.05208
2019,62.98,46.54489
2020,41.89,46.216663
2021,55.73,51.1738
2022,72.59,52.019314
