year,y_true,y_pred
2018,39.44,73.037735
2019,19.46,52.297077
2020,96.08,74.12673
2021,56.95,45.0127
2022,60.56,73.037735
