year,y_true,y_pred
2018,50.79,23.43
2019,101.88,26.23775
2020,68.13,23.62175
2021,34.17,23.62175
2022,51.12,26.23775
