year,y_true,y_pred
2018,541.73,399.52756
2019,356.6,399.52756
2020,545.05,399.52756
2021,529.64,399.52756
2022,443.01,399.52756
