year,y_true,y_pred
2018,820.89,494.80133
2019,520.63,853.7365
2020,618.0,469.57095
2021,529.95,574.9181
2022,525.33,469.57095
