year,y_true,y_pred
2018,54.73,11.213906
2019,31.08,8.383218
2020,15.45,8.391855
2021,7.68,17.062008
2022,30.02,-0.03168776
