year,y_true,y_pred
2018,39.38,65.06067
2019,34.35,65.06067
2020,45.32,65.06067
2021,47.1,65.06067
2022,43.86,65.06067
