year,y_true,y_pred
2018,48.78,51.03
2019,34.9,54.905624
2020,48.94,55.964626
2021,28.01,55.964626
2022,92.44,55.964626
