year,y_true,y_pred
2018,131.23,154.39748
2019,175.93,154.39748
2020,86.03,145.5162
2021,96.14,154.39748
2022,195.42,154.39748
