year,y_true,y_pred
2018,31.08,26.770334
2019,48.29,22.736465
2020,13.77,24.458916
2021,13.73,26.497417
2022,22.55,26.770334
