year,y_true,y_pred
2018,748.98,557.3392
2019,713.63,558.576
2020,466.85,687.1839
2021,378.61,498.59265
2022,348.66,524.15125
