year,y_true,y_pred
2018,45.39,70.59979
2019,92.08,61.183334
2020,23.34,70.59979
2021,47.33,62.70242
2022,65.37,58.527916
