year,y_true,y_pred
2018,68.09,85.80885
2019,0.0,22.629805
2020,0.0,16.336077
2021,70.99,57.430058
2022,108.96,35.60581
