year,y_true,y_pred
2018,22.7,7.100714
2019,46.04,5.4527497
2020,46.69,5.4527497
2021,23.66,4.971625
2022,0.0,4.971625
