year,y_true,y_pred
2018,62.59,58.01533
2019,0.0,43.407967
2020,48.76,43.407967
2021,96.34,54.555725
2022,52.27,58.01533
