year,y_true,y_pred
2018,901.35,591.79047
2019,654.48,597.22253
2020,560.7,620.6086
2021,686.42,593.1002
2022,914.67,674.0438
