year,y_true,y_pred
2018,70.82,102.52748
2019,68.27,102.52748
2020,54.0,102.52748
2021,67.91,102.52748
2022,73.4,102.52748
