year,y_true,y_pred
2018,0.0,0.27665257
2019,0.0,0.27665257
2020,0.0,0.27665257
2021,0.0,0.27665257
2022,0.0,0.27665257
