year,y_true,y_pred
2018,167.61,180.85588
2019,164.79,171.58737
2020,140.86,171.58737
2021,119.42,166.313
2022,171.27,166.313
