year,y_true,y_pred
2018,23.61,37.223633
2019,32.96,32.99499
2020,37.56,31.119251
2021,37.47,38.392906
2022,56.28,23.549223
