year,y_true,y_pred
2018,44.85,54.126236
2019,49.44,58.350666
2020,49.3,58.350666
2021,32.78,58.350666
2022,51.38,55.32571
