year,y_true,y_pred
2018,11.95,39.50225
2019,11.86,39.50225
2020,23.53,39.50225
2021,105.1,31.993626
2022,45.41,48.29863
