year,y_true,y_pred
2018,119.55,327.65048
2019,106.74,426.1597
2020,235.35,426.1597
2021,315.31,426.1597
2022,215.71,359.57108
