year,y_true,y_pred
2018,59.77,116.419914
2019,83.02,116.419914
2020,94.14,116.419914
2021,198.53,116.419914
2022,68.12,116.419914
