year,y_true,y_pred
2018,59.77,-0.93284917
2019,11.86,49.46874
2020,11.77,0.0033170297
2021,11.68,49.46874
2022,22.71,26.529114
