year,y_true,y_pred
2018,11.95,11.208667
2019,11.86,11.208667
2020,47.07,18.661396
2021,58.39,18.661396
2022,22.71,18.661396
