year,y_true,y_pred
2018,85.62,41.11658
2019,43.31,31.983334
2020,0.0,31.983334
2021,88.61,52.836666
2022,39.97,31.983334
