year,y_true,y_pred
2018,599.32,774.07056
2019,736.25,691.50977
2020,963.64,1061.9514
2021,575.99,1094.9185
2022,599.52,691.50977
