year,y_true,y_pred
2018,1722.22,822.88965
2019,1340.41,794.20325
2020,2133.63,794.20325
2021,987.58,794.20325
2022,1095.16,794.20325
