year,y_true,y_pred
2018,166.67,81.34867
2019,167.55,75.73967
2020,140.37,75.73967
2021,84.65,75.73967
2022,146.02,81.34867
