year,y_true,y_pred
2018,26.01,12.734923
2019,24.67,12.735893
2020,10.71,12.735893
2021,24.03,13.87478
2022,22.15,12.501244
