year,y_true,y_pred
2018,247.11,185.39458
2019,192.43,123.43162
2020,111.98,123.43162
2021,182.61,121.63021
2022,237.9,123.2453
