year,y_true,y_pred
2018,2.0,1.6316667
2019,0.0,1.6316667
2020,0.97,1.6316667
2021,0.96,1.6316667
2022,0.96,1.6316667
