year,y_true,y_pred
2018,65.03,41.596268
2019,73.02,41.596268
2020,75.95,41.596268
2021,81.69,41.596268
2022,79.94,41.596268
