year,y_true,y_pred
2018,1.0,0.1018162
2019,0.0,0.1018162
2020,0.0,0.1018162
2021,0.0,0.1018162
2022,0.96,0.1018162
