year,y_true,y_pred
2018,11.0,9.361084
2019,7.89,9.361084
2020,6.82,8.469459
2021,4.81,8.469459
2022,6.74,9.240667
