year,y_true,y_pred
2018,422.76,231.18663
2019,129.49,231.18663
2020,354.61,201.16188
2021,353.24,231.18663
2022,448.86,193.336
