year,y_true,y_pred
2018,0.0,48.52981
2019,0.0,60.661816
2020,0.0,60.661816
2021,32.11,60.661816
2022,96.18,60.661816
