year,y_true,y_pred
2018,68.92,36.948997
2019,68.84,36.948997
2020,45.84,34.584
2021,91.58,34.584
2022,90.4,43.959
