year,y_true,y_pred
2018,28.91,4.39074
2019,0.0,3.3366668
2020,0.0,3.5452085
2021,14.25,3.5452085
2022,27.94,4.39074
