year,y_true,y_pred
2018,72.29,169.37868
2019,86.32,115.638336
2020,128.87,115.638336
2021,71.27,169.37868
2022,97.78,115.638336
