year,y_true,y_pred
2018,43.37,22.71931
2019,0.0,22.71931
2020,0.0,22.71931
2021,42.76,2.8078957
2022,41.91,11.710445
