year,y_true,y_pred
2018,14.46,14.928656
2019,14.39,15.357667
2020,0.0,15.979316
2021,0.0,14.928656
2022,13.97,1.4958426
