year,y_true,y_pred
2018,144.57,75.72265
2019,57.55,75.72265
2020,57.27,46.532417
2021,142.53,75.72265
2022,111.75,46.29377
