year,y_true,y_pred
2018,363.17,168.71275
2019,400.63,248.94943
2020,377.64,248.94943
2021,309.41,248.94943
2022,311.74,175.93718
