year,y_true,y_pred
2018,37.83,30.454655
2019,45.35,28.024809
2020,52.87,28.024809
2021,22.64,33.49478
2022,50.55,30.454655
