year,y_true,y_pred
2018,7.57,29.324692
2019,22.68,24.97315
2020,52.87,34.085205
2021,60.37,43.315575
2022,50.55,21.330988
