year,y_true,y_pred
2018,7.57,2.4947548
2019,7.56,2.4947548
2020,0.0,2.4947548
2021,15.09,2.4947548
2022,0.0,2.4947548
