year,y_true,y_pred
2018,7.57,8.916657
2019,15.12,0.00084296777
2020,7.55,0.014772192
2021,7.55,8.916657
2022,25.28,0.00084296777
