year,y_true,y_pred
2018,22.7,15.760312
2019,52.91,17.599312
2020,30.21,17.599312
2021,45.28,13.103
2022,33.7,13.103
