year,y_true,y_pred
2018,69.47,67.176544
2019,70.6,64.36655
2020,49.38,70.52105
2021,52.58,72.518524
2022,74.64,68.69647
