year,y_true,y_pred
2018,49.48,26.506498
2019,60.25,26.506498
2020,62.42,26.506498
2021,51.66,26.506498
2022,80.64,26.506498
