year,y_true,y_pred
2018,131.32,115.58813
2019,147.79,115.58813
2020,125.77,135.77821
2021,145.75,115.58813
2022,126.11,135.77821
