year,y_true,y_pred
2018,0.95,0.88291305
2019,1.88,0.88291305
2020,0.0,0.46133336
2021,0.92,0.5208021
2022,0.86,0.46133336
