year,y_true,y_pred
2018,19.98,17.09148
2019,27.3,16.2834
2020,30.74,15.722549
2021,26.75,17.709621
2022,36.89,17.709621
