year,y_true,y_pred
2018,14.86,18.568417
2019,29.55,21.489334
2020,29.36,18.568417
2021,43.79,18.568417
2022,44.91,20.975916
