year,y_true,y_pred
2018,208.09,267.54886
2019,354.56,188.9261
2020,234.91,172.30812
2021,277.33,176.1284
2022,434.13,189.07127
