year,y_true,y_pred
2018,327.98,478.22113
2019,422.52,478.22113
2020,346.67,478.22113
2021,316.59,478.22113
2022,550.42,478.22113
