year,y_true,y_pred
2018,30.41,23.55675
2019,36.65,27.119999
2020,34.24,25.772999
2021,34.0,25.278
2022,19.66,25.278
