year,y_true,y_pred
2018,39.98,16.039541
2019,0.0,15.81825
2020,13.19,16.039541
2021,26.23,15.81825
2022,54.5,15.81825
