year,y_true,y_pred
2018,253.23,83.16261
2019,318.13,83.16261
2020,250.53,83.16261
2021,209.86,83.16261
2022,463.22,83.16261
