year,y_true,y_pred
2018,1202.69,764.88135
2019,819.67,701.3924
2020,541.13,900.6466
2021,835.45,764.88135
2022,1099.76,835.65533
