year,y_true,y_pred
2018,106.12,39.820763
2019,35.64,67.53202
2020,72.15,30.67652
2021,36.32,90.455
2022,0.0,30.67652
