year,y_true,y_pred
2018,10.79,23.253918
2019,21.45,17.567167
2020,32.02,14.581334
2021,53.11,23.253918
2022,0.0,18.869167
