year,y_true,y_pred
2018,431.41,561.89905
2019,750.91,657.14905
2020,832.44,561.89905
2021,870.95,645.7726
2022,1110.83,734.08765
