year,y_true,y_pred
2018,110.44,72.46267
2019,55.23,84.87367
2020,69.05,83.68767
2021,151.93,72.04467
2022,79.14,78.87696
