year,y_true,y_pred
2018,398.46,416.49933
2019,415.31,416.49933
2020,326.68,416.49933
2021,303.92,416.49933
2022,347.13,416.49933
