year,y_true,y_pred
2018,37.69,38.838364
2019,37.88,41.437386
2020,33.54,41.44369
2021,29.67,38.848045
2022,25.5,38.83837
