year,y_true,y_pred
2018,0.36,0.03815
2019,0.0,0.03815
2020,0.0,0.03815
2021,0.0,0.03815
2022,0.0,0.03815
