year,y_true,y_pred
2018,83.64,68.97127
2019,79.31,68.97127
2020,91.54,68.97127
2021,82.45,68.97127
2022,92.48,70.23517
