year,y_true,y_pred
2018,8.97,7.824266
2019,8.14,7.824266
2020,13.28,7.824266
2021,12.76,7.824266
2022,7.82,7.824266
