year,y_true,y_pred
2018,30.87,15.64862
2019,26.55,15.64862
2020,33.19,15.64862
2021,41.74,15.64862
2022,33.32,15.64862
