year,y_true,y_pred
2018,1.08,0.18854167
2019,0.71,0.115333326
2020,0.7,0.122541666
2021,0.0,0.122541666
2022,0.68,0.18854167
