year,y_true,y_pred
2018,43.0,27.099684
2019,21.61,39.30416
2020,60.24,28.489775
2021,55.7,33.38946
2022,42.97,24.202974
