year,y_true,y_pred
2018,4.3,9.985312
2019,12.97,8.764999
2020,4.3,6.3914995
2021,12.85,8.235374
2022,4.77,6.3914995
