year,y_true,y_pred
2018,0.0,1.0004761
2019,0.0,1.0004761
2020,0.0,1.0004761
2021,0.0,1.0004761
2022,0.0,1.0004761
