year,y_true,y_pred
2018,111.79,71.900085
2019,56.19,69.01974
2020,146.31,66.53521
2021,68.55,74.86918
2022,124.14,66.22046
