year,y_true,y_pred
2018,0.0,0.29483333
2019,0.0,0.29483333
2020,12.91,0.29483333
2021,0.0,0.29483333
2022,9.55,0.29483333
