year,y_true,y_pred
2018,0.0,51.083496
2019,0.0,51.083496
2020,0.0,31.665398
2021,64.95,31.665398
2022,119.33,31.665398
