year,y_true,y_pred
2018,78.48,110.29731
2019,65.0,110.29731
2020,90.46,110.29731
2021,38.56,103.750694
2022,133.33,110.29731
