year,y_true,y_pred
2018,13.08,16.254456
2019,39.0,41.427902
2020,12.92,28.102938
2021,0.0,43.17594
2022,33.33,31.2772
