year,y_true,y_pred
2018,39.24,13.035999
2019,13.0,13.035999
2020,12.92,15.94025
2021,38.56,23.44025
2022,16.67,13.035999
