year,y_true,y_pred
2018,65.4,67.18367
2019,104.0,67.18367
2020,142.16,59.931667
2021,89.96,57.81146
2022,133.33,57.81146
