year,y_true,y_pred
2018,89.04,145.04108
2019,102.25,99.87825
2020,102.74,141.83316
2021,206.4,141.83316
2022,276.32,145.04108
