year,y_true,y_pred
2018,25.44,7.232
2019,0.0,11.00585
2020,12.84,13.4015
2021,0.0,11.635776
2022,65.79,11.41855
