year,y_true,y_pred
2018,0.0,1.1590334
2019,0.0,1.1590334
2020,0.0,1.1590334
2021,0.0,1.1590334
2022,0.0,1.1590334
