year,y_true,y_pred
2018,50.88,91.500916
2019,89.47,89.343315
2020,128.42,57.728954
2021,141.9,60.106792
2022,131.58,66.97243
