year,y_true,y_pred
2018,0.0,5.6009693
2019,25.56,0.017844738
2020,12.84,0.0037163533
2021,0.0,4.6471357
2022,13.16,12.453013
