year,y_true,y_pred
2018,50.88,4.8284807
2019,12.78,20.695065
2020,38.53,25.42589
2021,51.6,25.42589
2022,13.16,25.42589
