year,y_true,y_pred
2018,302.8,702.16376
2019,302.57,786.3976
2020,302.34,786.3976
2021,75.53,702.16376
2022,570.43,702.16376
