year,y_true,y_pred
2018,37.85,28.763668
2019,0.0,36.41967
2020,37.79,22.141085
2021,37.76,22.141085
2022,43.88,22.141085
