year,y_true,y_pred
2018,33.83,49.17953
2019,19.32,55.61188
2020,40.59,66.218185
2021,45.15,72.47193
2022,18.68,51.654716
