year,y_true,y_pred
2018,19.73,5.751042
2019,11.04,6.7359166
2020,10.83,5.751042
2021,15.94,5.751042
2022,5.61,6.7359166
