year,y_true,y_pred
2018,25.37,6.5347652
2019,13.8,4.411042
2020,32.48,4.411042
2021,53.12,6.4608593
2022,22.42,6.4608593
