year,y_true,y_pred
2018,163.5,141.05034
2019,115.94,141.05034
2020,146.14,134.78934
2021,183.27,153.75034
2022,108.37,141.05034
