year,y_true,y_pred
2018,0.0,34.25679
2019,24.91,30.13179
2020,49.64,33.71733
2021,0.0,34.25679
2022,0.0,30.13179
