year,y_true,y_pred
2018,81.89,26.440334
2019,29.16,26.440334
2020,52.34,28.736334
2021,43.54,26.440334
2022,77.7,28.736334
