year,y_true,y_pred
2018,444.55,335.71246
2019,396.59,338.50623
2020,354.73,306.99866
2021,391.86,306.99866
2022,685.17,306.99866
