year,y_true,y_pred
2018,129.94,61.915066
2019,130.34,87.88475
2020,52.3,73.508385
2021,78.68,80.78209
2022,22.0,42.178314
