year,y_true,y_pred
2018,742.75,706.39905
2019,699.3,705.5569
2020,497.22,716.09515
2021,524.75,636.0864
2022,1031.93,601.14954
