year,y_true,y_pred
2018,50.19,45.08773
2019,59.94,90.796646
2020,79.55,34.241287
2021,59.41,54.68863
2022,64.5,22.90361
