year,y_true,y_pred
2018,140.52,185.69623
2019,99.9,208.04907
2020,198.89,213.7033
2021,158.42,213.7033
2022,236.48,213.7033
