year,y_true,y_pred
2018,0.0,5.6853333
2019,0.0,5.6853333
2020,9.94,5.6853333
2021,9.9,5.6853333
2022,0.0,5.6853333
