year,y_true,y_pred
2018,10.04,10.471137
2019,19.98,23.868652
2020,29.83,10.582451
2021,9.9,23.868652
2022,10.75,10.466692
