year,y_true,y_pred
2018,598.49,576.294
2019,538.98,605.82166
2020,461.23,576.294
2021,470.9,605.82166
2022,729.28,605.82166
