year,y_true,y_pred
2018,49.87,43.702248
2019,47.28,40.849625
2020,56.48,44.056248
2021,67.94,43.24175
2022,77.86,43.702248
