year,y_true,y_pred
2018,61.45,8.961553
2019,96.92,69.18591
2020,88.43,59.43427
2021,124.22,59.207912
2022,111.89,59.207912
