year,y_true,y_pred
2018,87.03,45.239933
2019,133.81,56.073143
2020,91.41,36.742977
2021,23.4,51.619453
2022,20.03,60.335087
