year,y_true,y_pred
2018,0.0,37.996
2019,23.29,35.10957
2020,69.9,53.871998
2021,0.0,41.91625
2022,0.0,35.10957
