year,y_true,y_pred
2018,419.29,358.83923
2019,838.57,375.67548
2020,722.27,358.83923
2021,722.27,358.83923
2022,537.63,358.83923
