year,y_true,y_pred
2018,0.0,2.1136918
2019,0.0,2.1136918
2020,0.0,2.1136918
2021,0.0,2.1136918
2022,0.0,2.1136918
