year,y_true,y_pred
2018,116.47,79.46933
2019,163.06,68.869835
2020,69.9,76.08867
2021,23.3,76.08867
2022,76.8,60.634583
