year,y_true,y_pred
2018,23.29,18.259293
2019,23.29,18.259293
2020,0.0,18.259293
2021,0.0,18.259293
2022,25.6,18.259293
