year,y_true,y_pred
2018,0.0,11.407708
2019,23.29,13.803146
2020,0.0,10.401146
2021,0.0,11.407708
2022,51.2,10.736667
