year,y_true,y_pred
2018,0.0,20.421389
2019,105.86,20.421389
2020,0.0,20.07629
2021,34.73,20.421389
2022,36.54,31.64579
