year,y_true,y_pred
2018,284.6,490.92184
2019,846.86,468.59445
2020,315.13,323.64255
2021,277.87,468.59445
2022,401.9,474.4869
