year,y_true,y_pred
2018,89.57,92.76683
2019,89.17,101.21933
2020,66.58,78.914665
2021,44.2,78.914665
2022,0.0,78.914665
