year,y_true,y_pred
2018,16.95,29.88681
2019,16.57,21.625645
2020,5.41,21.298733
2021,15.9,24.924145
2022,43.9,30.00598
