year,y_true,y_pred
2018,135.59,227.90045
2019,104.95,255.14124
2020,151.42,229.97964
2021,116.61,249.37436
2022,226.81,255.14124
