year,y_true,y_pred
2018,102.16,91.715004
2019,102.21,91.715004
2020,79.02,91.715004
2021,60.45,78.011
2022,90.99,86.772
