year,y_true,y_pred
2018,24.91,47.8521
2019,0.0,53.746124
2020,0.0,47.8521
2021,51.81,53.746124
2022,60.48,52.784626
