year,y_true,y_pred
2018,523.04,274.0017
2019,605.75,366.70764
2020,485.93,366.70175
2021,829.02,366.70175
2022,937.41,366.70175
