year,y_true,y_pred
2018,102.67,58.767628
2019,77.04,70.15713
2020,102.75,53.85494
2021,51.4,70.15713
2022,81.3,53.85494
