year,y_true,y_pred
2018,0.0,91.34911
2019,0.0,91.34911
2020,34.61,91.34911
2021,34.35,91.34911
2022,39.05,91.34911
