year,y_true,y_pred
2018,774.38,1035.3187
2019,593.37,906.94666
2020,623.05,906.94666
2021,412.23,848.347
2022,507.61,848.347
