year,y_true,y_pred
2018,387.25,453.10983
2019,418.85,453.25534
2020,376.76,453.10983
2021,416.54,453.25534
2022,442.76,453.10983
