year,y_true,y_pred
2018,37.85,40.417435
2019,39.93,41.107136
2020,39.28,47.928146
2021,51.41,47.928146
2022,39.42,33.08443
