year,y_true,y_pred
2018,48.15,35.211983
2019,72.66,58.360992
2020,40.6,54.74688
2021,81.66,70.82064
2022,70.91,54.181404
