year,y_true,y_pred
2018,32.1,38.20471
2019,32.29,31.301664
2020,64.96,31.301664
2021,57.16,38.347206
2022,47.27,38.347206
