year,y_true,y_pred
2018,144.46,52.54389
2019,137.25,54.98041
2020,73.08,54.98041
2021,114.32,87.61159
2022,55.15,52.54389
