year,y_true,y_pred
2018,0.0,16.503792
2019,32.29,13.640967
2020,40.6,16.548792
2021,65.33,20.309334
2022,39.39,16.503792
