year,y_true,y_pred
2018,386.64,471.26538
2019,559.77,471.26538
2020,470.16,471.26538
2021,520.08,471.26538
2022,583.7,471.26538
