year,y_true,y_pred
2018,0.0,5.6527596
2019,11.66,3.4656045
2020,5.8,2.257599
2021,5.78,5.6527596
2022,19.46,3.4656045
