year,y_true,y_pred
2018,158.17,148.90149
2019,110.79,148.90149
2020,104.48,148.90149
2021,167.58,171.82433
2022,103.77,116.41172
