year,y_true,y_pred
2018,70.3,93.356674
2019,52.48,93.99573
2020,58.05,93.71091
2021,63.57,99.62229
2022,110.25,80.77044
