year,y_true,y_pred
2018,47.05,46.33696
2019,46.61,43.175667
2020,24.95,49.743668
2021,21.6,49.743668
2022,46.48,46.33696
