year,y_true,y_pred
2018,327.67,315.16165
2019,349.6,315.16165
2020,216.19,315.16165
2021,191.06,491.3614
2022,404.04,491.3614
