year,y_true,y_pred
2018,1.68,0.25722224
2019,0.0,0.25722224
2020,1.66,0.25722224
2021,1.66,0.25722224
2022,1.79,0.25722224
