year,y_true,y_pred
2018,15.12,16.52525
2019,14.98,17.81
2020,13.3,16.52525
2021,24.92,19.18175
2022,17.88,19.18175
