year,y_true,y_pred
2018,42.01,61.344616
2019,54.94,43.153034
2020,69.85,61.344616
2021,68.12,39.01404
2022,80.45,45.231407
