year,y_true,y_pred
2018,73.93,98.38167
2019,71.58,98.38167
2020,73.17,98.38167
2021,79.75,98.38167
2022,105.48,98.38167
