year,y_true,y_pred
2018,51.9,52.636124
2019,62.09,42.02548
2020,46.43,49.499542
2021,51.44,52.636124
2022,64.28,52.636124
