year,y_true,y_pred
2018,39.93,12.927115
2019,59.11,22.99228
2020,29.18,22.99228
2021,28.82,12.927115
2022,30.97,12.927115
