year,y_true,y_pred
2018,79.16,125.2719
2019,39.65,40.26443
2020,92.67,58.912357
2021,39.78,40.26443
2022,69.66,58.912357
