year,y_true,y_pred
2018,659.63,675.56647
2019,700.41,675.56647
2020,661.9,675.56647
2021,358.0,675.56647
2022,1017.0,675.56647
