year,y_true,y_pred
2018,56.05,58.648724
2019,55.95,47.458076
2020,57.89,47.458076
2021,69.65,47.458076
2022,87.58,45.83028
