year,y_true,y_pred
2018,38.51,38.216953
2019,36.23,38.216953
2020,33.16,38.216953
2021,37.42,33.48701
2022,48.31,38.216953
