year,y_true,y_pred
2018,0.28,0.27970836
2019,0.18,0.223625
2020,0.09,0.25866666
2021,0.0,0.27670833
2022,0.11,0.29020834
