year,y_true,y_pred
2018,104.39,112.41496
2019,93.65,109.64454
2020,89.86,107.91323
2021,86.58,107.91323
2022,111.46,107.91323
