year,y_true,y_pred
2018,58.83,53.21662
2019,53.56,53.174454
2020,61.55,53.213985
2021,60.09,55.022045
2022,79.83,57.629852
