year,y_true,y_pred
2018,79.03,64.98642
2019,63.23,48.5315
2020,79.06,56.69973
2021,142.34,33.04611
2022,106.64,46.89162
