year,y_true,y_pred
2018,148.49,18.881872
2019,21.36,55.190784
2020,107.53,0.4684189
2021,43.3,55.190784
2022,67.61,4.076571
