year,y_true,y_pred
2018,26.02,76.296745
2019,51.81,84.00975
2020,77.4,71.85675
2021,102.8,66.9444
2022,114.84,66.9444
