year,y_true,y_pred
2018,172.91,53.648125
2019,85.4,53.648125
2020,28.14,65.00838
2021,55.63,82.585
2022,62.81,59.171875
