year,y_true,y_pred
2018,61.72,35.6598
2019,44.27,42.546818
2020,17.78,42.546818
2021,8.93,34.753803
2022,36.14,33.3278
