year,y_true,y_pred
2018,180.42,142.06366
2019,165.41,121.40367
2020,138.53,153.84467
2021,191.38,153.84467
2022,267.83,153.84467
