year,y_true,y_pred
2018,9.5,1.6086668
2019,21.85,2.3031669
2020,9.24,2.3031669
2021,24.3,1.6086668
2022,25.81,2.3031669
