year,y_true,y_pred
2018,3.17,0.78273
2019,0.0,0.78273
2020,0.0,0.78273
2021,6.08,0.78273
2022,9.68,2.5935333
