year,y_true,y_pred
2018,3.17,4.958667
2019,9.36,4.6329584
2020,21.55,4.958667
2021,15.19,3.0309582
2022,12.91,4.958667
