year,y_true,y_pred
2018,34.82,63.88731
2019,68.66,63.88731
2020,61.57,63.88731
2021,82.02,63.88731
2022,100.03,63.88731
