year,y_true,y_pred
2018,3.17,1.6210417
2019,9.36,1.7779167
2020,3.08,1.5896666
2021,3.04,1.6210417
2022,3.23,1.7779167
