year,y_true,y_pred
2018,104.77,81.051834
2019,91.7,79.181335
2020,53.54,81.051834
2021,81.58,79.55334
2022,62.98,79.59534
