year,y_true,y_pred
2018,17.46,16.651999
2019,7.91,15.249499
2020,22.05,17.326
2021,14.12,15.249499
2022,16.67,16.733
