year,y_true,y_pred
2018,53.97,65.97231
2019,63.24,67.05128
2020,62.99,68.88967
2021,62.75,68.88967
2022,57.42,68.88967
