year,y_true,y_pred
2018,133.35,127.513565
2019,115.42,127.513565
2020,113.39,135.12608
2021,114.52,134.49496
2022,120.4,135.12608
