year,y_true,y_pred
2018,193.4,271.60403
2019,273.89,342.94888
2020,315.98,319.62396
2021,408.1,271.60403
2022,620.81,342.94888
