year,y_true,y_pred
2018,0.0,30.813702
2019,28.83,20.351126
2020,60.19,20.216375
2021,62.78,30.813702
2022,86.91,30.813702
