year,y_true,y_pred
2018,27.35,7.611821
2019,41.09,7.611821
2020,27.45,7.611821
2021,0.0,17.475147
2022,41.56,21.470032
