year,y_true,y_pred
2018,246.17,107.96155
2019,191.75,209.79572
2020,192.15,110.47081
2021,96.27,103.90667
2022,249.38,165.85484
