year,y_true,y_pred
2018,295.76,334.02945
2019,250.45,294.70245
2020,299.39,314.51596
2021,287.06,318.58997
2022,355.97,307.44742
