year,y_true,y_pred
2018,9.86,15.152633
2019,29.27,15.152633
2020,19.32,18.527666
2021,22.33,16.543957
2022,23.93,15.152633
