year,y_true,y_pred
2018,68.17,63.331333
2019,68.94,63.139416
2020,69.71,63.139416
2021,140.89,53.45233
2022,33.03,62.568333
