year,y_true,y_pred
2018,1532.96,780.15186
2019,1580.02,780.15186
2020,1220.13,780.15186
2021,1217.04,780.15186
2022,682.98,780.15186
