year,y_true,y_pred
2018,51.1,43.57029
2019,50.97,43.57029
2020,50.84,43.57029
2021,101.42,43.57029
2022,0.0,64.10433
