year,y_true,y_pred
2018,626.05,641.01227
2019,862.33,641.01227
2020,569.8,691.7865
2021,602.1,641.01227
2022,897.04,641.01227
