year,y_true,y_pred
2018,61.74,32.79954
2019,93.41,32.79954
2020,54.95,32.79954
2021,39.57,32.79954
2022,80.28,23.800667
