year,y_true,y_pred
2018,0.0,59.61767
2019,51.49,45.20529
2020,356.72,45.20529
2021,279.92,77.167336
2022,116.45,59.61767
