year,y_true,y_pred
2018,600.91,626.61084
2019,458.01,626.61084
2020,292.28,626.61084
2021,297.89,626.61084
2022,568.85,626.61084
