year,y_true,y_pred
2018,38.65,56.177723
2019,59.44,28.871937
2020,62.63,49.781868
2021,20.78,45.59968
2022,81.91,47.4217
