year,y_true,y_pred
2018,10.54,18.030203
2019,10.49,15.726791
2020,3.48,19.469854
2021,38.1,25.106268
2022,36.41,25.106268
