year,y_true,y_pred
2018,52.71,56.68394
2019,52.44,72.94398
2020,66.11,72.98744
2021,45.03,63.467056
2022,50.06,56.94002
