year,y_true,y_pred
2018,0.0,1.32975
2019,0.0,1.32975
2020,0.0,1.32975
2021,3.46,1.32975
2022,0.0,1.32975
