year,y_true,y_pred
2018,28.11,27.224625
2019,27.97,27.224625
2020,17.4,23.524
2021,45.03,23.524
2022,54.61,25.468124
