year,y_true,y_pred
2018,187.44,110.368004
2019,46.99,109.32738
2020,47.1,110.368004
2021,0.0,123.11357
2022,95.65,128.97224
