year,y_true,y_pred
2018,48.33,30.321835
2019,67.28,40.91252
2020,47.78,30.321835
2021,66.54,30.321835
2022,91.93,30.321835
