year,y_true,y_pred
2018,386.66,466.61392
2019,374.82,455.98923
2020,458.72,419.76425
2021,627.38,414.96017
2022,674.16,466.61392
