year,y_true,y_pred
2018,47.99,4.9431667
2019,42.4,4.9431667
2020,26.34,4.9431667
2021,20.95,4.9431667
2022,21.51,4.9431667
