year,y_true,y_pred
2018,421.22,436.89334
2019,392.2,496.58633
2020,374.08,467.96628
2021,675.75,457.5573
2022,1188.62,436.89334
