year,y_true,y_pred
2018,10.66,23.201292
2019,15.9,19.949291
2020,21.07,20.187334
2021,10.48,23.201292
2022,37.65,18.364334
