year,y_true,y_pred
2018,21.33,60.634876
2019,31.8,60.634876
2020,57.96,60.634876
2021,41.91,65.59257
2022,59.16,55.112064
