year,y_true,y_pred
2018,101.31,150.97607
2019,137.8,139.65933
2020,173.87,150.97607
2021,141.44,137.2553
2022,150.59,137.2553
