year,y_true,y_pred
2018,34.51,70.82961
2019,51.1,70.82961
2020,75.7,70.82961
2021,24.93,53.38019
2022,70.27,58.172394
