year,y_true,y_pred
2018,111.36,44.937492
2019,226.5,6.774738
2020,57.57,6.774738
2021,58.51,44.73349
2022,98.14,6.774738
