year,y_true,y_pred
2018,612.39,799.37915
2019,576.37,799.37915
2020,396.25,799.37915
2021,432.28,799.37915
2022,652.17,799.37915
