year,y_true,y_pred
2018,108.07,15.117222
2019,72.05,7.852168
2020,72.05,7.852168
2021,72.05,29.507755
2022,0.0,46.347202
