mae,rmse,r2,city,model,sequence_length,forecast_horizon,normalization,val_size
0.0017280380244677593,0.002776045695291514,-0.004009597643597429,3550308,xgboost,8,4,,
