year,y_true,y_pred
2018,78.06,68.477005
2019,78.83,21.139507
2020,159.11,39.62566
2021,160.58,49.506287
2022,42.64,49.506287
