year,y_true,y_pred
2018,39.88,39.35382
2019,55.67,39.167824
2020,39.01,35.559902
2021,48.71,40.08908
2022,55.22,35.559902
