year,y_true,y_pred
2018,632.14,533.96545
2019,660.78,533.96545
2020,690.88,533.96545
2021,668.0,628.9634
2022,852.56,533.96545
