year,y_true,y_pred
2018,1.38,0.061333332
2019,0.46,0.059416667
2020,0.45,0.059416667
2021,0.0,0.059416667
2022,0.47,0.059416667
