year,y_true,y_pred
2018,0.46,0.09745833
2019,0.0,0.09745833
2020,0.0,0.18866667
2021,0.0,0.09745833
2022,0.47,0.09745833
