year,y_true,y_pred
2018,27.5,18.485907
2019,22.82,20.327448
2020,31.75,18.485907
2021,23.0,20.327448
2022,29.01,18.485907
