year,y_true,y_pred
2018,60.05,53.604473
2019,64.8,52.365284
2020,60.79,55.032253
2021,73.52,56.784786
2022,80.95,60.730022
