year,y_true,y_pred
2018,40.34,41.4477
2019,48.83,40.254654
2020,62.15,39.943253
2021,60.89,40.232296
2022,54.75,40.815304
