year,y_true,y_pred
2018,404.61,385.07834
2019,403.62,348.64896
2020,358.5,348.64896
2021,322.5,348.64896
2022,342.3,385.07834
