year,y_true,y_pred
2018,24.77,28.522875
2019,20.38,23.789232
2020,36.25,23.789232
2021,15.93,25.431957
2022,30.09,23.789232
