year,y_true,y_pred
2018,97.09,44.881977
2019,64.52,62.082024
2020,77.2,62.5361
2021,70.55,44.881977
2022,53.37,44.881977
