year,y_true,y_pred
2018,29.85,23.20502
2019,32.15,23.20502
2020,39.37,23.20502
2021,33.05,23.20502
2022,43.18,23.20502
