year,y_true,y_pred
2018,0.0,0.110906936
2019,0.0,0.110906936
2020,2.46,0.110906936
2021,1.22,0.110906936
2022,0.0,0.110906936
