year,y_true,y_pred
2018,73.37,55.74598
2019,66.78,45.91315
2020,88.58,55.74598
2021,88.13,45.91315
2022,105.02,45.91315
