year,y_true,y_pred
2018,34.82,31.075384
2019,37.1,31.075384
2020,41.83,31.075384
2021,26.93,31.075384
2022,32.67,31.075384
