year,y_true,y_pred
2018,16.17,13.982925
2019,17.31,18.759254
2020,20.91,18.759254
2021,14.69,18.759254
2022,23.34,13.982925
