year,y_true,y_pred
2018,171.31,117.56025
2019,107.72,117.56025
2020,162.57,83.8895
2021,65.41,114.22034
2022,78.62,98.47583
