year,y_true,y_pred
2018,78.98,73.02821
2019,92.95,104.36058
2020,40.17,104.36058
2021,162.01,72.570755
2022,93.04,78.23155
