year,y_true,y_pred
2018,888.76,679.98126
2019,935.27,679.98126
2020,833.09,679.98126
2021,670.84,679.98126
2022,977.65,679.98126
