year,y_true,y_pred
2018,59.25,32.96038
2019,59.38,32.96038
2020,29.75,32.96038
2021,29.82,32.96038
2022,46.55,32.96038
