year,y_true,y_pred
2018,65.25,64.86053
2019,78.86,64.86053
2020,32.33,50.58899
2021,55.18,17.00373
2022,75.5,28.012192
