year,y_true,y_pred
2018,1327.47,984.30334
2019,1136.06,904.42535
2020,774.01,904.42535
2021,971.17,825.89856
2022,653.55,984.30334
