year,y_true,y_pred
2018,30.08,29.371582
2019,34.08,29.371582
2020,57.19,29.371582
2021,76.77,31.209332
2022,48.55,29.371582
