year,y_true,y_pred
2018,43.45,31.606617
2019,61.07,31.604076
2020,57.51,31.604076
2021,54.0,31.604076
2022,52.16,31.604076
