year,y_true,y_pred
2018,596.57,441.02545
2019,595.86,441.02545
2020,558.68,399.8361
2021,608.72,399.8361
2022,530.78,399.8361
