year,y_true,y_pred
2018,18.38,12.432875
2019,26.41,12.432875
2020,21.36,12.432875
2021,39.27,12.432875
2022,33.75,12.432875
