year,y_true,y_pred
2018,6.68,2.7979167
2019,11.55,2.3791666
2020,18.07,2.4256668
2021,6.55,2.4256668
2022,7.67,2.4256668
