year,y_true,y_pred
2018,111.96,79.53767
2019,90.78,84.619705
2020,83.8,74.344734
2021,108.0,79.309586
2022,79.77,74.344734
