year,y_true,y_pred
2018,0.0,0.81421876
2019,0.0,0.81421876
2020,0.0,0.81421876
2021,1.64,0.81421876
2022,0.0,0.81421876
