year,y_true,y_pred
2018,1.67,0.15466666
2019,1.65,0.15466666
2020,0.0,0.15466666
2021,1.64,0.15466666
2022,0.0,0.15466666
