year,y_true,y_pred
2018,197.71,435.4167
2019,303.42,435.4167
2020,191.3,363.66586
2021,225.25,363.66586
2022,319.71,363.66586
