year,y_true,y_pred
2018,19.29,15.424791
2019,33.19,15.424791
2020,9.33,16.876917
2021,4.6,18.216417
2022,15.99,17.130417
