year,y_true,y_pred
2018,81.98,87.44961
2019,75.85,87.44961
2020,65.32,84.84915
2021,64.36,87.44961
2022,63.94,87.44961
