year,y_true,y_pred
2018,38.58,25.773499
2019,28.45,29.339333
2020,18.66,25.773499
2021,13.79,25.773499
2022,5.33,27.842333
