year,y_true,y_pred
2018,24.83,42.469406
2019,43.19,43.119144
2020,30.67,47.1927
2021,79.3,52.283848
2022,85.29,47.65824
