year,y_true,y_pred
2018,6.21,33.50455
2019,6.17,27.01992
2020,0.0,19.90999
2021,36.6,19.90999
2022,36.55,30.50816
