year,y_true,y_pred
2018,37.24,32.177746
2019,55.53,42.711845
2020,42.94,45.330982
2021,79.3,46.479454
2022,127.94,33.7444
