year,y_true,y_pred
2018,49.66,84.395004
2019,92.55,79.07675
2020,98.15,72.29775
2021,79.3,91.185
2022,121.85,91.185
