year,y_true,y_pred
2018,0.0,0.43439585
2019,0.0,0.43439585
2020,0.0,0.43439585
2021,0.0,0.43439585
2022,0.0,0.43439585
