year,y_true,y_pred
2018,294.48,425.02884
2019,303.81,437.56668
2020,189.77,425.02884
2021,284.47,437.56668
2022,406.7,437.56668
