year,y_true,y_pred
2018,19.0,38.536
2019,18.99,33.5595
2020,18.98,38.536
2021,47.41,26.209501
2022,47.29,26.209501
