year,y_true,y_pred
2018,47.5,20.443417
2019,28.48,13.404333
2020,47.44,20.443417
2021,56.89,20.443417
2022,18.92,20.443417
