year,y_true,y_pred
2018,9.5,6.660458
2019,0.0,6.5030518
2020,9.49,8.190666
2021,9.48,6.5030518
2022,18.92,8.190666
