year,y_true,y_pred
2018,151.99,125.77594
2019,123.42,88.21182
2020,142.33,107.666595
2021,75.86,88.21182
2022,151.33,114.95297
