year,y_true,y_pred
2018,1096.24,769.63513
2019,917.87,845.928
2020,595.24,1037.6752
2021,803.47,769.63513
2022,587.17,769.63513
