year,y_true,y_pred
2018,64.48,98.539734
2019,64.41,98.539734
2020,48.26,98.539734
2021,96.42,98.539734
2022,60.22,98.539734
