year,y_true,y_pred
2018,25.66,27.433376
2019,76.53,27.433376
2020,21.14,40.291332
2021,29.43,28.868895
2022,46.82,27.433376
