year,y_true,y_pred
2018,427.72,626.83514
2019,574.0,626.83514
2020,397.38,592.3687
2021,323.68,698.825
2022,383.08,626.83514
