year,y_true,y_pred
2018,0.0,27.669666
2019,0.0,27.669666
2020,50.03,27.669666
2021,0.0,31.738583
2022,26.12,31.681583
