year,y_true,y_pred
2018,176.01,221.3888
2019,200.65,173.89185
2020,150.08,160.26974
2021,349.3,160.26974
2022,417.86,170.74599
