year,y_true,y_pred
2018,26.25,35.053104
2019,25.98,26.32979
2020,25.71,26.32979
2021,25.46,26.32979
2022,28.21,26.32979
