year,y_true,y_pred
2018,433.18,392.75192
2019,441.62,392.75192
2020,276.39,392.75192
2021,178.2,318.42422
2022,366.77,318.42422
