year,y_true,y_pred
2018,6.56,12.164917
2019,6.49,9.563917
2020,6.43,12.164917
2021,6.36,12.164917
2022,0.0,12.164917
