year,y_true,y_pred
2018,118.14,96.97973
2019,155.86,88.867966
2020,57.85,88.867966
2021,89.1,96.97973
2022,98.74,96.97973
