year,y_true,y_pred
2018,26.25,32.121582
2019,84.43,42.628445
2020,51.42,18.188744
2021,50.91,32.121582
2022,35.27,32.121582
