year,y_true,y_pred
2018,241.58,299.63788
2019,301.31,299.63788
2020,216.48,299.63788
2021,252.04,299.63788
2022,247.92,299.63788
