year,y_true,y_pred
2018,48.32,42.554333
2019,36.16,42.554333
2020,84.19,35.93104
2021,36.01,32.417126
2022,61.98,35.93104
