year,y_true,y_pred
2018,0.0,9.294933
2019,0.0,11.516133
2020,0.0,9.294933
2021,0.0,9.294933
2022,37.19,9.294933
