year,y_true,y_pred
2018,60.39,76.70919
2019,96.42,99.59541
2020,12.03,72.739944
2021,36.01,25.90934
2022,0.0,45.95343
