year,y_true,y_pred
2018,0.0,102.042625
2019,62.66,102.042625
2020,0.0,102.042625
2021,0.0,102.042625
2022,114.68,102.042625
