year,y_true,y_pred
2018,829.59,543.93604
2019,483.93,543.93604
2020,1002.42,445.62906
2021,449.52,543.93604
2022,584.8,445.62906
