year,y_true,y_pred
2018,103.7,16.358667
2019,69.13,16.358667
2020,34.57,16.358667
2021,34.58,16.358667
2022,34.4,23.174778
