year,y_true,y_pred
2018,51.21,18.184803
2019,68.05,7.9849896
2020,84.79,15.954903
2021,16.9,0.34063387
2022,18.81,36.7875
