year,y_true,y_pred
2018,409.7,423.83502
2019,510.38,375.94394
2020,356.11,388.62628
2021,253.55,491.35883
2022,451.38,292.26074
