year,y_true,y_pred
2018,494.95,662.69196
2019,600.41,768.12836
2020,561.1,876.0929
2021,542.34,876.0929
2022,421.64,876.0929
