year,y_true,y_pred
2018,20.62,64.65035
2019,124.22,58.674335
2020,103.91,64.65035
2021,146.02,58.477795
2022,0.0,64.65035
