year,y_true,y_pred
2018,75.41,49.055336
2019,135.35,49.055336
2020,138.7,49.055336
2021,130.2,49.055336
2022,89.6,49.055336
