year,y_true,y_pred
2018,313.12,301.06488
2019,500.94,301.06488
2020,429.3,579.469
2021,339.83,381.2515
2022,327.21,363.9812
