year,y_true,y_pred
2018,71.57,29.621967
2019,44.73,34.31554
2020,44.72,34.374043
2021,17.89,34.368042
2022,36.36,37.117542
