year,y_true,y_pred
2018,403.63,745.16583
2019,387.15,745.16583
2020,339.49,745.16583
2021,421.59,745.16583
2022,481.78,745.16583
