year,y_true,y_pred
2018,41.99,78.338875
2019,58.84,78.33883
2020,39.89,78.37394
2021,49.0,71.95983
2022,37.88,78.338875
