year,y_true,y_pred
2018,12.85,16.480682
2019,11.94,22.63887
2020,15.28,11.221905
2021,11.83,9.3945675
2022,18.12,21.167372
