year,y_true,y_pred
2018,0.0,0.2819667
2019,0.0,0.2819667
2020,0.0,0.2819667
2021,0.84,0.2819667
2022,0.82,0.2819667
