year,y_true,y_pred
2018,120.83,157.03185
2019,123.65,152.62067
2020,89.12,152.62067
2021,95.47,152.62067
2022,121.89,152.62067
