year,y_true,y_pred
2018,31.71,40.155136
2019,51.17,36.311726
2020,27.16,41.674843
2021,27.88,36.311726
2022,28.82,36.311726
