year,y_true,y_pred
2018,0.0,0.10099605
2019,0.0,0.10099605
2020,0.0,0.10099605
2021,0.0,0.10099605
2022,0.82,0.10099605
