year,y_true,y_pred
2018,41.85,49.84755
2019,20.43,45.26142
2020,39.94,38.463394
2021,19.53,50.55214
2022,24.47,38.463394
