year,y_true,y_pred
2018,292.95,768.34155
2019,204.33,768.34155
2020,279.55,768.34155
2021,253.91,768.34155
2022,734.03,768.34155
