year,y_true,y_pred
2018,40.19,31.068333
2019,40.26,29.947042
2020,0.0,29.947042
2021,121.11,29.947042
2022,144.86,21.734228
