year,y_true,y_pred
2018,401.93,403.0615
2019,442.83,403.0615
2020,564.74,510.6132
2021,565.2,471.70007
2022,1496.86,471.70007
