year,y_true,y_pred
2018,345.89,297.02383
2019,468.2,406.46042
2020,336.98,297.02383
2021,523.15,297.02383
2022,684.34,297.02383
