year,y_true,y_pred
2018,19.58,21.812235
2019,32.51,37.807682
2020,51.84,21.812235
2021,32.29,31.863049
2022,62.93,21.812235
