year,y_true,y_pred
2018,104.42,93.92329
2019,71.53,93.92329
2020,97.21,93.92329
2021,77.5,93.92329
2022,102.26,93.92329
