year,y_true,y_pred
2018,26.1,9.865
2019,6.5,11.63275
2020,6.48,6.9711246
2021,0.0,9.865
2022,0.0,6.9711246
