year,y_true,y_pred
2018,0.0,2.2517748
2019,0.0,2.2517748
2020,0.0,2.2517748
2021,0.0,2.2517748
2022,0.0,2.2517748
