year,y_true,y_pred
2018,156.63,166.71716
2019,117.05,104.433426
2020,149.05,104.433426
2021,180.84,166.71716
2022,173.05,166.71716
