year,y_true,y_pred
2018,21.96,28.859877
2019,44.69,37.919876
2020,102.26,24.626875
2021,57.74,24.547
2022,20.12,24.547
