year,y_true,y_pred
2018,63.75,45.711002
2019,54.92,45.711002
2020,102.41,45.711002
2021,49.52,45.711002
2022,68.54,39.706
