year,y_true,y_pred
2018,629.51,872.89996
2019,849.25,847.7608
2020,784.47,872.89996
2021,518.07,798.6325
2022,815.65,716.4461
