year,y_true,y_pred
2018,1019.12,736.20746
2019,878.82,926.2455
2020,540.22,938.66003
2021,523.61,752.8965
2022,778.91,968.55975
