year,y_true,y_pred
2018,48.53,25.383667
2019,58.59,29.338417
2020,78.58,29.338417
2021,49.4,29.338417
2022,59.92,29.338417
