year,y_true,y_pred
2018,22.63,42.624733
2019,62.99,42.624733
2020,26.84,42.624733
2021,53.38,42.624733
2022,83.69,53.005253
