year,y_true,y_pred
2018,1053.8,816.43097
2019,806.79,816.43097
2020,758.18,807.7127
2021,812.91,802.5627
2022,1126.41,802.5627
