year,y_true,y_pred
2018,72.54,63.88175
2019,61.18,62.175556
2020,61.27,63.88175
2021,84.36,63.88175
2022,72.67,63.88175
