year,y_true,y_pred
2018,133.63,133.33493
2019,114.71,135.11848
2020,130.19,92.739204
2021,130.37,127.268295
2022,96.9,125.84557
