year,y_true,y_pred
2018,38.18,39.491875
2019,72.65,43.19125
2020,42.12,49.34875
2021,57.52,43.19125
2022,32.3,49.34875
