year,y_true,y_pred
2018,0.0,0.33921212
2019,3.82,0.33921212
2020,0.0,0.33921212
2021,0.0,0.33921212
2022,0.0,0.33921212
