year,y_true,y_pred
2018,26.73,42.095936
2019,34.41,53.06147
2020,61.27,48.369137
2021,38.35,43.385136
2022,36.34,42.095936
