year,y_true,y_pred
2018,10.29,56.785084
2019,41.64,55.787666
2020,31.57,56.223667
2021,10.64,56.785084
2022,0.0,60.104584
