year,y_true,y_pred
2018,44.38,50.26107
2019,22.09,33.477226
2020,76.95,35.309513
2021,49.26,41.207844
2022,64.9,56.819458
