year,y_true,y_pred
2018,0.0,60.322
2019,169.97,77.38056
2020,56.82,52.162376
2021,0.0,49.094
2022,55.31,60.322
