year,y_true,y_pred
2018,50.21,60.14498
2019,55.56,60.14498
2020,37.25,70.210945
2021,37.45,50.027702
2022,18.49,50.026577
