year,y_true,y_pred
2018,435.15,705.0859
2019,537.04,607.62946
2020,353.88,568.10266
2021,299.63,474.34006
2022,628.58,554.8854
