year,y_true,y_pred
2018,71.45,15.076031
2019,14.65,22.838707
2020,0.0,15.076031
2021,15.41,29.0032
2022,15.42,36.466732
