year,y_true,y_pred
2018,435.41,527.60095
2019,723.33,452.58154
2020,649.12,527.60095
2021,503.42,527.60095
2022,653.88,452.58154
