year,y_true,y_pred
2018,145.14,28.67061
2019,36.17,13.514843
2020,72.12,11.267413
2021,71.92,13.514843
2022,130.78,28.67061
