year,y_true,y_pred
2018,208.53,374.40305
2019,212.24,374.40305
2020,137.76,374.40305
2021,188.08,374.40305
2022,213.85,374.40305
