year,y_true,y_pred
2018,1.53,0.37340626
2019,0.0,0.62762296
2020,2.98,0.37509793
2021,0.0,0.3118245
2022,0.79,0.852398
