year,y_true,y_pred
2018,23.0,40.156876
2019,33.23,40.156876
2020,32.02,38.15679
2021,42.61,40.156876
2022,51.29,38.15679
