year,y_true,y_pred
2018,0.0,0.13274147
2019,0.0,0.13274147
2020,0.0,0.13274147
2021,0.0,0.13274147
2022,0.0,0.13274147
