year,y_true,y_pred
2018,119.6,130.93683
2019,144.26,130.93683
2020,128.08,133.56813
2021,137.39,126.53667
2022,127.05,133.56813
