year,y_true,y_pred
2018,62.13,100.51714
2019,54.64,100.782104
2020,27.05,81.330315
2021,53.56,100.51714
2022,76.87,101.18656
