year,y_true,y_pred
2018,75.94,38.144135
2019,40.98,44.807667
2020,40.57,49.18996
2021,80.34,38.144135
2022,61.5,44.807667
