year,y_true,y_pred
2018,75.94,129.43878
2019,68.31,110.29733
2020,121.7,124.17242
2021,147.3,129.43878
2022,146.05,129.43878
