year,y_true,y_pred
2018,6.9,7.630868
2019,0.0,7.630868
2020,0.0,7.630868
2021,6.7,7.630868
2022,7.69,7.630868
