year,y_true,y_pred
2018,0.0,3.9710417
2019,0.0,3.9710417
2020,6.76,3.9710417
2021,6.7,3.9710417
2022,0.0,3.9710417
