year,y_true,y_pred
2018,249.11,361.1757
2019,321.7,361.1757
2020,334.97,361.1757
2021,324.29,313.19778
2022,345.9,313.19778
