year,y_true,y_pred
2018,35.59,34.142334
2019,11.91,23.835333
2020,35.89,28.723333
2021,72.06,26.277332
2022,23.06,37.557335
