year,y_true,y_pred
2018,401.45,395.12784
2019,459.12,373.77933
2020,316.33,379.03534
2021,332.25,356.2126
2022,480.23,356.2126
