year,y_true,y_pred
2018,77.2,56.529835
2019,102.91,56.529835
2020,89.22,56.529835
2021,49.84,56.529835
2022,84.75,56.529835
