year,y_true,y_pred
2018,60.94,58.014297
2019,57.57,58.014297
2020,44.35,58.014297
2021,42.65,58.014297
2022,61.89,68.96156
