year,y_true,y_pred
2018,8.24,5.9327335
2019,4.93,8.323067
2020,4.93,9.721666
2021,8.2,9.721666
2022,8.14,10.252666
