year,y_true,y_pred
2018,135.06,102.18527
2019,105.27,95.17589
2020,91.98,102.18527
2021,85.3,102.18527
2022,127.04,102.18527
