year,y_true,y_pred
2018,200.75,463.16794
2019,341.35,463.16968
2020,296.4,463.16968
2021,126.12,463.16968
2022,360.67,463.16968
