year,y_true,y_pred
2018,0.0,38.05128
2019,42.67,38.05128
2020,14.11,35.676144
2021,14.01,38.05128
2022,18.98,41.373905
