year,y_true,y_pred
2018,46.0,59.390392
2019,60.47,32.663826
2020,55.78,59.390392
2021,61.62,47.191616
2022,74.59,59.390392
