year,y_true,y_pred
2018,499.53,438.61127
2019,515.58,479.70367
2020,496.75,438.61127
2021,478.32,438.61127
2022,615.35,438.61127
