year,y_true,y_pred
2018,8.56,5.3789997
2019,11.67,5.3789997
2020,7.37,5.3789997
2021,7.31,5.3789997
2022,17.61,5.3789997
