year,y_true,y_pred
2018,18.18,14.973112
2019,20.16,14.274888
2020,24.21,14.16176
2021,35.51,22.79328
2022,39.37,14.938317
