year,y_true,y_pred
2018,1.07,3.1639583
2019,0.0,3.1639583
2020,1.05,3.1639583
2021,0.0,3.1639583
2022,0.0,3.1639583
