year,y_true,y_pred
2018,25.33,29.769762
2019,43.3,50.682022
2020,25.16,29.769762
2021,10.74,29.769762
2022,46.84,50.682022
