year,y_true,y_pred
2018,155.62,294.15512
2019,187.62,294.15512
2020,143.75,294.15512
2021,125.3,294.15512
2022,195.86,294.15512
