year,y_true,y_pred
2018,20.74,28.904922
2019,13.0,23.892937
2020,17.55,23.892937
2021,20.54,23.892937
2022,19.58,23.892937
