year,y_true,y_pred
2018,370.27,473.63885
2019,280.25,434.85187
2020,252.08,434.85187
2021,200.59,434.85187
2022,210.38,434.85187
