year,y_true,y_pred
2018,7.8,5.9413333
2019,7.73,6.467917
2020,10.46,6.9033337
2021,8.51,6.9033337
2022,10.28,6.383667
