year,y_true,y_pred
2018,94.75,65.59048
2019,96.31,65.59048
2020,88.88,65.59048
2021,87.34,65.59048
2022,92.68,65.59048
