year,y_true,y_pred
2018,0.0,0.056666665
2019,0.0,0.056666665
2020,0.0,0.078433335
2021,0.0,0.078433335
2022,0.19,0.078433335
