year,y_true,y_pred
2018,0.38,0.4943197
2019,0.57,0.35363364
2020,0.0,0.50710666
2021,0.19,0.35363364
2022,0.19,0.59250665
