year,y_true,y_pred
2018,19.41,18.332476
2019,21.11,20.003553
2020,28.01,20.003553
2021,26.28,21.081093
2022,26.95,19.073677
