year,y_true,y_pred
2018,122.99,69.34837
2019,85.79,74.02687
2020,112.89,69.34837
2021,97.0,74.02687
2022,118.31,69.34837
