year,y_true,y_pred
2018,578.87,598.18646
2019,465.39,649.0726
2020,496.64,552.4236
2021,352.11,567.21936
2022,498.53,576.3767
