year,y_true,y_pred
2018,28.94,100.78458
2019,87.26,96.71529
2020,58.43,54.419815
2021,29.34,91.38718
2022,0.0,111.501595
