year,y_true,y_pred
2018,794.09,927.691
2019,918.62,927.691
2020,966.75,967.26355
2021,925.61,992.58276
2022,1050.8,992.58276
