year,y_true,y_pred
2018,83.59,109.09385
2019,97.84,100.01114
2020,91.75,109.09385
2021,96.56,100.01114
2022,77.84,109.09385
