year,y_true,y_pred
2018,121.88,21.148666
2019,0.0,31.579666
2020,0.0,31.282959
2021,124.84,21.148666
2022,62.81,31.579666
