year,y_true,y_pred
2018,90.53,98.94513
2019,85.29,98.94513
2020,110.13,98.94513
2021,94.91,102.72638
2022,130.4,102.931
