year,y_true,y_pred
2018,66.12,32.753582
2019,11.05,27.234331
2020,33.23,27.234331
2021,22.21,39.099667
2022,85.95,32.554665
