year,y_true,y_pred
2018,0.0,25.2775
2019,0.0,13.84225
2020,57.57,25.2775
2021,0.0,13.84225
2022,92.29,13.84225
