year,y_true,y_pred
2018,43.65,9.865221
2019,37.82,9.865221
2020,23.27,9.865221
2021,29.08,9.865221
2022,14.78,9.865221
