year,y_true,y_pred
2018,349.16,286.75925
2019,302.54,285.28998
2020,177.41,285.16132
2021,404.18,172.92538
2022,384.19,331.18826
