year,y_true,y_pred
2018,0.0,12.3745
2019,23.27,12.3745
2020,14.54,15.569167
2021,5.82,19.856335
2022,20.69,12.3745
