year,y_true,y_pred
2018,84.38,55.889023
2019,98.91,55.889023
2020,127.97,55.889023
2021,98.86,55.889023
2022,97.53,55.889023
