year,y_true,y_pred
2018,0.0,0.33110213
2019,0.0,0.33110213
2020,0.0,0.33110213
2021,0.0,0.33110213
2022,0.0,0.33110213
