year,y_true,y_pred
2018,29.1,28.357391
2019,17.45,41.47892
2020,46.53,18.775862
2021,37.8,40.54124
2022,53.2,30.708727
