year,y_true,y_pred
2018,0.0,52.137142
2019,43.88,52.137142
2020,174.29,52.137142
2021,86.54,52.24531
2022,87.34,50.003994
