year,y_true,y_pred
2018,309.32,421.90228
2019,526.55,385.9024
2020,1045.75,421.90228
2021,346.17,353.07703
2022,567.69,399.48734
