year,y_true,y_pred
2018,11.62,14.3333645
2019,25.88,15.093208
2020,28.47,17.123667
2021,33.84,17.123667
2022,23.91,15.817709
