year,y_true,y_pred
2018,127.86,139.3285
2019,209.92,143.84111
2020,142.36,70.434616
2021,174.84,162.23886
2022,224.13,70.28325
