year,y_true,y_pred
2018,86.8,67.55169
2019,47.61,71.41813
2020,70.53,67.55169
2021,60.41,74.28313
2022,100.49,67.55169
