year,y_true,y_pred
2018,477.38,517.47833
2019,542.7,517.47833
2020,507.83,517.47833
2021,473.96,517.47833
2022,653.2,517.47833
