year,y_true,y_pred
2018,16.67,21.15129
2019,16.59,17.986355
2020,33.04,17.986355
2021,38.38,17.986355
2022,24.06,20.51979
