year,y_true,y_pred
2018,527.75,613.53186
2019,464.58,613.53186
2020,429.52,462.4421
2021,471.57,462.4421
2022,721.76,444.83923
