year,y_true,y_pred
2018,240.13,296.53488
2019,271.58,306.47256
2020,216.09,279.1817
2021,227.52,296.53488
2022,345.79,300.79636
