year,y_true,y_pred
2018,10.15,15.553812
2019,10.06,17.134998
2020,29.92,15.553812
2021,13.19,19.079374
2022,33.33,15.553812
