year,y_true,y_pred
2018,0.0,0.4644377
2019,3.35,0.4644377
2020,0.0,0.4644377
2021,0.0,0.4644377
2022,0.0,0.4644377
