year,y_true,y_pred
2018,74.41,56.96649
2019,63.7,52.999226
2020,96.41,71.689575
2021,52.76,71.689575
2022,70.82,56.96649
