year,y_true,y_pred
2018,16.91,25.330667
2019,36.88,21.92841
2020,23.27,23.261272
2021,19.78,25.330667
2022,33.33,25.330667
