year,y_true,y_pred
2018,100.94,63.42976
2019,82.93,76.70912
2020,69.45,76.710365
2021,116.58,89.88959
2022,123.24,76.71232
