year,y_true,y_pred
2018,881.23,653.54175
2019,618.31,969.33154
2020,757.35,887.4486
2021,630.91,653.53375
2022,658.01,882.412
