year,y_true,y_pred
2018,59.68,41.70828
2019,149.7,30.066822
2020,30.03,38.846684
2021,60.24,33.464127
2022,97.24,111.209404
