year,y_true,y_pred
2018,463.7,723.44214
2019,420.67,687.78394
2020,397.49,687.78394
2021,430.77,687.78394
2022,579.09,687.78394
