year,y_true,y_pred
2018,12.01,14.454834
2019,7.13,17.966667
2020,14.11,14.454834
2021,13.97,17.966667
2022,5.22,14.454834
