year,y_true,y_pred
2018,127.34,168.03587
2019,161.61,164.76599
2020,143.47,164.76599
2021,128.07,168.03587
2022,159.12,164.76599
