year,y_true,y_pred
2018,0.0,0.7096969
2019,2.38,0.7096969
2020,0.0,0.7096969
2021,0.0,0.7096969
2022,0.0,0.7096969
