year,y_true,y_pred
2018,9.61,10.450833
2019,11.88,10.450833
2020,23.52,14.098333
2021,30.27,12.024667
2022,15.65,12.544333
