year,y_true,y_pred
2018,167.39,218.9095
2019,201.04,222.31151
2020,203.49,218.9095
2021,163.64,229.54181
2022,485.56,218.9095
