year,y_true,y_pred
2018,17.02,24.431477
2019,28.32,24.539701
2020,33.92,20.055777
2021,22.57,22.956776
2022,49.21,22.385275
