year,y_true,y_pred
2018,53.9,34.148277
2019,48.14,34.148277
2020,70.66,34.148277
2021,79.0,34.03864
2022,62.34,45.674263
