year,y_true,y_pred
2018,39.72,12.235666
2019,42.47,12.235666
2020,50.87,12.235666
2021,45.14,12.235666
2022,16.4,12.235666
