year,y_true,y_pred
2018,0.0,0.17822917
2019,0.0,0.17822917
2020,2.83,0.17822917
2021,0.0,0.17822917
2022,0.0,0.17822917
