year,y_true,y_pred
2018,31.21,9.91075
2019,14.16,11.14675
2020,22.61,8.830376
2021,22.57,8.830376
2022,26.25,11.14675
