year,y_true,y_pred
2018,0.0,41.946877
2019,100.0,109.8148
2020,150.15,41.946877
2021,150.3,60.356888
2022,51.33,60.356888
