year,y_true,y_pred
2018,22.14,23.040667
2019,21.86,24.718082
2020,27.0,24.718082
2021,64.03,25.549082
2022,43.54,23.040667
