year,y_true,y_pred
2018,365.29,276.6765
2019,338.87,276.6765
2020,296.98,250.93852
2021,373.53,250.93852
2022,544.22,276.6765
