year,y_true,y_pred
2018,0.0,58.42708
2019,112.68,40.697437
2020,27.95,41.26423
2021,110.93,40.697437
2022,100.33,41.26423
