year,y_true,y_pred
2018,115.61,16.924168
2019,0.0,11.154266
2020,0.0,11.154266
2021,0.0,12.475167
2022,28.53,14.0225
