year,y_true,y_pred
2018,780.35,869.43195
2019,433.03,869.43195
2020,201.9,426.03677
2021,461.1,501.02118
2022,142.65,895.43884
