year,y_true,y_pred
2018,79.15,70.476234
2019,39.39,78.55234
2020,0.0,70.476234
2021,0.0,70.476234
2022,80.1,70.476234
