year,y_true,y_pred
2018,622.0,556.9908
2019,658.27,672.74786
2020,318.66,957.7815
2021,410.44,347.86472
2022,348.21,350.8931
