year,y_true,y_pred
2018,84.82,36.584396
2019,114.48,36.584396
2020,86.91,36.584396
2021,0.0,36.584396
2022,31.66,36.584396
