year,y_true,y_pred
2018,52.03,62.1276
2019,25.83,62.329247
2020,38.46,61.701332
2021,38.2,61.701332
2022,48.04,61.701332
