year,y_true,y_pred
2018,32.48,32.59871
2019,48.87,32.59871
2020,49.0,13.715982
2021,0.0,32.59871
2022,32.69,32.59871
