year,y_true,y_pred
2018,519.73,459.22604
2019,456.1,459.22604
2020,473.7,459.22604
2021,474.94,459.22604
2022,523.05,459.22604
