year,y_true,y_pred
2018,32.48,74.45535
2019,130.31,54.67832
2020,81.67,64.49698
2021,81.89,74.45535
2022,147.11,74.45535
