year,y_true,y_pred
2018,162.42,102.03964
2019,211.76,102.03964
2020,212.35,102.03964
2021,180.15,102.03964
2022,326.9,102.03964
