year,y_true,y_pred
2018,97.45,36.906307
2019,32.58,24.304815
2020,81.67,36.906307
2021,32.75,24.304815
2022,32.69,36.906307
