year,y_true,y_pred
2018,37.76,11.603754
2019,29.72,-0.8297971
2020,7.32,13.942181
2021,21.62,11.603754
2022,8.07,-0.8297971
