year,y_true,y_pred
2018,181.23,146.853
2019,170.9,178.07933
2020,146.31,178.07933
2021,165.75,146.853
2022,177.65,146.853
