year,y_true,y_pred
2018,61.51,68.236664
2019,80.43,68.236664
2020,61.05,76.31323
2021,76.03,68.236664
2022,94.2,76.31323
