year,y_true,y_pred
2018,11.53,8.65275
2019,19.15,8.65275
2020,11.45,8.65275
2021,22.81,8.65275
2022,15.7,8.65275
