year,y_true,y_pred
2018,180.69,204.6282
2019,160.85,178.99892
2020,141.17,209.46074
2021,186.28,183.51903
2022,176.63,208.66455
