year,y_true,y_pred
2018,3.84,4.9403334
2019,0.0,4.9403334
2020,0.0,4.9403334
2021,0.0,4.9403334
2022,0.0,4.9403334
