year,y_true,y_pred
2018,30.76,30.222017
2019,34.47,30.28186
2020,19.08,20.380184
2021,38.02,25.481453
2022,35.33,34.467766
