year,y_true,y_pred
2018,164.41,85.54538
2019,92.15,85.54538
2020,130.11,74.87029
2021,112.44,85.54538
2022,36.5,83.16829
