year,y_true,y_pred
2018,407.93,447.0761
2019,544.85,424.3135
2020,155.92,549.84937
2021,214.72,407.51074
2022,443.37,447.0761
