year,y_true,y_pred
2018,19.43,37.065998
2019,19.46,24.6015
2020,0.0,37.065998
2021,19.52,37.065998
2022,60.46,26.958187
