year,y_true,y_pred
2018,38.85,10.158183
2019,0.0,10.158183
2020,58.47,10.158183
2021,39.04,99.33645
2022,20.15,10.158183
