year,y_true,y_pred
2018,38.85,33.263
2019,0.0,33.263
2020,0.0,17.499836
2021,19.52,17.499836
2022,40.31,33.263
