year,y_true,y_pred
2018,213.68,183.91446
2019,175.13,183.91446
2020,214.38,157.34242
2021,97.6,183.91446
2022,261.99,163.10692
