year,y_true,y_pred
2018,0.0,4.9386873
2019,0.0,4.9386873
2020,0.0,5.416625
2021,0.0,8.2859
2022,0.0,8.2859
