year,y_true,y_pred
2018,55.92,29.030796
2019,47.62,47.49169
2020,43.38,69.82902
2021,23.52,40.089634
2022,28.84,45.924908
