year,y_true,y_pred
2018,379.47,542.65643
2019,353.19,520.91034
2020,327.31,520.91034
2021,333.19,520.91034
2022,605.66,520.91034
