year,y_true,y_pred
2018,46.1,40.00225
2019,32.52,40.00225
2020,25.91,40.00225
2021,32.25,40.00225
2022,21.29,40.00225
