year,y_true,y_pred
2018,0.0,6.662295
2019,13.01,12.825981
2020,0.0,12.825981
2021,6.45,12.825981
2022,21.29,12.825981
