year,y_true,y_pred
2018,0.0,1.1396313
2019,0.0,1.1396313
2020,0.0,1.1396313
2021,6.45,1.1396313
2022,0.0,1.1396313
