year,y_true,y_pred
2018,138.29,140.51166
2019,78.04,140.51166
2020,84.19,131.82433
2021,77.39,140.51166
2022,149.01,140.51166
