year,y_true,y_pred
2018,46.1,43.95996
2019,58.53,43.95996
2020,6.48,43.95996
2021,64.5,43.95996
2022,63.86,45.91446
