year,y_true,y_pred
2018,405.88,335.93237
2019,466.38,335.93237
2020,410.94,335.93237
2021,442.87,335.93237
2022,625.71,335.93237
