year,y_true,y_pred
2018,63.08,51.250614
2019,75.76,51.250614
2020,69.47,45.54452
2021,60.92,51.250614
2022,62.8,45.54452
