year,y_true,y_pred
2018,0.0,0.15220226
2019,0.0,0.15220226
2020,0.0,0.15220226
2021,0.0,0.15220226
2022,0.0,0.15220226
