year,y_true,y_pred
2018,49.99,47.92346
2019,56.82,47.92346
2020,61.23,47.92346
2021,60.92,47.92346
2022,79.93,47.92346
