year,y_true,y_pred
2018,26.19,21.452301
2019,31.96,26.413141
2020,32.97,18.811691
2021,22.26,18.811691
2022,27.4,19.060404
