year,y_true,y_pred
2018,2.38,0.23516667
2019,0.0,0.176375
2020,1.18,0.176375
2021,0.0,0.166
2022,1.14,0.23516667
