year,y_true,y_pred
2018,18.34,17.886122
2019,20.96,17.197622
2020,24.94,17.197622
2021,30.23,17.197622
2022,46.41,24.10816
