year,y_true,y_pred
2018,354.63,507.43265
2019,470.05,507.43265
2020,336.0,481.09467
2021,482.17,481.09467
2022,454.24,507.43265
