year,y_true,y_pred
2018,59.22,74.92828
2019,57.9,85.86136
2020,29.91,87.48736
2021,32.37,87.48736
2022,33.26,87.48736
