year,y_true,y_pred
2018,183.87,79.04433
2019,145.95,79.04433
2020,147.39,79.04433
2021,270.53,79.04433
2022,132.38,79.04433
