year,y_true,y_pred
2018,97.51,62.33573
2019,48.68,55.34281
2020,58.33,84.468704
2021,35.6,112.83681
2022,23.2,31.35135
