year,y_true,y_pred
2018,26.0,27.196953
2019,35.7,11.310621
2020,6.48,15.762311
2021,25.89,14.409683
2022,26.51,20.574419
