year,y_true,y_pred
2018,29.25,14.643333
2019,35.7,18.182133
2020,35.65,14.643333
2021,55.02,14.643333
2022,39.77,14.643333
