year,y_true,y_pred
2018,195.01,141.51262
2019,162.26,141.51262
2020,152.32,141.51262
2021,171.52,119.45762
2022,175.66,141.51262
