year,y_true,y_pred
2018,560.99,620.43066
2019,867.05,710.03046
2020,827.29,669.47705
2021,641.4,710.03046
2022,1143.21,678.02765
