year,y_true,y_pred
2018,14.38,26.468428
2019,43.35,42.207092
2020,101.6,65.41977
2021,43.73,28.789072
2022,92.69,73.43186
