year,y_true,y_pred
2018,0.0,27.410673
2019,38.07,30.785969
2020,61.33,30.817568
2021,23.15,41.85001
2022,43.42,27.410673
