year,y_true,y_pred
2018,0.0,0.629475
2019,0.0,0.629475
2020,0.0,0.629475
2021,0.0,0.629475
2022,0.0,0.629475
