year,y_true,y_pred
2018,0.0,0.634925
2019,0.0,0.634925
2020,0.0,0.634925
2021,0.0,0.634925
2022,0.0,0.634925
