year,y_true,y_pred
2018,83.15,66.510376
2019,98.97,55.151344
2020,107.32,62.11206
2021,15.43,66.510376
2022,65.13,40.413776
