year,y_true,y_pred
2018,113.39,88.60924
2019,114.2,49.18079
2020,176.31,52.36518
2021,216.05,52.36518
2022,173.67,52.36518
