year,y_true,y_pred
2018,276.35,450.48035
2019,385.62,433.44455
2020,332.68,565.12054
2021,256.35,450.48035
2022,315.76,433.44455
