year,y_true,y_pred
2018,12.56,23.828333
2019,49.76,23.828333
2020,49.29,35.903458
2021,36.62,23.828333
2022,41.19,23.828333
