year,y_true,y_pred
2018,293.7,264.6643
2019,243.16,269.47568
2020,212.75,264.6643
2021,254.53,292.15182
2022,328.53,243.54147
