year,y_true,y_pred
2018,14.9,14.043167
2019,16.77,14.915267
2020,22.72,15.410334
2021,14.25,13.597667
2022,22.97,12.593667
