year,y_true,y_pred
2018,53.21,47.281193
2019,54.5,52.628902
2020,70.23,52.628902
2021,48.87,53.81
2022,59.73,47.281193
