year,y_true,y_pred
2018,0.0,0.29793334
2019,0.0,0.29793334
2020,2.07,0.29793334
2021,2.04,0.29793334
2022,0.0,0.29793334
