year,y_true,y_pred
2018,4.26,10.608
2019,8.38,10.65775
2020,12.39,11.556251
2021,6.11,9.847751
2022,9.19,10.65775
