year,y_true,y_pred
2018,19.15,12.743602
2019,12.58,18.170044
2020,12.39,5.5017924
2021,14.25,5.3542805
2022,16.08,12.368789
