year,y_true,y_pred
2018,20.92,45.756104
2019,33.34,20.254976
2020,12.46,20.254976
2021,62.07,43.22274
2022,81.97,44.621426
