year,y_true,y_pred
2018,8.37,11.565667
2019,8.34,13.336709
2020,0.0,10.293209
2021,4.14,10.980209
2022,17.56,10.980209
