year,y_true,y_pred
2018,117.14,78.15542
2019,75.02,78.5074
2020,53.98,68.59098
2021,95.17,78.13035
2022,122.95,92.113365
