year,y_true,y_pred
2018,16.73,26.663
2019,12.5,26.663
2020,29.07,25.855375
2021,8.28,26.663
2022,40.98,23.473562
