year,y_true,y_pred
2018,57.02,35.677666
2019,47.98,30.044905
2020,28.81,30.044905
2021,38.62,37.078667
2022,39.1,30.044905
