year,y_true,y_pred
2018,317.68,554.54767
2019,423.84,554.54767
2020,384.96,554.54767
2021,401.61,554.54767
2022,602.16,554.54767
