year,y_true,y_pred
2018,50.8,63.672062
2019,49.68,63.672062
2020,107.01,63.672062
2021,76.31,63.672062
2022,135.35,49.713062
