year,y_true,y_pred
2018,347.79,334.09482
2019,287.85,334.09482
2020,88.45,334.09482
2021,78.31,217.20013
2022,113.07,217.20013
