year,y_true,y_pred
2018,36.61,7.124332
2019,17.99,6.657831
2020,0.0,5.279581
2021,8.7,7.597774
2022,0.0,8.373172
