year,y_true,y_pred
2018,28.47,62.199806
2019,85.09,60.791363
2020,56.53,89.3191
2021,98.59,68.29788
2022,58.03,62.199806
