year,y_true,y_pred
2018,910.9,808.43134
2019,879.31,808.43134
2020,607.69,884.3593
2021,732.39,884.3593
2022,855.94,884.3593
