year,y_true,y_pred
2018,185.33,156.24861
2019,257.2,264.49
2020,540.96,181.79276
2021,593.24,136.45128
2022,313.32,235.79558
