year,y_true,y_pred
2018,0.0,15.089334
2019,25.72,7.2292914
2020,25.76,7.2292914
2021,51.59,7.2292914
2022,52.22,15.089334
