year,y_true,y_pred
2018,767.08,604.92175
2019,645.82,672.4211
2020,517.24,672.4211
2021,511.95,604.92175
2022,746.0,604.92175
