year,y_true,y_pred
2018,82.93,80.00525
2019,71.76,74.62475
2020,60.85,65.7104
2021,90.34,65.7104
2022,71.05,65.7104
