year,y_true,y_pred
2018,308.92,311.08987
2019,249.51,270.35287
2020,141.32,346.97568
2021,157.62,346.97568
2022,206.57,346.97568
