year,y_true,y_pred
2018,72.69,36.095375
2019,53.47,43.478752
2020,88.32,53.614998
2021,35.03,39.97025
2022,56.34,42.55775
