year,y_true,y_pred
2018,6.8,18.156433
2019,30.1,19.481022
2020,36.18,21.591959
2021,29.13,23.093458
2022,40.94,18.156433
