year,y_true,y_pred
2018,122.32,273.63068
2019,183.95,273.63068
2020,200.64,273.63068
2021,197.45,273.63068
2022,375.87,273.63068
