year,y_true,y_pred
2018,305.42,328.49274
2019,320.52,277.74155
2020,250.66,330.47516
2021,191.88,328.49274
2022,264.18,260.8308
