year,y_true,y_pred
2018,21.43,18.862728
2019,31.79,18.862728
2020,26.39,18.862728
2021,21.03,25.467228
2022,23.78,18.862728
