year,y_true,y_pred
2018,0.0,0.27795
2019,0.0,0.27795
2020,2.64,0.27795
2021,0.0,0.27795
2022,0.0,0.27795
