year,y_true,y_pred
2018,104.48,101.06416
2019,127.15,97.256165
2020,129.29,96.116165
2021,113.02,96.116165
2022,134.73,97.256165
