year,y_true,y_pred
2018,39.2,54.22143
2019,78.17,54.22143
2020,55.68,59.233456
2021,49.98,54.22143
2022,62.07,54.22143
