year,y_true,y_pred
2018,28.0,38.75192
2019,16.75,33.913544
2020,38.98,39.290417
2021,38.87,37.257042
2022,62.07,37.257042
