year,y_true,y_pred
2018,117.59,177.38634
2019,117.25,177.38634
2020,111.36,177.38634
2021,99.96,177.38634
2022,73.36,177.38634
