year,y_true,y_pred
2018,72.8,31.334667
2019,44.67,32.390667
2020,66.82,31.334667
2021,27.77,32.167168
2022,45.14,33.955418
