year,y_true,y_pred
2018,68.98,43.89129
2019,68.41,43.89129
2020,84.83,40.727333
2021,50.52,35.0736
2022,138.03,40.727333
