year,y_true,y_pred
2018,906.92,982.06384
2019,640.27,982.06384
2020,612.63,982.06384
2021,608.9,982.06384
2022,669.79,982.06384
