year,y_true,y_pred
2018,47.73,65.05618
2019,94.85,60.46957
2020,70.69,35.14958
2021,0.0,67.48977
2022,66.98,72.005684
