year,y_true,y_pred
2018,0.0,19.467762
2019,0.0,19.467762
2020,40.36,30.90412
2021,0.0,24.978912
2022,21.46,19.467762
