year,y_true,y_pred
2018,12.33,29.351067
2019,49.1,61.414734
2020,24.45,29.351067
2021,36.53,51.277798
2022,87.61,41.438824
