year,y_true,y_pred
2018,445.81,729.9967
2019,529.99,445.71942
2020,362.93,729.9967
2021,642.82,803.96655
2022,623.7,708.056
