year,y_true,y_pred
2018,55.73,0.5411937
2019,0.0,53.356384
2020,0.0,0.0011529976
2021,27.95,0.013060131
2022,103.95,13.674794
