year,y_true,y_pred
2018,497.98,494.5485
2019,528.68,437.53613
2020,339.5,383.87177
2021,463.67,409.89175
2022,371.26,406.78366
