year,y_true,y_pred
2018,26.92,16.795044
2019,40.15,37.86666
2020,13.31,37.86666
2021,33.12,15.377037
2022,44.05,31.403242
