year,y_true,y_pred
2018,630.78,500.99167
2019,581.4,504.13083
2020,615.51,504.13083
2021,689.94,504.13083
2022,822.12,504.13083
