year,y_true,y_pred
2018,34.24,54.598373
2019,57.55,54.598373
2020,40.19,49.431248
2021,66.32,54.598373
2022,51.74,49.431248
