year,y_true,y_pred
2018,98.29,83.06475
2019,58.85,56.045338
2020,78.29,58.765045
2021,117.21,56.37083
2022,77.06,60.9024
