year,y_true,y_pred
2018,615.23,331.56512
2019,528.22,360.29855
2020,553.29,331.56512
2021,624.12,331.56512
2022,676.38,331.56512
