year,y_true,y_pred
2018,51.75,21.74291
2019,22.97,22.473701
2020,57.34,23.927238
2021,48.67,27.03593
2022,58.26,21.80196
