year,y_true,y_pred
2018,91.06,71.24387
2019,90.29,71.24387
2020,63.98,71.24387
2021,126.97,71.24387
2022,44.98,71.24387
