year,y_true,y_pred
2018,754.52,889.53064
2019,644.91,698.74677
2020,614.2,1211.8031
2021,685.63,1217.7681
2022,884.69,1217.7681
