mae,rmse,r2,city,model,sequence_length,forecast_horizon,normalization,val_size
0.38440459037260244,0.7754769358329496,-0.050664872423522356,2508901,xgboost,8,4,,
