year,y_true,y_pred
2018,36.71,15.362708
2019,12.16,15.362708
2020,24.16,12.735833
2021,12.01,15.658208
2022,76.73,12.735833
