year,y_true,y_pred
2018,195.79,264.29388
2019,243.13,264.29388
2020,326.13,264.29388
2021,264.17,275.5368
2022,524.3,237.76535
