year,y_true,y_pred
2018,0.0,46.902763
2019,38.71,46.902763
2020,0.0,27.033134
2021,12.85,46.902763
2022,13.25,46.902763
