year,y_true,y_pred
2018,25.36,60.75437
2019,62.65,65.28645
2020,37.17,60.75437
2021,12.25,65.28645
2022,79.91,71.46166
