year,y_true,y_pred
2018,786.2,813.4674
2019,639.02,813.4674
2020,681.37,871.53906
2021,490.2,882.37054
2022,705.91,871.53906
