year,y_true,y_pred
2018,30.78,34.152416
2019,15.34,33.178917
2020,38.24,34.294918
2021,22.87,39.623333
2022,83.85,34.294918
