year,y_true,y_pred
2018,407.79,393.1594
2019,506.25,382.07742
2020,275.31,381.20578
2021,365.99,387.9454
2022,637.26,382.07742
