year,y_true,y_pred
2018,230.39,199.8326
2019,208.38,194.20609
2020,142.5,201.28247
2021,186.28,199.0046
2022,172.76,199.8326
