year,y_true,y_pred
2018,54.85,15.160334
2019,10.97,15.160334
2020,10.96,12.489333
2021,43.83,12.489333
2022,13.29,15.160334
