year,y_true,y_pred
2018,87.75,71.78604
2019,88.64,64.514046
2020,143.22,64.514046
2021,36.15,64.514046
2022,76.69,55.70573
