year,y_true,y_pred
2018,434.6,520.74786
2019,289.32,520.74786
2020,577.8,555.3238
2021,741.96,583.9333
2022,1322.21,568.1353
