year,y_true,y_pred
2018,62.09,51.202793
2019,41.33,38.480335
2020,144.45,31.201376
2021,20.61,51.202793
2022,40.68,31.201376
