year,y_true,y_pred
2018,546.45,369.8608
2019,261.66,369.8608
2020,214.34,369.8608
2021,286.12,439.09302
2022,241.9,465.41202
