year,y_true,y_pred
2018,95.03,34.479874
2019,71.36,26.062
2020,47.63,30.8
2021,47.69,34.479874
2022,0.0,34.479874
