year,y_true,y_pred
2018,706.43,987.85016
2019,668.33,987.85016
2020,439.27,987.85016
2021,460.04,987.85016
2022,576.21,987.85016
