year,y_true,y_pred
2018,23.33,51.666664
2019,36.22,57.160957
2020,32.54,55.19296
2021,25.74,55.19296
2022,37.28,55.19296
