year,y_true,y_pred
2018,57.69,26.281666
2019,14.45,30.264833
2020,7.24,26.281666
2021,7.25,26.593958
2022,36.55,27.562958
