year,y_true,y_pred
2018,28.99,38.940777
2019,19.24,38.940777
2020,23.94,42.855335
2021,14.31,33.797565
2022,31.19,33.797565
