year,y_true,y_pred
2018,159.47,307.18118
2019,230.87,307.18118
2020,253.79,307.18118
2021,247.96,307.18118
2022,302.95,307.18118
