year,y_true,y_pred
2018,121.55,67.634995
2019,55.09,62.97625
2020,43.95,62.157997
2021,10.96,67.634995
2022,64.29,67.634995
