year,y_true,y_pred
2018,370.79,273.75055
2019,611.89,501.7337
2020,364.3,470.38525
2021,461.47,501.7337
2022,291.49,697.7006
