year,y_true,y_pred
2018,57.05,24.161585
2019,29.14,63.143005
2020,22.77,46.782963
2021,0.0,2.2388024
2022,19.43,2.9326878
