year,y_true,y_pred
2018,143.2,269.94675
2019,199.36,269.94675
2020,222.3,281.47025
2021,234.24,281.47025
2022,249.31,269.94675
