year,y_true,y_pred
2018,11.02,25.233667
2019,55.38,18.800667
2020,22.23,23.083666
2021,33.46,25.233667
2022,36.93,19.975708
