year,y_true,y_pred
2018,0.0,1.67425
2019,0.0,1.67425
2020,0.0,1.67425
2021,0.0,1.67425
2022,0.0,1.67425
