year,y_true,y_pred
2018,132.19,160.57043
2019,188.28,160.57043
2020,133.38,160.57043
2021,167.32,183.89703
2022,120.04,160.57043
