year,y_true,y_pred
2018,0.0,9.874047
2019,44.3,9.874047
2020,11.11,18.607084
2021,11.15,9.874047
2022,9.23,9.874047
