year,y_true,y_pred
2018,364.12,335.65417
2019,454.57,335.65417
2020,347.61,335.65417
2021,304.81,335.65417
2022,487.86,335.65417
