year,y_true,y_pred
2018,31.66,29.375292
2019,32.09,32.865105
2020,58.83,32.865105
2021,16.04,32.865105
2022,79.28,29.184792
