year,y_true,y_pred
2018,68.6,88.037125
2019,117.65,80.4163
2020,144.39,88.500626
2021,128.34,91.574684
2022,134.16,97.148125
