year,y_true,y_pred
2018,73.88,109.462166
2019,101.61,109.462166
2020,112.31,105.046165
2021,64.17,115.73233
2022,103.67,105.95817
