year,y_true,y_pred
2018,5.28,19.262667
2019,10.7,13.994667
2020,5.35,19.262667
2021,5.35,19.262667
2022,30.49,19.262667
