year,y_true,y_pred
2018,52.24,76.46367
2019,72.06,74.35646
2020,83.05,76.46367
2021,96.76,76.46367
2022,86.12,81.50277
