year,y_true,y_pred
2018,64.29,59.410557
2019,62.99,73.05407
2020,56.32,57.12956
2021,68.92,57.12956
2022,57.23,57.12956
