year,y_true,y_pred
2018,845.23,977.68176
2019,629.91,913.72815
2020,604.14,947.6633
2021,542.18,947.6633
2022,586.46,947.6633
