year,y_true,y_pred
2018,19.6,33.299656
2019,27.22,18.28674
2020,35.49,31.46956
2021,48.24,27.500853
2022,37.91,33.299656
