year,y_true,y_pred
2018,0.0,0.08499066
2019,0.0,0.08499066
2020,0.0,0.08499066
2021,0.0,0.08499066
2022,0.74,0.08499066
