year,y_true,y_pred
2018,102.71,93.58178
2019,70.77,98.598145
2020,99.53,47.776478
2021,131.72,99.09108
2022,114.47,104.31408
