year,y_true,y_pred
2018,56.45,58.039474
2019,62.99,58.039474
2020,64.04,58.039474
2021,72.75,58.039474
2022,60.95,45.766884
