year,y_true,y_pred
2018,0.0,0.34600002
2019,0.78,0.3815
2020,1.54,0.3815
2021,0.0,0.510125
2022,0.0,0.34600002
