year,y_true,y_pred
2018,53.82,69.10242
2019,57.31,68.77091
2020,48.99,73.41779
2021,50.55,68.77091
2022,52.09,68.77091
