year,y_true,y_pred
2018,9.97,10.825681
2019,7.9,6.715567
2020,11.76,7.1858563
2021,5.83,12.733498
2022,9.3,12.963823
