year,y_true,y_pred
2018,51.83,38.625675
2019,55.33,41.369957
2020,56.83,45.18004
2021,77.77,41.964333
2022,53.95,44.48439
