year,y_true,y_pred
2018,73.76,109.40332
2019,77.07,109.40332
2020,66.63,109.40332
2021,89.43,109.40332
2022,100.47,109.40332
