year,y_true,y_pred
2018,59.81,43.807564
2019,58.86,43.807564
2020,24.82,43.807564
2021,48.91,48.918
2022,41.31,43.807564
