year,y_true,y_pred
2018,887.65,775.25256
2019,641.94,819.11597
2020,491.91,742.9401
2021,548.86,775.25256
2022,303.41,775.25256
