year,y_true,y_pred
2018,19.95,39.908234
2019,24.69,42.69396
2020,49.19,42.69396
2021,83.31,39.908234
2022,31.39,39.908234
