year,y_true,y_pred
2018,32.39,28.970123
2019,0.0,28.970123
2020,21.34,33.332207
2021,21.22,28.970123
2022,48.44,33.332207
