year,y_true,y_pred
2018,194.34,870.26776
2019,321.92,870.26776
2020,202.73,870.26776
2021,265.31,870.26776
2022,557.1,870.26776
