year,y_true,y_pred
2018,0.0,0.99981254
2019,0.0,0.99981254
2020,3.82,0.99981254
2021,0.0,0.99981254
2022,0.0,0.99981254
