year,y_true,y_pred
2018,54.52,37.15541
2019,42.43,40.2606
2020,80.26,40.2606
2021,49.24,37.15541
2022,30.25,40.2606
