year,y_true,y_pred
2018,7.79,11.1745205
2019,11.57,11.456958
2020,7.64,11.1745205
2021,22.72,9.83802
2022,11.34,13.967667
