year,y_true,y_pred
2018,89.57,101.17567
2019,84.87,113.397644
2020,91.73,96.150665
2021,83.32,101.17567
2022,86.98,96.150665
