year,y_true,y_pred
2018,131.93,40.36573
2019,111.28,40.36573
2020,73.05,50.54758
2021,125.97,50.54758
2022,30.53,50.54758
