year,y_true,y_pred
2018,1055.41,927.15857
2019,1242.58,950.00806
2020,913.08,927.15857
2021,1277.67,891.10333
2022,839.57,927.15857
