year,y_true,y_pred
2018,23.73,43.283405
2019,23.78,43.283405
2020,47.64,43.283405
2021,11.93,43.283405
2022,68.02,43.283405
