year,y_true,y_pred
2018,367.87,332.48465
2019,499.29,332.48465
2020,381.13,378.38068
2021,298.29,478.1637
2022,476.14,384.2047
