year,y_true,y_pred
2018,455.1,279.20053
2019,275.82,300.1576
2020,247.6,279.20053
2021,250.04,279.20053
2022,412.47,279.20053
