year,y_true,y_pred
2018,30.34,43.2635
2019,30.65,43.2635
2020,61.9,43.2635
2021,62.51,38.150375
2022,66.0,32.649315
