year,y_true,y_pred
2018,106.19,65.61164
2019,91.94,65.61164
2020,108.33,53.78939
2021,109.39,65.61164
2022,49.5,53.78939
