year,y_true,y_pred
2018,91.02,34.805
2019,61.29,88.649086
2020,108.33,116.58024
2021,93.76,116.58024
2022,230.98,69.21463
