year,y_true,y_pred
2018,45.51,43.27828
2019,15.32,14.568655
2020,30.95,14.730373
2021,0.0,14.730373
2022,16.5,14.730102
