year,y_true,y_pred
2018,60.1,81.20501
2019,60.64,17.785847
2020,0.0,25.144665
2021,123.53,10.658815
2022,62.34,81.20501
