year,y_true,y_pred
2018,490.9,416.48026
2019,468.81,461.73322
2020,528.13,461.73322
2021,668.15,376.93094
2022,616.3,376.93094
