year,y_true,y_pred
2018,81.82,29.818565
2019,101.92,29.818565
2020,40.63,29.818565
2021,80.99,29.818565
2022,45.65,29.818565
