year,y_true,y_pred
2018,47.2,20.668604
2019,70.41,20.668604
2020,23.35,20.668604
2021,23.23,26.171291
2022,26.49,26.316334
