year,y_true,y_pred
2018,778.85,522.0012
2019,657.12,522.0012
2020,420.27,522.0012
2021,511.03,459.54425
2022,635.76,459.54425
