year,y_true,y_pred
2018,1067.01,964.32294
2019,1071.2,1046.2153
2020,798.52,1046.2153
2021,699.27,944.73804
2022,764.2,944.73804
