year,y_true,y_pred
2018,59.05,62.078735
2019,54.57,58.80633
2020,48.15,54.888832
2021,51.8,54.888832
2022,66.62,54.888832
