year,y_true,y_pred
2018,118.1,77.84674
2019,97.01,101.61935
2020,104.33,101.61935
2021,125.51,101.61935
2022,129.33,77.84674
