year,y_true,y_pred
2018,34.62,36.257
2019,28.3,42.484253
2020,40.13,39.3905
2021,41.84,42.484253
2022,37.23,42.484253
