year,y_true,y_pred
2018,4.07,7.4176884
2019,14.15,10.072642
2020,30.1,10.560865
2021,17.93,16.217793
2022,21.55,7.28586
