year,y_true,y_pred
2018,142.76,235.29758
2019,426.74,239.11359
2020,496.45,179.47067
2021,636.04,283.68268
2022,441.83,283.68268
