year,y_true,y_pred
2018,0.0,15.303848
2019,142.25,15.303848
2020,0.0,15.303848
2021,0.0,15.507542
2022,0.0,15.303848
