year,y_true,y_pred
2018,71.38,0.00021490036
2019,142.25,0.00021755398
2020,141.84,0.00021490036
2021,212.01,0.00095357466
2022,147.28,0.00095357466
