year,y_true,y_pred
2018,142.76,13.923122
2019,142.25,0.0028239866
2020,0.0,0.0028239866
2021,0.0,0.0028239866
2022,0.0,0.0028239866
