year,y_true,y_pred
2018,27.13,48.20233
2019,32.32,48.20233
2020,16.04,38.76967
2021,10.61,38.76967
2022,28.69,38.76967
