year,y_true,y_pred
2018,276.74,333.98608
2019,231.63,333.98608
2020,138.98,333.98608
2021,206.92,333.98608
2022,166.4,333.98608
