year,y_true,y_pred
2018,21.7,62.726833
2019,43.09,66.25933
2020,32.07,66.25933
2021,47.75,58.926132
2022,68.85,66.25933
