year,y_true,y_pred
2018,0.0,15.635496
2019,0.0,15.635496
2020,0.0,15.635496
2021,0.0,15.635496
2022,5.74,15.635496
