year,y_true,y_pred
2018,43.41,73.85698
2019,102.35,59.981167
2020,80.18,73.85698
2021,42.44,73.85698
2022,97.54,59.981167
