year,y_true,y_pred
2018,62.79,120.37261
2019,93.05,120.37261
2020,0.0,88.70871
2021,90.96,120.37261
2022,99.47,88.70871
