year,y_true,y_pred
2018,203.69,344.98074
2019,203.25,344.98074
2020,112.69,344.98074
2021,292.4,344.98074
2022,283.29,295.52243
