year,y_true,y_pred
2018,22.63,34.394768
2019,0.0,37.938293
2020,0.0,42.175854
2021,67.48,42.175854
2022,37.77,37.863293
