year,y_true,y_pred
2018,45.41,0.00031915458
2019,182.4,0.00031915458
2020,0.0,45.770325
2021,0.0,0.00031915458
2022,0.0,0.00031915458
