year,y_true,y_pred
2018,408.72,322.12817
2019,501.6,390.4207
2020,412.09,322.12817
2021,275.99,390.4207
2022,267.86,369.06967
