year,y_true,y_pred
2018,117.28,48.01616
2019,78.37,46.796803
2020,78.49,47.900677
2021,0.0,47.900677
2022,43.88,94.917435
