year,y_true,y_pred
2018,271.42,183.68037
2019,236.91,308.2193
2020,151.92,129.09056
2021,92.62,183.68037
2022,176.06,183.68037
