year,y_true,y_pred
2018,33.93,28.453583
2019,42.3,27.393082
2020,25.32,27.189667
2021,16.84,29.883667
2022,31.07,25.528133
