year,y_true,y_pred
2018,16.96,32.600574
2019,42.3,26.196812
2020,42.2,53.179436
2021,42.1,33.708885
2022,72.49,35.57915
