year,y_true,y_pred
2018,144.19,57.467606
2019,109.99,57.467606
2020,135.04,57.467606
2021,151.55,57.467606
2022,113.92,57.467606
