year,y_true,y_pred
2018,0.0,0.7954539
2019,0.0,0.7954539
2020,0.0,0.7954539
2021,0.0,0.7954539
2022,0.0,0.7954539
