year,y_true,y_pred
2018,8.48,2.2487917
2019,0.0,2.2487917
2020,16.88,2.2487917
2021,16.84,2.2487917
2022,0.0,2.2487917
