year,y_true,y_pred
2018,46.28,60.287052
2019,41.47,63.55415
2020,19.9,66.3186
2021,19.08,66.3186
2022,26.22,66.3186
