year,y_true,y_pred
2018,54.15,40.930126
2019,54.33,40.930126
2020,54.52,40.930126
2021,74.23,40.930126
2022,77.13,40.930126
