year,y_true,y_pred
2018,52.52,59.567
2019,69.93,80.37883
2020,52.38,69.10684
2021,191.87,89.413475
2022,19.43,59.567
