year,y_true,y_pred
2018,49.09,79.94934
2019,25.11,58.09227
2020,75.32,79.94934
2021,75.3,59.71917
2022,74.24,59.71917
