year,y_true,y_pred
2018,1068.9,887.8769
2019,1032.86,803.2907
2020,856.24,803.2907
2021,784.94,746.12427
2022,895.09,746.12427
