year,y_true,y_pred
2018,56.58,44.64142
2019,43.13,37.974228
2020,51.69,42.561657
2021,49.71,52.75242
2022,57.99,40.561462
