year,y_true,y_pred
2018,48.86,55.238888
2019,24.38,38.27569
2020,0.0,43.976
2021,24.29,45.449528
2022,48.95,43.976
