year,y_true,y_pred
2018,537.5,543.2339
2019,975.37,515.28784
2020,486.74,563.08234
2021,340.05,543.2339
2022,660.79,515.28784
