year,y_true,y_pred
2018,45.64,61.009468
2019,26.0,61.009468
2020,51.86,61.009468
2021,19.39,61.009468
2022,60.18,61.009468
