year,y_true,y_pred
2018,182.58,290.52112
2019,266.55,290.52112
2020,162.06,290.52112
2021,206.85,290.52112
2022,327.67,290.52112
