year,y_true,y_pred
2018,6.52,0.84720224
2019,0.0,0.84720224
2020,0.0,0.84720224
2021,6.46,0.84720224
2022,0.0,0.84720224
