year,y_true,y_pred
2018,130.41,141.63922
2019,104.02,145.25891
2020,97.24,145.25891
2021,71.11,145.25891
2022,86.93,190.22513
