year,y_true,y_pred
2018,0.0,0.6385584
2019,0.0,0.6385584
2020,0.0,0.6385584
2021,0.0,0.6385584
2022,0.0,0.6385584
