year,y_true,y_pred
2018,45.64,96.8761
2019,26.0,58.065796
2020,58.34,45.16494
2021,71.11,96.8761
2022,93.62,96.8761
