year,y_true,y_pred
2018,0.0,20.672773
2019,19.5,20.672773
2020,0.0,20.672773
2021,32.32,20.672773
2022,20.06,7.0475793
