year,y_true,y_pred
2018,30.2,86.06836
2019,56.02,57.811447
2020,86.09,67.50471
2021,60.2,39.1718
2022,51.22,88.59926
