year,y_true,y_pred
2018,132.86,96.1469
2019,44.23,71.64237
2020,0.0,96.1469
2021,44.11,78.62487
2022,129.2,96.1469
