year,y_true,y_pred
2018,46.85,41.016705
2019,70.82,41.016705
2020,48.32,46.57339
2021,41.42,41.016705
2022,55.44,56.786728
