year,y_true,y_pred
2018,612.74,710.43286
2019,582.78,710.43286
2020,519.03,710.43286
2021,497.06,710.43286
2022,609.14,710.43286
