year,y_true,y_pred
2018,436.39,237.56361
2019,435.61,289.71973
2020,361.69,343.8403
2021,339.35,341.97058
2022,586.71,220.62102
