year,y_true,y_pred
2018,14.08,13.586064
2019,23.17,5.782298
2020,27.47,23.611452
2021,18.1,15.030387
2022,19.3,10.9969015
