year,y_true,y_pred
2018,24.89,21.769917
2019,126.26,21.769917
2020,25.61,24.754915
2021,25.99,24.754915
2022,90.93,21.769917
