year,y_true,y_pred
2018,423.2,395.73376
2019,681.82,395.73376
2020,435.45,395.73376
2021,441.79,395.73376
2022,681.97,395.73376
