year,y_true,y_pred
2018,0.0,52.853832
2019,47.6,42.348583
2020,0.0,71.98167
2021,96.02,42.348583
2022,0.0,52.853832
