year,y_true,y_pred
2018,561.66,824.16205
2019,589.97,715.79254
2020,668.15,824.16205
2021,547.95,713.13153
2022,606.5,660.6555
