year,y_true,y_pred
2018,146.52,1.1556804
2019,0.0,44.081234
2020,49.49,1.1556804
2021,49.81,39.206535
2022,24.26,22.374329
