year,y_true,y_pred
2018,0.0,3.793
2019,2.38,1.8341665
2020,0.0,1.8341665
2021,2.32,1.8341665
2022,0.0,1.8341665
