year,y_true,y_pred
2018,19.34,13.314308
2019,4.77,15.817243
2020,18.81,14.378538
2021,0.0,13.589073
2022,30.08,13.665848
