year,y_true,y_pred
2018,24.18,27.02021
2019,57.22,25.214668
2020,25.87,27.02021
2021,32.48,25.214668
2022,39.1,26.25671
