year,y_true,y_pred
2018,63.39,64.342064
2019,85.06,66.68226
2020,73.09,63.062363
2021,83.99,64.342064
2022,70.96,64.342064
