year,y_true,y_pred
2018,155.96,126.89204
2019,93.11,122.59723
2020,92.68,137.63203
2021,92.28,109.62748
2022,34.57,137.63203
