year,y_true,y_pred
2018,966.94,820.66724
2019,837.99,920.19635
2020,741.43,820.66724
2021,553.68,920.19635
2022,691.32,920.19635
