year,y_true,y_pred
2018,849.51,610.05536
2019,747.62,556.4198
2020,502.33,610.05536
2021,540.4,572.5653
2022,599.86,516.6459
