year,y_true,y_pred
2018,13.2,39.86625
2019,30.97,39.86625
2020,26.67,41.758873
2021,22.33,39.86625
2022,31.76,41.758873
