mae,rmse,r2,city,model,sequence_length,forecast_horizon,normalization,val_size
0.040736109420220094,0.08616424407860496,-2.5904269517091576,3549805,xgboost,8,4,,
