year,y_true,y_pred
2018,26.48,23.640795
2019,39.35,23.640795
2020,26.0,23.640795
2021,90.23,23.640795
2022,27.54,23.640795
