year,y_true,y_pred
2018,317.75,364.1353
2019,419.78,251.23895
2020,351.06,244.04317
2021,399.59,284.3416
2022,247.87,364.1353
