year,y_true,y_pred
2018,41.76,64.37494
2019,103.82,64.37494
2020,41.31,49.701
2021,82.19,46.0575
2022,69.16,49.701
