year,y_true,y_pred
2018,416.03,330.1473
2019,298.51,352.13382
2020,389.03,298.06616
2021,407.2,334.90988
2022,401.23,336.7799
