year,y_true,y_pred
2018,16.68,36.782932
2019,41.43,52.014473
2020,45.3,48.816994
2021,61.42,54.356953
2022,58.69,43.168587
