year,y_true,y_pred
2018,371.02,436.6945
2019,435.03,486.7328
2020,337.73,484.80582
2021,577.35,470.0429
2022,632.05,332.71033
