year,y_true,y_pred
2018,8.34,8.155209
2019,20.72,6.0716667
2020,8.24,6.9406667
2021,4.09,6.0716667
2022,27.09,6.0716667
