year,y_true,y_pred
2018,83.38,89.25699
2019,120.15,82.43659
2020,102.97,89.628525
2021,126.93,96.44892
2022,121.9,96.44892
