year,y_true,y_pred
2018,87.54,54.157143
2019,95.29,73.26682
2020,70.02,75.44951
2021,102.37,57.01114
2022,90.29,51.627777
