year,y_true,y_pred
2018,0.0,1.0379156
2019,0.0,1.0379156
2020,0.0,1.0379156
2021,0.0,1.0379156
2022,0.0,1.0379156
