year,y_true,y_pred
2018,940.27,518.21686
2019,1549.53,438.5564
2020,609.08,529.9012
2021,665.19,611.44434
2022,941.31,500.8177
