year,y_true,y_pred
2018,0.0,80.27634
2019,0.0,59.368294
2020,110.74,68.69529
2021,166.3,50.669853
2022,55.37,59.086292
