year,y_true,y_pred
2018,76.49,67.22133
2019,52.7,62.979332
2020,73.42,67.22133
2021,59.84,62.33533
2022,66.27,67.22133
