year,y_true,y_pred
2018,0.0,2.7617657
2019,4.94,2.7617657
2020,0.0,2.7617657
2021,1.62,6.298921
2022,1.54,2.7617657
