year,y_true,y_pred
2018,48.22,13.396267
2019,55.99,13.396267
2020,35.9,13.396267
2021,35.58,13.396267
2022,49.31,13.396267
