year,y_true,y_pred
2018,58.2,28.482445
2019,42.82,28.482445
2020,66.9,28.482445
2021,58.22,28.482445
2022,87.84,28.482445
