year,y_true,y_pred
2018,24.94,7.008933
2019,34.58,5.5116663
2020,24.47,5.5116663
2021,35.58,5.5116663
2022,27.74,5.5116663
