year,y_true,y_pred
2018,42.75,18.810413
2019,52.87,18.810413
2020,26.17,18.810413
2021,72.52,18.93012
2022,58.45,18.939438
