year,y_true,y_pred
2018,54.63,63.338387
2019,54.78,70.385506
2020,33.8,57.6407
2021,55.07,69.29213
2022,39.14,70.385506
