year,y_true,y_pred
2018,592.51,679.64703
2019,707.93,679.64703
2020,633.77,679.64703
2021,537.98,679.64703
2022,617.61,679.64703
