year,y_true,y_pred
2018,54.63,52.232525
2019,37.93,70.18166
2020,38.03,48.75284
2021,16.94,52.05392
2022,43.49,45.029858
