year,y_true,y_pred
2018,126.07,140.13608
2019,164.34,140.13608
2020,126.75,106.69858
2021,127.08,140.13608
2022,139.18,140.13608
