year,y_true,y_pred
2018,0.0,0.62813103
2019,0.0,0.62813103
2020,0.0,0.62813103
2021,0.0,0.62813103
2022,0.0,0.62813103
