year,y_true,y_pred
2018,8.4,6.276296
2019,4.21,15.642083
2020,29.58,9.7234955
2021,12.71,36.825493
2022,8.7,6.276296
