year,y_true,y_pred
2018,47.22,43.736626
2019,73.71,43.736626
2020,39.95,43.736626
2021,33.09,43.9539
2022,94.32,43.736626
