year,y_true,y_pred
2018,35.82,89.58409
2019,54.16,130.7018
2020,109.19,107.379486
2021,91.71,89.58409
2022,87.06,91.92129
