year,y_true,y_pred
2018,28.74,29.477173
2019,57.19,29.477173
2020,56.9,43.988842
2021,56.64,43.988842
2022,127.51,29.477173
