year,y_true,y_pred
2018,1149.76,783.01306
2019,829.28,583.71155
2020,768.14,783.01306
2021,679.69,688.6493
2022,1083.84,746.75964
