year,y_true,y_pred
2018,27.32,46.960007
2019,40.94,46.95374
2020,38.48,36.650352
2021,22.53,36.65662
2022,27.27,46.960007
