year,y_true,y_pred
2018,323.34,305.74008
2019,279.76,305.74008
2020,267.1,274.74118
2021,297.38,274.74118
2022,283.23,274.74118
