year,y_true,y_pred
2018,71.36,42.71771
2019,62.64,42.71771
2020,49.86,42.71771
2021,107.52,42.71771
2022,85.01,50.470665
