year,y_true,y_pred
2018,499.5,519.73016
2019,442.63,465.1557
2020,295.0,528.07104
2021,368.04,516.878
2022,645.1,516.878
