year,y_true,y_pred
2018,396.88,392.3449
2019,334.07,392.3449
2020,293.85,336.28735
2021,285.53,316.01746
2022,529.32,316.01746
