year,y_true,y_pred
2018,13.01,8.316396
2019,18.91,8.316396
2020,12.24,14.084708
2021,5.95,8.316396
2022,41.52,11.850666
