year,y_true,y_pred
2018,113.28,110.31385
2019,86.67,118.92429
2020,108.79,110.31385
2021,114.39,118.92429
2022,114.87,113.083466
