year,y_true,y_pred
2018,49.47,50.197903
2019,79.41,58.202362
2020,71.57,58.202362
2021,47.73,58.202362
2022,61.45,58.202362
