year,y_true,y_pred
2018,0.0,0.23864062
2019,0.0,0.23864062
2020,0.86,0.23864062
2021,0.0,0.23864062
2022,0.74,0.23864062
