year,y_true,y_pred
2018,74.21,63.152016
2019,89.01,63.152016
2020,105.2,66.72899
2021,80.12,66.72899
2022,64.41,63.152016
