year,y_true,y_pred
2018,43.29,28.890371
2019,54.1,39.55507
2020,48.29,39.55507
2021,34.95,39.55507
2022,27.39,39.55507
