year,y_true,y_pred
2018,1.77,0.86883336
2019,1.75,0.6828333
2020,2.59,0.61053336
2021,2.56,0.86883336
2022,1.48,0.86883336
