year,y_true,y_pred
2018,42.77,64.14016
2019,42.63,46.384186
2020,85.0,46.384186
2021,105.93,46.384186
2022,105.18,46.384186
