year,y_true,y_pred
2018,59.83,63.127388
2019,59.59,63.126144
2020,79.15,39.64653
2021,19.72,23.931112
2022,69.22,43.54197
