year,y_true,y_pred
2018,458.72,644.53064
2019,595.95,644.53064
2020,573.8,644.53064
2021,374.61,550.83514
2022,449.9,644.53064
