year,y_true,y_pred
2018,29.38,48.0955
2019,14.51,56.077335
2020,86.0,60.684334
2021,70.84,61.692665
2022,102.47,57.283333
