year,y_true,y_pred
2018,58.96,41.306942
2019,50.51,41.306942
2020,63.64,53.817245
2021,55.5,53.817245
2022,71.22,53.817245
