year,y_true,y_pred
2018,744.34,750.74023
2019,606.1,750.74023
2020,664.73,750.74023
2021,721.47,750.74023
2022,743.85,750.74023
