year,y_true,y_pred
2018,220.68,51.064873
2019,380.28,51.064873
2020,160.3,51.064873
2021,146.38,51.064873
2022,106.81,51.064873
