year,y_true,y_pred
2018,0.0,3.669754
2019,31.17,3.669754
2020,6.17,0.0022716196
2021,6.1,0.0022716196
2022,6.28,0.0022716196
