year,y_true,y_pred
2018,41.89,42.046352
2019,31.39,60.895805
2020,73.17,99.48879
2021,52.21,47.11074
2022,12.29,33.763283
