year,y_true,y_pred
2018,0.0,0.31414947
2019,0.0,5.7024975
2020,0.0,5.7024975
2021,0.0,5.7024975
2022,0.0,5.7024975
