year,y_true,y_pred
2018,104.72,88.92176
2019,115.09,91.1589
2020,209.05,91.1589
2021,125.31,88.92176
2022,159.74,88.92176
