year,y_true,y_pred
2018,31.42,24.604624
2019,20.92,24.567
2020,20.91,28.048624
2021,0.0,21.9671
2022,12.29,24.604624
