year,y_true,y_pred
2018,54.57,27.439415
2019,81.48,25.825333
2020,108.14,31.540417
2021,0.0,25.825333
2022,27.93,25.825333
