year,y_true,y_pred
2018,654.84,409.30237
2019,461.71,409.30237
2020,324.41,352.70956
2021,269.18,352.70956
2022,446.93,387.8029
