year,y_true,y_pred
2018,66.26,12.608618
2019,71.78,12.608618
2020,26.73,12.608618
2021,14.75,12.608618
2022,68.79,12.430519
