year,y_true,y_pred
2018,433.72,251.25027
2019,523.42,404.9127
2020,332.7,404.9127
2021,362.96,251.25027
2022,579.29,404.9127
