year,y_true,y_pred
2018,0.0,0.26906252
2019,0.0,0.26906252
2020,0.0,0.26906252
2021,0.0,0.26906252
2022,0.0,0.26906252
