year,y_true,y_pred
2018,45.18,35.538002
2019,44.86,31.0285
2020,29.71,29.461376
2021,23.61,28.805876
2022,54.31,31.0285
