year,y_true,y_pred
2018,69.28,61.379265
2019,89.73,50.650352
2020,89.12,50.650352
2021,88.53,50.650352
2022,141.2,50.650352
