year,y_true,y_pred
2018,15.06,9.106999
2019,8.97,9.106999
2020,20.79,9.106999
2021,20.66,10.91
2022,10.86,9.106999
