year,y_true,y_pred
2018,8.18,40.146626
2019,24.17,40.146626
2020,23.82,40.146626
2021,23.48,40.146626
2022,51.33,40.146626
