year,y_true,y_pred
2018,147.32,387.38025
2019,201.43,383.99054
2020,238.15,383.99054
2021,360.05,383.99054
2022,530.46,391.13245
