year,y_true,y_pred
2018,404.87,353.08246
2019,418.47,337.19165
2020,267.6,353.08246
2021,353.72,346.05496
2022,523.28,351.41296
