year,y_true,y_pred
2018,30.71,21.939255
2019,33.48,21.612045
2020,22.3,22.078747
2021,44.56,24.951935
2022,55.37,25.963682
