year,y_true,y_pred
2018,27.09,46.88899
2019,27.14,71.82173
2020,27.2,37.203117
2021,27.26,37.203117
2022,168.75,37.203117
