year,y_true,y_pred
2018,0.0,2.7209997
2019,0.0,2.7209997
2020,0.0,2.7209997
2021,0.0,2.7209997
2022,0.0,2.7209997
