year,y_true,y_pred
2018,54.17,111.898
2019,135.72,103.399605
2020,163.22,141.03476
2021,163.58,141.03476
2022,236.25,141.03476
