year,y_true,y_pred
2018,27.09,51.570057
2019,54.29,-6.14725
2020,81.61,103.986694
2021,54.53,54.291164
2022,67.5,27.250132
