year,y_true,y_pred
2018,27.09,10.399854
2019,27.14,15.334792
2020,0.0,10.399854
2021,27.26,10.399854
2022,0.0,15.334792
