mae,rmse,r2,city,model,sequence_length,forecast_horizon,normalization,val_size
0.34088055353156804,0.5758646993023199,-0.00018161463933696886,1505106,xgboost,8,4,,
