year,y_true,y_pred
2018,79.1,83.303665
2019,78.55,83.303665
2020,62.81,79.20019
2021,66.18,80.062836
2022,71.68,83.303665
