year,y_true,y_pred
2018,18.33,14.689946
2019,18.2,14.689946
2020,18.08,14.689946
2021,18.91,14.689946
2022,22.9,14.689946
