year,y_true,y_pred
2018,149.52,126.5676
2019,176.27,137.47418
2020,259.78,137.47418
2021,195.71,126.75071
2022,197.12,137.47418
