year,y_true,y_pred
2018,0.0,0.70966667
2019,1.92,0.70966667
2020,0.0,0.44341666
2021,0.0,0.5994166
2022,0.0,0.40429163
