year,y_true,y_pred
2018,3.86,6.2635665
2019,8.62,7.714354
2020,12.37,7.714354
2021,14.18,6.5427914
2022,10.95,6.9552917
