year,y_true,y_pred
2018,326.66,223.65446
2019,122.0,278.90952
2020,607.78,212.69766
2021,403.71,235.49097
2022,226.76,278.90952
