year,y_true,y_pred
2018,0.0,38.718555
2019,0.0,38.718555
2020,81.04,38.718555
2021,80.74,38.718555
2022,0.0,20.04609
