year,y_true,y_pred
2018,565.36,684.70624
2019,530.0,684.70624
2020,536.33,663.5877
2021,583.7,684.70624
2022,595.3,684.70624
