year,y_true,y_pred
2018,25.17,29.858372
2019,24.76,27.718372
2020,24.38,5.3987274
2021,24.02,7.601479
2022,27.12,7.601479
