year,y_true,y_pred
2018,1500.73,1013.75916
2019,951.34,561.1732
2020,695.21,823.9724
2021,402.34,974.15173
2022,833.91,846.32214
