year,y_true,y_pred
2018,73.21,34.978085
2019,73.18,26.180733
2020,73.18,34.978085
2021,36.58,26.180733
2022,0.0,26.180733
