year,y_true,y_pred
2018,305.85,223.15167
2019,290.48,233.52534
2020,172.56,233.52534
2021,218.88,237.01692
2022,184.39,223.15167
