year,y_true,y_pred
2018,30.89,12.465359
2019,39.75,23.734884
2020,12.11,8.168398
2021,14.99,16.077562
2022,18.44,30.720524
