year,y_true,y_pred
2018,21.63,25.487562
2019,39.75,19.807999
2020,45.41,25.487562
2021,29.98,23.144375
2022,52.24,25.487562
