year,y_true,y_pred
2018,77.23,92.76199
2019,94.79,92.76199
2020,81.74,92.76199
2021,77.96,92.76199
2022,129.07,92.76199
