year,y_true,y_pred
2018,0.0,0.47221535
2019,3.06,0.47221535
2020,0.0,0.47221535
2021,0.0,0.47221535
2022,0.0,0.47221535
