year,y_true,y_pred
2018,45.3,66.59573
2019,35.15,66.602905
2020,65.14,59.780224
2021,48.33,66.64481
2022,47.64,66.602905
