year,y_true,y_pred
2018,655.99,774.05255
2019,607.61,776.30707
2020,586.22,774.05255
2021,528.31,774.05255
2022,804.71,774.05255
