year,y_true,y_pred
2018,53.69,50.667583
2019,50.22,46.819725
2020,55.11,50.667583
2021,68.33,50.667583
2022,73.16,50.667583
