year,y_true,y_pred
2018,0.0,0.5829778
2019,0.0,0.5829778
2020,0.0,0.5829778
2021,0.0,0.5829778
2022,1.7,0.5829778
