year,y_true,y_pred
2018,41.94,17.16802
2019,26.78,22.024033
2020,43.42,17.16802
2021,46.66,22.024033
2022,40.83,22.024033
