year,y_true,y_pred
2018,132.54,121.24314
2019,103.78,121.24314
2020,135.28,125.32494
2021,121.66,101.38647
2022,98.67,121.24314
