year,y_true,y_pred
2018,0.0,0.15805
2019,0.0,0.15805
2020,0.0,0.15805
2021,0.0,0.15805
2022,0.0,0.15805
