year,y_true,y_pred
2018,51.61,63.245728
2019,51.5,63.245728
2020,61.68,63.245728
2021,82.08,63.245728
2022,52.83,63.245728
