year,y_true,y_pred
2018,1097.58,514.4976
2019,1098.75,413.87396
2020,812.12,413.87396
2021,981.5,413.87396
2022,1094.3,413.87396
