year,y_true,y_pred
2018,29.61,26.81823
2019,29.68,35.70423
2020,59.49,35.70423
2021,59.63,40.13298
2022,31.21,40.13298
