year,y_true,y_pred
2018,82.16,32.373333
2019,113.88,32.373333
2020,30.86,32.373333
2021,47.04,32.373333
2022,76.45,41.34933
