year,y_true,y_pred
2018,0.0,54.39579
2019,8.23,54.39579
2020,24.59,54.39579
2021,8.16,52.93179
2022,40.63,54.39579
