year,y_true,y_pred
2018,224.53,434.83752
2019,279.84,559.5341
2020,442.59,549.5603
2021,416.29,458.45642
2022,690.78,458.45642
