year,y_true,y_pred
2018,12.52,21.495832
2019,12.52,13.926767
2020,12.51,11.176349
2021,25.02,13.930893
2022,33.0,22.211061
