year,y_true,y_pred
2018,219.09,196.99113
2019,287.88,196.99113
2020,218.97,196.99113
2021,212.65,196.99113
2022,442.22,196.99113
