year,y_true,y_pred
2018,56.14,78.90552
2019,68.02,100.65228
2020,68.49,100.65228
2021,56.91,100.65228
2022,63.32,100.65228
