year,y_true,y_pred
2018,34.21,27.10471
2019,34.88,26.309584
2020,28.61,26.309584
2021,35.35,26.164083
2022,25.33,26.309584
