year,y_true,y_pred
2018,21.05,22.404297
2019,20.93,26.636658
2020,15.61,28.529875
2021,11.21,24.054852
2022,27.14,23.426867
