year,y_true,y_pred
2018,108.77,127.244896
2019,96.79,127.244896
2020,87.57,127.244896
2021,81.06,127.244896
2022,104.93,127.244896
