year,y_true,y_pred
2018,71.78,110.44475
2019,73.15,110.44475
2020,74.51,105.60462
2021,82.18,105.60462
2022,79.28,105.60462
