year,y_true,y_pred
2018,636.86,672.5718
2019,766.68,635.20496
2020,666.41,626.15546
2021,732.65,672.5718
2022,1063.25,626.15546
