year,y_true,y_pred
2018,25.47,66.41651
2019,115.0,52.04147
2020,89.71,66.41651
2021,38.56,56.67969
2022,81.79,52.04147
