year,y_true,y_pred
2018,39.05,78.653206
2019,0.0,78.653206
2020,77.94,78.653206
2021,116.78,86.31964
2022,0.0,73.541664
