year,y_true,y_pred
2018,28.79,28.838966
2019,26.94,27.4763
2020,27.55,27.4763
2021,51.5,27.4763
2022,45.76,38.13802
