year,y_true,y_pred
2018,98.7,107.54484
2019,78.37,80.57436
2020,74.55,69.772896
2021,92.53,74.94156
2022,104.35,98.21972
