year,y_true,y_pred
2018,12.34,15.052083
2019,17.14,15.052083
2020,13.78,16.385666
2021,13.68,13.204332
2022,14.45,16.385666
