year,y_true,y_pred
2018,64.16,57.486332
2019,62.86,57.603333
2020,71.31,57.603333
2021,91.73,57.631832
2022,53.78,55.773083
