year,y_true,y_pred
2018,0.82,0.31154168
2019,0.0,0.31154168
2020,0.0,0.31154168
2021,0.0,0.31154168
2022,0.0,0.31154168
