year,y_true,y_pred
2018,0.0,50.7934
2019,66.58,31.649597
2020,136.89,46.0532
2021,0.0,50.7934
2022,0.0,31.649597
