year,y_true,y_pred
2018,1035.6,469.2993
2019,1464.71,487.27518
2020,1232.03,440.04733
2021,492.26,440.04733
2022,676.0,405.99884
