year,y_true,y_pred
2018,0.0,66.408394
2019,35.04,57.78367
2020,70.5,44.127834
2021,35.46,44.127834
2022,0.0,44.127834
