year,y_true,y_pred
2018,60.6,79.060394
2019,60.59,52.374756
2020,51.21,52.374756
2021,41.93,64.5065
2022,60.82,64.5065
