year,y_true,y_pred
2018,163.62,141.24825
2019,154.51,141.24825
2020,84.34,141.24825
2021,134.79,113.81435
2022,147.24,131.07355
