year,y_true,y_pred
2018,60.6,100.81033
2019,57.56,100.81033
2020,96.39,88.80446
2021,77.88,88.80446
2022,83.22,100.81033
