year,y_true,y_pred
2018,0.0,1.2576667
2019,0.0,0.66033334
2020,0.0,0.66033334
2021,0.0,0.66033334
2022,0.0,0.66033334
