year,y_true,y_pred
2018,12.12,10.781
2019,3.03,10.85825
2020,3.01,10.85825
2021,3.0,13.7744
2022,16.0,10.781
