year,y_true,y_pred
2018,359.38,241.62674
2019,311.58,279.16803
2020,403.91,148.21532
2021,309.84,148.21532
2022,418.27,148.21532
