year,y_true,y_pred
2018,46.88,16.814266
2019,15.58,16.73708
2020,0.0,10.561068
2021,46.48,16.451254
2022,50.19,16.73708
