year,y_true,y_pred
2018,0.0,29.012907
2019,127.82,38.452
2020,84.96,29.012907
2021,127.12,38.452
2022,137.99,56.555004
