year,y_true,y_pred
2018,15.67,3.8547084
2019,15.6,3.8547084
2020,7.76,3.8547084
2021,0.0,3.8547084
2022,21.02,3.8547084
