year,y_true,y_pred
2018,431.05,294.77878
2019,561.58,294.77878
2020,333.8,294.77878
2021,247.26,298.4015
2022,340.59,318.5803
