year,y_true,y_pred
2018,78.84,92.834206
2019,61.07,92.834206
2020,55.11,89.85267
2021,56.33,93.23471
2022,73.5,93.23471
