year,y_true,y_pred
2018,688.94,779.59344
2019,732.88,764.2714
2020,618.56,736.14044
2021,592.56,712.25256
2022,746.82,721.23047
