year,y_true,y_pred
2018,46.13,43.37792
2019,44.74,43.37792
2020,43.37,43.37792
2021,47.21,43.37792
2022,45.28,42.681335
