year,y_true,y_pred
2018,45.8,39.09646
2019,52.91,39.09646
2020,41.09,39.09646
2021,46.88,40.60996
2022,48.89,39.09646
