year,y_true,y_pred
2018,0.33,0.5849999
2019,0.0,0.27504534
2020,0.65,0.10943308
2021,0.33,0.0739257
2022,0.66,0.07748374
