year,y_true,y_pred
2018,229.97,204.18944
2019,217.84,197.69261
2020,191.08,197.69261
2021,224.32,197.84232
2022,220.83,208.62465
