year,y_true,y_pred
2018,36.32,58.48045
2019,36.38,69.05088
2020,36.42,50.264572
2021,36.46,69.05088
2022,71.35,69.05088
