year,y_true,y_pred
2018,11.86,0.46648058
2019,2.35,0.03843613
2020,4.65,0.0011018852
2021,0.0,-0.032603562
2022,0.0,0.0011018852
