year,y_true,y_pred
2018,66.43,105.939606
2019,44.64,105.939606
2020,44.22,105.939606
2021,59.98,105.939606
2022,54.56,105.939606
