year,y_true,y_pred
2018,11.86,20.32449
2019,11.75,25.550484
2020,25.6,25.550484
2021,11.53,25.550484
2022,15.59,16.05489
