year,y_true,y_pred
2018,40.44,31.354376
2019,0.0,36.386875
2020,0.0,29.51
2021,43.14,40.414375
2022,120.58,36.434315
