year,y_true,y_pred
2018,1334.41,878.5064
2019,1487.6,878.5064
2020,675.68,878.5064
2021,431.41,906.06104
2022,1045.02,906.06104
