year,y_true,y_pred
2018,213.07,45.629566
2019,71.4,64.81042
2020,71.74,54.930466
2021,180.25,45.79404
2022,160.93,64.81042
