year,y_true,y_pred
2018,54.56,38.531334
2019,54.06,32.56433
2020,71.45,38.699917
2021,141.69,35.483917
2022,98.49,32.56433
