year,y_true,y_pred
2018,324.31,224.35776
2019,184.76,281.7505
2020,165.79,224.35776
2021,101.02,224.35776
2022,317.76,270.25363
