year,y_true,y_pred
2018,27.8,11.754847
2019,18.48,19.858526
2020,18.42,31.669632
2021,27.55,19.858526
2022,65.42,19.858526
