year,y_true,y_pred
2018,0.0,29.308868
2019,11.78,12.891525
2020,23.41,12.891525
2021,0.0,12.891525
2022,0.0,29.308868
