year,y_true,y_pred
2018,11.85,16.616034
2019,0.0,16.616034
2020,23.41,16.616034
2021,0.0,20.289396
2022,0.0,17.419666
