year,y_true,y_pred
2018,94.8,121.95505
2019,117.76,95.14894
2020,93.64,110.87703
2021,81.49,135.13689
2022,93.67,95.14894
