year,y_true,y_pred
2018,47.4,34.91033
2019,58.88,34.91033
2020,46.82,34.91033
2021,58.21,34.91033
2022,93.67,34.91033
