year,y_true,y_pred
2018,0.0,18.281982
2019,0.0,18.281982
2020,0.0,18.281982
2021,32.89,18.281982
2022,34.03,18.281982
