year,y_true,y_pred
2018,369.5,303.88705
2019,200.74,295.97556
2020,233.26,191.34544
2021,98.68,212.49263
2022,204.15,208.83519
