year,y_true,y_pred
2018,589.01,520.3873
2019,533.93,520.3873
2020,462.03,516.3513
2021,629.44,475.35385
2022,591.19,475.35385
