year,y_true,y_pred
2018,32.72,22.469332
2019,19.3,29.861103
2020,37.97,22.469332
2021,18.7,27.12129
2022,50.85,22.469332
