year,y_true,y_pred
2018,9.26,49.88333
2019,45.61,50.749043
2020,27.23,49.88333
2021,9.03,54.49648
2022,9.63,50.749043
