year,y_true,y_pred
2018,9.26,0.003024699
2019,18.24,0.018644486
2020,0.0,9.624779
2021,18.07,2.454999
2022,19.26,0.003024699
