year,y_true,y_pred
2018,64.81,103.50833
2019,72.98,87.127464
2020,118.01,87.127464
2021,63.24,103.50833
2022,115.55,115.34541
