year,y_true,y_pred
2018,46.29,25.312208
2019,36.49,26.808666
2020,45.39,26.808666
2021,72.27,26.808666
2022,38.52,26.808666
