year,y_true,y_pred
2018,61.16,66.69043
2019,69.75,66.69043
2020,74.3,64.26939
2021,99.66,66.85472
2022,68.06,66.69043
