mae,rmse,r2,city,model,sequence_length,forecast_horizon,normalization,val_size
0.16226710095183877,0.29837435985997524,0.06685765361284124,2201988,xgboost,8,4,,
