year,y_true,y_pred
2018,26.78,29.593666
2019,39.46,27.445826
2020,42.03,27.445826
2021,31.81,38.858734
2022,21.61,27.445826
