year,y_true,y_pred
2018,197.5,247.10413
2019,282.83,282.53052
2020,216.62,247.10413
2021,273.55,247.10413
2022,254.54,247.10413
