year,y_true,y_pred
2018,126.81,106.755844
2019,127.94,78.72971
2020,129.07,116.302734
2021,104.14,82.78124
2022,117.0,83.25964
