mae,rmse,r2,city,model,sequence_length,forecast_horizon,normalization,val_size
0.12010132863296878,0.29573168710645276,-0.03781876148929664,3506508,xgboost,8,4,,
