year,y_true,y_pred
2018,54.5,28.737173
2019,36.53,28.73887
2020,55.08,42.763332
2021,27.68,25.321123
2022,18.06,12.052966
