year,y_true,y_pred
2018,36.33,22.557652
2019,63.93,40.92041
2020,18.36,11.842604
2021,46.13,22.557652
2022,36.11,40.92041
