year,y_true,y_pred
2018,63.58,30.805752
2019,54.79,30.805752
2020,55.08,30.805752
2021,110.72,30.805752
2022,99.31,30.805752
