year,y_true,y_pred
2018,0.0,0.7772917
2019,0.0,0.7772917
2020,0.0,0.7772917
2021,0.0,0.7772917
2022,0.0,0.7772917
