year,y_true,y_pred
2018,127.17,84.193405
2019,100.46,92.865685
2020,119.34,82.43283
2021,138.4,82.876976
2022,90.29,83.50131
