year,y_true,y_pred
2018,85.27,42.624123
2019,21.25,42.624123
2020,42.36,21.527958
2021,84.48,69.65332
2022,88.69,25.684296
