year,y_true,y_pred
2018,54.85,76.3304
2019,108.46,76.3304
2020,214.48,94.62671
2021,106.04,124.96767
2022,260.59,76.3304
