year,y_true,y_pred
2018,188.9,244.45425
2019,241.26,249.5046
2020,261.01,249.5046
2021,301.73,244.45425
2022,328.79,244.45425
