year,y_true,y_pred
2018,37.78,28.741667
2019,37.53,28.741667
2020,42.61,28.741667
2021,26.47,28.741667
2022,29.36,28.741667
