year,y_true,y_pred
2018,105.37,43.21375
2019,70.15,43.21375
2020,35.03,43.21375
2021,34.99,82.524666
2022,0.0,43.21375
