year,y_true,y_pred
2018,948.37,942.89636
2019,911.96,942.89636
2020,735.55,1002.41534
2021,559.83,1002.41534
2022,538.6,906.1332
