year,y_true,y_pred
2018,21.64,29.610624
2019,48.81,31.875
2020,54.35,29.610624
2021,43.58,27.153625
2022,48.85,29.610624
