year,y_true,y_pred
2018,275.94,438.86166
2019,374.19,438.86166
2020,375.02,379.4805
2021,305.04,379.4805
2022,630.16,438.86166
