year,y_true,y_pred
2018,36.61,72.83024
2019,31.8,71.39087
2020,54.12,71.39087
2021,67.19,71.39087
2022,24.79,65.04146
