year,y_true,y_pred
2018,423.03,514.09973
2019,652.79,514.09973
2020,447.28,555.4809
2021,432.32,390.4121
2022,609.58,390.4121
