year,y_true,y_pred
2018,81.88,47.067417
2019,95.2,55.78633
2020,13.55,50.184334
2021,13.51,47.067417
2022,70.88,47.236916
