year,y_true,y_pred
2018,88.11,68.14398
2019,29.29,60.798042
2020,46.74,58.804333
2021,93.23,63.159042
2022,80.16,68.14398
