year,y_true,y_pred
2018,0.0,25.167751
2019,0.0,18.51343
2020,0.0,15.48
2021,36.06,18.51343
2022,0.0,18.51343
