year,y_true,y_pred
2018,265.35,239.70395
2019,186.29,322.449
2020,109.93,149.76326
2021,180.31,241.80803
2022,433.53,79.026535
