year,y_true,y_pred
2018,107.2,57.93227
2019,77.73,55.373665
2020,125.94,57.93227
2021,38.64,55.373665
2022,48.04,50.241833
