year,y_true,y_pred
2018,1140.24,897.23804
2019,1136.81,916.23206
2020,1143.19,916.23206
2021,830.84,916.23206
2022,1028.06,857.30005
