year,y_true,y_pred
2018,51.8,45.735046
2019,51.26,51.920666
2020,33.84,45.735046
2021,83.78,45.735046
2022,70.85,45.735046
