year,y_true,y_pred
2018,294.97,329.11594
2019,367.02,353.52835
2020,241.84,353.52835
2021,273.79,314.46826
2022,361.78,313.56967
