year,y_true,y_pred
2018,32.31,35.006668
2019,42.93,33.34287
2020,10.93,35.729168
2021,29.67,35.006668
2022,46.15,33.34287
