year,y_true,y_pred
2018,37.93,24.636066
2019,34.62,24.636066
2020,15.03,24.636066
2021,29.67,28.435143
2022,44.66,23.050768
