year,y_true,y_pred
2018,84.28,62.40702
2019,119.11,75.8491
2020,73.78,62.60318
2021,98.46,70.796486
2022,145.9,67.06045
