year,y_true,y_pred
2018,1.4,3.9612427
2019,2.77,4.4932485
2020,4.1,3.9612427
2021,1.35,7.7120757
2022,8.93,5.0917487
