year,y_true,y_pred
2018,63.19,36.462936
2019,62.82,38.104836
2020,24.02,38.104836
2021,71.64,44.919334
2022,76.47,40.720837
