year,y_true,y_pred
2018,748.55,629.38367
2019,430.06,1021.2605
2020,355.5,975.8735
2021,1079.38,975.8735
2022,670.27,1006.08575
