year,y_true,y_pred
2018,229.31,175.42804
2019,118.45,186.34055
2020,226.68,205.16254
2021,153.05,147.96236
2022,249.28,147.96236
