year,y_true,y_pred
2018,21.84,13.515154
2019,0.0,0.39482895
2020,23.86,0.35714486
2021,11.77,0.39482895
2022,13.12,0.35714486
