year,y_true,y_pred
2018,30.9,108.96086
2019,0.0,108.93481
2020,61.96,108.93481
2021,93.08,152.97273
2022,28.88,62.932053
