year,y_true,y_pred
2018,16.81,24.728334
2019,18.74,24.728334
2020,16.85,25.552042
2021,14.31,24.728334
2022,21.74,24.728334
