year,y_true,y_pred
2018,229.48,271.87387
2019,245.15,277.5858
2020,238.17,289.1688
2021,231.57,271.87387
2022,300.06,271.87387
