year,y_true,y_pred
2018,49.65,39.974667
2019,55.07,39.974667
2020,51.68,39.974667
2021,53.58,39.974667
2022,68.0,39.974667
