year,y_true,y_pred
2018,0.0,0.039994635
2019,0.0,0.039994635
2020,0.0,0.039994635
2021,1.1,0.039994635
2022,0.0,0.039994635
