year,y_true,y_pred
2018,51.21,46.640034
2019,67.31,46.640034
2020,53.55,46.640034
2021,54.68,46.640034
2022,70.37,46.640034
