year,y_true,y_pred
2018,7.04,3.9010239
2019,6.5,2.1962972
2020,4.12,3.0306592
2021,4.77,4.341284
2022,8.3,5.5734797
