year,y_true,y_pred
2018,470.64,406.99844
2019,473.23,381.30466
2020,449.47,381.30466
2021,294.58,381.30466
2022,391.11,374.55408
