year,y_true,y_pred
2018,42.79,37.642498
2019,42.54,39.678997
2020,31.73,39.678997
2021,47.34,42.584
2022,56.61,39.678997
