year,y_true,y_pred
2018,29.03,29.939125
2019,27.42,29.670738
2020,33.03,29.670738
2021,35.81,29.939125
2022,34.52,29.939125
