year,y_true,y_pred
2018,29.03,17.350555
2019,23.76,15.760919
2020,18.75,17.270618
2021,21.83,18.934174
2022,21.58,18.721691
