year,y_true,y_pred
2018,0.0,0.11799314
2019,0.0,0.11799314
2020,0.0,0.11799314
2021,0.0,0.11799314
2022,0.0,0.11799314
