year,y_true,y_pred
2018,12.18,4.0401044
2019,9.14,5.0577917
2020,9.82,4.0401044
2021,8.73,4.0401044
2022,11.22,4.0401044
