year,y_true,y_pred
2018,66.49,76.37999
2019,78.59,76.37999
2020,91.07,83.892296
2021,72.48,86.2307
2022,99.25,76.37999
