year,y_true,y_pred
2018,1.87,1.0469
2019,0.91,2.0350626
2020,1.79,1.538375
2021,0.87,1.347875
2022,0.0,1.538375
