year,y_true,y_pred
2018,24.15,99.14572
2019,24.15,99.14572
2020,72.46,80.87152
2021,0.0,93.508385
2022,76.12,96.065216
