year,y_true,y_pred
2018,568.66,748.9957
2019,524.88,709.09735
2020,439.61,709.09735
2021,521.92,709.09735
2022,564.84,709.09735
