year,y_true,y_pred
2018,42.12,0.06331146
2019,21.0,0.20230167
2020,20.93,0.06331146
2021,62.63,23.826992
2022,45.19,0.20230167
