year,y_true,y_pred
2018,168.49,80.45219
2019,167.96,80.12462
2020,83.73,80.12462
2021,104.38,69.36193
2022,158.16,80.12462
