year,y_true,y_pred
2018,0.0,8.305095
2019,0.0,8.305095
2020,0.0,8.305095
2021,20.88,8.305095
2022,0.0,8.305095
