year,y_true,y_pred
2018,21.06,61.288445
2019,83.98,75.274864
2020,41.87,55.273876
2021,0.0,75.274864
2022,22.59,75.274864
