year,y_true,y_pred
2018,20.66,10.524541
2019,25.68,10.524541
2020,20.43,11.354041
2021,20.31,10.524541
2022,0.0,10.524541
