year,y_true,y_pred
2018,71.98,12.000204
2019,45.39,10.528633
2020,64.28,14.214216
2021,31.87,14.214216
2022,48.07,20.201973
