mae,rmse,r2,city,model,sequence_length,forecast_horizon,normalization,val_size
0.13953197908563192,0.43092867238360993,-0.08527495199446444,5217609,xgboost,8,4,,
