year,y_true,y_pred
2018,1039.13,980.81744
2019,1020.45,980.81744
2020,691.95,980.81744
2021,456.09,742.4277
2022,768.92,764.2326
