year,y_true,y_pred
2018,98.96,62.182713
2019,75.87,96.45635
2020,64.28,62.182713
2021,52.77,81.238365
2022,48.06,79.809166
