year,y_true,y_pred
2018,3.81,14.2483425
2019,22.76,15.525312
2020,26.47,14.2483425
2021,60.31,21.680017
2022,32.04,26.13301
