year,y_true,y_pred
2018,34.26,17.352041
2019,18.97,23.61573
2020,26.47,17.352041
2021,41.46,17.352041
2022,36.04,23.61573
