year,y_true,y_pred
2018,436.27,376.90582
2019,378.91,499.51627
2020,276.39,478.59824
2021,236.33,371.49905
2022,376.25,304.18045
