year,y_true,y_pred
2018,62.32,23.758682
2019,23.2,28.597448
2020,15.36,32.24945
2021,15.25,27.147354
2022,40.9,23.572477
