year,y_true,y_pred
2018,15.58,7.524625
2019,15.47,7.524625
2020,0.0,8.735125
2021,7.62,9.023125
2022,8.18,8.747125
