year,y_true,y_pred
2018,7.79,27.569708
2019,23.2,25.071667
2020,23.03,27.569708
2021,7.62,27.569708
2022,16.36,25.071667
