year,y_true,y_pred
2018,77.91,72.76337
2019,108.26,72.76337
2020,99.81,52.611763
2021,99.11,52.611763
2022,155.41,52.611763
