year,y_true,y_pred
2018,31.16,59.74067
2019,30.93,59.74067
2020,38.39,59.74067
2021,22.87,59.74067
2022,98.15,59.74067
