year,y_true,y_pred
2018,75.29,24.607256
2019,47.69,23.57118
2020,63.75,24.607256
2021,59.92,24.607256
2022,75.5,24.607256
