year,y_true,y_pred
2018,366.12,405.81442
2019,349.22,405.81442
2020,291.85,405.81442
2021,267.08,405.81442
2022,205.45,405.81442
