year,y_true,y_pred
2018,32.54,28.949902
2019,48.73,27.786514
2020,48.64,21.857315
2021,40.47,27.786514
2022,6.85,27.786514
