year,y_true,y_pred
2018,26.75,33.40927
2019,57.66,29.373667
2020,30.73,33.40927
2021,17.38,28.158667
2022,44.03,28.158667
