year,y_true,y_pred
2018,0.0,84.087616
2019,35.78,80.40251
2020,107.64,117.083786
2021,71.97,53.336407
2022,102.88,84.087616
