year,y_true,y_pred
2018,1390.87,762.03687
2019,858.68,808.2864
2020,645.86,806.8869
2021,683.7,762.03687
2022,1165.98,762.03687
