year,y_true,y_pred
2018,780.12,794.43976
2019,788.74,765.03253
2020,652.39,743.409
2021,665.2,743.409
2022,843.81,762.74506
