year,y_true,y_pred
2018,51.77,77.015915
2019,44.41,68.00754
2020,42.43,77.015915
2021,86.23,77.015915
2022,72.12,72.17229
