year,y_true,y_pred
2018,40.06,58.53564
2019,19.53,31.46783
2020,19.06,34.627594
2021,18.62,26.36612
2022,26.3,26.36612
