year,y_true,y_pred
2018,216.45,67.24934
2019,0.0,67.24934
2020,269.69,67.24934
2021,161.55,79.79992
2022,110.38,111.63734
