year,y_true,y_pred
2018,264.73,229.19832
2019,208.54,261.3376
2020,90.17,182.53174
2021,152.28,142.91826
2022,160.26,206.94798
