year,y_true,y_pred
2018,9.98,30.908508
2019,9.96,10.690294
2020,9.94,10.520922
2021,79.41,17.046148
2022,73.96,31.086409
