year,y_true,y_pred
2018,808.06,387.13647
2019,547.75,700.55457
2020,258.5,837.02313
2021,446.69,484.5756
2022,528.26,834.6605
