year,y_true,y_pred
2018,484.99,358.99863
2019,587.54,411.052
2020,530.5,386.62967
2021,480.8,386.62967
2022,600.3,386.62967
