year,y_true,y_pred
2018,42.17,32.816998
2019,83.93,57.099407
2020,48.86,42.165676
2021,34.84,57.099407
2022,71.46,42.16655
