year,y_true,y_pred
2018,16.29,33.15613
2019,48.5,37.219334
2020,40.11,44.90767
2021,39.81,33.15613
2022,55.27,33.15613
