year,y_true,y_pred
2018,155.28,69.00448
2019,123.99,89.19829
2020,30.94,74.47491
2021,30.89,55.30507
2022,55.4,48.00138
