year,y_true,y_pred
2018,514.17,982.5878
2019,718.3,662.82196
2020,478.84,973.96716
2021,628.77,618.89044
2022,458.02,973.96716
