year,y_true,y_pred
2018,39.55,21.2755
2019,39.18,21.2755
2020,77.65,21.642248
2021,115.49,21.642248
2022,27.76,21.642248
