year,y_true,y_pred
2018,307.18,327.61035
2019,540.67,327.61035
2020,350.8,327.61035
2021,442.07,352.25232
2022,432.13,327.61035
