year,y_true,y_pred
2018,47.26,19.157417
2019,94.03,16.496166
2020,46.77,16.664167
2021,139.6,16.496166
2022,25.42,16.496166
