mae,rmse,r2,city,model,sequence_length,forecast_horizon,normalization,val_size
0.03755232939224525,0.09658883698342081,-0.061430801379076305,3516200,xgboost,8,4,,
