year,y_true,y_pred
2018,456.45,391.89868
2019,532.62,390.93286
2020,266.41,538.8734
2021,590.03,454.50604
2022,538.21,641.0844
