year,y_true,y_pred
2018,57.06,48.53336
2019,57.07,58.285675
2020,0.0,58.285675
2021,57.1,0.0007970934
2022,107.64,58.288548
