year,y_true,y_pred
2018,84.0,46.955334
2019,0.0,46.955334
2020,65.33,35.841667
2021,22.28,61.60833
2022,58.29,38.61579
