year,y_true,y_pred
2018,427.11,284.63422
2019,619.2,284.63422
2020,250.56,284.63422
2021,165.24,231.09567
2022,676.44,231.09567
