year,y_true,y_pred
2018,0.0,20.139523
2019,28.15,14.072458
2020,0.0,20.139523
2021,55.08,13.92462
2022,28.18,13.92462
