year,y_true,y_pred
2018,99.63,26.073547
2019,75.45,26.073547
2020,101.57,26.073547
2021,76.9,26.073547
2022,25.08,26.073547
