year,y_true,y_pred
2018,722.29,783.79565
2019,704.23,798.05
2020,533.27,798.05
2021,589.59,783.79565
2022,902.93,783.79565
