year,y_true,y_pred
2018,23.88,34.99075
2019,47.66,34.99075
2020,26.15,31.324001
2021,56.94,30.8815
2022,55.98,31.324001
