year,y_true,y_pred
2018,300.91,262.20126
2019,331.24,262.20126
2020,254.41,262.20126
2021,298.95,262.20126
2022,318.87,262.20126
