year,y_true,y_pred
2018,66.87,41.986485
2019,59.57,52.425446
2020,73.71,71.31744
2021,59.31,52.425446
2022,60.85,73.04394
