year,y_true,y_pred
2018,145.68,134.45386
2019,152.51,134.45386
2020,154.55,134.45386
2021,189.81,134.45386
2022,160.65,134.45386
