year,y_true,y_pred
2018,4.78,13.290849
2019,9.53,10.898733
2020,9.51,9.714697
2021,4.75,3.8189492
2022,4.87,5.0472775
