year,y_true,y_pred
2018,0.0,0.5122857
2019,0.0,0.5122857
2020,2.38,0.5122857
2021,0.0,0.5122857
2022,0.0,0.5122857
