year,y_true,y_pred
2018,10.74,17.998833
2019,8.85,17.998833
2020,12.24,17.998833
2021,19.03,16.1775
2022,33.04,16.1775
