year,y_true,y_pred
2018,236.39,277.1374
2019,219.43,277.1374
2020,211.66,163.42503
2021,224.86,195.90158
2022,326.24,164.19563
