mae,rmse,r2,city,model,order
206.75983432838174,235.50972536544228,-3.007327501646569,São Paulo,arima,"(4, 0, 4)"
