year,y_true,y_pred
2018,84.29,14.697073
2019,28.87,14.697073
2020,29.64,13.538686
2021,152.11,37.50505
2022,246.44,58.59104
