year,y_true,y_pred
2018,671.86,624.0203
2019,554.97,647.1513
2020,516.07,647.1513
2021,580.13,650.76526
2022,556.17,650.76526
