year,y_true,y_pred
2018,76.35,17.896948
2019,15.0,31.170717
2020,0.0,22.351133
2021,0.0,58.600777
2022,0.0,35.624905
