year,y_true,y_pred
2018,126.7,261.85284
2019,162.98,261.85284
2020,287.46,286.50113
2021,283.06,261.85284
2022,300.21,261.85284
