year,y_true,y_pred
2018,77.89,56.028767
2019,76.37,56.028767
2020,79.34,56.028767
2021,72.28,56.028767
2022,77.41,56.028767
