year,y_true,y_pred
2018,556.5,606.7907
2019,554.78,632.6988
2020,451.45,629.13293
2021,622.73,237.90541
2022,593.47,669.8214
