year,y_true,y_pred
2018,28.22,22.670156
2019,24.71,22.670156
2020,29.05,22.670156
2021,24.46,22.670156
2022,29.32,22.670156
