year,y_true,y_pred
2018,30.48,40.102
2019,33.69,30.387701
2020,30.17,29.6227
2021,32.25,31.959738
2022,32.84,27.61795
