year,y_true,y_pred
2018,127.55,120.15437
2019,117.92,120.15437
2020,126.27,120.15437
2021,96.75,120.15437
2022,117.29,120.15437
