year,y_true,y_pred
2018,1.13,0.264125
2019,0.0,0.264125
2020,0.0,0.264125
2021,0.0,0.264125
2022,0.0,0.264125
