year,y_true,y_pred
2018,108.28,101.052505
2019,81.81,113.263626
2020,93.38,101.052505
2021,105.08,101.052505
2022,198.48,101.052505
