year,y_true,y_pred
2018,48.91,56.916588
2019,78.69,56.916588
2020,33.6,67.123474
2021,59.51,47.23169
2022,66.5,50.43824
