year,y_true,y_pred
2018,42.22,47.58533
2019,41.93,49.87179
2020,55.55,54.36729
2021,41.4,47.58533
2022,12.71,43.855965
