year,y_true,y_pred
2018,562.98,557.52374
2019,545.15,557.52374
2020,736.01,557.52374
2021,924.52,687.64795
2022,762.87,687.64795
