year,y_true,y_pred
2018,721.91,745.70215
2019,668.92,745.70215
2020,607.85,745.70215
2021,624.31,745.70215
2022,727.94,874.4048
