year,y_true,y_pred
2018,56.89,52.692875
2019,47.15,55.180813
2020,49.21,51.2807
2021,54.52,51.2807
2022,59.13,51.2807
