year,y_true,y_pred
2018,0.0,0.15085714
2019,0.0,0.15085714
2020,0.83,0.15085714
2021,0.41,0.096
2022,0.43,0.096
