year,y_true,y_pred
2018,7.16,10.179459
2019,10.43,10.179459
2020,20.26,10.752833
2021,20.91,9.889958
2022,29.13,9.889958
