year,y_true,y_pred
2018,36.66,32.517212
2019,48.41,45.738567
2020,50.86,40.29528
2021,65.18,38.11052
2022,65.55,36.695385
