year,y_true,y_pred
2018,104.94,44.71929
2019,89.72,44.71929
2020,90.97,44.71929
2021,95.1,44.71929
2022,101.11,44.71929
