year,y_true,y_pred
2018,557.37,461.39297
2019,245.27,461.39297
2020,314.12,461.39297
2021,520.05,461.39297
2022,315.32,461.39297
