year,y_true,y_pred
2018,67.97,60.67925
2019,68.13,60.67925
2020,27.31,60.67925
2021,82.11,53.594955
2022,75.08,31.987764
