year,y_true,y_pred
2018,33.79,13.101122
2019,31.23,13.101122
2020,38.26,13.101122
2021,28.56,13.101122
2022,24.32,13.101122
