year,y_true,y_pred
2018,24.13,15.244299
2019,16.81,19.250313
2020,11.96,19.250313
2021,21.42,15.244299
2022,42.56,19.250313
