year,y_true,y_pred
2018,2.41,0.4275238
2019,0.0,0.4275238
2020,0.0,0.4275238
2021,2.38,0.4275238
2022,0.0,0.4275238
