year,y_true,y_pred
2018,115.84,72.00834
2019,100.89,71.83471
2020,109.99,71.83471
2021,121.4,71.83471
2022,88.16,71.83471
