year,y_true,y_pred
2018,12.07,12.04241
2019,16.81,10.911928
2020,16.74,12.04241
2021,23.8,12.04241
2022,15.2,12.04241
