year,y_true,y_pred
2018,2.41,1.7149128
2019,14.41,1.7149128
2020,0.0,0.0013184056
2021,2.38,0.0013184056
2022,9.12,2.4791262
