year,y_true,y_pred
2018,64.76,35.681084
2019,56.58,35.681084
2020,51.13,35.681084
2021,68.46,39.652664
2022,78.25,39.652664
