year,y_true,y_pred
2018,249.23,319.7796
2019,334.47,378.61813
2020,296.76,398.7717
2021,251.35,378.61813
2022,304.21,343.67642
