year,y_true,y_pred
2018,60.42,23.597332
2019,30.41,20.895832
2020,22.83,21.412666
2021,38.08,23.597332
2022,7.07,18.996832
