year,y_true,y_pred
2018,7.55,14.987821
2019,15.2,7.5733337
2020,0.0,14.690696
2021,7.62,26.10409
2022,0.0,14.987821
