year,y_true,y_pred
2018,173.7,98.43064
2019,159.64,98.43064
2020,190.23,98.43064
2021,205.65,98.43064
2022,169.79,98.43064
