year,y_true,y_pred
2018,90.63,73.49877
2019,76.02,73.49877
2020,91.31,73.49877
2021,121.87,102.80308
2022,84.9,73.49877
