year,y_true,y_pred
2018,0.0,0.74888307
2019,0.0,0.74888307
2020,0.0,0.74888307
2021,0.0,0.74888307
2022,0.0,0.74888307
