year,y_true,y_pred
2018,23.14,14.712916
2019,19.23,18.148333
2020,15.34,18.148333
2021,3.83,14.712916
2022,12.55,13.845952
