year,y_true,y_pred
2018,393.34,403.51547
2019,519.23,485.79504
2020,402.79,318.40442
2021,359.68,490.12143
2022,577.31,272.46915
