year,y_true,y_pred
2018,6.27,3.468762
2019,9.4,5.4606667
2020,6.26,4.566146
2021,12.51,3.5027084
2022,27.27,4.566146
