year,y_true,y_pred
2018,454.63,504.39697
2019,432.34,504.39697
2020,413.24,504.39697
2021,434.82,504.39697
2022,872.51,504.39697
