year,y_true,y_pred
2018,37.62,23.343761
2019,25.06,24.766468
2020,18.78,24.766468
2021,18.77,20.16361
2022,46.74,24.708755
