year,y_true,y_pred
2018,28.22,10.6809435
2019,12.53,15.061336
2020,21.91,26.983925
2021,18.77,23.847275
2022,19.48,27.092514
