year,y_true,y_pred
2018,0.0,0.2741875
2019,0.0,0.2741875
2020,0.0,0.2741875
2021,0.0,0.2741875
2022,0.0,0.2741875
