year,y_true,y_pred
2018,131.69,141.16342
2019,131.58,141.16342
2020,97.05,134.39047
2021,115.74,119.557144
2022,124.64,124.648926
