year,y_true,y_pred
2018,6.27,0.26705
2019,3.13,0.20825
2020,0.0,0.20825
2021,0.0,0.20825
2022,0.0,0.20825
