mae,rmse,r2,city,model,sequence_length,forecast_horizon,normalization,val_size
0.026470526882534484,0.13295371938486733,0.014393439591954826,3300704,xgboost,8,4,,
