year,y_true,y_pred
2018,76.84,64.075584
2019,51.11,64.075584
2020,0.0,68.83683
2021,50.86,82.07033
2022,51.77,82.07033
