year,y_true,y_pred
2018,0.0,2.3616667
2019,0.0,2.3616667
2020,0.0,2.3616667
2021,0.0,2.3616667
2022,25.89,2.3616667
