year,y_true,y_pred
2018,25.61,33.12902
2019,25.56,33.12902
2020,25.49,33.12902
2021,0.0,33.12902
2022,51.77,33.12902
