year,y_true,y_pred
2018,179.3,53.65321
2019,25.56,43.5394
2020,50.98,43.5394
2021,50.86,63.53515
2022,51.77,53.65321
