year,y_true,y_pred
2018,37.58,82.849
2019,113.94,64.815125
2020,76.75,60.19512
2021,116.32,55.029686
2022,167.93,55.029686
