year,y_true,y_pred
2018,901.92,903.41833
2019,835.55,1065.3539
2020,690.71,903.41833
2021,659.17,903.41833
2022,1259.45,903.41833
