year,y_true,y_pred
2018,80.13,97.41145
2019,101.38,63.261024
2020,50.4,63.345352
2021,78.77,59.303
2022,59.08,97.41145
