year,y_true,y_pred
2018,230.12,774.29114
2019,504.67,774.29114
2020,572.99,774.29114
2021,516.86,774.29114
2022,663.65,774.29114
