year,y_true,y_pred
2018,25.57,40.734303
2019,50.47,33.5381
2020,49.83,40.734303
2021,49.22,26.20074
2022,150.83,26.20074
