year,y_true,y_pred
2018,45.73,40.96344
2019,36.23,40.96344
2020,37.13,40.96344
2021,48.16,40.96344
2022,44.68,46.574516
