year,y_true,y_pred
2018,15.01,15.603542
2019,15.69,16.159525
2020,12.91,16.159027
2021,17.74,13.169263
2022,17.15,16.9996
