year,y_true,y_pred
2018,1.15,3.2993333
2019,3.23,3.1475418
2020,2.31,2.8813334
2021,2.3,3.0755417
2022,2.17,3.0755417
