year,y_true,y_pred
2018,48.73,41.090466
2019,45.93,41.090466
2020,36.43,41.090466
2021,46.78,39.10564
2022,57.48,42.899967
