year,y_true,y_pred
2018,248.75,250.34839
2019,213.24,250.34839
2020,198.78,237.44246
2021,241.02,237.44246
2022,242.74,250.34839
