year,y_true,y_pred
2018,20.19,49.008133
2019,40.58,60.86375
2020,40.77,60.86375
2021,20.48,49.784084
2022,45.67,60.86375
