year,y_true,y_pred
2018,67.25,86.937065
2019,73.48,86.937065
2020,99.54,72.04443
2021,92.32,78.91494
2022,96.79,78.91494
