year,y_true,y_pred
2018,141.23,205.90567
2019,166.99,205.90567
2020,218.99,205.70618
2021,276.95,205.70618
2022,186.67,209.70967
