year,y_true,y_pred
2018,20.18,17.724031
2019,20.04,47.7228
2020,59.73,38.04847
2021,65.94,34.182377
2022,27.65,34.182377
