year,y_true,y_pred
2018,26.9,21.271376
2019,20.04,18.040562
2020,13.27,21.271376
2021,52.75,19.203001
2022,6.91,23.601812
