year,y_true,y_pred
2018,0.0,0.67761666
2019,0.0,0.67761666
2020,0.0,0.67761666
2021,0.0,0.67761666
2022,0.0,0.67761666
