year,y_true,y_pred
2018,24.71,9.156625
2019,51.5,9.156625
2020,26.86,9.156625
2021,28.05,9.156625
2022,24.96,9.156625
