year,y_true,y_pred
2018,345.89,326.71005
2019,321.87,352.14255
2020,241.77,299.94363
2021,210.38,342.41833
2022,262.11,326.71005
