year,y_true,y_pred
2018,43.22,111.60872
2019,44.39,111.60872
2020,45.58,0.0019467113
2021,46.84,0.0019467113
2022,0.0,0.0019467113
