year,y_true,y_pred
2018,20.89,39.066666
2019,42.24,45.340584
2020,42.7,44.652084
2021,118.66,45.991585
2022,54.18,56.11467
