year,y_true,y_pred
2018,114.19,161.47433
2019,73.33,161.47433
2020,118.55,161.47433
2021,77.27,161.47433
2022,89.43,161.47433
