year,y_true,y_pred
2018,41.24,35.07317
2019,25.5,35.07317
2020,38.45,49.62994
2021,57.95,36.370743
2022,51.1,53.07992
