year,y_true,y_pred
2018,28.55,31.153767
2019,22.32,31.153767
2020,19.22,25.440853
2021,22.54,31.153767
2022,15.97,31.153767
