year,y_true,y_pred
2018,6.34,2.3552082
2019,3.19,2.3552082
2020,6.41,2.3552082
2021,3.22,2.3552082
2022,6.39,2.3552082
