year,y_true,y_pred
2018,168.12,228.68266
2019,159.4,228.68266
2020,147.38,228.68266
2021,206.05,228.68266
2022,146.92,228.68266
