year,y_true,y_pred
2018,57.24,28.495962
2019,49.18,48.464058
2020,46.36,28.495962
2021,51.26,28.495962
2022,44.44,28.495962
