year,y_true,y_pred
2018,145.71,150.44017
2019,150.14,150.44017
2020,171.28,150.44017
2021,197.36,150.44017
2022,200.0,154.2965
