year,y_true,y_pred
2018,2.6,1.7034167
2019,0.0,1.4827917
2020,2.58,1.7034167
2021,5.13,1.4827917
2022,4.17,1.4827917
