year,y_true,y_pred
2018,18.21,9.528021
2019,14.24,10.533747
2020,19.32,13.496573
2021,20.51,13.496573
2022,16.67,13.496573
