year,y_true,y_pred
2018,1220.79,891.30597
2019,787.77,1019.25
2020,704.14,988.425
2021,793.74,891.30597
2022,1021.03,935.33
