year,y_true,y_pred
2018,46.51,48.307297
2019,46.34,55.232716
2020,80.8,61.47707
2021,46.01,42.93624
2022,81.68,48.362568
