year,y_true,y_pred
2018,51.39,24.814667
2019,63.59,23.496666
2020,37.78,24.814667
2021,49.9,24.814667
2022,77.09,29.692665
