year,y_true,y_pred
2018,1310.38,970.63934
2019,1398.96,970.63934
2020,982.37,970.63934
2021,873.25,946.7753
2022,940.49,857.5746
