year,y_true,y_pred
2018,704.18,821.67554
2019,854.7,812.7512
2020,776.08,756.29926
2021,671.94,821.67554
2022,1196.75,812.7512
