year,y_true,y_pred
2018,40.63,51.035374
2019,53.84,47.477375
2020,40.14,52.806126
2021,33.26,52.806126
2022,82.79,52.806126
