year,y_true,y_pred
2018,305.6,518.31775
2019,297.35,518.31775
2020,270.23,518.31775
2021,324.86,518.31775
2022,564.86,518.31775
