year,y_true,y_pred
2018,26.19,41.11106
2019,33.04,28.566
2020,32.75,28.566
2021,32.49,41.11106
2022,76.59,41.11106
