year,y_true,y_pred
2018,130.72,425.34003
2019,96.53,359.3827
2020,95.12,378.59467
2021,62.5,365.01068
2022,368.02,365.01068
