year,y_true,y_pred
2018,32.68,17.277332
2019,32.18,17.277332
2020,0.0,22.612165
2021,0.0,22.612165
2022,33.46,22.612165
