year,y_true,y_pred
2018,96.27,86.17733
2019,190.98,113.88504
2020,84.21,108.42142
2021,94.01,98.47567
2022,54.78,98.47567
