mae,rmse,r2,city,model,sequence_length,forecast_horizon,normalization,val_size
0.14898064158670096,0.44720801189473036,-0.07138812648505066,1301209,xgboost,8,4,,
