year,y_true,y_pred
2018,72.03,66.26077
2019,121.8,86.59303
2020,148.26,66.26077
2021,100.23,74.88546
2022,109.84,78.664665
