year,y_true,y_pred
2018,0.0,13.694209
2019,27.06,13.694209
2020,27.7,21.692669
2021,28.36,12.871234
2022,26.66,18.098667
