year,y_true,y_pred
2018,277.52,403.49985
2019,351.78,403.49985
2020,332.41,369.6261
2021,340.33,369.6261
2022,479.81,369.6261
