year,y_true,y_pred
2018,28.71,40.317818
2019,28.94,31.531078
2020,58.32,23.741116
2021,73.43,26.53126
2022,91.74,26.53126
