year,y_true,y_pred
2018,294.31,699.22455
2019,253.22,699.22455
2020,218.71,699.22455
2021,308.39,699.22455
2022,508.71,699.22455
