year,y_true,y_pred
2018,72.51,68.87306
2019,57.36,68.87306
2020,38.18,70.62807
2021,34.04,70.62807
2022,52.53,70.62807
