year,y_true,y_pred
2018,4.1,2.8915958
2019,1.37,1.710466
2020,5.45,2.5173333
2021,1.36,1.710466
2022,2.92,2.5173333
