year,y_true,y_pred
2018,94.4,128.81047
2019,103.8,97.205185
2020,111.81,127.5613
2021,110.28,105.70692
2022,124.03,105.70503
