year,y_true,y_pred
2018,15.05,12.241101
2019,10.93,12.241101
2020,20.45,10.301216
2021,17.7,12.241101
2022,14.59,12.241101
