year,y_true,y_pred
2018,61.56,38.897774
2019,39.61,38.897774
2020,49.09,38.897774
2021,69.43,38.897774
2022,75.87,53.645134
