year,y_true,y_pred
2018,10.71,42.164333
2019,21.08,42.164333
2020,23.36,42.164333
2021,40.94,42.164333
2022,23.39,42.164333
