year,y_true,y_pred
2018,44.88,48.522
2019,66.45,35.5958
2020,0.0,30.951998
2021,108.06,48.522
2022,82.51,30.951998
