year,y_true,y_pred
2018,224.52,71.859085
2019,134.83,71.859085
2020,89.93,71.859085
2021,90.01,71.859085
2022,250.13,71.859085
