year,y_true,y_pred
2018,77.22,92.3659
2019,106.72,95.49055
2020,92.07,109.29709
2021,92.14,112.217354
2022,71.31,82.2293
