year,y_true,y_pred
2018,85.67,45.7399
2019,51.99,45.7399
2020,48.14,45.7399
2021,48.01,37.48656
2022,86.43,37.48656
