year,y_true,y_pred
2018,532.67,310.34543
2019,594.2,289.13455
2020,325.89,289.13528
2021,550.3,315.18936
2022,706.47,289.13455
