year,y_true,y_pred
2018,22.35,18.917633
2019,29.71,13.715134
2020,7.41,13.715134
2021,29.55,18.062933
2022,30.06,14.927184
