year,y_true,y_pred
2018,44.7,17.885605
2019,33.42,20.473791
2020,66.66,20.934292
2021,29.55,20.934292
2022,52.61,20.934292
