year,y_true,y_pred
2018,0.0,0.4555465
2019,3.71,0.4555465
2020,3.7,0.4555465
2021,0.0,0.4555465
2022,3.76,0.4555465
