year,y_true,y_pred
2018,104.3,106.55382
2019,137.41,96.796875
2020,177.76,106.55382
2021,96.03,106.55382
2022,135.28,97.260376
