year,y_true,y_pred
2018,49.9,62.669167
2019,0.0,47.761333
2020,0.0,55.737293
2021,24.94,55.737293
2022,54.39,62.669167
