year,y_true,y_pred
2018,20.45,20.980198
2019,71.35,20.488451
2020,30.49,14.290877
2021,70.97,34.43265
2022,43.13,10.570907
