year,y_true,y_pred
2018,541.81,1081.3601
2019,631.94,780.46204
2020,365.93,476.361
2021,415.7,781.07025
2022,312.67,781.07025
