year,y_true,y_pred
2018,57.46,57.055958
2019,60.64,57.055958
2020,51.06,51.602634
2021,63.82,64.31544
2022,67.04,64.31544
