year,y_true,y_pred
2018,57.46,17.77945
2019,57.45,16.173752
2020,57.44,15.280285
2021,63.82,15.280285
2022,33.52,15.280285
