year,y_true,y_pred
2018,108.54,87.49625
2019,35.11,80.31979
2020,108.5,80.31979
2021,102.11,80.31979
2022,141.53,90.38787
