year,y_true,y_pred
2018,31.92,20.075937
2019,44.68,31.833586
2020,38.3,22.30816
2021,35.1,34.065815
2022,33.52,32.88247
