year,y_true,y_pred
2018,67.24,68.82208
2019,127.19,71.21367
2020,124.62,68.82208
2021,134.9,68.82208
2022,99.8,68.82208
