year,y_true,y_pred
2018,80.82,76.67833
2019,60.11,72.62933
2020,44.72,67.92533
2021,69.03,76.67833
2022,60.2,72.62933
