year,y_true,y_pred
2018,33.86,21.438133
2019,28.02,16.976082
2020,44.54,17.847582
2021,22.13,16.976082
2022,22.43,17.847582
