year,y_true,y_pred
2018,57.73,34.89733
2019,26.42,34.89733
2020,34.97,40.364334
2021,34.71,37.129166
2022,40.19,35.765667
