year,y_true,y_pred
2018,43.9,5.68998
2019,43.84,0.0009848052
2020,0.0,-0.38795236
2021,21.87,0.009279426
2022,0.0,0.009279426
