year,y_true,y_pred
2018,526.78,373.25067
2019,569.93,373.25067
2020,788.09,373.25067
2021,459.22,373.25067
2022,467.18,373.25067
