year,y_true,y_pred
2018,52.66,73.83754
2019,52.94,53.416225
2020,0.0,53.416225
2021,53.45,76.07597
2022,58.34,53.416225
