year,y_true,y_pred
2018,390.72,407.65338
2019,413.99,407.65338
2020,292.15,407.65338
2021,393.06,407.65338
2022,350.98,407.65338
