year,y_true,y_pred
2018,2.81,0.5795286
2019,0.0,0.5795286
2020,0.0,0.5795286
2021,0.0,0.5795286
2022,0.0,0.5795286
