year,y_true,y_pred
2018,8.43,11.743167
2019,11.19,11.743167
2020,5.56,11.743167
2021,5.54,11.743167
2022,3.0,11.743167
