year,y_true,y_pred
2018,44.98,37.935978
2019,27.97,35.695232
2020,50.08,35.695232
2021,22.14,37.935978
2022,30.0,38.38608
