year,y_true,y_pred
2018,0.0,32.582294
2019,39.2,37.309166
2020,51.66,26.255333
2021,51.09,37.309166
2022,56.09,35.155334
