year,y_true,y_pred
2018,45.2,46.07604
2019,45.08,43.651333
2020,36.49,43.651333
2021,49.39,43.651333
2022,55.8,48.42504
