year,y_true,y_pred
2018,452.01,462.29184
2019,488.64,473.06674
2020,390.93,459.96683
2021,419.85,473.06674
2022,511.38,443.15344
