year,y_true,y_pred
2018,110.71,81.86411
2019,105.18,81.86411
2020,104.9,81.86411
2021,105.94,81.86411
2022,128.15,81.86411
