year,y_true,y_pred
2018,1.97,0.17724857
2019,1.31,0.0013450747
2020,0.65,-0.0015715891
2021,0.0,0.00031538392
2022,0.0,0.003615439
