year,y_true,y_pred
2018,47.17,47.577904
2019,45.08,48.06666
2020,57.99,42.607216
2021,50.69,47.577904
2022,47.21,48.468884
