year,y_true,y_pred
2018,12.45,9.676374
2019,12.41,10.921791
2020,10.42,11.893875
2021,14.3,9.676374
2022,12.88,11.893875
