year,y_true,y_pred
2018,119.19,45.063
2019,39.75,31.481998
2020,0.0,31.481998
2021,39.76,51.371998
2022,0.0,31.481998
