year,y_true,y_pred
2018,740.06,722.8523
2019,588.51,726.35016
2020,688.19,722.8523
2021,475.44,714.17206
2022,886.66,714.17206
