year,y_true,y_pred
2018,51.29,59.356174
2019,47.23,45.85462
2020,46.84,88.01839
2021,46.47,88.01839
2022,66.99,45.414448
