year,y_true,y_pred
2018,41.81,24.851894
2019,62.49,37.215244
2020,0.0,24.851894
2021,41.39,42.698612
2022,0.0,24.78637
