year,y_true,y_pred
2018,27.95,59.138668
2019,0.0,49.543083
2020,82.55,46.169586
2021,40.97,41.060707
2022,80.46,59.138668
