year,y_true,y_pred
2018,83.86,36.113266
2019,27.73,36.113266
2020,96.31,9.277873
2021,81.94,36.113266
2022,64.37,36.113266
