year,y_true,y_pred
2018,0.0,6.5967083
2019,13.87,6.5967083
2020,13.76,6.964114
2021,0.0,6.964114
2022,16.09,6.964114
