year,y_true,y_pred
2018,97.83,108.85578
2019,41.6,108.85578
2020,68.79,34.656696
2021,81.94,34.656696
2022,64.37,108.85578
