year,y_true,y_pred
2018,58.05,65.43237
2019,58.63,62.57506
2020,57.08,62.57506
2021,60.36,62.57506
2022,73.23,62.57506
