year,y_true,y_pred
2018,0.25,0.14466667
2019,0.24,0.15866667
2020,1.69,0.22500001
2021,0.0,0.14466667
2022,0.46,0.15866667
