year,y_true,y_pred
2018,0.25,0.07747619
2019,0.0,0.07747619
2020,0.48,0.07747619
2021,0.24,0.06020833
2022,0.0,0.054895833
