year,y_true,y_pred
2018,68.43,51.978283
2019,85.5,51.978283
2020,94.56,51.978283
2021,100.36,51.978283
2022,103.44,51.978283
