year,y_true,y_pred
2018,4.94,5.772717
2019,6.84,2.997427
2020,13.54,5.772717
2021,16.29,5.058074
2022,16.25,5.058074
