year,y_true,y_pred
2018,25.94,31.596355
2019,28.58,31.596355
2020,34.34,31.596355
2021,36.41,31.515549
2022,43.48,31.070873
