year,y_true,y_pred
2018,49.24,74.807915
2019,48.96,40.928284
2020,81.17,74.807915
2021,80.72,74.807915
2022,98.15,59.825325
