year,y_true,y_pred
2018,1132.63,679.90515
2019,1044.56,705.4691
2020,1022.73,679.90515
2021,1065.55,679.90515
2022,813.24,679.90515
