year,y_true,y_pred
2018,637.05,661.78204
2019,568.51,661.78204
2020,612.54,661.78204
2021,479.72,711.6575
2022,818.43,711.6575
