year,y_true,y_pred
2018,25.18,52.29938
2019,47.38,43.92752
2020,32.11,63.372913
2021,56.29,43.92752
2022,83.73,59.645405
