year,y_true,y_pred
2018,74.82,83.15666
2019,56.24,69.53408
2020,93.94,83.15666
2021,94.14,83.15666
2022,105.2,69.53408
