year,y_true,y_pred
2018,346.73,260.07312
2019,253.82,260.07312
2020,202.42,143.60115
2021,258.01,137.12036
2022,418.47,174.71686
