year,y_true,y_pred
2018,12.38,12.546033
2019,19.83,12.546033
2020,15.28,14.726958
2021,14.74,12.546033
2022,27.9,12.546033
