year,y_true,y_pred
2018,29.21,72.64179
2019,14.68,59.465916
2020,14.76,59.465916
2021,44.52,60.48354
2022,15.23,60.48354
