year,y_true,y_pred
2018,452.75,514.0915
2019,469.9,392.77185
2020,310.05,526.132
2021,430.39,519.48505
2022,456.9,588.48724
