year,y_true,y_pred
2018,204.47,146.10176
2019,132.16,146.10176
2020,88.59,171.2644
2021,192.94,171.2644
2022,76.15,146.10176
