year,y_true,y_pred
2018,14.6,25.817766
2019,29.37,25.817766
2020,44.29,25.817766
2021,44.52,18.231354
2022,0.0,18.231354
