year,y_true,y_pred
2018,12.03,3.581727
2019,19.89,3.581727
2020,3.94,3.581727
2021,3.91,4.3085084
2022,16.49,6.633959
