year,y_true,y_pred
2018,47.9,53.672337
2019,59.56,46.568336
2020,35.56,53.672337
2021,58.98,42.03167
2022,31.68,46.607334
