year,y_true,y_pred
2018,694.53,547.4195
2019,559.86,620.22095
2020,320.02,546.0241
2021,471.81,580.8986
2022,617.68,379.91696
