year,y_true,y_pred
2018,621.84,476.56476
2019,858.02,476.56476
2020,697.92,488.01425
2021,482.22,488.01425
2022,840.89,480.23526
