year,y_true,y_pred
2018,99.49,52.50232
2019,49.5,60.631966
2020,65.69,51.829216
2021,40.87,52.50232
2022,103.93,59.958862
