year,y_true,y_pred
2018,74.62,109.41789
2019,148.5,109.41789
2020,90.32,93.21302
2021,106.25,93.21302
2022,141.72,93.21302
