year,y_true,y_pred
2018,16.58,7.8410625
2019,16.5,7.8410625
2020,0.0,7.8410625
2021,24.52,9.823501
2022,37.79,7.8410625
