year,y_true,y_pred
2018,8.29,2.976479
2019,0.0,2.976479
2020,8.21,2.976479
2021,16.35,2.976479
2022,28.34,3.0614166
