year,y_true,y_pred
2018,82.58,94.888
2019,82.19,67.30387
2020,102.27,67.30387
2021,101.81,67.30387
2022,83.17,67.30387
