year,y_true,y_pred
2018,62.88,63.123276
2019,68.93,63.123276
2020,52.49,54.789997
2021,72.23,51.8416
2022,77.94,63.123276
