year,y_true,y_pred
2018,449.39,514.32605
2019,483.21,477.06415
2020,384.05,477.06415
2021,522.88,477.06415
2022,560.06,514.32605
