year,y_true,y_pred
2018,7.35,9.475791
2019,7.66,9.450292
2020,9.41,9.450292
2021,13.66,8.559333
2022,13.36,10.593354
