year,y_true,y_pred
2018,0.0,0.00029657158
2019,0.0,0.00029657158
2020,0.0,0.00029657158
2021,0.0,0.00029657158
2022,0.0,0.00029657158
