year,y_true,y_pred
2018,58.1,50.486336
2019,58.71,50.486336
2020,62.98,50.486336
2021,64.69,50.486336
2022,69.4,50.486336
