year,y_true,y_pred
2018,100.39,90.65036
2019,121.08,107.77373
2020,111.49,90.65036
2021,122.19,90.65036
2022,129.53,90.65036
