year,y_true,y_pred
2018,0.0,1.1029999
2019,0.36,0.96949995
2020,0.36,0.96949995
2021,0.0,0.96949995
2022,0.37,0.96949995
