year,y_true,y_pred
2018,98.39,91.81978
2019,74.03,91.81978
2020,79.36,91.205154
2021,73.61,91.205154
2022,97.48,51.969666
