year,y_true,y_pred
2018,705.87,618.91187
2019,602.13,618.91187
2020,627.78,618.91187
2021,473.51,618.91187
2022,694.44,618.91187
