year,y_true,y_pred
2018,20.56,48.950394
2019,40.14,34.611897
2020,19.62,40.399708
2021,31.99,34.611897
2022,65.79,48.950394
