year,y_true,y_pred
2018,120.78,83.978355
2019,95.68,83.978355
2020,73.35,83.978355
2021,124.64,83.978355
2022,95.12,83.978355
