year,y_true,y_pred
2018,66.93,60.75546
2019,16.78,47.000233
2020,101.01,60.75546
2021,84.4,47.000233
2022,54.38,55.189667
