year,y_true,y_pred
2018,55.88,39.650124
2019,37.02,39.650124
2020,128.77,39.650124
2021,54.87,48.12054
2022,109.82,39.650124
