year,y_true,y_pred
2018,0.0,3.2230227
2019,0.0,3.2230227
2020,0.0,3.2230227
2021,0.0,3.2230227
2022,0.0,3.2230227
