year,y_true,y_pred
2018,0.0,0.9496164
2019,0.0,0.9496164
2020,18.4,2.253352
2021,0.0,2.253352
2022,43.93,2.253352
