year,y_true,y_pred
2018,37.25,25.75575
2019,37.02,32.457333
2020,55.19,25.75575
2021,36.58,25.75575
2022,43.93,26.491333
