year,y_true,y_pred
2018,0.0,10.563875
2019,18.51,10.563875
2020,18.4,10.563875
2021,0.0,10.563875
2022,0.0,10.563875
