year,y_true,y_pred
2018,288.41,194.95125
2019,515.56,194.95125
2020,436.27,194.95125
2021,244.96,194.95125
2022,458.72,194.95125
