year,y_true,y_pred
2018,19.23,23.78225
2019,38.19,23.87975
2020,56.9,23.78525
2021,0.0,18.906126
2022,20.85,23.87975
