year,y_true,y_pred
2018,0.0,1.3636041
2019,0.0,1.3636041
2020,0.0,1.3636041
2021,0.0,1.3636041
2022,20.85,1.3636041
