year,y_true,y_pred
2018,57.68,96.719666
2019,171.85,86.47017
2020,18.97,81.946335
2021,18.84,86.47017
2022,145.95,90.02817
