year,y_true,y_pred
2018,38.45,29.286173
2019,38.19,45.1388
2020,75.87,44.618225
2021,37.69,20.898474
2022,83.4,36.459232
