year,y_true,y_pred
2018,80.54,97.49481
2019,109.53,97.49481
2020,55.26,89.10119
2021,72.04,60.651123
2022,77.84,86.84244
