year,y_true,y_pred
2018,144.95,115.569954
2019,136.9,112.07067
2020,120.79,112.09016
2021,48.32,96.17046
2022,90.98,115.569954
