year,y_true,y_pred
2018,25.56,9.360042
2019,25.45,9.360042
2020,25.34,9.360042
2021,25.23,9.360042
2022,0.0,9.360042
