year,y_true,y_pred
2018,919.81,959.91113
2019,918.77,919.5774
2020,852.57,935.77954
2021,735.15,919.5774
2022,956.58,919.5774
