year,y_true,y_pred
2018,61.84,82.95332
2019,96.31,88.60496
2020,84.49,84.79828
2021,57.43,82.95332
2022,47.04,88.6496
