year,y_true,y_pred
2018,0.0,0.19077778
2019,0.0,0.19077778
2020,0.0,0.19077778
2021,0.0,0.19077778
2022,0.0,0.19077778
