year,y_true,y_pred
2018,54.11,17.756567
2019,26.97,17.094334
2020,32.64,15.237542
2021,7.66,15.237542
2022,29.4,15.458334
