year,y_true,y_pred
2018,15.46,17.69611
2019,11.56,19.109196
2020,15.36,17.31992
2021,13.4,11.024856
2022,15.68,8.593323
