year,y_true,y_pred
2018,158.45,172.53438
2019,161.8,174.86725
2020,178.58,172.53438
2021,130.18,172.53438
2022,133.29,170.47638
