year,y_true,y_pred
2018,72.79,4.2596173
2019,90.89,20.90481
2020,108.95,30.049671
2021,90.71,1.3370767
2022,53.77,1.3370767
