year,y_true,y_pred
2018,564.15,449.54025
2019,509.0,496.13727
2020,345.02,496.13727
2021,308.42,449.54025
2022,448.11,449.54025
