year,y_true,y_pred
2018,36.4,27.221903
2019,0.0,45.69896
2020,18.16,27.221903
2021,90.71,27.221903
2022,35.85,45.69896
