year,y_true,y_pred
2018,163.79,115.30525
2019,181.79,101.703255
2020,163.43,128.22813
2021,181.42,128.22813
2022,179.24,128.22813
