year,y_true,y_pred
2018,0.0,5.506111
2019,18.18,5.506111
2020,0.0,5.506111
2021,0.0,5.506111
2022,0.0,5.506111
