year,y_true,y_pred
2018,90.99,30.269249
2019,109.07,30.371248
2020,54.48,33.072
2021,72.57,33.072
2022,35.85,33.072
