year,y_true,y_pred
2018,28.5,21.254143
2019,29.88,26.927317
2020,19.87,29.932192
2021,23.23,24.064909
2022,31.75,33.39538
