year,y_true,y_pred
2018,462.84,402.45413
2019,418.31,402.45413
2020,332.04,392.31375
2021,350.27,360.872
2022,413.76,399.97275
