year,y_true,y_pred
2018,73.56,70.012596
2019,75.3,37.27328
2020,38.55,38.30727
2021,118.41,38.30727
2022,97.9,21.109592
