year,y_true,y_pred
2018,441.34,486.8248
2019,527.11,486.8248
2020,501.16,515.26416
2021,611.8,515.26416
2022,567.85,577.5939
