year,y_true,y_pred
2018,858.74,661.2966
2019,755.04,719.29663
2020,994.6,625.0072
2021,822.48,661.2966
2022,646.84,719.29663
