year,y_true,y_pred
2018,51.52,41.64475
2019,17.16,41.64475
2020,42.87,41.952248
2021,85.68,36.694
2022,52.16,42.89425
