year,y_true,y_pred
2018,85.87,51.11883
2019,42.9,51.11883
2020,42.87,62.904873
2021,85.68,62.904873
2022,104.33,62.904873
