year,y_true,y_pred
2018,94.46,29.979301
2019,68.64,41.104004
2020,162.91,29.979301
2021,128.51,41.104004
2022,198.23,41.104004
