year,y_true,y_pred
2018,25.76,10.343333
2019,25.74,10.343333
2020,8.57,10.343333
2021,17.14,13.572792
2022,20.87,10.343333
