year,y_true,y_pred
2018,62.52,337.12796
2019,52.87,337.12796
2020,191.35,432.25806
2021,180.35,432.25806
2022,231.97,432.25806
