year,y_true,y_pred
2018,8.93,14.165986
2019,0.0,31.271023
2020,17.4,18.978882
2021,51.53,17.398613
2022,77.32,17.398613
