year,y_true,y_pred
2018,424.09,491.27866
2019,482.41,491.27866
2020,344.18,491.27866
2021,308.37,491.27866
2022,262.43,491.27866
