year,y_true,y_pred
2018,31.18,22.90843
2019,36.64,22.318615
2020,20.95,22.318615
2021,35.24,22.90843
2022,21.87,23.516764
