year,y_true,y_pred
2018,40.54,57.172085
2019,51.91,56.754337
2020,59.86,38.182117
2021,32.31,35.906296
2022,51.94,29.521025
