year,y_true,y_pred
2018,40.54,41.598667
2019,36.64,35.162666
2020,35.91,35.162666
2021,46.99,35.162666
2022,46.47,35.162666
