year,y_true,y_pred
2018,0.0,0.81739587
2019,0.0,0.81739587
2020,0.0,0.81739587
2021,0.0,0.81739587
2022,0.0,0.81739587
