year,y_true,y_pred
2018,0.0,0.817663
2019,0.0,0.817663
2020,0.0,0.817663
2021,0.0,0.817663
2022,5.47,0.817663
