year,y_true,y_pred
2018,21.83,13.573687
2019,18.32,12.561999
2020,14.96,15.3195
2021,23.49,12.561999
2022,19.14,12.561999
