year,y_true,y_pred
2018,44.42,51.894756
2019,50.68,51.894756
2020,41.55,51.894756
2021,47.77,51.894756
2022,51.14,51.894756
