year,y_true,y_pred
2018,543.09,925.25104
2019,474.89,925.25104
2020,476.77,925.25104
2021,425.55,925.25104
2022,540.8,925.25104
