year,y_true,y_pred
2018,1.11,0.35075
2019,0.0,0.35075
2020,1.09,0.35075
2021,0.0,0.35075
2022,2.18,0.35075
