year,y_true,y_pred
2018,8.88,17.232334
2019,16.53,15.882334
2020,19.68,15.882334
2021,14.11,17.232334
2022,18.5,15.882334
