year,y_true,y_pred
2018,33.32,25.255833
2019,30.85,25.255833
2020,30.62,23.676708
2021,32.57,23.676708
2022,46.79,23.676708
