year,y_true,y_pred
2018,91.07,95.844505
2019,101.37,101.32987
2020,87.48,87.18122
2021,105.3,101.32987
2022,116.43,124.13863
