year,y_true,y_pred
2018,238.82,215.93738
2019,288.39,220.45688
2020,172.4,238.008
2021,79.18,215.93738
2022,154.47,221.83087
