year,y_true,y_pred
2018,37.37,38.959667
2019,69.84,40.60533
2020,64.98,39.522167
2021,4.63,34.341415
2022,37.27,37.180668
