year,y_true,y_pred
2018,406.39,478.08667
2019,423.71,478.08667
2020,278.49,478.08667
2021,328.54,478.08667
2022,559.08,478.08667
