year,y_true,y_pred
2018,9.34,5.528667
2019,9.31,6.3079586
2020,18.57,7.2825212
2021,9.25,4.540667
2022,32.61,4.540667
