year,y_true,y_pred
2018,60.72,36.421097
2019,65.19,39.57039
2020,74.26,39.57039
2021,60.15,36.421097
2022,55.91,36.421097
