year,y_true,y_pred
2018,130.79,145.12708
2019,172.28,121.26036
2020,134.6,145.12708
2021,157.33,145.12708
2022,204.99,145.12708
