year,y_true,y_pred
2018,63.23,93.2191
2019,49.14,83.56467
2020,49.1,83.56467
2021,84.1,83.56467
2022,29.03,93.2191
