year,y_true,y_pred
2018,42.66,2.2499654
2019,16.69,1.5491102
2020,0.0,6.1185555
2021,24.01,6.1185555
2022,56.04,5.9680643
