year,y_true,y_pred
2018,290.1,137.39667
2019,150.23,143.46967
2020,171.55,137.39667
2021,112.03,162.1587
2022,373.62,137.39667
