year,y_true,y_pred
2018,26.42,53.944847
2019,71.09,45.897526
2020,35.67,82.17033
2021,35.78,44.751488
2022,45.24,92.720375
