year,y_true,y_pred
2018,0.0,2.0522432
2019,0.0,2.0522432
2020,0.0,2.0522432
2021,0.0,2.0522432
2022,0.0,2.0522432
