year,y_true,y_pred
2018,96.87,121.93956
2019,168.84,121.93956
2020,89.17,102.82037
2021,116.28,121.93956
2022,226.22,121.93956
