year,y_true,y_pred
2018,70.45,60.174377
2019,44.43,60.174377
2020,62.42,55.624874
2021,62.61,60.174377
2022,63.34,60.174377
