year,y_true,y_pred
2018,34.32,26.792362
2019,0.0,47.521004
2020,101.56,47.443302
2021,33.64,50.9985
2022,38.17,62.136227
