year,y_true,y_pred
2018,549.07,968.34174
2019,818.0,968.34174
2020,643.2,1056.0815
2021,639.09,1056.0815
2022,1335.88,1056.0815
