year,y_true,y_pred
2018,92.38,41.33069
2019,73.68,45.790115
2020,97.07,43.085613
2021,104.93,43.085613
2022,133.35,43.085613
