year,y_true,y_pred
2018,148.84,48.066166
2019,152.62,48.066166
2020,177.96,48.066166
2021,138.06,48.066166
2022,177.8,48.066166
