year,y_true,y_pred
2018,0.0,0.004100388
2019,0.0,0.004100388
2020,0.0,0.0007978908
2021,0.0,0.49496192
2022,0.0,0.49496192
