year,y_true,y_pred
2018,0.0,1.0383382
2019,0.0,1.0383382
2020,0.0,1.0383382
2021,0.0,1.0383382
2022,0.0,1.0383382
