year,y_true,y_pred
2018,51.32,26.098854
2019,15.79,28.513906
2020,43.14,17.356699
2021,27.61,17.715496
2022,38.89,28.151194
