year,y_true,y_pred
2018,30.79,17.694996
2019,31.58,10.684733
2020,16.18,10.684733
2021,49.7,17.694996
2022,55.56,17.694996
