year,y_true,y_pred
2018,204.39,229.47337
2019,178.43,329.72488
2020,114.46,264.02606
2021,63.46,229.48882
2022,200.88,231.19273
