year,y_true,y_pred
2018,38.32,26.185713
2019,25.49,10.879036
2020,25.44,0.7322395
2021,0.0,13.46792
2022,26.78,26.45901
