year,y_true,y_pred
2018,13.2,11.855374
2019,32.78,11.855374
2020,39.08,11.855374
2021,25.89,11.855374
2022,45.36,11.855374
