year,y_true,y_pred
2018,244.19,183.32788
2019,380.25,183.32788
2020,254.04,350.77948
2021,271.86,183.32788
2022,393.11,208.76549
