year,y_true,y_pred
2018,128.35,87.763
2019,116.59,90.145004
2020,115.87,85.457504
2021,111.6,93.431
2022,106.51,93.431
