year,y_true,y_pred
2018,59.78,31.62835
2019,96.47,26.76577
2020,51.59,44.696857
2021,73.2,42.302994
2022,76.85,44.696857
