year,y_true,y_pred
2018,16.05,24.262585
2019,12.04,24.262585
2020,11.83,24.262585
2021,22.36,24.262585
2022,26.7,25.540585
