year,y_true,y_pred
2018,152.92,201.29779
2019,165.84,201.29779
2020,164.7,201.29779
2021,218.22,201.29779
2022,294.7,201.29779
