year,y_true,y_pred
2018,67.97,64.14579
2019,46.32,63.24427
2020,56.42,61.924454
2021,62.61,65.16913
2022,61.61,63.24427
