year,y_true,y_pred
2018,33.98,50.825035
2019,38.91,52.32571
2020,28.21,52.32571
2021,42.03,52.32571
2022,55.45,54.917667
