year,y_true,y_pred
2018,0.94,3.9077082
2019,1.85,4.3337083
2020,1.82,4.5520334
2021,4.47,4.5520334
2022,4.11,4.5520334
