year,y_true,y_pred
2018,354.72,318.8771
2019,510.53,352.78085
2020,347.33,318.8771
2021,343.86,363.15515
2022,301.2,352.78085
