year,y_true,y_pred
2018,0.0,43.66025
2019,31.91,36.316
2020,31.58,42.162
2021,62.52,36.316
2022,136.91,43.66025
