year,y_true,y_pred
2018,0.0,52.99902
2019,97.56,52.99902
2020,0.0,59.291958
2021,96.53,43.580956
2022,36.97,37.855457
