year,y_true,y_pred
2018,274.85,244.70515
2019,239.15,244.70515
2020,162.66,218.5997
2021,133.38,216.07985
2022,274.39,213.50745
