year,y_true,y_pred
2018,10.47,3.7040834
2019,18.2,3.7040834
2020,5.16,3.7040834
2021,7.69,3.7040834
2022,18.5,3.7040834
