year,y_true,y_pred
2018,0.0,0.26341668
2019,0.0,0.26341668
2020,0.0,0.26341668
2021,2.56,0.26341668
2022,3.08,0.26341668
