year,y_true,y_pred
2018,138.73,98.63263
2019,116.97,89.40515
2020,139.42,89.57558
2021,123.12,89.57558
2022,163.4,89.57558
