year,y_true,y_pred
2018,13.09,15.116625
2019,13.0,15.116625
2020,10.33,13.354334
2021,28.21,15.116625
2022,15.41,15.116625
