year,y_true,y_pred
2018,15.71,16.82901
2019,7.8,27.868052
2020,20.66,3.4320881
2021,28.21,27.06394
2022,40.08,26.947636
