year,y_true,y_pred
2018,40.62,50.114033
2019,122.87,27.893326
2020,55.04,44.370335
2021,124.77,51.606052
2022,98.65,44.370335
