year,y_true,y_pred
2018,516.85,674.4087
2019,527.0,446.64508
2020,655.35,444.692
2021,719.04,595.36237
2022,679.59,496.36337
