year,y_true,y_pred
2018,43.07,52.789875
2019,10.76,55.744873
2020,21.49,55.744873
2021,96.59,61.193
2022,55.7,55.744873
