year,y_true,y_pred
2018,14.25,20.994081
2019,28.22,23.286083
2020,0.0,20.994081
2021,0.0,26.390934
2022,16.91,17.574532
