year,y_true,y_pred
2018,342.08,505.79233
2019,324.58,505.79233
2020,377.36,505.79233
2021,373.81,505.79233
2022,558.09,505.79233
