year,y_true,y_pred
2018,39.34,26.767506
2019,9.94,31.604252
2020,70.37,37.124466
2021,60.98,29.736618
2022,38.69,101.365105
