year,y_true,y_pred
2018,236.03,280.247
2019,278.44,269.014
2020,341.81,316.17502
2021,355.69,291.52252
2022,406.27,291.52252
