year,y_true,y_pred
2018,9.83,40.495224
2019,9.94,23.684784
2020,20.11,10.963429
2021,30.49,24.164347
2022,48.37,13.2864895
