year,y_true,y_pred
2018,0.0,0.81931674
2019,0.0,0.81931674
2020,0.0,0.81931674
2021,0.0,0.81931674
2022,0.0,0.81931674
