year,y_true,y_pred
2018,0.0,1.5028931
2019,0.0,1.5028931
2020,0.0,1.5028931
2021,0.0,1.5028931
2022,0.0,1.5028931
