year,y_true,y_pred
2018,78.68,76.99079
2019,59.67,82.99079
2020,60.32,86.39824
2021,101.63,86.39824
2022,135.42,86.39824
