year,y_true,y_pred
2018,9.83,31.730633
2019,0.0,39.697666
2020,50.27,30.518665
2021,10.16,31.730633
2022,67.71,39.697666
