year,y_true,y_pred
2018,29.49,21.043123
2019,92.38,19.141499
2020,48.26,21.043123
2021,33.66,21.043123
2022,40.57,19.141499
