year,y_true,y_pred
2018,89.94,56.21619
2019,135.78,56.21619
2020,102.45,63.45121
2021,80.15,63.45121
2022,60.53,56.21619
