year,y_true,y_pred
2018,31.48,91.08297
2019,159.59,41.995743
2020,32.34,64.76347
2021,98.3,27.876139
2022,122.47,35.434986
