year,y_true,y_pred
2018,26.17,31.205292
2019,13.06,31.205292
2020,13.03,24.973333
2021,51.99,22.001366
2022,41.31,38.697334
