year,y_true,y_pred
2018,222.48,408.22043
2019,391.7,408.22043
2020,508.08,414.72095
2021,337.93,511.95297
2022,385.57,217.8265
