year,y_true,y_pred
2018,60.02,106.03078
2019,113.55,87.37799
2020,80.27,91.96949
2021,80.39,85.665855
2022,81.62,85.885315
