year,y_true,y_pred
2018,220.07,162.57574
2019,166.99,163.68575
2020,107.03,177.72424
2021,127.29,177.72424
2022,244.85,153.66988
