year,y_true,y_pred
2018,20.01,21.140083
2019,33.4,24.385668
2020,20.07,21.140083
2021,20.1,21.140083
2022,6.8,16.748667
