year,y_true,y_pred
2018,13.34,44.76857
2019,66.8,23.636448
2020,60.2,12.10367
2021,66.99,12.820222
2022,61.21,12.819545
