year,y_true,y_pred
2018,0.0,0.0021862015
2019,0.0,4.41478
2020,6.69,4.41478
2021,0.0,0.0021862015
2022,0.0,0.0021862015
