year,y_true,y_pred
2018,99.11,90.06104
2019,71.88,95.697334
2020,35.85,95.697334
2021,44.7,81.77644
2022,30.6,90.06104
