year,y_true,y_pred
2018,92.02,78.516
2019,71.9,78.516
2020,84.53,78.516
2021,97.04,91.479996
2022,80.26,91.425995
