year,y_true,y_pred
2018,266.74,150.98201
2019,191.75,150.98201
2020,195.53,126.8345
2021,175.81,126.8345
2022,231.65,126.8345
