year,y_true,y_pred
2018,47.37,68.82869
2019,142.52,68.82869
2020,0.0,101.27054
2021,0.0,140.2466
2022,269.54,219.11531
