year,y_true,y_pred
2018,165.45,273.27536
2019,218.45,273.27536
2020,198.11,273.27536
2021,167.73,273.27536
2022,310.7,273.27536
