year,y_true,y_pred
2018,28.53,26.921875
2019,33.61,26.921875
2020,33.02,26.921875
2021,32.46,26.921875
2022,23.45,26.921875
