year,y_true,y_pred
2018,5.71,2.9812653
2019,5.6,2.9812653
2020,5.5,2.9812653
2021,5.41,2.9812653
2022,0.0,2.9812653
