year,y_true,y_pred
2018,17.12,36.325665
2019,16.8,36.325665
2020,22.01,28.256905
2021,37.87,31.650208
2022,17.59,31.558706
