year,y_true,y_pred
2018,62.76,54.347954
2019,72.82,31.35398
2020,71.54,31.35398
2021,102.8,31.35398
2022,52.76,39.5519
