year,y_true,y_pred
2018,5.71,9.7630415
2019,5.6,7.4113336
2020,22.01,9.11698
2021,5.41,8.852542
2022,5.86,9.7630415
