year,y_true,y_pred
2018,640.52,875.13007
2019,681.27,889.37683
2020,518.64,872.171
2021,631.15,872.171
2022,692.89,872.171
