year,y_true,y_pred
2018,26.49,58.287697
2019,43.18,48.5144
2020,50.19,57.091484
2021,47.63,63.132465
2022,43.31,40.30804
