year,y_true,y_pred
2018,26.49,36.278225
2019,26.39,36.278225
2020,26.29,28.686834
2021,26.2,21.708391
2022,53.5,21.708391
