year,y_true,y_pred
2018,45.75,40.21234
2019,47.98,43.64248
2020,66.92,43.64248
2021,64.31,38.196465
2022,71.33,38.196465
