year,y_true,y_pred
2018,98.73,116.775085
2019,119.94,128.04767
2020,112.33,120.40467
2021,92.89,116.775085
2022,140.11,122.319336
