year,y_true,y_pred
2018,480.14,700.78705
2019,451.67,700.78705
2020,320.77,700.78705
2021,352.9,700.78705
2022,594.69,700.78705
