year,y_true,y_pred
2018,51.44,37.808582
2019,36.7,38.013332
2020,41.84,45.642666
2021,60.65,45.642666
2022,38.27,37.808582
