year,y_true,y_pred
2018,21.72,56.11237
2019,34.23,51.50996
2020,37.75,51.832714
2021,47.46,51.50996
2022,34.19,51.50996
