year,y_true,y_pred
2018,362.88,504.29874
2019,349.91,426.7293
2020,303.22,504.09433
2021,350.98,504.09433
2022,344.26,504.09433
