year,y_true,y_pred
2018,43.44,14.259608
2019,36.77,13.404253
2020,55.36,13.404253
2021,43.72,14.013253
2022,31.83,14.013253
