year,y_true,y_pred
2018,10.22,5.448521
2019,11.41,4.9704585
2020,8.81,4.9704585
2021,7.49,4.9704585
2022,7.07,5.448521
