year,y_true,y_pred
2018,3.83,7.6306667
2019,3.8,7.6306667
2020,1.26,7.6306667
2021,1.25,7.6306667
2022,12.97,7.6306667
