year,y_true,y_pred
2018,81.78,79.252144
2019,88.74,86.115685
2020,110.72,80.742546
2021,106.17,80.22197
2022,104.93,95.562805
