year,y_true,y_pred
2018,41.42,53.06695
2019,24.35,54.612133
2020,19.9,54.612133
2021,74.21,54.612133
2022,44.24,50.69688
