year,y_true,y_pred
2018,1035.59,785.4924
2019,1173.26,813.3755
2020,498.52,829.1909
2021,879.98,750.57495
2022,1097.31,766.54877
