year,y_true,y_pred
2018,20.11,30.396832
2019,20.23,30.20327
2020,40.7,17.783663
2021,92.09,33.67323
2022,90.69,34.175602
