year,y_true,y_pred
2018,20.57,9.149128
2019,61.37,9.149128
2020,0.0,35.197487
2021,60.74,9.149128
2022,75.3,35.197487
