year,y_true,y_pred
2018,390.87,455.47723
2019,593.29,455.47723
2020,203.5,398.07623
2021,789.63,455.47723
2022,978.92,455.47723
