year,y_true,y_pred
2018,20.57,7.701708
2019,0.0,7.9443083
2020,0.0,7.9443083
2021,60.74,7.9443083
2022,0.0,10.845708
