year,y_true,y_pred
2018,0.0,8.358283
2019,20.46,1.6106045
2020,0.0,9.334005
2021,0.0,10.386425
2022,0.0,1.6106045
