year,y_true,y_pred
2018,61.72,6.6765122
2019,143.21,18.044378
2020,61.05,65.160194
2021,20.25,10.373775
2022,150.6,50.576946
