year,y_true,y_pred
2018,18.52,15.053271
2019,30.76,15.053271
2020,12.26,9.791271
2021,18.33,15.053271
2022,61.32,15.053271
