year,y_true,y_pred
2018,345.7,263.94046
2019,356.77,257.34497
2020,122.59,265.11197
2021,140.51,298.17603
2022,279.33,298.17603
