year,y_true,y_pred
2018,37.04,8.291708
2019,30.76,8.291708
2020,12.26,8.291708
2021,6.11,12.013667
2022,27.25,10.844133
