year,y_true,y_pred
2018,24.69,23.993383
2019,24.6,23.993383
2020,18.39,23.993383
2021,24.44,30.150883
2022,20.44,31.616716
