year,y_true,y_pred
2018,74.08,59.83773
2019,73.81,62.551994
2020,79.69,69.188896
2021,128.29,47.147346
2022,115.82,55.122837
