year,y_true,y_pred
2018,0.0,0.7211055
2019,0.0,0.7211055
2020,0.0,0.7211055
2021,0.0,0.7211055
2022,0.0,0.7211055
