year,y_true,y_pred
2018,41.53,57.47808
2019,28.88,62.521084
2020,22.51,55.487583
2021,38.43,55.487583
2022,95.14,62.521084
