year,y_true,y_pred
2018,0.0,2.3637333
2019,0.0,2.1028914
2020,0.0,7.0317097
2021,5.49,6.5913973
2022,0.0,6.5913973
