year,y_true,y_pred
2018,19.23,8.533766
2019,19.71,22.554613
2020,40.5,22.554613
2021,124.04,7.6684465
2022,69.88,8.150558
