year,y_true,y_pred
2018,346.22,320.20963
2019,551.83,320.20963
2020,607.53,514.28876
2021,1302.46,707.31464
2022,852.55,946.8448
