year,y_true,y_pred
2018,327.41,536.87854
2019,278.62,519.73505
2020,507.26,514.278
2021,480.99,474.80103
2022,748.88,536.87854
