year,y_true,y_pred
2018,0.0,57.14813
2019,23.22,34.339184
2020,161.4,49.285744
2021,114.52,57.960686
2022,149.78,57.14813
