year,y_true,y_pred
2018,7.6,29.911333
2019,37.69,31.407415
2020,26.16,30.483332
2021,40.77,28.703333
2022,70.96,34.55633
