year,y_true,y_pred
2018,17.89,24.851711
2019,35.5,16.951788
2020,26.45,23.164244
2021,26.28,24.361864
2022,26.89,16.951788
