year,y_true,y_pred
2018,246.04,221.93182
2019,199.7,212.84517
2020,277.72,211.4012
2021,236.53,212.84517
2022,215.14,234.374
