year,y_true,y_pred
2018,22.37,29.661541
2019,4.44,33.97326
2020,39.67,28.55162
2021,17.52,46.688084
2022,49.3,25.796991
