year,y_true,y_pred
2018,58.16,69.22998
2019,57.69,31.427858
2020,92.57,24.268192
2021,100.74,87.73367
2022,80.68,87.73654
