year,y_true,y_pred
2018,0.0,0.874725
2019,0.0,0.874725
2020,0.0,0.874725
2021,0.0,0.874725
2022,0.0,0.874725
