year,y_true,y_pred
2018,0.0,10.290334
2019,0.0,10.290334
2020,13.22,10.290334
2021,17.52,8.699041
2022,4.48,8.699041
