year,y_true,y_pred
2018,0.0,0.43090844
2019,0.0,0.43090844
2020,0.0,0.43090844
2021,0.0,0.43090844
2022,0.0,0.43090844
