year,y_true,y_pred
2018,132.84,255.91153
2019,99.93,255.91153
2020,102.48,255.91153
2021,84.55,255.91153
2022,224.12,255.91153
