year,y_true,y_pred
2018,16.99,14.9125
2019,7.57,17.948502
2020,7.43,19.654001
2021,4.37,19.654001
2022,19.92,19.654001
