year,y_true,y_pred
2018,41.61,49.969807
2019,42.32,38.482048
2020,46.64,38.482048
2021,48.8,38.482048
2022,53.05,41.470127
