year,y_true,y_pred
2018,492.49,652.10266
2019,516.36,652.10266
2020,479.34,652.10266
2021,420.15,652.10266
2022,508.78,652.10266
