year,y_true,y_pred
2018,121.43,121.20483
2019,125.74,119.26618
2020,119.16,123.9186
2021,110.1,120.57998
2022,124.63,118.33079
