year,y_true,y_pred
2018,1.23,0.618625
2019,0.0,0.668125
2020,0.3,0.56899995
2021,1.19,0.53
2022,2.0,0.668125
