year,y_true,y_pred
2018,4.31,4.1451573
2019,2.13,4.7191563
2020,5.42,4.149137
2021,7.14,3.1409442
2022,7.41,3.6401308
