year,y_true,y_pred
2018,40.77,52.32523
2019,54.1,57.158333
2020,67.31,52.32523
2021,53.6,57.158333
2022,96.72,55.511543
