year,y_true,y_pred
2018,523.2,525.6971
2019,500.41,556.10504
2020,484.62,556.10504
2021,582.91,556.10504
2022,617.51,525.6971
