year,y_true,y_pred
2018,83.73,100.16938
2019,84.0,100.16938
2020,63.18,100.16938
2021,126.74,100.16938
2022,22.26,79.06829
