year,y_true,y_pred
2018,80.82,79.29713
2019,81.54,93.421
2020,27.42,99.107
2021,55.31,85.55175
2022,51.53,99.107
