year,y_true,y_pred
2018,45.13,63.391235
2019,61.87,59.429
2020,39.25,40.330223
2021,39.14,40.024
2022,24.78,54.00609
