year,y_true,y_pred
2018,585.85,584.91266
2019,601.09,577.2862
2020,454.6,560.59564
2021,451.93,577.2862
2022,557.74,560.59564
