year,y_true,y_pred
2018,62.41,30.873074
2019,33.84,20.357306
2020,39.24,20.578062
2021,61.3,19.153086
2022,11.07,19.153086
