year,y_true,y_pred
2018,243.99,281.72913
2019,281.98,281.72913
2020,213.02,381.48914
2021,373.38,281.72913
2022,260.24,381.48914
