year,y_true,y_pred
2018,56.85,121.72283
2019,57.9,85.87233
2020,0.0,121.72283
2021,0.0,121.72283
2022,59.21,121.72283
