year,y_true,y_pred
2018,97.45,50.799667
2019,77.45,57.413208
2020,78.33,57.413208
2021,115.21,57.413208
2022,152.51,50.799667
