year,y_true,y_pred
2018,320.2,260.17227
2019,168.99,248.37341
2020,256.36,250.45392
2021,216.01,249.42192
2022,228.76,237.60254
