year,y_true,y_pred
2018,69.61,38.682148
2019,77.45,38.682148
2020,49.85,38.682148
2021,100.81,29.82021
2022,146.15,38.682148
