year,y_true,y_pred
2018,34.8,15.096666
2019,21.12,18.501667
2020,14.24,18.501667
2021,21.6,15.096666
2022,12.71,18.501667
