year,y_true,y_pred
2018,0.0,3.5568604
2019,0.0,3.5568604
2020,0.0,3.5568604
2021,0.0,3.5568604
2022,0.0,3.5568604
