year,y_true,y_pred
2018,216.29,469.27945
2019,242.93,469.27945
2020,185.0,469.27945
2021,226.82,469.27945
2022,182.1,469.27945
