year,y_true,y_pred
2018,209.13,281.93713
2019,184.81,358.58334
2020,236.26,358.58334
2021,386.45,358.58334
2022,400.61,430.749
