year,y_true,y_pred
2018,419.93,383.82138
2019,418.55,383.82138
2020,267.22,429.587
2021,280.41,411.702
2022,442.78,411.702
