year,y_true,y_pred
2018,9.44,32.89829
2019,32.92,40.120556
2020,18.75,21.150223
2021,42.06,15.171321
2022,49.89,46.011055
