year,y_true,y_pred
2018,427.2,416.57016
2019,508.1,416.57016
2020,369.44,353.07437
2021,335.31,377.0397
2022,527.38,286.7737
