year,y_true,y_pred
2018,31.12,37.431126
2019,29.79,37.431126
2020,28.22,37.431126
2021,27.83,37.431126
2022,37.36,37.431126
