year,y_true,y_pred
2018,65.43,40.388954
2019,70.17,40.388954
2020,72.82,40.388954
2021,80.42,40.388954
2022,77.03,40.388954
