year,y_true,y_pred
2018,0.0,0.083809525
2019,0.0,0.083809525
2020,0.28,0.083809525
2021,0.0,0.083809525
2022,0.52,0.083809525
