year,y_true,y_pred
2018,10.76,6.9034758
2019,10.6,6.9034758
2020,14.68,6.9034758
2021,14.19,6.9034758
2022,16.23,6.9034758
