year,y_true,y_pred
2018,31.99,27.578043
2019,44.11,27.578043
2020,38.38,28.821543
2021,38.96,27.578043
2022,37.87,26.814543
