year,y_true,y_pred
2018,17.65,59.304417
2019,17.84,50.311333
2020,54.09,50.311333
2021,91.09,58.050415
2022,59.49,63.80954
