year,y_true,y_pred
2018,635.37,679.5568
2019,713.65,775.02045
2020,595.02,738.66473
2021,546.55,788.3244
2022,832.84,788.3244
