year,y_true,y_pred
2018,149.54,142.98503
2019,203.5,142.98503
2020,82.42,131.28366
2021,163.22,122.99627
2022,289.16,122.493454
