year,y_true,y_pred
2018,23.37,10.18025
2019,4.62,7.3910003
2020,22.89,7.3910003
2021,22.67,10.18025
2022,24.61,7.3910003
