year,y_true,y_pred
2018,145.14,96.87016
2019,137.05,50.230827
2020,117.27,81.03717
2021,132.7,126.15292
2022,98.86,126.15292
