year,y_true,y_pred
2018,62.76,38.380333
2019,78.31,44.824333
2020,50.82,44.824333
2021,70.25,35.940334
2022,34.22,44.824333
