year,y_true,y_pred
2018,0.0,0.35970002
2019,0.0,0.35970002
2020,0.0,0.35970002
2021,0.0,0.35970002
2022,0.0,0.35970002
