year,y_true,y_pred
2018,98.07,44.899998
2019,117.47,47.088623
2020,113.37,47.088623
2021,85.86,47.088623
2022,72.24,47.088623
