year,y_true,y_pred
2018,200.05,162.57506
2019,184.04,194.2245
2020,179.82,192.2817
2021,226.37,190.78087
2022,216.72,192.50203
