year,y_true,y_pred
2018,46.04,50.52511
2019,34.39,18.42961
2020,102.52,20.593138
2021,56.61,20.593138
2022,36.3,26.52504
