year,y_true,y_pred
2018,345.26,250.95604
2019,286.57,357.53308
2020,250.6,251.37863
2021,283.03,229.72768
2022,217.81,266.6185
