year,y_true,y_pred
2018,11.51,1.0782728
2019,0.0,1.0782728
2020,0.0,1.0782728
2021,0.0,1.0782728
2022,0.0,1.0782728
