year,y_true,y_pred
2018,0.0,6.6017084
2019,11.46,9.358666
2020,11.39,10.753584
2021,0.0,10.753584
2022,0.0,10.753584
