year,y_true,y_pred
2018,92.07,106.39513
2019,126.09,90.0617
2020,102.52,106.39513
2021,124.53,106.39513
2022,169.41,106.39513
