year,y_true,y_pred
2018,46.04,31.396301
2019,57.31,56.45757
2020,68.34,31.396301
2021,11.32,40.942543
2022,72.6,43.378994
