year,y_true,y_pred
2018,77.18,55.736664
2019,62.81,50.681957
2020,62.48,53.589584
2021,63.56,55.736664
2022,77.14,53.995667
