year,y_true,y_pred
2018,23.85,8.047
2019,12.56,11.592999
2020,13.89,8.047
2021,20.73,9.05925
2022,22.86,11.592999
