year,y_true,y_pred
2018,87.0,56.601665
2019,83.74,51.816666
2020,90.26,56.468666
2021,80.14,56.468666
2022,88.57,56.468666
