year,y_true,y_pred
2018,0.0,0.21099135
2019,1.4,0.21099135
2020,0.0,0.21099135
2021,0.0,0.21099135
2022,1.43,0.21099135
