year,y_true,y_pred
2018,25.26,10.9285145
2019,25.12,10.927127
2020,22.22,10.927127
2021,30.4,11.391317
2022,40.0,10.9285145
