year,y_true,y_pred
2018,52.84,36.097984
2019,52.66,30.312752
2020,26.3,36.097984
2021,52.51,36.097984
2022,109.74,36.097984
