year,y_true,y_pred
2018,607.66,792.25116
2019,631.91,792.25116
2020,262.95,754.63116
2021,446.31,759.54065
2022,823.05,712.86194
