year,y_true,y_pred
2018,0.0,20.575832
2019,55.31,20.575832
2020,18.35,23.782833
2021,18.26,20.039734
2022,72.77,23.887667
