year,y_true,y_pred
2018,240.96,271.60062
2019,313.42,271.60062
2020,201.8,306.56702
2021,164.32,248.55219
2022,345.64,280.43564
