year,y_true,y_pred
2018,33.42,23.169405
2019,49.45,50.26759
2020,56.95,23.169405
2021,72.32,17.841196
2022,19.04,22.474833
