year,y_true,y_pred
2018,626.67,485.44525
2019,684.08,415.1385
2020,561.34,587.8706
2021,490.16,587.8726
2022,552.22,397.45306
