year,y_true,y_pred
2018,53.96,42.70867
2019,54.68,42.70867
2020,57.97,42.70867
2021,50.49,42.70867
2022,50.18,42.70867
