year,y_true,y_pred
2018,444.64,488.80576
2019,459.99,488.80576
2020,413.44,488.80576
2021,325.69,434.98776
2022,451.6,461.74673
