year,y_true,y_pred
2018,11.05,4.2279997
2019,10.29,4.5659165
2020,13.38,4.5659165
2021,4.42,4.5659165
2022,9.07,4.5659165
