year,y_true,y_pred
2018,100.76,80.61038
2019,106.79,72.819565
2020,87.91,72.819565
2021,95.94,80.61038
2022,91.89,80.61038
