year,y_true,y_pred
2018,17.55,10.979291
2019,12.22,12.996333
2020,14.65,11.564291
2021,24.62,12.619333
2022,13.9,12.996333
