year,y_true,y_pred
2018,65.09,3.7457013
2019,0.0,0.8178026
2020,65.76,3.7457013
2021,22.03,0.8178026
2022,45.43,0.4578026
