year,y_true,y_pred
2018,1236.71,987.41437
2019,1199.56,987.41437
2020,1753.62,918.9255
2021,1431.72,929.07324
2022,1044.98,892.50464
