year,y_true,y_pred
2018,45.19,71.986435
2019,35.18,65.02171
2020,85.53,71.986435
2021,50.35,59.05167
2022,102.12,62.192635
