year,y_true,y_pred
2018,1119.12,865.01715
2019,882.53,1145.9926
2020,649.64,865.01715
2021,570.23,928.28436
2022,882.06,1175.6035
