year,y_true,y_pred
2018,15.93,38.757458
2019,37.1,38.757458
2020,47.84,39.605667
2021,36.09,40.82446
2022,32.79,37.642666
