year,y_true,y_pred
2018,557.93,490.60287
2019,541.21,551.7602
2020,518.37,490.60287
2021,637.56,490.60287
2022,852.03,515.67267
