year,y_true,y_pred
2018,52.51,47.38625
2019,32.6,47.38625
2020,64.8,50.15025
2021,45.08,45.856
2022,49.7,48.53
