year,y_true,y_pred
2018,13.13,14.883791
2019,26.08,13.965792
2020,12.96,11.865104
2021,6.44,15.709333
2022,7.1,14.883791
