year,y_true,y_pred
2018,19.69,47.742332
2019,52.16,47.742332
2020,51.84,46.89033
2021,25.76,46.89033
2022,21.3,40.632626
