year,y_true,y_pred
2018,0.0,0.9312217
2019,0.0,0.9312217
2020,0.0,0.9312217
2021,0.0,0.9312217
2022,0.0,0.9312217
