year,y_true,y_pred
2018,0.0,0.68215835
2019,0.0,0.68215835
2020,0.0,0.68215835
2021,0.0,0.68215835
2022,0.0,0.68215835
