year,y_true,y_pred
2018,57.39,42.929367
2019,15.62,42.929367
2020,20.78,47.35654
2021,36.3,51.04933
2022,86.81,47.122334
