year,y_true,y_pred
2018,25.89,6.610476
2019,6.4,3.9963331
2020,12.65,4.469583
2021,6.26,3.9963331
2022,5.76,6.610476
