year,y_true,y_pred
2018,148.87,119.59723
2019,108.77,90.054184
2020,158.16,57.27857
2021,200.24,116.47984
2022,115.19,90.054184
