year,y_true,y_pred
2018,12.94,9.756133
2019,12.8,15.381739
2020,18.98,19.391533
2021,12.51,15.381739
2022,11.52,15.381739
