year,y_true,y_pred
2018,0.0,0.9377739
2019,0.0,0.9377739
2020,0.0,0.9377739
2021,0.0,0.9377739
2022,5.76,0.9377739
