year,y_true,y_pred
2018,71.2,54.42156
2019,19.2,54.42156
2020,31.63,41.13723
2021,37.54,31.512676
2022,28.8,23.278158
