year,y_true,y_pred
2018,517.98,546.3586
2019,544.47,500.42578
2020,523.18,500.42578
2021,543.04,500.42578
2022,598.58,500.42578
