year,y_true,y_pred
2018,55.08,50.372707
2019,60.59,48.376083
2020,59.01,46.96458
2021,62.75,50.372707
2022,62.64,46.96458
