year,y_true,y_pred
2018,21.97,22.291027
2019,25.48,22.291027
2020,23.88,22.291027
2021,26.78,22.291027
2022,26.19,22.291027
