year,y_true,y_pred
2018,134.7,141.84212
2019,148.65,141.84212
2020,122.23,146.02448
2021,155.91,141.61148
2022,139.59,146.02448
