year,y_true,y_pred
2018,0.0,0.0425567
2019,0.0,0.0425567
2020,0.0,0.0425567
2021,0.0,0.0425567
2022,0.0,0.0425567
