year,y_true,y_pred
2018,14.55,13.4957
2019,15.01,13.4957
2020,14.89,12.3885565
2021,16.18,12.3885565
2022,17.82,12.3885565
