year,y_true,y_pred
2018,688.22,628.5021
2019,522.25,556.06555
2020,460.25,692.95685
2021,397.99,659.4929
2022,739.59,659.4929
