year,y_true,y_pred
2018,41.71,80.899994
2019,104.45,80.899994
2020,41.84,72.348
2021,20.95,80.899994
2022,77.85,69.092995
