year,y_true,y_pred
2018,72.07,86.349434
2019,77.68,86.349434
2020,127.5,86.349434
2021,64.36,86.349434
2022,46.1,80.43307
