year,y_true,y_pred
2018,226.15,79.299416
2019,62.2,79.74792
2020,20.85,67.877335
2021,63.03,74.95734
2022,21.29,82.44833
