year,y_true,y_pred
2018,73.66,77.16967
2019,81.05,66.86647
2020,85.64,57.211525
2021,68.95,57.211525
2022,87.67,57.211525
