year,y_true,y_pred
2018,108.57,62.934124
2019,72.16,64.15181
2020,26.98,62.934124
2021,62.78,62.934124
2022,64.2,64.15181
