year,y_true,y_pred
2018,78.62,91.22379
2019,108.78,91.22379
2020,92.19,64.208336
2021,106.4,73.65833
2022,126.64,64.208336
