year,y_true,y_pred
2018,817.61,796.6536
2019,947.94,830.13763
2020,799.02,831.192
2021,881.59,816.45905
2022,830.17,830.13763
