year,y_true,y_pred
2018,60.4,40.10633
2019,60.36,40.10633
2020,57.58,40.10633
2021,30.14,40.10633
2022,37.22,40.10633
