year,y_true,y_pred
2018,370.66,437.49286
2019,466.43,437.49286
2020,416.77,464.67096
2021,375.39,380.49268
2022,423.77,441.02466
