year,y_true,y_pred
2018,0.0,0.06386527
2019,0.0,0.06386527
2020,0.0,0.06386527
2021,0.0,0.91888714
2022,0.0,0.91888714
