year,y_true,y_pred
2018,118.06,105.291046
2019,115.24,105.291046
2020,93.22,124.080124
2021,134.26,123.30946
2022,131.71,109.780136
