year,y_true,y_pred
2018,10.98,24.244333
2019,19.21,24.244333
2020,21.94,22.808792
2021,19.18,21.526293
2022,20.04,21.526293
