year,y_true,y_pred
2018,5.49,0.7980555
2019,0.0,0.56333333
2020,0.0,0.7980555
2021,0.0,0.7980555
2022,0.0,0.7980555
