year,y_true,y_pred
2018,30.92,23.113571
2019,30.77,23.113571
2020,7.67,25.56425
2021,7.64,23.113571
2022,27.63,23.113571
