year,y_true,y_pred
2018,162.31,176.58003
2019,153.85,236.83514
2020,176.33,236.83514
2021,168.12,236.83514
2022,303.98,236.83514
