year,y_true,y_pred
2018,79.78,43.968876
2019,40.17,43.661377
2020,20.23,40.941875
2021,61.14,43.835377
2022,55.95,35.132565
