year,y_true,y_pred
2018,65.34,23.928333
2019,41.25,23.928333
2020,45.62,23.928333
2021,25.01,23.928333
2022,60.84,23.928333
