year,y_true,y_pred
2018,543.17,518.9283
2019,486.8,514.89355
2020,414.71,514.89355
2021,329.29,561.73035
2022,551.63,561.73035
