year,y_true,y_pred
2018,68.48,78.15425
2019,66.62,78.15425
2020,49.51,78.15425
2021,61.55,76.40912
2022,58.59,76.40912
