year,y_true,y_pred
2018,175.25,150.49435
2019,176.45,144.68015
2020,153.62,144.68015
2021,167.28,140.98026
2022,152.21,144.68015
