year,y_true,y_pred
2018,0.0,0.47480953
2019,0.73,0.47480953
2020,1.46,0.47480953
2021,0.72,0.47480953
2022,1.35,0.47480953
