year,y_true,y_pred
2018,0.0,0.417358
2019,0.73,0.417358
2020,0.0,0.417358
2021,0.0,0.417358
2022,0.67,0.417358
