year,y_true,y_pred
2018,5.15,8.795816
2019,10.98,9.395933
2020,10.19,8.795816
2021,8.69,8.139533
2022,8.76,10.112133
