year,y_true,y_pred
2018,433.84,488.2406
2019,388.09,358.0816
2020,387.49,308.90173
2021,340.29,440.11404
2022,326.06,449.6695
