year,y_true,y_pred
2018,45.07,22.048561
2019,33.5,22.048561
2020,33.21,22.048561
2021,54.89,27.068176
2022,13.82,27.068176
