year,y_true,y_pred
2018,976.19,592.8808
2019,1087.06,558.25555
2020,978.69,558.25555
2021,1153.95,558.25555
2022,1165.52,558.25555
