year,y_true,y_pred
2018,36.49,35.654667
2019,63.94,30.86075
2020,45.73,35.917667
2021,73.27,30.86075
2022,81.32,35.917667
