year,y_true,y_pred
2018,39.11,39.56307
2019,26.08,57.44479
2020,65.21,33.33217
2021,91.3,45.92345
2022,93.11,52.587257
