year,y_true,y_pred
2018,573.66,700.05804
2019,495.5,700.05804
2020,743.35,741.17773
2021,599.97,700.05804
2022,771.48,741.17773
