year,y_true,y_pred
2018,167.58,42.015133
2019,48.29,75.607025
2020,121.74,56.42889
2021,49.09,75.607025
2022,76.77,56.42889
