year,y_true,y_pred
2018,766.1,80.31364
2019,796.72,691.31024
2020,998.3,721.6994
2021,1178.2,560.0297
2022,1074.72,560.0285
