year,y_true,y_pred
2018,549.07,119.52216
2019,178.05,232.59521
2020,216.83,272.41666
2021,148.05,283.74603
2022,176.46,151.84462
