year,y_true,y_pred
2018,0.0,14.676375
2019,0.0,14.676375
2020,21.68,14.676375
2021,21.15,14.676375
2022,0.0,14.676375
