year,y_true,y_pred
2018,66.76,75.08774
2019,33.94,135.49574
2020,69.01,90.99239
2021,105.26,98.67758
2022,67.18,64.09212
