year,y_true,y_pred
2018,135.69,43.930763
2019,164.07,36.99021
2020,27.54,36.99021
2021,83.17,36.99021
2022,182.91,43.930763
