year,y_true,y_pred
2018,30.88,51.538967
2019,0.0,61.84854
2020,30.5,55.784042
2021,30.31,66.69398
2022,0.0,66.69398
