year,y_true,y_pred
2018,880.09,720.49133
2019,881.38,742.5103
2020,496.51,768.0689
2021,386.67,720.49133
2022,626.57,752.8505
