year,y_true,y_pred
2018,0.0,37.43525
2019,36.72,37.43525
2020,36.78,41.5424
2021,18.41,41.5424
2022,0.0,41.5424
