year,y_true,y_pred
2018,103.94,72.424
2019,56.6,69.562004
2020,65.93,66.5
2021,94.05,60.149002
2022,30.77,73.205
