year,y_true,y_pred
2018,1105.55,1142.689
2019,1188.57,1011.29517
2020,998.4,1142.689
2021,752.37,1011.29517
2022,830.77,1011.29517
