year,y_true,y_pred
2018,25.75,5.1233954
2019,12.86,9.564208
2020,28.11,5.1233954
2021,39.3,9.564208
2022,35.14,9.564208
