year,y_true,y_pred
2018,106.51,102.585335
2019,90.3,87.349045
2020,74.02,87.349045
2021,65.91,90.410545
2022,39.91,88.67292
