year,y_true,y_pred
2018,44.71,54.27598
2019,50.11,54.27598
2020,61.16,54.27598
2021,49.3,54.27598
2022,47.86,54.27598
