year,y_true,y_pred
2018,21.73,22.263882
2019,21.72,22.217934
2020,43.41,22.182137
2021,43.39,21.107113
2022,89.75,20.79888
