year,y_true,y_pred
2018,412.86,527.09845
2019,738.49,284.5786
2020,347.3,544.76306
2021,802.78,471.19617
2022,605.79,544.76306
