year,y_true,y_pred
2018,665.1,849.451
2019,990.1,749.52203
2020,801.28,749.52203
2021,526.96,849.451
2022,1071.92,749.52203
