year,y_true,y_pred
2018,117.37,57.142868
2019,118.81,57.142868
2020,120.19,57.142868
2021,40.54,57.142868
2022,34.58,45.59332
