year,y_true,y_pred
2018,62.56,34.17492
2019,34.68,35.071045
2020,55.42,31.974293
2021,59.96,35.071045
2022,79.66,33.442917
