year,y_true,y_pred
2018,572.29,419.87036
2019,554.81,437.8028
2020,551.85,430.8683
2021,468.18,430.8683
2022,613.37,450.74036
