year,y_true,y_pred
2018,68.29,52.087997
2019,59.74,52.087997
2020,70.39,52.087997
2021,55.45,52.087997
2022,70.54,50.419
