year,y_true,y_pred
2018,49.02,9.702895
2019,96.89,48.109646
2020,55.9,33.788303
2021,55.32,9.702895
2022,98.54,47.688087
