year,y_true,y_pred
2018,710.73,809.8551
2019,1009.29,863.2856
2020,606.93,896.78894
2021,442.58,809.8551
2022,743.53,850.58356
