year,y_true,y_pred
2018,101.83,3.6868136
2019,135.73,2.7369404
2020,101.73,61.934677
2021,101.69,61.934677
2022,0.0,61.934677
