year,y_true,y_pred
2018,0.0,143.71457
2019,65.53,28.455032
2020,33.48,3.0308008
2021,34.21,25.895132
2022,61.18,-0.00012445965
