year,y_true,y_pred
2018,441.29,391.53885
2019,471.25,391.53885
2020,532.41,474.1779
2021,468.31,449.8724
2022,356.11,449.8724
