year,y_true,y_pred
2018,0.0,30.32175
2019,0.0,35.411625
2020,46.98,35.411625
2021,15.61,30.32175
2022,0.0,35.411625
