year,y_true,y_pred
2018,15.76,18.29122
2019,47.13,15.170186
2020,31.32,22.85887
2021,31.22,18.29122
2022,67.83,12.190932
