year,y_true,y_pred
2018,0.0,2.4840982
2019,0.0,2.4840982
2020,0.0,2.4840982
2021,31.22,2.4840982
2022,0.0,16.962362
