year,y_true,y_pred
2018,31.52,10.621375
2019,15.71,11.64925
2020,15.66,10.621375
2021,31.22,11.64925
2022,84.79,11.64925
