year,y_true,y_pred
2018,141.84,99.65219
2019,94.25,99.65219
2020,187.91,72.39147
2021,140.49,99.65219
2022,50.87,99.65219
