year,y_true,y_pred
2018,18.29,75.45282
2019,127.83,107.93172
2020,72.93,75.45282
2021,18.2,107.93172
2022,79.37,94.97772
