year,y_true,y_pred
2018,164.62,190.04175
2019,146.09,172.58908
2020,109.39,190.04175
2021,163.84,190.04175
2022,218.25,172.58908
