year,y_true,y_pred
2018,73.17,43.800625
2019,36.52,32.387123
2020,36.46,32.387123
2021,18.2,21.810436
2022,59.52,26.146
