year,y_true,y_pred
2018,54.87,29.666681
2019,73.05,44.21864
2020,0.0,44.21864
2021,18.2,20.14169
2022,59.52,19.927685
