year,y_true,y_pred
2018,33.11,57.565685
2019,0.0,75.21862
2020,98.81,70.98412
2021,32.86,57.565685
2022,65.34,65.642624
