year,y_true,y_pred
2018,260.5,194.66566
2019,289.36,173.2532
2020,370.68,163.56621
2021,293.26,163.56621
2022,252.35,163.56621
