year,y_true,y_pred
2018,10.85,14.218666
2019,21.43,14.218666
2020,42.36,16.158167
2021,0.0,17.541666
2022,29.12,14.218666
