year,y_true,y_pred
2018,90.26,51.002666
2019,52.97,61.440334
2020,56.68,53.290916
2021,56.33,53.290916
2022,33.65,51.002666
