year,y_true,y_pred
2018,16.41,55.573647
2019,61.12,55.573647
2020,8.1,28.93745
2021,52.31,55.573647
2022,50.47,22.880028
