year,y_true,y_pred
2018,16.41,19.70775
2019,12.22,19.70775
2020,8.1,21.041
2021,8.05,21.041
2022,29.44,21.041
