year,y_true,y_pred
2018,176.41,60.24442
2019,93.72,60.24442
2020,93.12,60.24442
2021,108.63,60.24442
2022,75.71,60.24442
