year,y_true,y_pred
2018,67.51,50.685738
2019,61.65,62.499268
2020,53.4,49.124817
2021,53.46,45.395214
2022,70.75,42.871246
