year,y_true,y_pred
2018,0.79,0.9505042
2019,0.75,1.7291394
2020,2.97,1.0710105
2021,4.39,2.0896366
2022,0.75,-0.14596273
