year,y_true,y_pred
2018,86.57,95.055664
2019,92.47,95.055664
2020,72.69,95.29396
2021,69.57,93.75196
2022,69.99,95.929955
