year,y_true,y_pred
2018,0.0,0.21424933
2019,0.0,0.21424933
2020,0.0,0.21424933
2021,0.0,0.21424933
2022,0.75,0.21424933
