year,y_true,y_pred
2018,81.8,55.921856
2019,81.19,55.921856
2020,84.56,55.921856
2021,78.36,55.921856
2022,79.78,55.921856
