year,y_true,y_pred
2018,28.59,27.545729
2019,30.82,27.545729
2020,29.67,27.545729
2021,24.17,26.834333
2022,18.06,27.545729
