year,y_true,y_pred
2018,29.82,19.432032
2019,29.75,18.11687
2020,33.91,21.42489
2021,31.71,34.948147
2022,27.13,34.948147
