year,y_true,y_pred
2018,66.04,123.00765
2019,131.73,66.28862
2020,99.61,123.00765
2021,84.57,113.94967
2022,102.28,123.16528
