year,y_true,y_pred
2018,31.96,28.061235
2019,14.87,28.061235
2020,16.95,17.72711
2021,23.26,15.420443
2022,25.05,28.061235
