year,y_true,y_pred
2018,4.26,1.4712334
2019,0.0,1.9919584
2020,2.12,1.4712334
2021,0.0,2.902021
2022,2.09,2.902021
