year,y_true,y_pred
2018,34.09,20.670376
2019,17.0,20.670376
2020,23.31,19.333876
2021,31.71,23.145563
2022,29.22,20.670376
