year,y_true,y_pred
2018,24.83,50.17917
2019,49.02,50.01267
2020,16.13,51.404667
2021,55.76,50.01267
2022,39.19,50.655334
