year,y_true,y_pred
2018,1217.23,946.5993
2019,797.0,946.5993
2020,610.33,766.32117
2021,563.91,766.32117
2022,1252.51,766.32117
