year,y_true,y_pred
2018,132.91,130.47598
2019,99.3,70.21582
2020,197.89,101.93384
2021,82.18,146.90019
2022,54.3,109.815636
