year,y_true,y_pred
2018,0.0,12.589201
2019,16.55,12.589201
2020,32.98,12.589201
2021,16.44,7.8285
2022,18.1,7.1377497
