year,y_true,y_pred
2018,70.1,114.271454
2019,127.23,118.17294
2020,79.85,149.32494
2021,117.54,68.38144
2022,149.72,160.05516
