year,y_true,y_pred
2018,15.58,1.5831249
2019,12.72,1.5831249
2020,17.47,1.5831249
2021,17.14,1.5831249
2022,12.22,1.5831249
