year,y_true,y_pred
2018,2.6,0.7354286
2019,0.0,0.7354286
2020,0.0,0.7354286
2021,2.45,0.7354286
2022,3.06,0.7354286
