year,y_true,y_pred
2018,0.0,0.31468752
2019,0.0,0.31468752
2020,0.0,0.31468752
2021,2.45,0.31468752
2022,3.06,0.31468752
