year,y_true,y_pred
2018,18.17,12.444125
2019,10.18,12.444125
2020,22.46,12.444125
2021,17.14,12.444125
2022,12.22,16.017366
