year,y_true,y_pred
2018,76.95,73.068085
2019,76.63,60.64193
2020,38.17,60.64193
2021,38.02,60.64193
2022,0.0,83.68208
