year,y_true,y_pred
2018,88.94,84.178085
2019,44.42,82.11553
2020,0.0,77.82339
2021,59.12,83.83557
2022,93.66,57.72865
