year,y_true,y_pred
2018,20.11,66.39638
2019,40.72,66.39638
2020,41.22,66.39638
2021,166.84,77.43662
2022,78.81,90.01688
