year,y_true,y_pred
2018,20.11,14.984625
2019,20.36,14.984625
2020,41.22,14.984625
2021,41.71,16.434752
2022,31.53,16.434752
