year,y_true,y_pred
2018,100.54,109.4
2019,203.58,99.297005
2020,164.88,99.297005
2021,166.84,106.44525
2022,63.05,99.297005
