year,y_true,y_pred
2018,80.43,37.02694
2019,61.07,40.475
2020,123.66,37.02694
2021,41.71,59.003437
2022,63.05,40.475
