year,y_true,y_pred
2018,0.0,1.5023835
2019,0.0,1.5023835
2020,0.0,1.5023835
2021,0.0,1.5023835
2022,0.0,1.5023835
