year,y_true,y_pred
2018,165.33,127.34596
2019,119.16,138.60167
2020,72.15,113.47696
2021,72.78,127.34596
2022,49.63,127.34596
