year,y_true,y_pred
2018,36.82,30.954317
2019,49.18,34.070805
2020,41.07,42.689186
2021,53.48,40.932163
2022,25.29,35.199467
