year,y_true,y_pred
2018,474.52,493.92642
2019,299.19,493.92642
2020,636.52,538.3933
2021,596.54,480.79077
2022,227.65,493.17792
