year,y_true,y_pred
2018,34.21,41.786705
2019,68.07,52.795208
2020,33.86,52.795208
2021,0.0,47.630707
2022,146.84,41.786705
