year,y_true,y_pred
2018,12.08,11.874001
2019,11.95,20.715334
2020,35.46,11.874001
2021,58.5,14.656334
2022,26.35,20.715334
