year,y_true,y_pred
2018,277.74,179.79964
2019,238.92,320.78665
2020,260.05,388.32422
2021,444.6,386.89795
2022,329.34,405.56592
