year,y_true,y_pred
2018,69.46,52.94252
2019,95.0,52.94252
2020,57.16,52.94252
2021,63.69,52.94252
2022,59.49,52.94252
