year,y_true,y_pred
2018,978.78,792.88654
2019,1133.7,792.88654
2020,571.65,1235.6407
2021,585.91,792.88654
2022,865.89,792.88654
