mae,rmse,r2,city,model,sequence_length,forecast_horizon,normalization,val_size
0.33005238953108273,0.42184393811125653,-0.02954012237724335,3147956,xgboost,8,4,,
