year,y_true,y_pred
2018,33.42,66.27634
2019,47.08,66.27634
2020,33.28,66.27634
2021,48.84,66.27634
2022,63.34,66.27634
