year,y_true,y_pred
2018,729.44,687.85034
2019,755.27,623.01025
2020,759.58,623.0111
2021,621.29,628.97644
2022,811.92,693.81665
