year,y_true,y_pred
2018,31.46,21.695625
2019,21.58,24.975937
2020,19.58,24.975937
2021,29.31,18.659437
2022,15.36,21.695625
