year,y_true,y_pred
2018,58.98,54.421127
2019,51.01,85.19905
2020,29.37,81.24
2021,46.89,39.875835
2022,109.41,53.539944
