year,y_true,y_pred
2018,0.0,0.2981155
2019,3.92,0.2981155
2020,0.0,0.00038722935
2021,1.95,0.0013515139
2022,0.0,0.0013515139
