year,y_true,y_pred
2018,0.0,0.3495523
2019,0.0,0.3495523
2020,0.0,0.3495523
2021,0.0,0.3495523
2022,0.0,0.3495523
