year,y_true,y_pred
2018,66.85,41.61758
2019,52.97,40.13708
2020,66.56,36.245667
2021,78.15,40.13708
2022,78.7,41.974583
