year,y_true,y_pred
2018,64.65,56.412773
2019,32.46,64.83264
2020,32.58,56.412773
2021,32.71,56.412773
2022,34.81,56.412773
