year,y_true,y_pred
2018,598.03,493.64963
2019,324.57,493.64963
2020,342.13,493.64963
2021,228.95,493.64963
2022,330.66,555.2957
