year,y_true,y_pred
2018,41.02,48.355663
2019,81.37,58.123894
2020,80.78,58.123894
2021,80.19,39.112663
2022,46.73,39.112663
