year,y_true,y_pred
2018,87.01,81.20265
2019,49.54,74.15571
2020,74.05,81.20265
2021,24.6,76.14921
2022,80.32,81.20265
