year,y_true,y_pred
2018,630.78,574.76337
2019,591.72,574.76337
2020,679.69,574.76337
2021,341.73,574.76337
2022,285.51,574.76337
