year,y_true,y_pred
2018,42.05,56.320335
2019,0.0,36.143127
2020,42.48,45.141544
2021,128.15,36.143127
2022,0.0,62.970543
