year,y_true,y_pred
2018,87.8,101.40933
2019,106.74,101.40933
2020,65.24,104.51958
2021,159.08,101.40933
2022,76.84,99.763084
