year,y_true,y_pred
2018,23.07,15.298063
2019,29.26,15.298063
2020,35.28,15.298063
2021,22.16,16.601376
2022,28.42,16.601376
