year,y_true,y_pred
2018,253.82,353.48306
2019,217.81,353.48306
2020,266.22,353.48306
2021,281.77,245.43083
2022,287.37,353.48306
