year,y_true,y_pred
2018,19.78,8.217584
2019,0.0,7.4135833
2020,16.04,7.149667
2021,6.33,7.4135833
2022,3.16,7.149667
