year,y_true,y_pred
2018,19.78,32.913334
2019,26.01,30.036333
2020,28.87,25.033333
2021,15.83,28.344292
2022,31.58,30.036333
