year,y_true,y_pred
2018,62.63,63.058384
2019,87.77,55.032032
2020,89.81,59.958057
2021,63.32,65.96942
2022,101.05,55.032032
