year,y_true,y_pred
2018,3.3,0.35152498
2019,0.0,0.35152498
2020,3.21,0.35152498
2021,0.0,0.35152498
2022,0.0,0.35152498
