year,y_true,y_pred
2018,461.34,505.18063
2019,480.85,505.18063
2020,276.81,505.18063
2021,425.86,530.9382
2022,439.33,505.18063
