year,y_true,y_pred
2018,35.04,34.849545
2019,46.91,31.434603
2020,35.34,35.511032
2021,17.74,29.61558
2022,46.6,33.741035
