year,y_true,y_pred
2018,0.0,0.52320004
2019,0.0,0.52320004
2020,0.0,0.52320004
2021,0.0,0.52320004
2022,0.0,0.52320004
