year,y_true,y_pred
2018,11.68,29.983334
2019,23.46,22.274916
2020,41.23,21.410917
2021,5.91,29.983334
2022,33.28,22.274916
