year,y_true,y_pred
2018,0.0,5.207792
2019,29.32,3.9361668
2020,5.89,5.207792
2021,5.91,5.339104
2022,19.97,5.339104
