year,y_true,y_pred
2018,0.0,0.52320004
2019,5.86,0.52320004
2020,0.0,0.40800002
2021,5.91,0.40800002
2022,0.0,0.40800002
