year,y_true,y_pred
2018,101.06,66.188995
2019,0.0,112.45235
2020,205.23,50.638336
2021,258.4,66.75193
2022,0.0,66.75193
