year,y_true,y_pred
2018,82.29,78.793106
2019,110.62,81.11916
2020,120.76,78.793106
2021,112.32,78.793106
2022,66.5,78.793106
