mae,rmse,r2,city,model,sequence_length,forecast_horizon,normalization,val_size
0.37744765964342997,0.7995987737507518,0.0028826714558206623,2112308,xgboost,8,4,,
