year,y_true,y_pred
2018,0.0,39.06704
2019,30.61,43.485332
2020,45.81,38.415333
2021,45.7,38.415333
2022,48.89,31.891333
