year,y_true,y_pred
2018,76.63,96.56671
2019,82.02,109.2034
2020,97.84,96.56671
2021,56.74,109.2034
2022,77.41,109.2034
