year,y_true,y_pred
2018,123.99,260.59952
2019,167.17,362.58328
2020,89.47,358.87814
2021,58.57,236.52536
2022,378.05,74.98127
