year,y_true,y_pred
2018,15.5,4.2889585
2019,0.0,5.430905
2020,14.91,5.430905
2021,0.0,5.430905
2022,39.11,5.430905
