year,y_true,y_pred
2018,63.19,59.590336
2019,62.51,57.524567
2020,61.87,57.524567
2021,91.88,57.524567
2022,73.87,57.524567
