year,y_true,y_pred
2018,218.2,264.48267
2019,319.34,264.48267
2020,349.54,313.93997
2021,292.17,312.2632
2022,345.66,266.67004
