year,y_true,y_pred
2018,23.83,29.64344
2019,25.99,29.352438
2020,19.55,29.352438
2021,21.73,29.64344
2022,20.84,27.748865
