mae,rmse,r2,city,model,sequence_length,forecast_horizon,normalization,val_size
0.03282718599895071,0.03943720254176771,0.17950265443972968,3304557,xgboost,8,4,,
