year,y_true,y_pred
2018,956.13,876.8952
2019,832.3,989.385
2020,558.3,821.5967
2021,466.99,741.51917
2022,583.38,878.27844
