year,y_true,y_pred
2018,21.49,49.07527
2019,24.9,52.10977
2020,17.67,42.44977
2021,49.16,52.10977
2022,39.15,52.10977
