year,y_true,y_pred
2018,30.06,31.78833
2019,52.69,50.206856
2020,45.25,50.206856
2021,7.55,36.292828
2022,13.91,31.78833
