year,y_true,y_pred
2018,210.4,202.26094
2019,391.45,202.26094
2020,256.39,287.37885
2021,151.08,202.26094
2022,194.7,202.26094
