year,y_true,y_pred
2018,39.12,34.837666
2019,15.03,30.936209
2020,48.81,30.016666
2021,46.18,31.50471
2022,43.12,30.936209
