year,y_true,y_pred
2018,380.32,304.69354
2019,452.95,329.35962
2020,519.88,329.35962
2021,573.01,332.62186
2022,599.61,332.62186
