year,y_true,y_pred
2018,0.0,0.5100606
2019,0.0,0.5100606
2020,0.0,0.5100606
2021,0.0,0.5100606
2022,2.05,0.5100606
