year,y_true,y_pred
2018,45.64,35.455875
2019,32.2,34.613625
2020,48.81,34.613625
2021,48.28,34.613625
2022,32.86,42.627003
