year,y_true,y_pred
2018,41.29,21.218594
2019,23.61,21.210987
2020,21.22,19.100855
2021,18.89,45.67841
2022,24.64,26.686365
