year,y_true,y_pred
2018,47.81,66.15757
2019,51.52,69.25533
2020,74.27,74.28833
2021,88.16,74.28833
2022,80.09,66.15757
