year,y_true,y_pred
2018,112.38,97.101494
2019,96.92,95.66986
2020,112.73,115.18076
2021,87.81,108.15335
2022,85.88,97.101494
