year,y_true,y_pred
2018,60.11,43.906918
2019,48.6,43.906918
2020,61.39,40.777916
2021,41.35,45.217335
2022,58.57,38.079292
