year,y_true,y_pred
2018,841.56,387.37228
2019,748.44,387.37228
2020,713.04,387.37228
2021,790.22,387.37228
2022,712.64,387.37228
