year,y_true,y_pred
2018,64.09,41.57501
2019,63.52,42.428764
2020,51.18,37.15349
2021,46.86,36.29973
2022,53.46,41.57501
