year,y_true,y_pred
2018,408.59,304.86316
2019,460.54,330.83633
2020,456.66,322.26938
2021,492.07,322.26938
2022,507.9,322.26938
