year,y_true,y_pred
2018,415.78,588.32996
2019,484.35,591.84906
2020,602.68,591.84906
2021,616.48,590.0052
2022,767.02,415.79837
