year,y_true,y_pred
2018,136.07,128.31
2019,126.68,123.697395
2020,102.9,128.31
2021,108.79,137.48375
2022,74.57,137.70999
