year,y_true,y_pred
2018,7.56,18.648
2019,14.9,20.81175
2020,7.35,20.81175
2021,21.76,25.261002
2022,63.92,20.81175
