year,y_true,y_pred
2018,22.68,35.826958
2019,37.26,40.102665
2020,14.7,37.93627
2021,0.0,29.293875
2022,42.61,35.826958
