year,y_true,y_pred
2018,29.22,43.164673
2019,50.62,51.647385
2020,42.9,91.314995
2021,35.39,50.343464
2022,55.66,60.797462
