year,y_true,y_pred
2018,452.98,419.43762
2019,564.07,419.43762
2020,464.75,419.43762
2021,417.61,419.43762
2022,816.33,419.43762
