year,y_true,y_pred
2018,42.16,71.73936
2019,41.88,66.716354
2020,49.19,45.2283
2021,75.24,39.039463
2022,21.47,46.981937
