year,y_true,y_pred
2018,693.7,669.23895
2019,616.79,754.2642
2020,647.09,754.2636
2021,458.97,724.46027
2022,437.96,669.23895
