mae,rmse,r2,city,model,sequence_length,forecast_horizon,normalization,val_size
0.024506453347035786,0.07091062421556052,-0.07875797161401343,3301009,xgboost,8,4,,
