year,y_true,y_pred
2018,26.56,5.5406666
2019,0.0,5.5406666
2020,25.43,8.706761
2021,49.84,8.706761
2022,0.0,5.5406666
