year,y_true,y_pred
2018,292.16,309.82233
2019,285.79,346.94855
2020,127.16,346.94855
2021,299.03,346.94855
2022,358.17,346.94855
