year,y_true,y_pred
2018,46.21,29.966
2019,45.38,29.966
2020,89.2,29.966
2021,35.1,32.506374
2022,29.39,32.461376
