year,y_true,y_pred
2018,314.23,411.35687
2019,344.86,441.63223
2020,445.99,441.63223
2021,351.0,411.35687
2022,274.35,441.63223
