year,y_true,y_pred
2018,58.72,115.24567
2019,19.73,103.317085
2020,139.14,103.317085
2021,20.02,96.70508
2022,106.09,103.317085
