year,y_true,y_pred
2018,55.26,35.48713
2019,10.98,34.334576
2020,21.84,29.498343
2021,10.86,21.100723
2022,26.97,29.498343
