year,y_true,y_pred
2018,42.55,45.110878
2019,30.37,34.2853
2020,30.35,34.2853
2021,18.2,34.2853
2022,18.8,35.714878
