year,y_true,y_pred
2018,18.24,26.451937
2019,6.07,36.683437
2020,0.0,36.683437
2021,6.07,31.000124
2022,18.8,31.000124
