year,y_true,y_pred
2018,79.02,56.198006
2019,30.37,50.863453
2020,18.21,60.2202
2021,36.4,60.2202
2022,50.13,52.679306
