year,y_true,y_pred
2018,121.57,57.499416
2019,97.19,57.499416
2020,127.49,59.59192
2021,175.95,59.59192
2022,125.32,59.59192
