year,y_true,y_pred
2018,426.78,327.6013
2019,456.07,327.6013
2020,571.3,328.95795
2021,486.3,734.9173
2022,587.18,490.48056
