year,y_true,y_pred
2018,58.64,36.215866
2019,55.38,43.558067
2020,38.95,43.558067
2021,46.76,43.558067
2022,55.46,43.558067
