year,y_true,y_pred
2018,146.6,118.49617
2019,127.05,118.49617
2020,133.09,118.49617
2021,140.28,118.49617
2022,110.91,118.49617
