year,y_true,y_pred
2018,3.26,0.45346177
2019,0.0,0.45346177
2020,0.0,0.45346177
2021,0.0,0.45346177
2022,0.0,0.45346177
