year,y_true,y_pred
2018,0.0,7.361644
2019,3.26,5.1230936
2020,6.49,5.1230936
2021,9.35,5.1230936
2022,6.52,7.361644
