year,y_true,y_pred
2018,74.93,89.272125
2019,58.64,89.272125
2020,58.43,81.495186
2021,74.82,81.495186
2022,52.19,89.272125
