year,y_true,y_pred
2018,0.0,0.5664988
2019,0.0,0.5664988
2020,0.0,0.5664988
2021,0.0,0.5664988
2022,0.0,0.5664988
