year,y_true,y_pred
2018,357.06,271.588
2019,376.57,260.83313
2020,458.97,260.83313
2021,320.59,260.83313
2022,524.46,260.83313
