year,y_true,y_pred
2018,40.57,28.987791
2019,40.06,28.987791
2020,39.57,28.987791
2021,23.46,28.987791
2022,28.61,28.987791
