year,y_true,y_pred
2018,37.61,32.568123
2019,18.62,36.019997
2020,18.44,43.985
2021,9.13,32.568123
2022,33.54,43.985
