year,y_true,y_pred
2018,723.96,843.49475
2019,688.82,843.49475
2020,626.84,843.49475
2021,365.26,877.185
2022,444.41,877.185
