year,y_true,y_pred
2018,56.42,64.658134
2019,69.01,61.019478
2020,52.26,50.930347
2021,64.24,61.019478
2022,64.38,64.658134
