year,y_true,y_pred
2018,193.55,192.05885
2019,190.32,188.63834
2020,165.38,187.2446
2021,195.89,188.07779
2022,186.57,192.05885
