year,y_true,y_pred
2018,45.1,29.708073
2019,49.11,29.708073
2020,41.17,29.708073
2021,43.1,29.708073
2022,48.16,29.708073
