year,y_true,y_pred
2018,0.28,0.09983007
2019,0.28,0.64297086
2020,0.0,0.64297086
2021,0.0,0.14929609
2022,0.0,0.100635216
