year,y_true,y_pred
2018,3.35,3.4644334
2019,2.78,3.4644334
2020,3.33,3.4644334
2021,3.18,3.4644334
2022,3.48,3.4644334
