year,y_true,y_pred
2018,12.15,8.040287
2019,12.52,9.66069
2020,13.03,8.705078
2021,11.74,10.326549
2022,17.13,9.431398
