year,y_true,y_pred
2018,22.36,57.40702
2019,113.51,29.966562
2020,23.04,39.76227
2021,140.09,57.40702
2022,23.0,29.966562
