year,y_true,y_pred
2018,0.0,16.313334
2019,0.0,16.643381
2020,0.0,17.332916
2021,68.89,16.643381
2022,0.0,16.313334
