year,y_true,y_pred
2018,343.52,371.49768
2019,206.33,371.49768
2020,206.54,217.1312
2021,585.6,249.65222
2022,182.88,253.26482
