year,y_true,y_pred
2018,33.43,69.21429
2019,33.52,69.21429
2020,33.62,69.21429
2021,33.71,69.21429
2022,83.33,69.21429
