year,y_true,y_pred
2018,37.8,71.46
2019,38.12,63.412125
2020,76.89,63.412125
2021,58.14,63.412125
2022,78.31,63.412125
