year,y_true,y_pred
2018,75.6,69.69233
2019,88.01,63.239365
2020,54.36,66.890335
2021,89.73,69.69233
2022,106.7,63.239365
