year,y_true,y_pred
2018,6.3,4.646086
2019,10.48,4.5963078
2020,6.27,4.646086
2021,6.26,4.5963078
2022,20.92,6.1325593
