year,y_true,y_pred
2018,21.0,16.760855
2019,14.67,17.34579
2020,20.91,15.536854
2021,29.21,17.34579
2022,18.83,16.760855
