year,y_true,y_pred
2018,109.2,77.1688
2019,146.68,59.858677
2020,123.37,77.1688
2021,108.51,77.1688
2022,142.27,59.858677
