year,y_true,y_pred
2018,35.98,56.22657
2019,0.0,86.39983
2020,36.08,55.80057
2021,54.2,55.80057
2022,38.77,56.22657
