year,y_true,y_pred
2018,31.13,27.320875
2019,41.43,19.133833
2020,41.37,19.133833
2021,51.62,21.567959
2022,19.38,21.567959
