year,y_true,y_pred
2018,72.63,68.778275
2019,72.5,58.72957
2020,82.73,68.778275
2021,113.57,68.778275
2022,155.05,68.778275
