year,y_true,y_pred
2018,10.38,0.94381815
2019,0.0,0.94381815
2020,0.0,0.94381815
2021,0.0,0.94381815
2022,0.0,0.94381815
