year,y_true,y_pred
2018,0.0,5.169456
2019,10.36,5.169456
2020,31.02,5.169456
2021,20.65,2.3773034
2022,9.69,12.902726
