year,y_true,y_pred
2018,20.75,73.76817
2019,82.86,8.953859
2020,72.39,85.939575
2021,134.21,72.84021
2022,125.98,21.95167
