year,y_true,y_pred
2018,37.97,19.228626
2019,31.46,19.228626
2020,50.9,19.228626
2021,25.73,19.228626
2022,35.29,19.228626
