year,y_true,y_pred
2018,202.52,229.66833
2019,283.11,232.77608
2020,299.04,209.05367
2021,205.8,218.25266
2022,129.41,232.77608
