year,y_true,y_pred
2018,0.0,0.10727063
2019,0.0,0.10727063
2020,2.19,0.10727063
2021,0.0,0.10727063
2022,0.0,0.10727063
