year,y_true,y_pred
2018,61.62,29.839584
2019,76.47,29.839584
2020,66.91,29.839584
2021,82.54,29.839584
2022,72.08,29.839584
