year,y_true,y_pred
2018,89.63,86.2264
2019,68.71,86.2264
2020,73.49,74.799484
2021,81.46,74.799484
2022,88.98,86.2264
