year,y_true,y_pred
2018,75.82,57.87161
2019,56.74,56.83061
2020,54.98,68.589966
2021,62.24,66.30365
2022,78.46,66.15393
