year,y_true,y_pred
2018,17.88,11.923333
2019,18.91,12.870334
2020,11.48,12.870334
2021,12.57,11.923333
2022,18.57,11.923333
