year,y_true,y_pred
2018,3.08,5.780083
2019,3.66,5.2529583
2020,6.04,6.5556664
2021,4.79,5.2529583
2022,7.19,5.2529583
