year,y_true,y_pred
2018,1.23,0.9706349
2019,0.0,1.2206123
2020,1.21,1.5565407
2021,2.99,1.7268811
2022,1.2,1.6366457
