year,y_true,y_pred
2018,0.0,0.060636364
2019,0.0,0.060636364
2020,0.0,0.060636364
2021,0.6,0.060636364
2022,0.0,0.060636364
