year,y_true,y_pred
2018,152.25,146.049
2019,133.01,149.91162
2020,123.85,150.116
2021,141.23,150.116
2022,150.94,145.14444
