year,y_true,y_pred
2018,61.77,61.89708
2019,61.58,27.356928
2020,30.7,64.9327
2021,91.86,61.89708
2022,31.64,52.77875
