year,y_true,y_pred
2018,84.18,124.45212
2019,104.69,96.41101
2020,41.67,137.35927
2021,41.46,93.68323
2022,117.54,84.43604
