year,y_true,y_pred
2018,618.18,848.09265
2019,611.55,848.09265
2020,586.54,848.09265
2021,495.64,848.09265
2022,923.06,848.09265
