year,y_true,y_pred
2018,53.42,42.116497
2019,37.75,42.116497
2020,37.36,42.116497
2021,55.48,42.116497
2022,84.28,42.116497
