year,y_true,y_pred
2018,24.45,57.408222
2019,12.12,15.794727
2020,12.03,38.543167
2021,107.41,20.900482
2022,28.98,50.0201
