year,y_true,y_pred
2018,476.77,399.74484
2019,387.93,399.74484
2020,300.66,357.13983
2021,584.8,322.18872
2022,579.63,399.74484
