year,y_true,y_pred
2018,52.7,38.681583
2019,44.85,35.93221
2020,44.9,37.850582
2021,39.66,35.93221
2022,56.27,38.681583
