year,y_true,y_pred
2018,714.1,894.02563
2019,569.83,894.02563
2020,557.26,894.02563
2021,502.34,894.02563
2022,586.8,894.02563
