year,y_true,y_pred
2018,42.24,73.564125
2019,42.05,52.50085
2020,48.32,49.675163
2021,70.58,47.06707
2022,54.14,51.349567
