year,y_true,y_pred
2018,56.61,49.9818
2019,51.52,88.131165
2020,46.61,94.09122
2021,64.84,94.97892
2022,75.16,70.06651
