year,y_true,y_pred
2018,14.37,14.308334
2019,14.26,13.736534
2020,0.0,22.356667
2021,14.04,22.356667
2022,87.43,22.356667
