year,y_true,y_pred
2018,330.51,324.51788
2019,370.63,289.4599
2020,297.03,267.10986
2021,182.48,254.72092
2022,765.03,324.51788
