year,y_true,y_pred
2018,46.14,26.197037
2019,68.17,26.197037
2020,39.62,26.829092
2021,35.25,26.829092
2022,12.37,26.829092
