year,y_true,y_pred
2018,105.46,41.13839
2019,79.16,41.13839
2020,88.04,41.13839
2021,81.51,41.13839
2022,94.82,41.13839
