year,y_true,y_pred
2018,10.98,10.913899
2019,17.59,4.822853
2020,13.21,12.309084
2021,8.81,10.913899
2022,2.06,10.913899
