year,y_true,y_pred
2018,35.15,19.064646
2019,37.38,20.28332
2020,24.21,20.28332
2021,19.83,19.064646
2022,12.37,19.064646
