year,y_true,y_pred
2018,54.42,39.803665
2019,44.31,34.138332
2020,19.55,34.604164
2021,33.96,34.604164
2022,17.44,35.597664
