year,y_true,y_pred
2018,41.4,44.88121
2019,82.49,50.142235
2020,0.0,44.88121
2021,40.94,51.035667
2022,74.68,50.142235
