year,y_true,y_pred
2018,255.24,255.22171
2019,472.73,227.84264
2020,398.91,259.0332
2021,542.59,227.84264
2022,382.26,259.0332
