year,y_true,y_pred
2018,18.23,41.501938
2019,54.55,48.292717
2020,54.4,13.037006
2021,36.17,55.83647
2022,38.23,22.013243
