year,y_true,y_pred
2018,379.56,442.01422
2019,353.3,442.01422
2020,340.97,442.01422
2021,371.5,442.01422
2022,508.65,442.01422
