year,y_true,y_pred
2018,71.22,56.941826
2019,60.27,70.33589
2020,56.07,62.447605
2021,65.87,58.004528
2022,80.09,62.061714
