year,y_true,y_pred
2018,94.26,82.72453
2019,78.14,79.19653
2020,82.46,78.482666
2021,77.74,82.72453
2022,77.49,82.72453
