year,y_true,y_pred
2018,38.12,33.618336
2019,41.56,33.618336
2020,31.33,33.618336
2021,37.64,33.618336
2022,40.26,35.606667
