year,y_true,y_pred
2018,0.42,0.039966665
2019,0.42,0.039966665
2020,0.0,0.039966665
2021,0.41,0.039966665
2022,0.87,0.039966665
