year,y_true,y_pred
2018,78.76,62.636124
2019,81.05,60.386124
2020,66.79,60.386124
2021,83.06,60.386124
2022,92.64,60.386124
