year,y_true,y_pred
2018,702.36,499.61765
2019,867.29,499.61765
2020,729.64,499.61765
2021,624.44,499.61765
2022,636.61,499.61765
