year,y_true,y_pred
2018,20.36,30.957617
2019,50.42,32.11031
2020,69.97,13.2598715
2021,49.56,32.13053
2022,41.74,31.127668
