year,y_true,y_pred
2018,615.94,783.59534
2019,667.51,580.8035
2020,509.83,783.59534
2021,613.71,580.8035
2022,980.1,580.8035
