year,y_true,y_pred
2018,26.21,67.29402
2019,43.63,57.367153
2020,34.86,49.96794
2021,34.82,57.367153
2022,75.01,57.367153
