year,y_true,y_pred
2018,96.1,116.61891
2019,157.06,116.61891
2020,156.87,116.61891
2021,104.46,116.61891
2022,140.01,116.61891
