year,y_true,y_pred
2018,0.0,2.3469584
2019,0.0,3.060271
2020,0.0,3.060271
2021,0.0,3.060271
2022,0.0,3.060271
