year,y_true,y_pred
2018,61.16,67.349236
2019,87.26,67.349236
2020,91.51,58.301666
2021,78.35,67.349236
2022,125.01,58.301666
