year,y_true,y_pred
2018,8.74,16.813267
2019,34.9,16.813267
2020,13.07,22.170666
2021,39.17,16.813267
2022,5.0,16.883333
