year,y_true,y_pred
2018,0.0,0.49983576
2019,0.0,0.49983576
2020,0.0,0.49983576
2021,0.0,0.49983576
2022,0.0,0.49983576
