year,y_true,y_pred
2018,758.93,563.15137
2019,450.45,519.5078
2020,772.03,543.21924
2021,778.39,519.5078
2022,510.68,519.5078
