year,y_true,y_pred
2018,0.0,41.585613
2019,45.05,91.75768
2020,45.41,41.585613
2021,45.79,43.337894
2022,0.0,102.37993
