year,y_true,y_pred
2018,82.56,89.62967
2019,104.3,65.18183
2020,105.4,89.62967
2021,85.2,65.18183
2022,119.36,65.18183
