year,y_true,y_pred
2018,53.07,21.227333
2019,48.63,22.02004
2020,57.44,21.227333
2021,48.58,21.227333
2022,39.52,21.227333
