year,y_true,y_pred
2018,349.4,241.43869
2019,380.18,259.42163
2020,371.14,421.34204
2021,291.48,415.87827
2022,296.41,133.4326
