year,y_true,y_pred
2018,39.81,14.524876
2019,30.94,14.524876
2020,30.93,19.089
2021,44.16,19.089
2022,49.4,14.524876
