year,y_true,y_pred
2018,79.61,83.25251
2019,110.52,69.86153
2020,136.97,41.856846
2021,101.58,41.856846
2022,123.51,41.856846
