year,y_true,y_pred
2018,0.0,0.48110414
2019,4.42,0.48110414
2020,0.0,0.0023404171
2021,0.0,0.0023404171
2022,0.0,0.0023404171
