year,y_true,y_pred
2018,44.23,29.022522
2019,26.52,29.022522
2020,30.93,20.365376
2021,13.25,25.627666
2022,54.34,20.365376
