year,y_true,y_pred
2018,61.82,53.040783
2019,41.95,53.040783
2020,36.94,53.799965
2021,46.7,53.797054
2022,46.98,53.797054
