year,y_true,y_pred
2018,168.15,169.09299
2019,140.66,169.09299
2020,179.78,148.43973
2021,172.07,169.09299
2022,162.3,169.09299
