year,y_true,y_pred
2018,27.2,28.857521
2019,32.08,24.511667
2020,14.78,28.857521
2021,41.79,26.706959
2022,44.85,28.857521
