year,y_true,y_pred
2018,0.0,0.21431963
2019,2.47,1.2880446
2020,2.46,1.2880446
2021,0.0,1.2880446
2022,0.0,1.2880446
