year,y_true,y_pred
2018,17.31,10.305181
2019,17.27,9.967822
2020,14.78,9.4780655
2021,17.21,13.017482
2022,10.68,9.4780655
