year,y_true,y_pred
2018,461.72,656.05444
2019,567.36,631.11896
2020,358.07,656.05444
2021,506.72,577.74115
2022,377.77,656.05444
