year,y_true,y_pred
2018,31.04,23.032616
2019,62.18,23.913048
2020,50.6,50.020485
2021,66.26,44.987144
2022,24.91,50.020485
