year,y_true,y_pred
2018,0.0,7.827958
2019,7.77,6.6336665
2020,31.14,8.636233
2021,7.8,7.7934585
2022,49.82,7.8354583
