year,y_true,y_pred
2018,62.08,27.04918
2019,54.4,19.444801
2020,23.35,19.444801
2021,42.88,19.444801
2022,45.66,22.089886
