year,y_true,y_pred
2018,54.32,53.14725
2019,120.47,53.14725
2020,112.87,53.14725
2021,152.02,53.14725
2022,153.6,53.14725
