year,y_true,y_pred
2018,55.57,53.71746
2019,73.94,62.611275
2020,36.89,62.611275
2021,73.65,50.744232
2022,73.27,50.744232
