year,y_true,y_pred
2018,790.05,944.50586
2019,951.25,990.877
2020,994.04,940.26
2021,857.6,940.26
2022,786.84,895.97034
