year,y_true,y_pred
2018,19.75,1.6136589
2019,99.09,38.33036
2020,119.28,57.368484
2021,59.83,1.6136589
2022,89.41,56.825386
