year,y_true,y_pred
2018,0.0,20.783333
2019,0.0,32.389603
2020,27.79,32.389603
2021,55.26,32.259335
2022,28.74,19.744165
