year,y_true,y_pred
2018,281.29,286.82782
2019,307.52,356.24777
2020,222.28,356.24777
2021,303.95,286.82782
2022,316.09,356.24777
