year,y_true,y_pred
2018,77.59,55.513855
2019,10.94,57.961185
2020,32.4,55.513855
2021,32.0,55.22706
2022,64.89,55.513855
