year,y_true,y_pred
2018,90.18,72.21153
2019,72.22,78.859085
2020,66.46,76.92109
2021,89.85,72.21153
2022,72.4,78.859085
