year,y_true,y_pred
2018,705.26,772.17725
2019,715.5,801.40106
2020,635.35,789.3521
2021,611.76,789.3521
2022,665.83,789.3521
