year,y_true,y_pred
2018,0.0,0.41283333
2019,1.34,0.41283333
2020,1.33,0.41283333
2021,0.0,0.41283333
2022,0.0,0.41283333
