year,y_true,y_pred
2018,17.5,17.591425
2019,20.06,7.7410793
2020,11.96,11.304784
2021,21.14,12.417479
2022,21.3,13.0654545
