year,y_true,y_pred
2018,8.08,12.476023
2019,18.72,12.256417
2020,21.27,12.476023
2021,29.07,5.903208
2022,19.88,5.9583774
