year,y_true,y_pred
2018,188.43,224.21826
2019,196.6,224.21826
2020,184.76,210.85875
2021,215.37,210.85875
2022,204.44,210.85875
