year,y_true,y_pred
2018,87.37,84.105545
2019,68.32,90.14834
2020,98.1,75.56873
2021,108.44,90.14834
2022,112.0,75.56873
