year,y_true,y_pred
2018,46.26,12.8175
2019,18.45,9.046124
2020,0.0,8.514
2021,73.39,9.046124
2022,31.61,9.046124
