year,y_true,y_pred
2018,1091.78,528.08496
2019,885.61,528.08496
2020,101.21,463.4411
2021,871.56,445.68863
2022,1032.56,528.08496
