year,y_true,y_pred
2018,255.88,664.93915
2019,273.6,664.93915
2020,164.95,664.93915
2021,318.07,664.93915
2022,171.9,664.93915
