year,y_true,y_pred
2018,49.21,34.29212
2019,19.54,34.29212
2020,29.11,33.641125
2021,9.64,34.29212
2022,42.97,37.78
