year,y_true,y_pred
2018,98.42,49.803123
2019,9.77,49.803123
2020,77.62,49.803123
2021,77.11,75.91264
2022,85.95,57.343666
