year,y_true,y_pred
2018,0.0,2.4670908
2019,0.0,2.4670908
2020,19.41,2.4670908
2021,9.64,2.4670908
2022,10.74,2.4670908
