year,y_true,y_pred
2018,0.0,3.5158095
2019,0.0,3.5158095
2020,0.0,3.5158095
2021,0.0,3.5158095
2022,10.74,3.5158095
