year,y_true,y_pred
2018,137.78,71.433784
2019,97.71,66.36981
2020,164.95,66.36981
2021,134.94,66.36981
2022,150.41,71.433784
