year,y_true,y_pred
2018,0.0,6.436375
2019,16.71,6.436375
2020,0.0,6.436375
2021,0.0,6.436375
2022,0.0,6.436375
