year,y_true,y_pred
2018,51.16,18.029516
2019,66.86,18.029516
2020,49.17,48.282627
2021,0.0,18.029516
2022,205.1,70.02636
