year,y_true,y_pred
2018,407.75,521.2899
2019,384.38,521.2899
2020,207.95,535.63727
2021,380.36,333.63727
2022,442.62,535.6369
