year,y_true,y_pred
2018,29.36,27.250032
2019,32.3,27.250032
2020,38.39,27.250032
2021,9.51,27.250032
2022,28.56,27.250032
