year,y_true,y_pred
2018,0.0,5.560948
2019,3.23,5.830867
2020,0.0,5.830867
2021,6.34,5.830867
2022,0.0,3.532423
