year,y_true,y_pred
2018,9.79,5.604208
2019,19.38,3.565033
2020,16.0,3.565033
2021,3.17,3.565033
2022,7.14,3.565033
