year,y_true,y_pred
2018,172.89,64.85074
2019,90.44,52.245335
2020,163.16,52.245335
2021,123.62,64.85074
2022,174.91,52.245335
