year,y_true,y_pred
2018,58.56,72.28629
2019,43.43,72.28629
2020,57.3,62.33542
2021,70.9,53.03154
2022,57.65,53.03154
