year,y_true,y_pred
2018,87.64,34.414722
2019,80.85,34.414722
2020,40.4,34.414722
2021,53.85,34.414722
2022,41.03,34.414722
