year,y_true,y_pred
2018,566.27,697.89856
2019,599.65,697.90125
2020,511.78,697.90125
2021,511.61,697.89856
2022,437.61,697.89856
