year,y_true,y_pred
2018,20.22,8.575084
2019,0.0,8.506959
2020,0.0,8.540584
2021,26.93,8.575084
2022,6.84,8.506959
