year,y_true,y_pred
2018,121.34,74.63109
2019,94.33,80.42018
2020,101.01,80.499855
2021,100.98,74.63109
2022,123.08,80.499855
