year,y_true,y_pred
2018,74.15,66.47454
2019,121.28,51.44853
2020,53.87,43.176914
2021,87.51,66.47454
2022,54.7,63.734253
