year,y_true,y_pred
2018,347.19,327.68692
2019,417.75,327.68692
2020,395.11,327.68692
2021,227.48,327.68692
2022,441.91,327.68692
