year,y_true,y_pred
2018,75.07,30.68213
2019,46.42,48.163948
2020,36.75,56.489227
2021,9.1,40.771976
2022,75.45,30.68213
