year,y_true,y_pred
2018,29.58,19.332499
2019,17.68,20.308998
2020,41.1,17.999998
2021,52.64,19.332499
2022,28.74,20.308998
