year,y_true,y_pred
2018,260.34,344.9525
2019,212.14,259.65173
2020,187.87,259.65173
2021,450.4,259.65173
2022,287.39,344.9525
