year,y_true,y_pred
2018,47.49,17.743334
2019,40.55,17.527668
2020,26.94,20.899418
2021,26.84,20.899418
2022,28.57,20.899418
