year,y_true,y_pred
2018,366.35,311.98267
2019,337.93,345.95374
2020,363.64,345.95374
2021,348.9,345.95374
2022,378.52,345.95374
