year,y_true,y_pred
2018,13.57,8.026667
2019,6.76,8.026667
2020,6.73,8.852266
2021,6.71,8.026667
2022,0.0,8.026667
