year,y_true,y_pred
2018,149.25,103.9
2019,108.14,85.274994
2020,80.81,85.274994
2021,107.35,103.9
2022,42.85,103.9
