year,y_true,y_pred
2018,27.14,22.123333
2019,27.03,22.123333
2020,20.2,22.123333
2021,40.26,22.123333
2022,28.57,22.123333
