year,y_true,y_pred
2018,0.0,0.64545417
2019,0.0,0.64545417
2020,0.0,0.64545417
2021,0.0,0.64545417
2022,0.0,0.64545417
