year,y_true,y_pred
2018,47.49,17.544167
2019,40.55,15.504168
2020,0.0,15.504168
2021,46.97,16.569168
2022,14.28,15.504168
