year,y_true,y_pred
2018,21.21,31.010904
2019,28.04,31.010904
2020,13.9,34.332767
2021,15.52,31.010904
2022,56.21,31.010904
