year,y_true,y_pred
2018,0.0,0.20528333
2019,0.0,0.20528333
2020,0.0,0.20528333
2021,1.72,0.20528333
2022,3.12,0.20528333
