year,y_true,y_pred
2018,53.02,52.292564
2019,68.35,48.22554
2020,46.93,52.292564
2021,56.9,43.813366
2022,149.91,48.22554
