year,y_true,y_pred
2018,1.77,0.17363508
2019,0.0,0.17363508
2020,1.74,0.17363508
2021,1.72,0.17363508
2022,0.0,0.17363508
