year,y_true,y_pred
2018,15.91,12.561001
2019,10.51,12.561001
2020,19.12,9.340132
2021,13.79,12.561001
2022,56.21,12.561001
