year,y_true,y_pred
2018,3.53,4.3373747
2019,3.5,4.3373747
2020,17.38,5.65625
2021,12.07,6.69425
2022,3.12,6.69425
