year,y_true,y_pred
2018,389.46,457.77982
2019,433.0,457.77982
2020,288.25,457.77982
2021,226.9,424.7122
2022,349.37,472.71268
