year,y_true,y_pred
2018,60.85,27.0776
2019,48.11,66.90067
2020,64.71,50.750874
2021,40.73,66.90067
2022,50.95,27.0776
