year,y_true,y_pred
2018,477.98,655.8428
2019,571.95,625.56366
2020,446.04,610.1257
2021,648.4,625.56366
2022,664.64,655.8428
