year,y_true,y_pred
2018,62.11,57.042336
2019,69.82,61.150917
2020,29.38,54.862335
2021,66.43,57.042336
2022,91.01,61.150917
