year,y_true,y_pred
2018,35.11,47.0227
2019,64.45,47.0227
2020,58.76,48.252438
2021,53.15,53.1
2022,49.64,49.277126
