year,y_true,y_pred
2018,29.7,49.597
2019,53.7,49.597
2020,50.75,46.696877
2021,61.12,45.184875
2022,77.22,43.4751
