year,y_true,y_pred
2018,83.71,87.03341
2019,107.41,107.068054
2020,88.14,125.74673
2021,95.67,91.6449
2022,121.35,84.611534
