year,y_true,y_pred
2018,655.82,659.5481
2019,703.67,659.5481
2020,543.76,975.6665
2021,540.54,692.99866
2022,1129.67,475.09695
