year,y_true,y_pred
2018,52.47,53.42767
2019,26.06,53.42767
2020,103.57,53.42767
2021,77.22,53.42767
2022,73.67,53.176666
