year,y_true,y_pred
2018,80.61,102.46433
2019,163.8,102.46433
2020,83.19,102.46433
2021,42.27,102.46433
2022,75.41,68.73404
