year,y_true,y_pred
2018,377.28,237.50334
2019,323.31,237.50334
2020,381.84,237.50334
2021,329.31,237.50334
2022,502.86,237.50334
