year,y_true,y_pred
2018,35.59,9.801333
2019,42.17,13.010417
2020,20.83,11.850917
2021,34.3,11.850917
2022,46.42,11.850917
