year,y_true,y_pred
2018,77.14,64.742584
2019,66.78,81.96553
2020,40.7,81.96553
2021,31.79,64.742584
2022,52.11,64.742584
