year,y_true,y_pred
2018,81.73,84.86919
2019,86.07,62.69223
2020,76.11,54.34021
2021,66.26,56.106728
2022,80.27,57.024128
