year,y_true,y_pred
2018,28.18,9.892234
2019,9.35,12.218208
2020,4.66,12.317209
2021,23.18,11.475709
2022,71.68,9.892234
