year,y_true,y_pred
2018,568.34,378.3752
2019,322.64,383.7557
2020,237.44,361.90665
2021,394.05,361.90665
2022,604.2,404.67963
