year,y_true,y_pred
2018,126.82,99.91698
2019,149.63,121.06612
2020,153.64,121.06612
2021,152.98,99.91698
2022,153.61,99.91698
