year,y_true,y_pred
2018,32.88,15.774346
2019,18.7,20.675655
2020,4.66,17.248758
2021,41.72,11.225303
2022,71.68,24.1552
