year,y_true,y_pred
2018,4.7,2.3601665
2019,0.0,2.3601665
2020,0.0,2.3601665
2021,0.0,2.3601665
2022,0.0,2.3601665
