year,y_true,y_pred
2018,14.09,31.498066
2019,42.08,31.919565
2020,46.56,29.232666
2021,13.91,28.978832
2022,25.6,31.919565
