year,y_true,y_pred
2018,26.28,32.48921
2019,78.69,32.48921
2020,65.45,31.545584
2021,91.47,23.226133
2022,25.57,23.226133
