year,y_true,y_pred
2018,328.52,460.14255
2019,577.05,483.65875
2020,431.99,583.737
2021,405.07,373.12085
2022,460.3,527.6929
