year,y_true,y_pred
2018,54.07,16.060625
2019,27.2,16.060625
2020,82.08,16.060625
2021,0.0,16.060625
2022,0.0,22.172543
