year,y_true,y_pred
2018,324.41,329.01526
2019,489.53,357.03366
2020,218.88,376.39502
2021,330.12,349.30545
2022,243.37,329.01526
