year,y_true,y_pred
2018,449.41,509.19098
2019,526.75,509.19098
2020,451.0,509.19098
2021,428.41,509.19098
2022,480.78,509.19098
