year,y_true,y_pred
2018,35.6,61.38096
2019,41.13,61.38096
2020,30.81,61.38096
2021,35.0,61.38096
2022,35.18,61.38096
