year,y_true,y_pred
2018,124.95,116.20305
2019,138.65,116.20305
2020,104.23,130.33188
2021,121.2,124.067604
2022,117.88,119.55743
