year,y_true,y_pred
2018,0.67,0.3215238
2019,0.0,0.29966664
2020,1.31,0.3215238
2021,0.0,0.3215238
2022,0.0,0.3215238
