year,y_true,y_pred
2018,8.73,9.047916
2019,8.62,9.047916
2020,11.8,9.047916
2021,7.78,8.218417
2022,12.96,7.3730416
