year,y_true,y_pred
2018,14.78,5.619181
2019,11.28,5.619181
2020,14.42,5.619181
2021,22.04,5.619181
2022,20.37,5.619181
