year,y_true,y_pred
2018,267.06,386.93146
2019,315.38,386.93146
2020,339.0,442.79605
2021,290.78,442.79605
2022,376.75,442.79605
