year,y_true,y_pred
2018,22.7,16.531021
2019,33.42,18.214666
2020,38.59,17.342958
2021,35.45,17.342958
2022,49.79,17.342958
