year,y_true,y_pred
2018,15.05,27.694757
2019,3.75,27.840647
2020,11.23,27.694757
2021,22.41,27.694757
2022,58.35,28.471354
