year,y_true,y_pred
2018,718.0,841.1747
2019,952.43,786.51855
2020,705.09,841.1747
2021,668.14,786.51855
2022,1194.2,756.47144
