year,y_true,y_pred
2018,50.29,52.041832
2019,60.06,50.715
2020,42.48,50.715
2021,53.85,56.772835
2022,64.7,50.715
