year,y_true,y_pred
2018,211.99,470.4242
2019,121.51,465.07407
2020,182.76,465.07407
2021,152.81,465.07407
2022,418.01,465.07407
