year,y_true,y_pred
2018,30.28,21.539562
2019,0.0,27.154001
2020,30.46,16.470875
2021,0.0,27.154001
2022,32.15,16.470875
