year,y_true,y_pred
2018,24.36,74.80933
2019,24.12,74.80933
2020,0.0,54.04767
2021,47.35,74.80933
2022,49.93,74.80933
