year,y_true,y_pred
2018,107.7,71.12565
2019,215.98,79.719185
2020,81.21,71.12565
2021,81.41,43.479027
2022,70.37,76.7286
