year,y_true,y_pred
2018,528.51,491.9
2019,529.14,390.84598
2020,393.9,328.18704
2021,425.54,423.44235
2022,591.9,486.9155
