year,y_true,y_pred
2018,75.5,30.410032
2019,75.19,30.410032
2020,22.19,30.410032
2021,66.32,33.195667
2022,56.97,35.00596
