year,y_true,y_pred
2018,92.28,92.636536
2019,128.11,92.636536
2020,74.9,86.31734
2021,113.29,92.636536
2022,88.63,86.31734
