year,y_true,y_pred
2018,44.74,57.339275
2019,80.76,57.339275
2020,52.7,66.955284
2021,66.32,75.63066
2022,91.79,75.23341
