year,y_true,y_pred
2018,0.0,0.25027084
2019,0.0,0.25027084
2020,0.0,0.25027084
2021,0.0,0.25027084
2022,0.0,0.25027084
