year,y_true,y_pred
2018,2.8,5.7125416
2019,16.71,6.599917
2020,2.77,5.7125416
2021,0.0,8.186334
2022,6.33,6.709417
