year,y_true,y_pred
2018,27.07,39.199192
2019,11.57,39.199192
2020,23.08,31.618334
2021,19.18,39.199192
2022,35.36,31.618334
