year,y_true,y_pred
2018,0.0,0.86009526
2019,0.0,0.86009526
2020,0.0,0.86009526
2021,0.0,0.86009526
2022,0.0,0.86009526
