year,y_true,y_pred
2018,38.67,30.890583
2019,23.14,30.890583
2020,38.47,34.897667
2021,11.51,30.890583
2022,35.36,23.837584
