year,y_true,y_pred
2018,139.21,107.150116
2019,96.42,107.150116
2020,146.18,127.67802
2021,122.78,107.150116
2022,121.8,107.150116
