year,y_true,y_pred
2018,533.2,527.4601
2019,459.03,527.4601
2020,321.52,527.4601
2021,357.94,479.65747
2022,521.1,490.58197
