year,y_true,y_pred
2018,43.78,51.005875
2019,41.87,51.005875
2020,24.61,47.064102
2021,38.92,52.268875
2022,50.43,47.064102
