year,y_true,y_pred
2018,53.95,46.12475
2019,45.75,46.12475
2020,43.07,46.83575
2021,67.93,46.66175
2022,47.51,45.98225
