year,y_true,y_pred
2018,82.09,55.078457
2019,56.6,51.967667
2020,47.69,54.6547
2021,77.85,51.78628
2022,54.81,65.370766
