year,y_true,y_pred
2018,0.0,0.33733332
2019,0.0,0.42486665
2020,0.0,0.42486665
2021,0.76,0.42486665
2022,0.73,0.42486665
