year,y_true,y_pred
2018,0.78,0.11367329
2019,0.0,0.11367329
2020,0.0,0.11367329
2021,1.53,0.11367329
2022,0.73,0.0029392634
