year,y_true,y_pred
2018,8.6,6.6280622
2019,9.3,13.149083
2020,5.38,13.149083
2021,17.55,6.6280622
2022,10.23,10.6770115
