year,y_true,y_pred
2018,0.0,160.74442
2019,0.0,136.93527
2020,152.91,135.03513
2021,238.47,128.92099
2022,192.31,133.30673
