year,y_true,y_pred
2018,91.59,44.98221
2019,54.91,44.98221
2020,91.46,44.98221
2021,73.12,44.98221
2022,97.13,44.98221
