year,y_true,y_pred
2018,1215.12,1064.8682
2019,1202.03,1013.15
2020,884.15,1004.3257
2021,761.68,1004.07837
2022,971.31,787.01025
