year,y_true,y_pred
2018,59.21,44.63546
2019,58.94,44.63546
2020,54.77,44.63546
2021,54.54,44.63546
2022,58.84,44.63546
