year,y_true,y_pred
2018,1006.63,712.35474
2019,829.11,769.7821
2020,895.9,887.97046
2021,557.07,857.6482
2022,1012.95,712.35474
