year,y_true,y_pred
2018,38.6,34.81817
2019,44.66,34.81817
2020,25.32,29.332666
2021,37.68,32.693333
2022,58.29,29.332666
