year,y_true,y_pred
2018,386.03,470.27432
2019,459.36,470.27432
2020,335.44,423.74765
2021,420.8,470.27432
2022,488.2,412.66272
