year,y_true,y_pred
2018,32.51,18.205908
2019,58.29,18.205908
2020,19.43,18.205908
2021,45.32,18.205908
2022,46.88,18.205908
