year,y_true,y_pred
2018,643.69,551.76166
2019,537.56,562.88135
2020,233.12,562.88135
2021,356.1,580.5787
2022,206.26,635.0917
