year,y_true,y_pred
2018,49.25,127.33563
2019,98.09,123.98463
2020,48.84,123.98463
2021,72.96,123.98463
2022,148.37,123.98463
