year,y_true,y_pred
2018,337.72,661.23627
2019,434.78,755.47974
2020,347.8,755.47974
2021,492.37,755.47974
2022,598.8,755.47974
