year,y_true,y_pred
2018,16.89,69.42162
2019,50.17,69.42162
2020,49.69,61.8317
2021,65.65,61.8317
2022,72.58,61.8317
