year,y_true,y_pred
2018,133.92,96.44672
2019,144.07,78.73188
2020,96.8,89.860886
2021,131.69,88.042404
2022,127.18,89.112915
