year,y_true,y_pred
2018,10.3,0.013004143
2019,10.11,-0.02402686
2020,7.45,0.013004143
2021,14.63,-0.02402686
2022,2.4,-0.02402686
