year,y_true,y_pred
2018,0.0,0.38665617
2019,0.0,0.38665617
2020,0.0,0.38665617
2021,0.0,0.38665617
2022,0.0,0.38665617
