year,y_true,y_pred
2018,20.6,6.0383334
2019,5.05,7.1611667
2020,14.89,6.6256666
2021,17.07,6.0383334
2022,9.6,7.1611667
