year,y_true,y_pred
2018,15.45,5.658588
2019,15.16,11.406153
2020,17.37,7.473964
2021,9.75,14.54757
2022,19.2,7.473964
