year,y_true,y_pred
2018,43.78,18.642738
2019,35.38,18.642738
2020,57.09,18.642738
2021,29.26,18.642738
2022,79.19,18.642738
