year,y_true,y_pred
2018,2.58,1.0537618
2019,2.53,1.0537618
2020,0.0,1.0537618
2021,0.0,1.0537618
2022,2.4,1.0537618
