year,y_true,y_pred
2018,245.21,424.95892
2019,464.09,355.31924
2020,635.55,380.7719
2021,521.74,365.8115
2022,165.84,259.74973
