year,y_true,y_pred
2018,22.29,40.583263
2019,22.1,47.110332
2020,0.0,48.335415
2021,130.43,48.335415
2022,18.43,40.583263
