year,y_true,y_pred
2018,81.91,38.033134
2019,46.72,29.416834
2020,58.3,32.722836
2021,34.92,27.874834
2022,0.0,32.722836
