year,y_true,y_pred
2018,67.2,31.669287
2019,121.07,37.480343
2020,67.32,107.65249
2021,26.95,62.412346
2022,92.02,79.168976
