year,y_true,y_pred
2018,57.73,25.845695
2019,70.46,27.810368
2020,40.09,27.810368
2021,52.74,27.810368
2022,55.15,27.810368
