year,y_true,y_pred
2018,53.38,25.02212
2019,26.94,26.1583
2020,40.77,9.411522
2021,54.82,44.93479
2022,27.7,46.166466
