year,y_true,y_pred
2018,63.44,54.483482
2019,98.08,54.4844
2020,70.69,126.90651
2021,81.54,80.2731
2022,90.6,54.483482
