year,y_true,y_pred
2018,0.0,0.30468076
2019,0.0,0.30468076
2020,0.0,0.30468076
2021,2.23,0.30468076
2022,0.0,0.6301265
