year,y_true,y_pred
2018,19.26,14.394563
2019,18.04,16.3425
2020,17.95,14.394563
2021,23.46,14.394563
2022,32.95,15.151875
