year,y_true,y_pred
2018,130.27,124.80313
2019,146.55,124.80313
2020,142.5,124.80313
2021,151.9,124.80313
2022,176.5,124.80313
