year,y_true,y_pred
2018,39.65,21.862202
2019,29.31,21.862202
2020,25.81,21.862202
2021,29.04,21.862202
2022,35.3,21.862202
