year,y_true,y_pred
2018,4.98,4.1895685
2019,4.96,0.77693224
2020,4.93,2.8125837
2021,14.72,2.8125837
2022,10.1,0.81275797
