year,y_true,y_pred
2018,194.26,251.16733
2019,183.37,227.85678
2020,83.83,223.77599
2021,196.31,200.45485
2022,257.51,227.85678
