year,y_true,y_pred
2018,79.7,23.480642
2019,104.07,23.480642
2020,83.83,23.480642
2021,73.62,23.480642
2022,106.03,23.480642
