year,y_true,y_pred
2018,14.94,3.8806252
2019,9.91,2.4566667
2020,14.79,2.4566667
2021,9.82,2.4566667
2022,15.15,2.4566667
