year,y_true,y_pred
2018,19.92,10.400139
2019,24.78,10.400139
2020,9.86,10.400139
2021,34.35,10.598162
2022,5.05,10.705249
