year,y_true,y_pred
2018,42.56,58.23882
2019,47.98,43.561188
2020,45.39,36.839123
2021,60.44,36.839123
2022,82.17,46.816223
