year,y_true,y_pred
2018,1040.27,817.56915
2019,1137.5,817.56915
2020,637.98,817.56915
2021,639.55,759.6543
2022,797.85,754.3093
