year,y_true,y_pred
2018,64.75,25.249329
2019,74.09,20.288641
2020,44.0,20.288641
2021,31.09,20.288641
2022,46.39,20.288641
