year,y_true,y_pred
2018,77.7,58.168053
2019,69.73,58.16761
2020,48.4,54.450245
2021,79.94,58.168053
2022,129.88,58.16761
