year,y_true,y_pred
2018,73.38,54.12434
2019,65.37,46.97446
2020,61.6,34.59818
2021,71.06,34.59818
2022,97.41,46.97446
