year,y_true,y_pred
2018,0.0,1.283051
2019,0.0,1.283051
2020,0.0,1.283051
2021,0.0,1.283051
2022,4.64,1.283051
