year,y_true,y_pred
2018,8.63,7.859375
2019,4.36,9.015958
2020,4.4,9.015958
2021,8.88,9.015958
2022,13.92,9.015958
