year,y_true,y_pred
2018,20.12,11.690666
2019,85.03,13.059334
2020,6.38,11.690666
2021,12.46,19.373833
2022,32.35,17.288584
