year,y_true,y_pred
2018,127.44,118.15738
2019,300.89,118.15738
2020,140.26,118.15738
2021,186.89,118.15738
2022,363.93,118.15738
