year,y_true,y_pred
2018,497.79,499.6059
2019,617.88,557.34485
2020,361.75,529.51794
2021,306.4,533.6484
2022,404.54,557.34485
