year,y_true,y_pred
2018,69.33,44.082798
2019,58.59,51.44696
2020,58.52,44.082798
2021,49.59,42.303177
2022,49.18,42.303177
