year,y_true,y_pred
2018,1517.28,719.0987
2019,1214.61,670.9003
2020,855.03,688.45184
2021,925.93,606.68866
2022,942.94,776.0488
