year,y_true,y_pred
2018,24.24,5.7876725
2019,9.68,5.7876725
2020,28.98,5.7876725
2021,19.29,5.7876725
2022,32.33,5.7876725
