year,y_true,y_pred
2018,96.42,69.68329
2019,55.21,48.633144
2020,92.99,32.890453
2021,83.79,48.633144
2022,30.78,32.890453
