year,y_true,y_pred
2018,806.15,746.98846
2019,716.14,746.98846
2020,495.42,844.38007
2021,590.06,746.98846
2022,663.02,746.98846
