year,y_true,y_pred
2018,67.69,93.38012
2019,61.74,93.38012
2020,55.73,71.3895
2021,80.75,71.3895
2022,64.37,53.417812
