year,y_true,y_pred
2018,34.72,25.637749
2019,34.66,25.637749
2020,34.6,32.03033
2021,19.74,32.03033
2022,26.3,32.03033
