year,y_true,y_pred
2018,9.92,44.96239
2019,24.76,37.30094
2020,14.83,37.30094
2021,44.42,37.30094
2022,42.08,31.689709
