year,y_true,y_pred
2018,0.0,0.5269524
2019,0.0,0.5269524
2020,0.0,0.5269524
2021,4.94,0.5269524
2022,0.0,0.5269524
