year,y_true,y_pred
2018,4.96,7.963125
2019,4.95,7.963125
2020,4.94,7.963125
2021,4.94,7.963125
2022,5.26,7.963125
