year,y_true,y_pred
2018,223.19,152.06056
2019,237.67,152.06056
2020,182.9,154.68088
2021,167.79,154.68088
2022,189.36,146.72601
