year,y_true,y_pred
2018,136.87,105.29654
2019,107.93,107.98649
2020,88.61,115.94862
2021,79.04,61.202076
2022,176.24,81.95832
