year,y_true,y_pred
2018,209.86,73.35567
2019,64.13,77.661705
2020,152.37,54.356667
2021,132.92,76.71821
2022,114.57,54.356667
