year,y_true,y_pred
2018,11.25,32.639336
2019,0.0,21.994417
2020,33.87,21.910418
2021,33.93,32.639336
2022,34.27,32.639336
