year,y_true,y_pred
2018,270.0,638.62195
2019,349.37,474.63992
2020,135.49,474.63992
2021,260.15,363.9493
2022,205.6,474.63992
