year,y_true,y_pred
2018,39.7,30.023376
2019,118.34,42.772064
2020,19.6,27.535063
2021,58.46,30.023376
2022,19.02,24.317562
