year,y_true,y_pred
2018,694.72,585.09735
2019,1183.43,585.09735
2020,882.18,662.80634
2021,837.88,585.09735
2022,627.5,585.09735
