year,y_true,y_pred
2018,34.86,73.147964
2019,79.33,30.504538
2020,8.91,32.047913
2021,81.1,25.721157
2022,78.34,56.119175
