year,y_true,y_pred
2018,64.62,44.0349
2019,51.44,32.855663
2020,46.93,44.0349
2021,50.98,43.70215
2022,53.49,36.576023
