year,y_true,y_pred
2018,581.55,399.27643
2019,540.12,400.89758
2020,426.68,370.54572
2021,463.04,461.27502
2022,379.29,461.27502
