year,y_true,y_pred
2018,30.15,47.3239
2019,42.87,35.727207
2020,29.87,33.63638
2021,46.73,47.550297
2022,63.21,33.63638
