year,y_true,y_pred
2018,60.31,122.70375
2019,128.6,116.38
2020,115.2,106.959
2021,101.95,122.70375
2022,97.25,122.70375
