year,y_true,y_pred
2018,0.0,0.6749619
2019,0.0,0.6749619
2020,4.27,0.6749619
2021,0.0,0.6749619
2022,0.0,0.6749619
