year,y_true,y_pred
2018,30.15,15.8203
2019,25.72,36.88492
2020,17.07,36.73509
2021,29.74,47.94579
2022,34.04,34.199078
