year,y_true,y_pred
2018,45.5,73.32496
2019,45.24,60.761707
2020,53.98,60.761707
2021,62.65,67.25808
2022,77.92,69.805084
