year,y_true,y_pred
2018,873.6,995.0185
2019,959.02,975.33685
2020,656.77,1086.947
2021,635.4,749.7844
2022,787.81,477.95642
