year,y_true,y_pred
2018,44.36,51.08581
2019,82.09,54.890377
2020,56.64,52.891
2021,112.9,51.08581
2022,99.28,62.116
