year,y_true,y_pred
2018,92.15,82.64134
2019,84.84,82.64134
2020,56.4,82.64134
2021,70.73,82.64134
2022,99.55,82.64134
