year,y_true,y_pred
2018,76.22,85.093956
2019,75.89,68.520905
2020,89.32,58.985504
2021,88.97,76.07345
2022,100.47,96.38732
