year,y_true,y_pred
2018,0.0,50.56277
2019,0.0,53.61946
2020,34.97,53.61946
2021,70.35,37.036667
2022,68.17,37.036667
