year,y_true,y_pred
2018,60.51,54.683334
2019,59.71,35.016106
2020,19.65,35.016106
2021,19.41,54.683334
2022,0.0,54.683334
