year,y_true,y_pred
2018,242.03,505.92902
2019,338.38,505.92902
2020,255.45,505.92902
2021,291.15,505.92902
2022,137.28,505.92902
