year,y_true,y_pred
2018,67.11,78.07927
2019,50.24,71.82997
2020,33.43,78.07927
2021,116.82,78.07927
2022,120.55,88.95742
