year,y_true,y_pred
2018,45.71,64.398506
2019,57.54,64.37813
2020,58.94,64.37813
2021,56.83,64.37813
2022,59.17,64.37813
