year,y_true,y_pred
2018,662.35,696.70844
2019,749.65,737.7574
2020,704.17,849.9222
2021,643.01,696.6394
2022,754.77,670.30975
