year,y_true,y_pred
2018,123.49,125.316666
2019,126.99,125.316666
2020,111.6,113.26566
2021,114.05,124.08408
2022,128.46,124.08408
