year,y_true,y_pred
2018,8.42,6.4839582
2019,10.32,6.4839582
2020,6.68,6.4839582
2021,7.78,6.9056664
2022,9.34,5.6937704
