year,y_true,y_pred
2018,0.4,0.79690415
2019,0.79,0.05280489
2020,0.79,0.05280489
2021,0.39,0.7211509
2022,0.78,1.5694976
