year,y_true,y_pred
2018,18.84,14.972754
2019,15.48,14.972754
2020,11.0,14.972754
2021,14.01,14.972754
2022,25.3,11.498782
