year,y_true,y_pred
2018,1863.92,1147.7103
2019,1413.13,1517.2141
2020,1374.95,963.84204
2021,999.63,963.84204
2022,1319.68,963.84204
