year,y_true,y_pred
2018,101.0,82.710915
2019,27.71,92.43433
2020,46.45,85.732544
2021,121.45,85.732544
2022,55.37,82.710915
