year,y_true,y_pred
2018,646.72,864.33105
2019,790.65,864.33105
2020,632.63,864.33105
2021,646.15,864.33105
2022,823.3,864.33105
