year,y_true,y_pred
2018,90.03,82.356445
2019,87.03,82.356445
2020,62.85,82.356445
2021,69.0,82.356445
2022,70.18,82.356445
