year,y_true,y_pred
2018,17.92,19.266535
2019,53.68,10.482928
2020,35.74,19.266535
2021,53.54,19.266535
2022,41.57,19.266535
