year,y_true,y_pred
2018,537.54,348.08044
2019,438.4,348.08044
2020,196.55,348.08044
2021,232.0,449.2598
2022,342.96,462.35806
