year,y_true,y_pred
2018,40.45,54.16123
2019,40.57,54.16123
2020,40.67,54.16123
2021,40.77,54.16123
2022,73.56,54.16123
