year,y_true,y_pred
2018,239.04,30.340008
2019,160.13,30.340008
2020,40.21,58.203133
2021,201.94,100.290955
2022,36.55,58.203133
