year,y_true,y_pred
2018,251.8,213.22275
2019,228.99,243.48712
2020,245.15,213.22275
2021,238.28,243.48712
2022,466.2,213.22275
