year,y_true,y_pred
2018,31.47,17.499104
2019,15.52,20.257442
2020,26.81,18.69267
2021,3.78,16.583176
2022,34.53,17.499104
