year,y_true,y_pred
2018,0.0,0.416925
2019,3.88,0.416925
2020,0.0,0.416925
2021,0.0,0.416925
2022,0.0,0.416925
