year,y_true,y_pred
2018,7.87,9.664592
2019,19.41,8.322741
2020,11.49,9.664592
2021,11.35,8.322741
2022,21.58,8.322741
