year,y_true,y_pred
2018,23.61,25.772905
2019,19.41,25.180397
2020,45.97,30.08697
2021,22.69,30.67948
2022,38.85,25.180397
