year,y_true,y_pred
2018,86.56,62.295933
2019,81.51,64.40648
2020,91.93,62.295933
2021,68.08,62.295933
2022,103.6,62.295933
