year,y_true,y_pred
2018,0.0,4.5212636
2019,3.88,4.5212636
2020,7.66,4.5212636
2021,3.78,6.498293
2022,0.0,5.879045
