year,y_true,y_pred
2018,11.19,18.01279
2019,21.82,15.419966
2020,31.92,21.164291
2021,25.96,18.01279
2022,27.73,21.164291
