year,y_true,y_pred
2018,128.72,207.49185
2019,98.17,187.33029
2020,138.31,184.1316
2021,160.98,184.1316
2022,166.39,184.1316
