year,y_true,y_pred
2018,55.97,17.80461
2019,76.36,17.80461
2020,31.92,17.80461
2021,72.7,17.80461
2022,66.56,17.80461
