year,y_true,y_pred
2018,11.19,7.896667
2019,10.91,7.896667
2020,10.64,7.6643333
2021,10.39,7.6193333
2022,5.55,7.6193333
