year,y_true,y_pred
2018,16.79,1.7098541
2019,0.0,1.4582916
2020,0.0,2.9043336
2021,5.19,1.7098541
2022,0.0,1.7098541
