year,y_true,y_pred
2018,11.19,27.197962
2019,21.82,20.412817
2020,10.64,0.00032867273
2021,10.39,18.284204
2022,11.09,8.821717
