year,y_true,y_pred
2018,185.8,188.18112
2019,160.95,188.18112
2020,173.25,159.73857
2021,98.96,188.18112
2022,240.53,145.22466
