year,y_true,y_pred
2018,12.39,10.39877
2019,0.0,12.264458
2020,24.75,10.39877
2021,0.0,15.660666
2022,36.08,12.321771
