year,y_true,y_pred
2018,4.42,6.502798
2019,2.17,4.0414443
2020,4.27,1.9557128
2021,10.49,6.502798
2022,12.77,1.8635347
