year,y_true,y_pred
2018,35.36,131.89151
2019,130.24,131.89151
2020,155.71,149.8513
2021,146.8,152.723
2022,195.73,139.41423
