year,y_true,y_pred
2018,39.78,56.227863
2019,60.78,56.65675
2020,59.72,56.227863
2021,46.14,56.227863
2022,31.91,56.227863
