year,y_true,y_pred
2018,13.26,6.3553205
2019,21.71,14.216315
2020,6.4,4.5953875
2021,29.36,3.2217524
2022,4.26,4.5953875
