year,y_true,y_pred
2018,4.42,2.7302222
2019,2.17,2.7302222
2020,2.13,2.7302222
2021,0.0,3.6321666
2022,8.51,2.7302222
