year,y_true,y_pred
2018,11.05,1.094375
2019,4.34,1.094375
2020,0.0,1.094375
2021,0.0,1.094375
2022,0.0,1.5350001
