year,y_true,y_pred
2018,0.0,0.5886489
2019,0.0,0.5886489
2020,0.0,0.5886489
2021,2.1,0.5886489
2022,0.0,0.5886489
