year,y_true,y_pred
2018,476.83,917.68463
2019,552.17,917.68463
2020,646.26,917.68463
2021,417.46,917.68463
2022,1007.56,917.68463
