year,y_true,y_pred
2018,57.22,74.089005
2019,76.16,71.70025
2020,76.03,77.4775
2021,18.98,77.311005
2022,114.5,84.476
