year,y_true,y_pred
2018,17.87,47.184387
2019,86.66,34.18761
2020,69.43,29.826096
2021,17.39,35.077057
2022,40.06,34.18943
