year,y_true,y_pred
2018,39.71,25.867207
2019,52.42,25.867207
2020,12.98,25.867207
2021,6.43,22.067707
2022,29.77,22.067707
