year,y_true,y_pred
2018,317.65,409.88348
2019,409.55,423.70563
2020,301.79,409.88348
2021,334.37,423.70563
2022,416.79,423.70563
