year,y_true,y_pred
2018,50.26,51.226276
2019,47.32,51.226276
2020,22.24,51.226276
2021,30.74,51.226276
2022,30.89,51.226276
