year,y_true,y_pred
2018,57.18,99.40525
2019,98.17,86.28663
2020,98.31,108.26276
2021,90.25,108.26276
2022,68.2,101.03001
