year,y_true,y_pred
2018,73.52,35.392334
2019,16.36,34.029835
2020,40.96,31.605833
2021,24.61,27.521667
2022,25.58,35.392334
