year,y_true,y_pred
2018,16.34,13.346729
2019,32.72,15.815367
2020,16.39,17.444334
2021,41.02,13.346729
2022,51.15,16.896042
