year,y_true,y_pred
2018,171.54,219.9961
2019,220.88,219.9961
2020,262.17,207.37692
2021,221.51,265.82956
2022,213.13,213.94316
