year,y_true,y_pred
2018,77.84,60.801582
2019,33.2,60.801582
2020,33.05,55.656834
2021,43.88,56.197666
2022,25.62,60.801582
