year,y_true,y_pred
2018,522.63,480.0573
2019,464.86,382.28345
2020,264.43,490.97925
2021,362.0,474.64374
2022,409.99,478.12976
