year,y_true,y_pred
2018,58.06,78.66567
2019,76.38,76.29771
2020,150.83,79.78167
2021,167.6,72.54771
2022,91.07,72.54771
