year,y_true,y_pred
2018,0.0,95.19563
2019,0.0,101.97774
2020,0.0,86.78513
2021,56.98,101.97774
2022,0.0,91.02481
