year,y_true,y_pred
2018,65.71,33.734833
2019,77.24,41.711334
2020,59.11,41.711334
2021,70.57,41.711334
2022,39.35,33.734833
