year,y_true,y_pred
2018,0.0,2.1699185
2019,0.0,1.0019397
2020,0.0,1.0019397
2021,0.79,1.7054547
2022,0.84,1.7054547
