year,y_true,y_pred
2018,0.0,5.1821527
2019,4.04,0.153466
2020,8.01,5.038601
2021,7.14,2.7318301
2022,4.22,5.182136
