year,y_true,y_pred
2018,111.15,91.43298
2019,92.2,121.8207
2020,91.29,98.9636
2021,99.93,102.966225
2022,121.66,102.966225
