year,y_true,y_pred
2018,17.16,12.939857
2019,16.99,14.42676
2020,14.41,14.42676
2021,17.45,14.428871
2022,20.28,14.42676
