year,y_true,y_pred
2018,17.28,38.827866
2019,52.1,38.827866
2020,17.45,38.827866
2021,0.0,33.434914
2022,0.0,33.049416
