year,y_true,y_pred
2018,224.68,316.23138
2019,277.87,316.23138
2020,348.98,263.53973
2021,192.81,263.53973
2022,303.73,316.23138
