year,y_true,y_pred
2018,66.43,72.559006
2019,88.58,64.957
2020,66.43,72.559006
2021,127.34,70.253006
2022,98.75,72.559006
