year,y_true,y_pred
2018,24.91,17.574667
2019,33.22,23.033022
2020,27.68,18.224459
2021,24.91,19.98396
2022,40.66,19.98396
