year,y_true,y_pred
2018,13.84,11.782417
2019,8.3,11.436334
2020,11.07,12.253417
2021,11.07,11.782417
2022,8.71,11.436334
