year,y_true,y_pred
2018,130.1,179.93507
2019,174.39,186.36667
2020,138.4,175.53075
2021,177.16,186.36667
2022,206.22,179.93507
