year,y_true,y_pred
2018,0.0,0.42169696
2019,0.0,0.42169696
2020,0.0,0.42169696
2021,0.0,0.42169696
2022,0.0,0.42169696
