year,y_true,y_pred
2018,687.66,539.02985
2019,1128.09,535.76514
2020,914.75,535.76514
2021,956.23,535.76514
2022,1027.67,535.76514
