year,y_true,y_pred
2018,36.19,41.622673
2019,72.78,11.853433
2020,109.77,34.59293
2021,110.33,71.841934
2022,197.63,52.911278
