year,y_true,y_pred
2018,55.87,32.671375
2019,45.88,34.90675
2020,46.51,34.90675
2021,49.15,34.90675
2022,56.39,34.90675
