year,y_true,y_pred
2018,116.68,109.28267
2019,100.11,109.28267
2020,76.6,105.522705
2021,91.57,106.63421
2022,108.58,102.38043
