year,y_true,y_pred
2018,0.0,0.09330187
2019,0.0,0.09330187
2020,0.0,0.09330187
2021,0.0,0.09330187
2022,0.0,0.09330187
