year,y_true,y_pred
2018,12.73,14.602995
2019,22.25,22.031591
2020,20.52,14.4052725
2021,27.61,16.361778
2022,32.39,14.857568
