year,y_true,y_pred
2018,0.0,0.95684624
2019,0.0,0.17990313
2020,0.68,0.0023813136
2021,1.35,0.3300067
2022,1.2,0.95684624
