year,y_true,y_pred
2018,5.66,4.021375
2019,3.48,3.686
2020,8.21,3.686
2021,11.45,3.437875
2022,4.2,4.133
