year,y_true,y_pred
2018,82.69,76.030754
2019,59.76,76.030754
2020,56.6,84.5056
2021,77.25,76.030754
2022,96.93,81.124
