year,y_true,y_pred
2018,0.0,38.70469
2019,0.0,32.42702
2020,29.43,50.030846
2021,58.28,50.030846
2022,127.39,23.898907
