year,y_true,y_pred
2018,77.28,21.111334
2019,77.12,21.111334
2020,30.79,34.064667
2021,0.0,34.064667
2022,15.97,21.111334
