year,y_true,y_pred
2018,343.43,272.5687
2019,358.36,297.46786
2020,221.46,297.46786
2021,245.02,280.2344
2022,472.73,270.93448
