year,y_true,y_pred
2018,35.17,24.529333
2019,30.89,28.154291
2020,16.4,28.154291
2021,46.96,27.011292
2022,36.72,25.126604
