year,y_true,y_pred
2018,8.28,9.359318
2019,14.42,16.128447
2020,6.15,7.45308
2021,14.29,0.4175844
2022,4.59,8.344885
