year,y_true,y_pred
2018,138.61,101.82719
2019,129.75,101.82719
2020,116.88,101.82719
2021,130.68,101.82719
2022,151.46,101.82719
