year,y_true,y_pred
2018,51.72,53.896275
2019,63.85,49.398983
2020,38.96,46.44027
2021,51.05,43.360336
2022,64.25,52.19614
