year,y_true,y_pred
2018,17.48,49.82306
2019,25.95,49.82306
2020,42.83,49.82306
2021,25.46,74.1308
2022,53.36,49.82306
