year,y_true,y_pred
2018,402.1,526.8413
2019,372.0,629.3353
2020,419.74,549.51117
2021,500.64,549.51117
2022,631.39,709.34235
