year,y_true,y_pred
2018,29.66,12.658658
2019,0.0,5.138631
2020,29.55,4.3162937
2021,0.0,4.188652
2022,159.39,4.3162937
