year,y_true,y_pred
2018,296.65,210.55528
2019,117.92,210.55528
2020,236.41,210.55528
2021,533.02,210.55528
2022,382.53,210.55528
