year,y_true,y_pred
2018,36.36,42.480667
2019,0.0,68.256714
2020,36.19,42.480667
2021,144.4,68.256714
2022,138.5,46.731647
