year,y_true,y_pred
2018,312.42,499.5218
2019,651.89,347.1453
2020,757.18,487.35678
2021,339.96,392.55563
2022,522.5,454.9787
