year,y_true,y_pred
2018,0.0,41.08929
2019,130.38,41.08929
2020,52.22,52.510418
2021,26.15,36.710915
2022,58.06,29.87754
