year,y_true,y_pred
2018,56.44,51.585197
2019,56.02,41.021954
2020,37.08,18.87664
2021,22.1,43.38283
2022,82.67,50.72585
