year,y_true,y_pred
2018,80.94,80.59447
2019,92.08,73.95067
2020,45.83,68.408165
2021,79.87,80.59447
2022,71.98,74.12766
