year,y_true,y_pred
2018,350.28,467.84433
2019,481.71,467.84433
2020,385.12,448.98047
2021,370.38,467.84433
2022,466.8,445.27533
