year,y_true,y_pred
2018,49.45,54.43175
2019,53.07,54.43175
2020,49.35,53.4218
2021,47.4,54.43175
2022,35.68,54.43175
