year,y_true,y_pred
2018,45.68,61.532127
2019,49.49,55.881275
2020,65.54,61.532127
2021,81.4,55.881275
2022,66.96,89.063286
