year,y_true,y_pred
2018,41.93,97.89746
2019,41.77,106.32327
2020,41.61,97.89746
2021,0.0,97.89746
2022,42.35,97.89746
