year,y_true,y_pred
2018,409.78,392.46872
2019,378.97,404.48
2020,300.8,404.40988
2021,451.72,592.3893
2022,411.83,592.45935
