year,y_true,y_pred
2018,37.68,34.193237
2019,60.82,30.456543
2020,47.75,26.751541
2021,13.83,27.33623
2022,37.78,28.323542
