year,y_true,y_pred
2018,36.72,73.62002
2019,20.3,73.62002
2020,44.47,73.62002
2021,40.25,47.283558
2022,55.1,73.62002
