year,y_true,y_pred
2018,432.51,616.73486
2019,414.15,654.245
2020,493.23,654.245
2021,430.72,694.4932
2022,504.37,617.35205
