year,y_true,y_pred
2018,234.6,271.52466
2019,307.76,271.52466
2020,230.67,271.52466
2021,103.3,271.52466
2022,403.03,271.52466
