year,y_true,y_pred
2018,7.57,35.261166
2019,45.04,35.927166
2020,44.65,35.927166
2021,7.38,35.261166
2022,58.98,33.198166
