year,y_true,y_pred
2018,7.57,0.72236365
2019,0.0,0.72236365
2020,0.0,0.72236365
2021,0.0,0.72236365
2022,0.0,0.72236365
