year,y_true,y_pred
2018,90.81,181.69083
2019,187.66,181.69083
2020,141.38,98.726776
2021,154.95,181.69083
2022,275.24,181.69083
