year,y_true,y_pred
2018,0.0,29.322666
2019,30.03,29.322666
2020,7.44,25.582191
2021,22.14,29.322666
2022,19.66,25.582191
