year,y_true,y_pred
2018,51.51,40.75284
2019,39.11,40.633377
2020,40.93,63.17933
2021,51.65,22.718506
2022,39.34,46.9807
