year,y_true,y_pred
2018,87.03,98.51617
2019,53.33,90.729355
2020,76.52,98.51617
2021,89.05,94.60379
2022,85.84,99.282295
