year,y_true,y_pred
2018,0.0,0.21994148
2019,0.0,0.21994148
2020,0.0,0.21994148
2021,0.0,0.21994148
2022,0.0,0.21994148
