year,y_true,y_pred
2018,81.81,105.41831
2019,100.93,67.94517
2020,81.14,113.27085
2021,82.03,67.94517
2022,112.45,75.21902
