year,y_true,y_pred
2018,17.38,24.337505
2019,0.0,1.5840634
2020,17.46,1.5840634
2021,0.0,13.859556
2022,17.76,13.859556
