year,y_true,y_pred
2018,243.35,332.297
2019,226.44,370.23813
2020,209.46,370.23813
2021,192.37,358.78824
2022,195.38,358.78824
