year,y_true,y_pred
2018,685.05,679.28937
2019,768.96,679.28937
2020,730.43,726.6143
2021,553.82,679.28937
2022,854.22,715.6883
