year,y_true,y_pred
2018,52.7,99.08785
2019,69.91,26.313679
2020,69.57,142.12904
2021,69.23,19.067375
2022,92.85,19.067375
