year,y_true,y_pred
2018,119.52,89.331375
2019,112.38,77.90382
2020,78.77,77.90382
2021,97.46,77.90382
2022,139.33,77.90382
