year,y_true,y_pred
2018,82.03,84.555305
2019,58.34,79.888405
2020,104.58,51.06178
2021,81.01,77.005035
2022,52.98,55.651955
