year,y_true,y_pred
2018,35.16,4.669259
2019,11.67,2.9421296
2020,0.0,4.669259
2021,11.57,11.69429
2022,10.6,11.69429
