year,y_true,y_pred
2018,46.88,21.372667
2019,46.67,28.834959
2020,34.86,28.834959
2021,23.15,28.834959
2022,52.98,28.834959
