year,y_true,y_pred
2018,140.63,195.85567
2019,163.36,210.71172
2020,220.78,211.28471
2021,185.16,220.86267
2022,148.34,220.86267
