year,y_true,y_pred
2018,21.83,85.43967
2019,95.19,85.43967
2020,103.13,75.79733
2021,140.79,88.533585
2022,63.51,88.533585
