year,y_true,y_pred
2018,756.8,584.42096
2019,812.77,584.42096
2020,729.28,822.3899
2021,837.35,584.42096
2022,912.92,822.3899
