year,y_true,y_pred
2018,7.28,17.549747
2019,14.64,22.006443
2020,29.47,16.558743
2021,37.05,37.59309
2022,47.63,36.991714
