year,y_true,y_pred
2018,181.92,207.45157
2019,175.73,180.79271
2020,176.8,180.79271
2021,274.18,180.79271
2022,198.46,207.45157
