year,y_true,y_pred
2018,62.89,39.225376
2019,127.55,39.225376
2020,129.28,39.225376
2021,0.0,39.225376
2022,118.2,39.225376
