year,y_true,y_pred
2018,943.4,608.9471
2019,2168.37,569.78766
2020,1422.11,569.78766
2021,851.9,608.9471
2022,1595.74,569.78766
