year,y_true,y_pred
2018,123.89,186.44955
2019,247.32,186.44955
2020,102.86,186.44955
2021,225.87,186.44955
2022,231.53,186.44955
