year,y_true,y_pred
2018,82.59,26.721167
2019,41.22,21.7785
2020,41.14,21.7785
2021,20.53,21.7785
2022,21.05,26.721167
