year,y_true,y_pred
2018,74.87,69.95827
2019,68.06,78.86229
2020,67.77,78.86229
2021,57.85,78.86229
2022,56.56,68.780914
