year,y_true,y_pred
2018,3.26,6.3382916
2019,6.48,5.559104
2020,6.45,6.1573334
2021,9.64,6.3382916
2022,3.33,6.3382916
