year,y_true,y_pred
2018,6.51,15.749001
2019,16.2,15.749001
2020,25.82,15.749001
2021,32.14,15.749001
2022,23.29,13.502438
