year,y_true,y_pred
2018,97.65,66.99415
2019,93.98,66.99415
2020,100.04,66.99415
2021,128.55,66.99415
2022,103.15,66.99415
