year,y_true,y_pred
2018,0.0,67.65866
2019,46.27,67.65866
2020,46.1,67.65866
2021,137.8,67.65866
2022,103.63,86.53371
