year,y_true,y_pred
2018,81.55,59.360207
2019,16.4,59.360207
2020,16.48,45.80758
2021,33.13,43.13908
2022,0.0,38.462666
