year,y_true,y_pred
2018,277.28,211.60025
2019,114.77,211.60025
2020,115.36,211.60025
2021,248.47,211.60025
2022,102.35,211.60025
