year,y_true,y_pred
2018,135.69,76.37234
2019,135.43,76.37234
2020,81.1,76.37234
2021,53.97,68.012856
2022,91.83,68.012856
