year,y_true,y_pred
2018,0.0,23.587002
2019,34.08,23.587002
2020,0.0,13.130375
2021,16.92,23.587002
2022,17.77,11.585625
