year,y_true,y_pred
2018,290.85,219.3002
2019,357.87,502.69223
2020,118.85,287.9037
2021,236.89,219.29843
2022,231.07,301.7124
