year,y_true,y_pred
2018,341.69,159.3595
2019,224.59,96.84706
2020,110.76,159.3595
2021,255.06,210.10683
2022,428.27,159.3595
