year,y_true,y_pred
2018,37.97,17.299667
2019,37.43,9.829333
2020,18.46,9.522167
2021,54.65,9.522167
2022,0.0,9.829333
