year,y_true,y_pred
2018,476.1,392.02188
2019,524.51,392.02188
2020,456.79,392.02188
2021,430.78,392.02188
2022,536.69,392.02188
