year,y_true,y_pred
2018,48.84,38.65464
2019,58.25,44.06485
2020,54.93,42.814613
2021,56.45,44.06485
2022,49.97,44.06485
