year,y_true,y_pred
2018,0.82,0.33962667
2019,0.27,0.33962667
2020,0.27,0.33962667
2021,1.06,0.4073696
2022,0.0,0.5154146
