year,y_true,y_pred
2018,54.29,57.979797
2019,58.25,58.820168
2020,49.07,58.820034
2021,54.87,61.217037
2022,57.88,51.647713
