year,y_true,y_pred
2018,13.91,8.496212
2019,13.21,8.496212
2020,14.67,8.496212
2021,15.56,8.496212
2022,14.79,8.496212
