year,y_true,y_pred
2018,42.29,35.395058
2019,47.46,35.395058
2020,45.6,35.395058
2021,50.91,35.395058
2022,57.37,35.395058
