year,y_true,y_pred
2018,192.91,87.47641
2019,72.01,107.939415
2020,71.7,107.939415
2021,23.8,106.20033
2022,89.73,107.46816
