year,y_true,y_pred
2018,29.46,82.10929
2019,145.73,82.10929
2020,144.26,82.10929
2021,28.57,58.767334
2022,113.08,58.59079
