year,y_true,y_pred
2018,63.01,71.73067
2019,94.92,83.48571
2020,15.89,91.44389
2021,63.81,99.160706
2022,65.1,83.48571
