year,y_true,y_pred
2018,12.82,10.860323
2019,12.8,10.860323
2020,25.57,10.860323
2021,63.86,12.75571
2022,12.57,64.109665
