year,y_true,y_pred
2018,461.42,298.102
2019,665.64,350.14444
2020,639.3,350.14444
2021,408.68,350.14444
2022,452.37,350.14444
