year,y_true,y_pred
2018,65.55,80.50958
2019,61.15,96.18633
2020,53.04,96.18633
2021,82.67,80.50958
2022,62.91,80.50958
