year,y_true,y_pred
2018,456.09,507.12964
2019,687.96,624.82916
2020,815.92,507.12964
2021,523.67,1429.8624
2022,544.11,608.6347
