year,y_true,y_pred
2018,29.11,72.73009
2019,49.14,72.73009
2020,139.3,72.73009
2021,50.35,68.261734
2022,87.45,72.73009
