year,y_true,y_pred
2018,515.46,461.9544
2019,398.62,460.9979
2020,256.05,315.246
2021,316.87,346.41144
2022,407.18,420.99518
