year,y_true,y_pred
2018,26.66,9.327333
2019,17.72,7.359333
2020,52.98,7.359333
2021,35.21,7.359333
2022,55.52,7.359333
