year,y_true,y_pred
2018,0.0,0.9219583
2019,0.0,0.9219583
2020,0.0,0.9219583
2021,0.0,0.9219583
2022,0.0,0.9219583
