year,y_true,y_pred
2018,142.2,125.53545
2019,106.3,139.23637
2020,264.88,122.78296
2021,299.27,131.73645
2022,231.35,131.73645
