year,y_true,y_pred
2018,17.77,6.8473334
2019,8.86,8.822767
2020,0.0,6.8473334
2021,8.8,6.8473334
2022,0.0,11.272792
