year,y_true,y_pred
2018,8.89,17.110735
2019,26.57,11.334597
2020,0.0,23.601486
2021,8.8,0.10210451
2022,27.76,22.3666
