year,y_true,y_pred
2018,80.83,50.066425
2019,32.7,31.81525
2020,16.38,31.81525
2021,16.41,23.0505
2022,70.8,50.066425
