year,y_true,y_pred
2018,69.85,65.78067
2019,58.68,56.107533
2020,106.46,62.454666
2021,131.12,56.107533
2022,117.95,56.107533
