year,y_true,y_pred
2018,0.0,9.823733
2019,17.06,7.5433335
2020,0.0,7.786667
2021,33.88,9.823733
2022,56.19,9.823733
