year,y_true,y_pred
2018,86.13,130.66238
2019,30.39,134.60913
2020,50.63,134.60913
2021,40.49,134.60913
2022,78.58,134.60913
