year,y_true,y_pred
2018,10.12,21.729311
2019,20.11,21.46811
2020,19.99,20.888668
2021,14.91,20.888668
2022,27.24,21.46811
