year,y_true,y_pred
2018,333.94,259.31012
2019,412.33,259.31012
2020,349.88,259.31012
2021,238.52,259.31012
2022,337.75,259.31012
