year,y_true,y_pred
2018,418.14,530.45935
2019,311.82,482.57053
2020,181.68,596.77216
2021,309.01,240.7521
2022,379.48,530.45935
