year,y_true,y_pred
2018,16.08,14.8359375
2019,15.59,63.48787
2020,30.28,63.48787
2021,14.71,63.48787
2022,0.0,63.48787
