year,y_true,y_pred
2018,14.94,35.062294
2019,73.81,35.062294
2020,43.79,34.960293
2021,57.75,38.29629
2022,43.26,32.881294
