year,y_true,y_pred
2018,322.34,274.1851
2019,341.31,251.37987
2020,435.06,251.37987
2021,398.8,251.37987
2022,430.69,251.37987
