year,y_true,y_pred
2018,21.75,31.865067
2019,23.67,21.0875
2020,41.34,31.865067
2021,31.43,26.206808
2022,10.4,31.865067
