year,y_true,y_pred
2018,73.17,39.938637
2019,51.3,33.087925
2020,64.96,33.087925
2021,64.83,33.087925
2022,95.71,33.087925
