year,y_true,y_pred
2018,19.78,17.93875
2019,33.54,17.93875
2020,41.34,17.93875
2021,53.04,17.93875
2022,64.5,17.93875
