year,y_true,y_pred
2018,7.91,9.76337
2019,13.81,9.76337
2020,23.62,8.679284
2021,11.79,8.679284
2022,14.56,8.679284
