year,y_true,y_pred
2018,1.98,0.1669697
2019,0.0,0.13458332
2020,0.0,0.13458332
2021,0.0,0.1669697
2022,0.0,0.1669697
