year,y_true,y_pred
2018,0.0,0.15289582
2019,0.0,0.15289582
2020,0.0,0.15289582
2021,1.96,0.15289582
2022,0.0,0.15289582
