year,y_true,y_pred
2018,1098.67,942.45953
2019,1096.45,875.56024
2020,610.87,852.3387
2021,816.49,912.72266
2022,1709.21,1042.1776
