year,y_true,y_pred
2018,82.92,47.637665
2019,60.91,49.017082
2020,20.36,39.865707
2021,61.24,39.865707
2022,68.37,47.637665
