year,y_true,y_pred
2018,126.49,103.382744
2019,78.04,100.991745
2020,65.81,98.667
2021,77.52,108.22625
2022,80.47,108.22625
