year,y_true,y_pred
2018,82.91,108.17233
2019,87.17,108.17233
2020,75.2,108.17233
2021,57.39,108.17233
2022,77.83,108.17233
