year,y_true,y_pred
2018,655.91,806.45624
2019,650.09,806.45624
2020,521.95,806.45624
2021,528.28,806.45624
2022,991.2,806.45624
