year,y_true,y_pred
2018,222.5,272.76822
2019,157.73,207.48746
2020,250.47,272.76822
2021,279.76,272.76822
2022,504.1,272.76822
