year,y_true,y_pred
2018,0.0,30.02825
2019,0.0,30.02825
2020,0.0,30.02825
2021,62.17,30.02825
2022,31.51,30.02825
