year,y_true,y_pred
2018,52.59,55.300735
2019,58.08,55.300735
2020,88.43,55.300735
2021,66.28,58.258766
2022,94.15,64.054245
