year,y_true,y_pred
2018,174.38,180.09842
2019,210.19,165.27222
2020,196.21,148.80112
2021,190.55,159.89354
2022,191.33,137.79709
