year,y_true,y_pred
2018,38.75,21.025867
2019,33.19,21.025867
2020,30.4,21.025867
2021,27.62,21.025867
2022,33.41,21.025867
