year,y_true,y_pred
2018,16.61,12.360288
2019,24.89,17.507267
2020,19.35,17.486818
2021,22.09,15.045732
2022,33.41,19.81967
