year,y_true,y_pred
2018,0.0,0.24429166
2019,0.0,0.24429166
2020,0.0,0.24429166
2021,0.0,0.24429166
2022,0.0,0.24429166
