year,y_true,y_pred
2018,1139.15,890.84955
2019,1484.47,937.9721
2020,826.61,937.9721
2021,748.62,956.46295
2022,1119.14,890.84955
