year,y_true,y_pred
2018,117.26,72.03413
2019,70.56,103.068
2020,117.92,78.155
2021,23.65,103.068
2022,24.17,72.03413
