year,y_true,y_pred
2018,234.52,188.80103
2019,188.15,189.19606
2020,141.51,212.05627
2021,141.88,165.85838
2022,290.07,103.508224
