year,y_true,y_pred
2018,46.9,8.020124
2019,70.56,4.6041455
2020,0.0,4.6041455
2021,23.65,4.6041455
2022,0.0,4.6041455
