year,y_true,y_pred
2018,0.0,3.3882651
2019,0.0,3.3882651
2020,0.0,3.3882651
2021,0.0,3.3882651
2022,0.0,3.3882651
