year,y_true,y_pred
2018,0.0,2.1236832
2019,0.0,2.1236832
2020,0.0,2.1236832
2021,0.0,2.1236832
2022,0.0,2.1236832
