year,y_true,y_pred
2018,385.84,421.36932
2019,461.33,393.81332
2020,326.25,413.54132
2021,479.88,421.36932
2022,546.37,413.54132
