year,y_true,y_pred
2018,34.55,34.44223
2019,54.78,31.59704
2020,25.98,32.15504
2021,34.69,34.44223
2022,36.42,31.59704
