year,y_true,y_pred
2018,381.36,505.82898
2019,400.8,505.82898
2020,365.07,477.01675
2021,481.62,477.01675
2022,483.94,484.96793
