year,y_true,y_pred
2018,22.66,19.422379
2019,29.69,28.939037
2020,21.9,19.422897
2021,28.75,16.492714
2022,47.76,19.420103
