year,y_true,y_pred
2018,578.64,210.34613
2019,144.54,207.70872
2020,347.91,210.27011
2021,459.11,287.30948
2022,419.21,230.49042
