year,y_true,y_pred
2018,98.63,21.335442
2019,32.85,20.910454
2020,59.08,22.055138
2021,52.47,22.364855
2022,47.91,23.170462
