year,y_true,y_pred
2018,461.87,529.44543
2019,507.09,529.44543
2020,487.16,639.2659
2021,726.45,639.2659
2022,955.11,639.2659
