year,y_true,y_pred
2018,75.94,42.20279
2019,62.03,55.4124
2020,68.26,42.20279
2021,91.58,42.20279
2022,103.57,42.20279
