year,y_true,y_pred
2018,35.65,23.863832
2019,23.26,25.501833
2020,35.68,24.796833
2021,37.25,25.501833
2022,32.88,25.084833
