year,y_true,y_pred
2018,0.0,0.23609093
2019,1.55,0.23609093
2020,4.65,0.23609093
2021,4.66,0.46375003
2022,1.64,0.22525
