year,y_true,y_pred
2018,0.0,0.25747618
2019,0.0,0.25747618
2020,0.0,0.25747618
2021,0.0,0.25747618
2022,1.64,0.25747618
