year,y_true,y_pred
2018,23.25,12.176417
2019,9.3,13.75675
2020,26.37,11.310042
2021,31.04,12.782417
2022,32.88,13.75675
