year,y_true,y_pred
2018,100.74,76.78804
2019,99.25,107.36712
2020,117.91,107.36712
2021,166.09,76.78804
2022,144.66,76.78804
