year,y_true,y_pred
2018,83.09,37.248333
2019,41.43,37.248333
2020,41.31,29.929865
2021,82.41,46.25933
2022,42.81,30.550415
