year,y_true,y_pred
2018,13.74,34.568584
2019,56.12,34.568584
2020,42.95,34.568584
2021,72.97,39.196083
2022,54.06,41.712936
