year,y_true,y_pred
2018,371.08,522.7404
2019,617.28,637.4638
2020,443.81,624.8626
2021,496.21,494.03647
2022,558.66,525.94745
