year,y_true,y_pred
2018,286.99,323.83823
2019,381.68,323.83823
2020,222.12,323.83823
2021,379.87,323.83823
2022,315.96,323.83823
