year,y_true,y_pred
2018,47.83,8.719838
2019,95.42,31.423502
2020,47.6,20.969542
2021,63.31,8.719838
2022,35.11,8.719838
