year,y_true,y_pred
2018,28.81,42.36909
2019,38.3,44.437557
2020,33.41,43.40156
2021,42.84,35.027607
2022,33.44,47.057392
