year,y_true,y_pred
2018,304.89,368.36014
2019,332.7,368.36014
2020,355.6,368.36014
2021,357.02,368.36014
2022,357.51,368.36014
