year,y_true,y_pred
2018,36.01,35.4531
2019,23.93,33.188942
2020,23.87,33.188942
2021,26.18,36.25922
2022,12.86,36.25922
