year,y_true,y_pred
2018,0.0,0.6147131
2019,2.39,0.6147131
2020,2.39,0.6147131
2021,4.76,0.6147131
2022,0.0,2.478539
