year,y_true,y_pred
2018,0.0,0.46466666
2019,2.39,0.46466666
2020,0.0,0.46466666
2021,2.38,0.46466666
2022,5.14,0.46466666
