year,y_true,y_pred
2018,48.01,70.58172
2019,64.62,64.617355
2020,71.6,64.617355
2021,80.93,70.58172
2022,48.87,70.58172
