year,y_true,y_pred
2018,40.81,18.921
2019,14.36,23.350374
2020,16.71,19.908249
2021,23.8,20.24125
2022,18.0,18.921
