year,y_true,y_pred
2018,111.58,101.40335
2019,101.58,97.55691
2020,61.03,101.40335
2021,61.12,77.47231
2022,66.9,80.92675
