year,y_true,y_pred
2018,231.59,391.62784
2019,304.9,285.05673
2020,384.74,400.46683
2021,237.13,391.62784
2022,521.67,285.05673
