year,y_true,y_pred
2018,15.44,27.98483
2019,7.82,27.98483
2020,25.09,25.08328
2021,8.47,15.094642
2022,40.13,25.03598
