year,y_true,y_pred
2018,100.36,96.341995
2019,93.82,93.401
2020,158.92,109.743
2021,50.81,109.743
2022,200.64,96.341995
