year,y_true,y_pred
2018,54.04,59.881313
2019,46.91,56.358593
2020,58.55,47.661163
2021,84.69,67.80447
2022,88.28,58.557774
