year,y_true,y_pred
2018,0.0,6.0886817
2019,23.45,6.945623
2020,41.82,6.0301104
2021,0.0,6.0886817
2022,16.05,6.945623
