year,y_true,y_pred
2018,26.23,32.305416
2019,17.38,30.596165
2020,20.16,32.305416
2021,28.64,32.305416
2022,42.66,32.305416
