year,y_true,y_pred
2018,278.36,346.99133
2019,230.34,346.99133
2020,152.67,346.99133
2021,173.28,346.99133
2022,318.54,346.99133
