year,y_true,y_pred
2018,0.0,0.8188095
2019,0.0,0.8188095
2020,0.0,0.8188095
2021,0.0,0.8188095
2022,1.42,0.8188095
