year,y_true,y_pred
2018,34.98,22.020042
2019,43.46,25.601418
2020,44.65,22.020042
2021,32.94,22.020042
2022,32.71,22.020042
