year,y_true,y_pred
2018,96.19,75.112885
2019,88.37,75.112885
2020,82.1,75.112885
2021,104.54,75.112885
2022,92.43,75.112885
