year,y_true,y_pred
2018,55.92,62.317627
2019,100.57,67.60114
2020,66.99,68.63386
2021,78.09,62.317627
2022,11.83,62.317627
