year,y_true,y_pred
2018,43.91,40.336277
2019,228.98,40.336277
2020,216.68,95.40913
2021,150.72,95.40913
2022,432.08,95.40913
