year,y_true,y_pred
2018,88.07,96.940994
2019,132.13,70.104996
2020,88.13,80.0665
2021,0.0,80.0665
2022,85.71,96.940994
