year,y_true,y_pred
2018,14.94,9.271015
2019,21.83,34.148766
2020,14.2,13.982411
2021,6.93,34.148766
2022,8.87,28.608274
