year,y_true,y_pred
2018,231.57,194.64156
2019,283.84,279.0596
2020,170.39,194.64156
2021,187.2,279.0596
2022,115.3,279.0596
