year,y_true,y_pred
2018,33.46,0.4434208
2019,22.24,0.4434208
2020,0.0,0.4434208
2021,22.12,0.4434208
2022,11.45,0.4434208
