year,y_true,y_pred
2018,234.22,153.57993
2019,300.27,141.59909
2020,177.44,132.99652
2021,276.52,151.40979
2022,240.44,144.97736
