year,y_true,y_pred
2018,0.0,2.4895825
2019,11.12,2.4895825
2020,11.09,0.0012521349
2021,0.0,0.0012521349
2022,0.0,0.0012521349
