year,y_true,y_pred
2018,33.46,20.48378
2019,11.12,16.53872
2020,55.45,42.79403
2021,22.12,23.991533
2022,34.35,40.642498
