year,y_true,y_pred
2018,44.61,29.38024
2019,77.85,41.575867
2020,55.45,29.38024
2021,22.12,28.866135
2022,57.25,52.39844
