year,y_true,y_pred
2018,33.46,74.602066
2019,77.85,69.127785
2020,166.35,74.602066
2021,99.55,109.28759
2022,57.25,109.28759
