year,y_true,y_pred
2018,696.4,492.9465
2019,542.5,621.09607
2020,260.88,580.3296
2021,404.4,539.58777
2022,786.84,482.48727
