year,y_true,y_pred
2018,0.0,53.630836
2019,0.0,55.762337
2020,32.61,55.762337
2021,48.53,53.630836
2022,0.0,53.630836
