year,y_true,y_pred
2018,65.3,99.4088
2019,74.49,110.84975
2020,46.48,93.203995
2021,46.4,110.84975
2022,141.92,110.84975
