year,y_true,y_pred
2018,300.42,487.59064
2019,580.79,487.34015
2020,425.71,487.34015
2021,800.33,453.01413
2022,833.85,497.615
