year,y_true,y_pred
2018,10.36,21.039356
2019,31.11,16.04814
2020,10.38,14.29802
2021,114.33,21.010483
2022,51.47,10.133682
