year,y_true,y_pred
2018,17.64,14.066667
2019,0.0,14.267333
2020,17.66,10.607166
2021,0.0,10.607166
2022,0.0,14.366167
