year,y_true,y_pred
2018,105.86,234.14708
2019,141.22,243.74329
2020,211.98,247.88928
2021,247.52,224.35074
2022,160.2,219.348
