year,y_true,y_pred
2018,55.59,58.182835
2019,68.49,58.182835
2020,63.15,58.182835
2021,74.81,54.661896
2022,67.13,54.661896
