year,y_true,y_pred
2018,987.62,809.98883
2019,953.2,809.98883
2020,765.49,809.98883
2021,752.11,780.5485
2022,772.88,727.73975
