year,y_true,y_pred
2018,701.8,914.8056
2019,765.16,901.04724
2020,627.89,901.04724
2021,725.83,901.04724
2022,1324.3,901.04724
