year,y_true,y_pred
2018,46.53,68.52158
2019,54.1,76.45967
2020,42.37,76.45967
2021,69.13,76.45967
2022,76.32,69.444084
