year,y_true,y_pred
2018,974.58,406.76813
2019,945.78,381.33713
2020,1272.16,381.33713
2021,579.59,381.33713
2022,1041.15,406.76813
