year,y_true,y_pred
2018,84.75,28.000917
2019,84.07,32.269917
2020,83.42,32.269917
2021,62.1,32.269917
2022,49.58,32.269917
