year,y_true,y_pred
2018,126.31,87.193085
2019,144.01,99.314835
2020,125.72,95.006836
2021,98.56,94.35734
2022,102.25,94.35734
