year,y_true,y_pred
2018,26.2,32.011627
2019,45.5,38.668
2020,6.45,30.265875
2021,19.22,32.011627
2022,31.02,38.668
