year,y_true,y_pred
2018,229.24,336.95334
2019,143.01,336.95334
2020,83.89,336.95334
2021,121.74,336.95334
2022,224.91,336.95334
