year,y_true,y_pred
2018,23.93,29.625591
2019,24.71,29.625591
2020,30.29,29.625591
2021,20.52,29.625591
2022,34.79,29.625591
