year,y_true,y_pred
2018,641.12,341.9356
2019,358.0,335.3603
2020,336.53,341.14212
2021,247.68,340.32312
2022,376.42,345.33517
