year,y_true,y_pred
2018,17.58,15.868009
2019,14.05,15.868009
2020,16.83,15.868411
2021,12.88,15.868009
2022,25.13,15.868871
