year,y_true,y_pred
2018,0.49,1.2757393
2019,1.45,0.12750256
2020,0.48,1.5700324
2021,0.95,0.25675154
2022,0.48,1.4407351
