year,y_true,y_pred
2018,11.23,11.076667
2019,14.05,11.076667
2020,7.21,11.713709
2021,11.93,11.076667
2022,16.91,13.085396
