year,y_true,y_pred
2018,152.35,178.31725
2019,150.18,172.65962
2020,156.24,177.20724
2021,175.14,177.20724
2022,180.72,178.39825
