year,y_true,y_pred
2018,140.02,0.010118238
2019,84.22,1.2680604
2020,140.69,120.63349
2021,169.25,16.245512
2022,92.19,0.010118238
