year,y_true,y_pred
2018,572.46,579.00995
2019,640.64,516.47363
2020,721.97,419.99725
2021,757.91,472.93314
2022,772.75,520.678
