year,y_true,y_pred
2018,60.26,40.64966
2019,59.59,143.11736
2020,73.67,39.160015
2021,87.45,16.40311
2022,71.55,16.479107
