year,y_true,y_pred
2018,30.6,17.565332
2019,15.27,20.974333
2020,0.0,17.565332
2021,0.0,17.565332
2022,15.92,20.855478
