year,y_true,y_pred
2018,0.0,13.187751
2019,15.27,13.187751
2020,15.24,13.187751
2021,0.0,13.187751
2022,15.92,13.187751
