year,y_true,y_pred
2018,30.6,58.02853
2019,61.08,38.762463
2020,76.21,66.05194
2021,30.43,66.05194
2022,47.76,58.02853
