year,y_true,y_pred
2018,45.89,45.225372
2019,30.54,44.897
2020,121.93,48.064
2021,45.65,45.225372
2022,143.27,54.056698
