year,y_true,y_pred
2018,716.85,527.15314
2019,472.22,554.04486
2020,615.73,527.15314
2021,930.1,527.15314
2022,747.09,685.22705
