year,y_true,y_pred
2018,27.57,45.12381
2019,27.78,63.630623
2020,55.98,45.12381
2021,56.37,63.630623
2022,55.34,63.630623
