year,y_true,y_pred
2018,125.4,96.56547
2019,83.6,89.94014
2020,75.25,73.24064
2021,60.62,108.18989
2022,98.66,86.60461
