year,y_true,y_pred
2018,6.27,5.753208
2019,4.18,5.351667
2020,6.27,5.351667
2021,4.18,5.351667
2022,4.48,5.351667
