year,y_true,y_pred
2018,12.54,22.935198
2019,14.63,20.72022
2020,18.81,21.719215
2021,31.35,24.222906
2022,22.42,19.739262
