year,y_true,y_pred
2018,12.54,32.006
2019,31.35,27.444302
2020,25.08,31.249
2021,31.35,27.444302
2022,35.88,31.249
