year,y_true,y_pred
2018,181.83,207.27933
2019,158.85,189.07553
2020,181.85,207.27933
2021,188.13,207.27933
2022,165.92,207.27933
