year,y_true,y_pred
2018,0.0,0.18193752
2019,0.0,0.18193752
2020,2.09,0.18193752
2021,0.0,0.18193752
2022,0.0,0.18193752
