year,y_true,y_pred
2018,1307.43,942.53076
2019,817.24,942.53076
2020,739.1,942.53076
2021,845.59,561.1788
2022,432.9,942.53076
