year,y_true,y_pred
2018,112.07,68.77365
2019,37.15,74.58621
2020,147.82,49.279034
2021,110.29,68.77365
2022,43.29,74.58621
