year,y_true,y_pred
2018,29.15,13.119999
2019,43.68,13.119999
2020,14.55,13.119999
2021,43.61,13.119999
2022,15.68,13.119999
