year,y_true,y_pred
2018,233.17,584.04926
2019,232.96,584.04926
2020,218.25,584.04926
2021,305.28,584.04926
2022,391.91,584.04926
