year,y_true,y_pred
2018,911.01,900.51855
2019,1219.16,1004.532
2020,794.39,1064.14
2021,1001.35,595.47015
2022,792.88,1206.2585
