year,y_true,y_pred
2018,75.14,40.828857
2019,115.2,40.828857
2020,83.36,40.828857
2021,110.15,40.828857
2022,72.08,40.828857
