year,y_true,y_pred
2018,640.27,703.87744
2019,544.89,703.87744
2020,828.4,703.87744
2021,709.39,783.63965
2022,753.7,495.47015
