year,y_true,y_pred
2018,779.69,544.1342
2019,962.45,913.1296
2020,595.28,965.87866
2021,664.69,485.97495
2022,1481.51,939.98615
