year,y_true,y_pred
2018,16.11,26.069405
2019,12.71,22.727177
2020,3.13,18.839361
2021,12.37,21.007143
2022,24.75,10.752886
