year,y_true,y_pred
2018,9.67,11.419583
2019,12.71,11.419583
2020,21.93,10.899208
2021,15.46,11.419583
2022,14.14,11.419583
