year,y_true,y_pred
2018,0.0,1.750075
2019,0.0,1.750075
2020,9.4,1.750075
2021,6.18,4.6475973
2022,7.07,8.179662
