year,y_true,y_pred
2018,80.55,70.26273
2019,79.41,62.519745
2020,78.33,73.57467
2021,92.75,73.57467
2022,102.54,70.20945
