year,y_true,y_pred
2018,18.68,68.57138
2019,56.01,56.168003
2020,37.31,68.57138
2021,18.64,56.168003
2022,80.54,56.168003
