year,y_true,y_pred
2018,52.17,43.79737
2019,44.61,54.818104
2020,31.35,46.91906
2021,17.44,51.044563
2022,38.22,51.044563
