year,y_true,y_pred
2018,46.32,41.182575
2019,70.37,38.102325
2020,71.28,52.293
2021,48.12,41.992874
2022,41.83,32.9325
