year,y_true,y_pred
2018,101.11,81.588036
2019,56.92,81.588036
2020,21.05,69.077965
2021,55.38,75.23233
2022,44.82,74.35654
