year,y_true,y_pred
2018,75.03,37.46083
2019,61.28,60.170364
2020,45.04,77.32224
2021,63.23,91.076454
2022,60.96,84.41455
