year,y_true,y_pred
2018,137.25,64.882935
2019,75.04,78.41323
2020,36.95,51.471878
2021,50.98,58.294468
2022,42.46,63.341007
