year,y_true,y_pred
2018,1052.23,980.4807
2019,1028.07,956.8156
2020,931.13,956.8156
2021,713.66,925.56104
2022,721.77,925.56104
