mae,rmse,r2,city,model,sequence_length,forecast_horizon,normalization,val_size
0.04623354477490722,0.10443881428707424,-0.18576483247466014,3551009,xgboost,8,4,,
