year,y_true,y_pred
2018,612.34,699.4261
2019,376.29,815.29913
2020,775.38,818.4341
2021,492.84,752.8786
2022,961.27,772.63086
