year,y_true,y_pred
2018,70.65,52.689182
2019,0.0,44.310123
2020,117.48,115.54158
2021,117.34,45.73602
2022,141.36,50.705944
