year,y_true,y_pred
2018,922.56,744.0589
2019,593.05,601.03357
2020,627.5,551.20325
2021,806.45,719.71466
2022,938.61,827.84467
