year,y_true,y_pred
2018,27.96,31.899643
2019,0.0,31.899643
2020,57.05,43.296665
2021,86.41,42.377205
2022,50.74,48.790665
