year,y_true,y_pred
2018,133.53,60.515
2019,66.4,56.95
2020,66.04,63.368187
2021,49.28,56.629623
2022,83.44,63.368187
