year,y_true,y_pred
2018,63.44,45.93777
2019,69.36,42.557728
2020,38.67,43.11134
2021,42.59,52.53627
2022,40.03,44.00104
