year,y_true,y_pred
2018,918.96,601.46094
2019,880.87,651.4973
2020,842.46,572.67633
2021,380.55,562.95233
2022,724.64,562.95233
