year,y_true,y_pred
2018,271.11,316.60776
2019,407.25,316.60776
2020,291.32,274.9793
2021,165.31,419.3746
2022,184.11,316.60776
