year,y_true,y_pred
2018,9.68,11.468469
2019,58.18,38.371296
2020,67.97,11.468469
2021,9.72,47.624226
2022,9.69,33.08735
