year,y_true,y_pred
2018,24.24,57.17857
2019,87.72,57.17857
2020,58.79,80.69619
2021,64.0,55.35676
2022,107.65,57.51862
