year,y_true,y_pred
2018,227.82,435.66528
2019,443.49,435.66528
2020,436.0,435.66528
2021,231.39,486.32697
2022,496.14,407.7406
