year,y_true,y_pred
2018,65.79,53.865604
2019,39.83,53.865604
2020,52.1,48.358334
2021,62.1,46.406105
2022,68.67,53.865604
