year,y_true,y_pred
2018,0.0,24.371792
2019,27.36,29.006334
2020,27.36,22.405293
2021,13.68,33.724335
2022,101.56,21.852375
