year,y_true,y_pred
2018,396.23,345.93704
2019,451.37,277.73715
2020,205.17,337.87766
2021,437.7,342.72702
2022,440.08,307.29437
