year,y_true,y_pred
2018,22.96,12.472666
2019,91.85,12.472666
2020,68.9,20.242208
2021,0.0,13.252208
2022,24.56,12.472666
