year,y_true,y_pred
2018,252.53,192.18001
2019,436.28,215.169
2020,298.58,186.654
2021,91.91,186.654
2022,73.69,154.86751
