year,y_true,y_pred
2018,0.0,4.9871526
2019,0.0,4.9871526
2020,0.0,4.9871526
2021,0.0,4.9871526
2022,24.56,4.9871526
