year,y_true,y_pred
2018,68.87,46.635414
2019,45.92,46.635414
2020,45.93,46.635414
2021,68.93,57.471535
2022,0.0,57.471535
