year,y_true,y_pred
2018,22.96,17.024668
2019,0.0,12.321772
2020,22.97,21.805668
2021,0.0,21.805668
2022,98.26,12.321772
