year,y_true,y_pred
2018,321.4,115.54532
2019,298.51,115.54532
2020,321.54,115.54532
2021,183.82,115.54532
2022,122.82,115.54532
