year,y_true,y_pred
2018,58.67,56.21441
2019,58.5,56.21441
2020,62.83,56.21441
2021,94.0,38.03592
2022,109.85,52.880146
