year,y_true,y_pred
2018,81.24,138.2225
2019,54.0,110.95354
2020,53.86,110.95354
2021,116.38,110.95354
2022,104.85,96.89315
