year,y_true,y_pred
2018,4.51,0.42873332
2019,0.0,0.42873332
2020,0.0,0.42873332
2021,0.0,0.42873332
2022,0.0,0.42873332
