year,y_true,y_pred
2018,9.03,54.76108
2019,13.5,54.76108
2020,22.44,54.76108
2021,49.24,54.76108
2022,49.93,58.963665
