year,y_true,y_pred
2018,223.25,370.43832
2019,289.53,370.43832
2020,103.38,370.43832
2021,80.81,370.43832
2022,236.68,370.43832
