year,y_true,y_pred
2018,37.21,37.634533
2019,29.7,42.732067
2020,22.15,40.141033
2021,29.38,42.732067
2022,52.59,42.732067
