year,y_true,y_pred
2018,89.3,195.13199
2019,111.36,144.08064
2020,103.38,144.08064
2021,139.57,144.08064
2022,157.78,195.13199
