year,y_true,y_pred
2018,0.0,9.603926
2019,0.0,13.873248
2020,22.15,13.873248
2021,0.0,24.598589
2022,35.06,5.8373346
