mae,rmse,r2,city,model,sequence_length,forecast_horizon,normalization,val_size
0.15828673021262873,0.30040505049711025,0.060395624174782614,4319752,xgboost,8,4,,
