year,y_true,y_pred
2018,15.58,22.6366
2019,46.67,25.72225
2020,46.59,23.244251
2021,31.01,25.72675
2022,29.22,22.6366
