year,y_true,y_pred
2018,366.24,413.14575
2019,303.36,404.91
2020,395.99,413.14575
2021,232.54,404.91
2022,321.38,413.14575
