year,y_true,y_pred
2018,17.65,26.843334
2019,43.76,25.735332
2020,28.95,24.378292
2021,20.11,26.843334
2022,17.02,25.735332
