year,y_true,y_pred
2018,332.36,332.58612
2019,326.76,332.58612
2020,274.98,332.58612
2021,212.56,332.58612
2022,371.04,306.82483
