year,y_true,y_pred
2018,58.83,36.071342
2019,52.51,48.29276
2020,55.0,35.611053
2021,51.7,45.221313
2022,85.1,48.9638
