year,y_true,y_pred
2018,0.0,0.40323403
2019,0.0,0.0019148375
2020,0.0,0.81874996
2021,0.0,0.81874996
2022,0.0,0.81874996
