year,y_true,y_pred
2018,32.35,9.355
2019,14.59,9.355
2020,8.68,10.69925
2021,5.74,9.90125
2022,10.21,8.679
