year,y_true,y_pred
2018,88.24,101.42657
2019,99.19,101.42657
2020,107.1,101.42657
2021,54.58,93.998535
2022,88.5,71.57007
