year,y_true,y_pred
2018,70.45,104.05937
2019,61.87,112.25763
2020,26.61,104.34775
2021,89.02,112.25763
2022,115.63,103.90396
