year,y_true,y_pred
2018,49.19,34.50538
2019,43.29,34.50538
2020,42.87,34.50538
2021,42.47,34.50538
2022,45.26,34.50538
