year,y_true,y_pred
2018,306.04,435.69467
2019,422.03,352.40372
2020,337.6,435.69467
2021,472.52,352.40372
2022,616.66,357.36166
