year,y_true,y_pred
2018,10.93,3.0797498
2019,0.0,3.0797498
2020,10.72,6.653
2021,10.62,3.0797498
2022,5.66,6.653
