year,y_true,y_pred
2018,0.0,2.2887988
2019,0.0,2.2887988
2020,5.36,2.2887988
2021,0.0,2.2887988
2022,0.0,2.2887988
