year,y_true,y_pred
2018,27.33,54.922997
2019,75.75,59.443497
2020,48.23,54.922997
2021,69.02,57.18
2022,50.92,54.922997
