year,y_true,y_pred
2018,142.09,123.51377
2019,129.86,89.320946
2020,112.53,103.37929
2021,122.11,123.51377
2022,135.78,123.51377
