year,y_true,y_pred
2018,43.69,53.122417
2019,29.39,51.402252
2020,48.91,51.402252
2021,52.51,51.402252
2022,36.84,53.122417
