year,y_true,y_pred
2018,745.1,598.2072
2019,630.68,688.75964
2020,478.02,598.2072
2021,354.46,677.80115
2022,732.49,677.80115
