year,y_true,y_pred
2018,0.0,0.0014082368
2019,46.43,18.629318
2020,47.25,37.406322
2021,24.04,13.742125
2022,46.69,0.0014082368
