year,y_true,y_pred
2018,56.41,64.46894
2019,53.79,59.343628
2020,48.71,59.343628
2021,47.02,64.46894
2022,70.79,64.46894
