year,y_true,y_pred
2018,40.32,40.75138
2019,41.97,40.75138
2020,38.73,38.917053
2021,52.27,40.75138
2022,60.04,38.917053
