year,y_true,y_pred
2018,43.9,42.26563
2019,43.15,39.631416
2020,53.99,39.914654
2021,66.26,38.795628
2022,61.73,38.795628
