year,y_true,y_pred
2018,99.12,106.637314
2019,103.83,106.637314
2020,108.57,106.637314
2021,123.19,111.7038
2022,133.36,114.638565
