year,y_true,y_pred
2018,0.0,0.19866666
2019,0.59,0.19866666
2020,0.2,0.28158334
2021,0.78,0.19866666
2022,0.63,0.29066667
