year,y_true,y_pred
2018,266.23,430.72705
2019,232.04,430.72705
2020,242.61,430.72705
2021,186.07,430.72705
2022,314.37,430.72705
