year,y_true,y_pred
2018,16.81,26.333666
2019,26.4,27.448334
2020,22.06,27.834333
2021,24.63,27.448334
2022,32.14,24.026167
