year,y_true,y_pred
2018,48.62,49.359493
2019,69.87,59.038994
2020,42.78,74.58844
2021,87.81,61.63033
2022,58.63,67.874596
