year,y_true,y_pred
2018,637.44,843.23364
2019,773.9,843.23364
2020,713.88,843.23364
2021,646.59,1015.513
2022,714.19,843.23364
