year,y_true,y_pred
2018,16.21,19.702251
2019,45.68,20.318802
2020,37.43,20.318802
2021,26.61,17.399374
2022,37.31,19.702251
