year,y_true,y_pred
2018,0.0,1.0871334
2019,0.0,1.0871334
2020,0.0,1.0871334
2021,2.66,1.0871334
2022,0.0,1.0871334
