year,y_true,y_pred
2018,129.65,109.29073
2019,142.42,109.29073
2020,133.69,109.29073
2021,183.6,109.29073
2022,162.56,126.208664
