year,y_true,y_pred
2018,16.21,8.970834
2019,5.37,7.9666667
2020,18.72,8.499833
2021,15.97,8.970834
2022,5.33,7.9666667
