year,y_true,y_pred
2018,401.79,437.45538
2019,877.59,437.45538
2020,1906.63,753.2059
2021,1666.46,753.2059
2022,1461.76,726.4929
