year,y_true,y_pred
2018,32.4,30.904001
2019,19.22,29.531939
2020,25.34,32.989628
2021,31.32,35.683437
2022,71.31,29.531939
