year,y_true,y_pred
2018,957.61,984.35864
2019,967.56,984.35864
2020,678.26,962.8679
2021,567.06,920.71936
2022,947.44,920.71936
