year,y_true,y_pred
2018,44.45,45.056316
2019,64.24,59.346687
2020,63.84,53.959373
2021,51.55,57.905624
2022,75.19,46.885067
