year,y_true,y_pred
2018,101.32,57.026375
2019,33.22,69.897
2020,65.42,40.569313
2021,64.43,57.026375
2022,110.25,69.897
