year,y_true,y_pred
2018,709.22,894.03564
2019,631.23,894.03564
2020,457.97,894.03564
2021,515.46,894.03564
2022,735.02,894.03564
