year,y_true,y_pred
2018,585.42,532.01764
2019,736.65,532.01764
2020,338.37,752.19666
2021,386.5,572.6827
2022,550.03,615.10944
