year,y_true,y_pred
2018,26.61,16.954666
2019,0.0,27.843334
2020,52.06,27.843334
2021,51.53,21.933334
2022,52.38,21.933334
