year,y_true,y_pred
2018,40.32,37.397915
2019,37.3,26.975292
2020,48.14,18.728354
2021,29.33,34.589676
2022,34.03,18.728354
