year,y_true,y_pred
2018,35.94,34.512234
2019,64.3,35.657825
2020,42.62,30.365732
2021,28.26,43.373466
2022,49.87,25.743826
