year,y_true,y_pred
2018,344.98,515.0559
2019,328.64,540.65515
2020,291.21,619.86365
2021,317.89,515.0559
2022,573.47,540.65515
