year,y_true,y_pred
2018,54.35,25.982193
2019,109.14,25.982193
2020,54.78,25.982193
2021,96.23,25.982193
2022,101.45,25.982193
