year,y_true,y_pred
2018,298.91,754.73035
2019,436.56,754.73035
2020,260.2,754.73035
2021,453.67,754.73035
2022,579.71,754.73035
