year,y_true,y_pred
2018,95.24,33.398426
2019,141.91,11.556019
2020,23.5,11.152779
2021,70.08,100.74195
2022,0.0,44.78982
