year,y_true,y_pred
2018,738.1,360.09802
2019,1064.33,472.32104
2020,423.03,472.32104
2021,607.33,472.32104
2022,383.51,472.32104
