year,y_true,y_pred
2018,44.79,39.429417
2019,57.18,39.429417
2020,46.72,39.429417
2021,11.92,39.429417
2022,48.22,37.181385
