year,y_true,y_pred
2018,503.86,793.8771
2019,434.58,793.8771
2020,408.78,811.00507
2021,465.06,811.00507
2022,655.74,811.00507
