year,y_true,y_pred
2018,56.27,52.412548
2019,65.98,47.65571
2020,75.76,42.709763
2021,28.54,52.412548
2022,103.96,54.607048
