year,y_true,y_pred
2018,487.71,362.60132
2019,574.93,362.60132
2020,577.65,362.60132
2021,551.7,362.60132
2022,718.27,362.60132
