year,y_true,y_pred
2018,268.21,367.96066
2019,264.73,221.13179
2020,186.38,221.13179
2021,294.25,367.96066
2022,381.46,221.13179
