year,y_true,y_pred
2018,34.0,33.48446
2019,38.37,29.552958
2020,49.45,28.768833
2021,26.41,28.768833
2022,31.41,30.491959
