year,y_true,y_pred
2018,30.22,17.631876
2019,30.69,20.962
2020,22.82,17.631876
2021,33.95,17.631876
2022,49.36,20.962
