year,y_true,y_pred
2018,132.22,75.06542
2019,122.77,75.06542
2020,110.31,75.06542
2021,79.22,75.06542
2022,152.58,72.41272
