year,y_true,y_pred
2018,0.0,0.5124606
2019,0.0,0.5124606
2020,0.0,0.5124606
2021,0.0,0.5124606
2022,0.0,0.5124606
