year,y_true,y_pred
2018,0.0,4.0523977
2019,7.67,13.059314
2020,3.8,9.652233
2021,0.0,4.951808
2022,4.49,13.059314
