year,y_true,y_pred
2018,385.15,354.50128
2019,392.2,351.22586
2020,234.61,173.91206
2021,294.1,173.91206
2022,375.95,174.84734
