year,y_true,y_pred
2018,23.47,7.720083
2019,16.51,8.764667
2020,9.6,9.142667
2021,12.31,9.142667
2022,34.97,9.142667
