year,y_true,y_pred
2018,0.0,0.4979167
2019,0.0,0.3278889
2020,0.0,0.26533335
2021,0.0,0.3278889
2022,0.0,0.3278889
