year,y_true,y_pred
2018,20.71,19.820084
2019,22.02,19.820084
2020,21.95,19.820084
2021,19.15,19.820084
2022,29.73,19.820084
