year,y_true,y_pred
2018,0.0,0.4626667
2019,0.0,0.49158338
2020,0.0,0.49158338
2021,0.0,0.6066667
2022,0.0,0.6066667
