year,y_true,y_pred
2018,98.01,81.634636
2019,99.08,81.634636
2020,122.11,81.634636
2021,113.54,81.634636
2022,129.4,81.634636
