year,y_true,y_pred
2018,462.17,426.71143
2019,283.98,426.71143
2020,176.31,263.87408
2021,271.72,80.88275
2022,316.84,256.85806
