year,y_true,y_pred
2018,26.87,11.269041
2019,21.43,14.914333
2020,21.37,14.914333
2021,15.98,14.914333
2022,5.46,11.269041
