year,y_true,y_pred
2018,48.56,43.215206
2019,48.42,43.81175
2020,31.24,37.42388
2021,50.98,46.177067
2022,33.87,43.81175
