year,y_true,y_pred
2018,899.79,512.0657
2019,1102.22,492.23132
2020,570.83,492.23132
2021,875.11,508.90265
2022,742.25,492.23132
