year,y_true,y_pred
2018,82.84,98.31311
2019,102.53,87.67136
2020,110.76,103.39121
2021,110.45,103.39121
2022,155.22,103.39121
