year,y_true,y_pred
2018,14.28,25.813858
2019,34.18,25.813858
2020,11.36,25.813858
2021,31.15,25.813858
2022,36.69,25.813858
