year,y_true,y_pred
2018,96.15,47.408634
2019,47.73,71.90073
2020,79.0,101.11847
2021,109.87,58.677185
2022,80.09,85.79828
