year,y_true,y_pred
2018,1009.62,521.4435
2019,954.65,851.60406
2020,695.21,864.8681
2021,910.38,832.03406
2022,1153.29,703.51526
