year,y_true,y_pred
2018,8.58,29.603367
2019,25.78,29.603367
2020,25.83,29.603367
2021,17.25,29.603367
2022,18.6,29.603367
