year,y_true,y_pred
2018,575.67,754.26465
2019,476.24,671.30566
2020,386.48,704.1587
2021,344.9,704.1587
2022,633.23,704.1587
