year,y_true,y_pred
2018,26.9,31.746449
2019,48.71,20.800516
2020,54.43,30.679396
2021,38.32,31.746477
2022,56.17,44.47767
