year,y_true,y_pred
2018,172.96,80.83183
2019,106.95,92.010345
2020,53.73,40.86776
2021,53.98,25.815279
2022,80.45,25.815279
