year,y_true,y_pred
2018,558.81,859.17535
2019,548.13,859.17535
2020,470.18,859.17535
2021,337.38,859.17535
2022,321.8,859.17535
