year,y_true,y_pred
2018,20.76,29.059418
2019,60.76,31.633335
2020,9.89,21.818666
2021,19.34,31.633335
2022,61.43,26.575167
