year,y_true,y_pred
2018,365.16,283.58444
2019,307.27,283.58444
2020,265.48,299.90604
2021,287.71,299.90604
2022,406.78,273.8865
