year,y_true,y_pred
2018,40.7,33.2965
2019,35.63,38.598267
2020,31.81,38.598267
2021,30.29,33.2965
2022,43.03,33.2965
