year,y_true,y_pred
2018,29.88,0.5957083
2019,0.0,0.5957083
2020,7.3,0.5957083
2021,7.23,0.5957083
2022,20.55,0.7639083
