year,y_true,y_pred
2018,194.22,56.242332
2019,258.49,35.399788
2020,262.97,35.399788
2021,303.49,35.399788
2022,191.82,35.399788
