year,y_true,y_pred
2018,29.15,18.455341
2019,28.48,18.455341
2020,9.29,18.455341
2021,36.38,54.172596
2022,30.45,31.198563
