year,y_true,y_pred
2018,252.65,268.0919
2019,303.81,292.2815
2020,157.88,279.83038
2021,354.74,287.1999
2022,497.36,279.83038
