year,y_true,y_pred
2018,288.66,295.47223
2019,265.84,242.26909
2020,218.92,242.26909
2021,326.12,295.47223
2022,355.47,245.28545
