year,y_true,y_pred
2018,25.06,18.230688
2019,15.58,18.230688
2020,12.32,16.957802
2021,24.02,16.957802
2022,22.71,18.230688
