year,y_true,y_pred
2018,20.05,29.092178
2019,23.37,22.373222
2020,20.85,12.264765
2021,34.18,21.87821
2022,35.81,29.092178
