year,y_true,y_pred
2018,28.06,27.576448
2019,35.06,31.08488
2020,27.48,33.77106
2021,32.34,31.08488
2022,35.81,33.23431
