year,y_true,y_pred
2018,3.01,4.7039995
2019,5.84,4.2649374
2020,5.69,5.706437
2021,4.62,5.6229997
2022,6.99,5.6229997
