year,y_true,y_pred
2018,327.61,311.54773
2019,345.26,311.54773
2020,208.9,311.54773
2021,190.04,186.30899
2022,335.66,186.30899
