year,y_true,y_pred
2018,68.8,27.811207
2019,53.74,27.811207
2020,79.35,27.811207
2021,72.47,27.811207
2022,68.85,27.811207
