year,y_true,y_pred
2018,1.64,0.2347201
2019,0.0,0.2347201
2020,0.0,0.2347201
2021,0.0,0.2347201
2022,0.0,0.2347201
