year,y_true,y_pred
2018,8.19,4.958125
2019,4.89,7.678875
2020,0.0,4.958125
2021,4.83,4.958125
2022,5.16,6.9900002
