year,y_true,y_pred
2018,0.0,0.35921875
2019,1.63,0.35921875
2020,0.0,0.35921875
2021,3.22,0.35921875
2022,0.0,0.24200001
