year,y_true,y_pred
2018,80.28,91.62933
2019,72.32,91.62933
2020,40.22,84.68007
2021,96.61,91.62933
2022,56.78,91.62933
