year,y_true,y_pred
2018,35.08,64.5438
2019,105.37,71.6042
2020,105.49,34.719658
2021,35.21,104.981224
2022,111.36,96.379555
