year,y_true,y_pred
2018,45.14,50.997902
2019,39.48,55.21686
2020,43.54,54.50091
2021,44.61,55.21686
2022,51.03,55.21686
