year,y_true,y_pred
2018,502.51,546.38104
2019,494.65,546.38104
2020,447.95,546.38104
2021,465.12,546.38104
2022,549.89,546.38104
