year,y_true,y_pred
2018,22.16,25.825102
2019,32.85,18.880896
2020,21.65,18.880896
2021,32.12,18.880896
2022,19.52,18.880896
