year,y_true,y_pred
2018,321.29,553.88666
2019,208.04,553.88666
2020,238.15,553.88666
2021,406.81,553.88666
2022,400.12,553.88666
