year,y_true,y_pred
2018,34.95,57.479794
2019,103.63,62.422356
2020,85.4,57.467793
2021,118.28,62.660336
2022,84.91,57.467793
