year,y_true,y_pred
2018,69.16,65.713104
2019,23.23,74.17644
2020,93.68,88.14763
2021,94.43,70.139
2022,19.65,65.713104
