year,y_true,y_pred
2018,51.23,38.941
2019,0.0,38.941
2020,157.15,63.509666
2021,105.99,55.894836
2022,48.33,48.787834
