year,y_true,y_pred
2018,1075.82,792.21814
2019,1709.84,792.21814
2020,628.6,792.21814
2021,847.91,792.21814
2022,434.99,792.21814
