year,y_true,y_pred
2018,1075.52,827.4707
2019,944.65,827.4707
2020,793.56,827.4707
2021,594.29,874.31775
2022,583.38,829.28235
