year,y_true,y_pred
2018,69.76,91.481384
2019,80.64,93.043594
2020,79.93,88.67119
2021,62.26,52.3427
2022,84.05,92.70555
