year,y_true,y_pred
2018,49.95,7.2126665
2019,24.88,7.9106665
2020,24.8,7.2126665
2021,24.72,7.9106665
2022,0.0,9.697
