year,y_true,y_pred
2018,199.8,148.28734
2019,199.05,148.28734
2020,198.36,156.79404
2021,173.01,148.28734
2022,203.96,148.28734
