year,y_true,y_pred
2018,201.06,86.24562
2019,220.33,86.24562
2020,129.4,86.24562
2021,182.21,86.24562
2022,206.99,86.24562
