year,y_true,y_pred
2018,15.45,34.717567
2019,38.41,28.535334
2020,30.55,25.435854
2021,15.19,34.717567
2022,15.63,34.717567
