year,y_true,y_pred
2018,7.73,1.7166666
2019,15.36,1.7166666
2020,30.55,1.7166666
2021,15.19,1.7166666
2022,23.44,1.7166666
