year,y_true,y_pred
2018,100.45,89.35241
2019,84.49,83.63392
2020,61.09,89.85126
2021,129.09,89.85126
2022,109.39,102.66659
