year,y_true,y_pred
2018,0.0,19.469063
2019,0.0,15.896
2020,22.91,15.896
2021,7.59,13.3828125
2022,0.0,15.896
