year,y_true,y_pred
2018,30.91,40.409874
2019,23.04,33.412334
2020,30.55,38.32529
2021,45.56,40.409874
2022,31.25,40.409874
