year,y_true,y_pred
2018,93.02,82.20463
2019,187.32,71.592
2020,94.28,82.20463
2021,31.63,71.592
2022,26.63,80.65119
