year,y_true,y_pred
2018,285.29,269.76813
2019,194.6,331.56058
2020,262.3,269.76813
2021,293.77,331.56058
2022,460.8,331.56058
