year,y_true,y_pred
2018,9.06,7.6453333
2019,18.1,6.725333
2020,22.61,7.6453333
2021,31.64,7.6453333
2022,43.37,7.6453333
