year,y_true,y_pred
2018,99.62,61.88542
2019,58.83,43.76831
2020,76.88,43.76831
2021,58.75,43.76831
2022,65.05,61.88542
