year,y_true,y_pred
2018,49.81,15.692346
2019,18.1,14.343205
2020,9.04,20.996637
2021,9.04,15.412362
2022,10.84,10.546861
