year,y_true,y_pred
2018,27.17,18.387125
2019,31.68,20.831188
2020,22.61,18.387125
2021,18.08,16.353687
2022,27.11,16.353687
