year,y_true,y_pred
2018,29.6,14.620375
2019,59.26,14.620375
2020,29.65,16.03525
2021,0.0,14.620375
2022,21.59,14.620375
