year,y_true,y_pred
2018,444.05,668.91614
2019,474.07,627.788
2020,592.94,626.9508
2021,266.98,668.91614
2022,280.72,383.05856
