year,y_true,y_pred
2018,99.54,80.81613
2019,66.96,78.264336
2020,82.16,80.81613
2021,47.09,72.63873
2022,67.87,80.81613
