year,y_true,y_pred
2018,38.53,24.416101
2019,19.13,21.657791
2020,22.12,17.578365
2021,25.11,24.152693
2022,45.24,26.891237
