year,y_true,y_pred
2018,279.37,260.31793
2019,210.43,262.96243
2020,246.49,260.31793
2021,178.94,269.001
2022,245.61,269.001
