year,y_true,y_pred
2018,0.0,1.3918533
2019,0.0,1.3918533
2020,0.0,1.3918533
2021,0.0,1.3918533
2022,6.46,1.3918533
