year,y_true,y_pred
2018,9.63,15.886234
2019,22.32,15.886234
2020,18.96,19.000397
2021,9.42,15.886234
2022,12.93,15.886234
