year,y_true,y_pred
2018,0.0,35.964622
2019,15.11,35.964622
2020,30.06,35.964622
2021,74.75,33.843624
2022,29.8,41.061626
