year,y_true,y_pred
2018,121.86,201.32993
2019,256.91,128.21747
2020,150.29,177.09901
2021,313.95,115.163574
2022,357.62,96.55123
