year,y_true,y_pred
2018,47.55,28.113655
2019,27.76,28.113655
2020,35.45,28.113655
2021,21.73,22.822697
2022,68.74,22.822697
