year,y_true,y_pred
2018,78.16,35.77295
2019,52.47,31.140156
2020,45.28,35.618633
2021,45.58,25.933657
2022,45.14,43.696854
