year,y_true,y_pred
2018,62.18,38.855656
2019,95.61,49.819683
2020,47.78,46.184242
2021,47.76,43.36818
2022,62.74,25.81908
