year,y_true,y_pred
2018,569.21,633.62317
2019,568.89,633.62317
2020,506.47,633.62317
2021,639.92,669.4811
2022,631.83,788.2311
