year,y_true,y_pred
2018,220.03,230.46986
2019,219.91,213.21382
2020,191.12,240.66803
2021,238.78,216.46971
2022,224.05,230.46986
