year,y_true,y_pred
2018,28.7,54.928707
2019,38.24,54.928707
2020,95.56,47.937897
2021,47.76,53.05671
2022,76.18,52.267708
