year,y_true,y_pred
2018,0.0,0.44780833
2019,0.0,0.44780833
2020,0.0,0.44780833
2021,0.0,0.44780833
2022,4.48,0.44780833
