year,y_true,y_pred
2018,4.78,0.49238095
2019,0.0,0.33291665
2020,0.0,0.33291665
2021,4.78,0.29766664
2022,0.0,0.33291665
