year,y_true,y_pred
2018,14.35,34.108013
2019,19.12,17.652817
2020,38.22,17.652817
2021,38.2,35.333157
2022,44.81,35.333157
