year,y_true,y_pred
2018,332.9,446.56897
2019,201.47,326.69336
2020,186.03,382.19122
2021,441.28,446.56897
2022,462.61,416.2055
