year,y_true,y_pred
2018,43.42,45.100136
2019,14.39,45.100136
2020,14.31,30.275915
2021,56.94,30.467392
2022,46.26,26.110641
