year,y_true,y_pred
2018,442.8,899.32935
2019,259.32,899.32935
2020,322.3,899.32935
2021,211.52,899.32935
2022,379.21,899.32935
