year,y_true,y_pred
2018,61.5,58.83214
2019,49.39,35.06785
2020,12.4,35.68924
2021,12.44,17.8031
2022,28.09,17.8031
