year,y_true,y_pred
2018,46.19,33.406715
2019,69.58,33.406715
2020,46.57,33.406715
2021,64.28,33.406715
2022,87.93,33.406715
