year,y_true,y_pred
2018,479.24,339.12506
2019,556.62,397.6303
2020,442.43,339.12506
2021,409.05,397.6303
2022,685.85,397.6303
