year,y_true,y_pred
2018,67.08,57.073997
2019,68.7,53.51558
2020,57.53,57.073997
2021,60.29,52.623356
2022,93.32,57.073997
