year,y_true,y_pred
2018,659.96,495.44208
2019,589.32,764.30414
2020,575.31,697.91284
2021,542.63,510.7788
2022,727.47,495.44208
