year,y_true,y_pred
2018,556.83,701.0344
2019,559.24,632.19196
2020,427.95,613.79535
2021,493.28,618.8363
2022,526.52,696.8954
