year,y_true,y_pred
2018,60.2,81.76134
2019,77.76,71.06693
2020,53.49,81.76134
2021,88.61,81.76134
2022,84.5,81.76134
