year,y_true,y_pred
2018,111.77,14.655333
2019,220.75,21.751291
2020,0.0,21.751291
2021,35.92,21.751291
2022,111.94,13.922566
