year,y_true,y_pred
2018,33.84,42.70497
2019,23.6,42.70497
2020,34.99,54.6884
2021,40.38,46.06259
2022,30.99,54.6884
