year,y_true,y_pred
2018,312.49,396.94968
2019,371.71,398.79868
2020,330.51,377.87015
2021,305.72,387.33035
2022,460.35,377.87015
