year,y_true,y_pred
2018,403.55,657.08496
2019,972.05,709.7695
2020,813.01,770.9725
2021,611.75,866.57574
2022,648.04,657.08496
