year,y_true,y_pred
2018,40.36,74.568
2019,81.0,74.568
2020,121.95,64.4711
2021,0.0,83.80306
2022,40.5,82.43938
