year,y_true,y_pred
2018,450.7,411.2831
2019,427.18,411.2831
2020,268.43,411.2831
2021,325.03,363.70853
2022,318.25,378.61853
