year,y_true,y_pred
2018,43.97,25.721624
2019,36.36,25.534687
2020,23.14,25.534687
2021,18.84,33.130127
2022,39.29,28.789686
