year,y_true,y_pred
2018,0.0,0.9684553
2019,0.0,0.9684553
2020,4.63,0.9684553
2021,0.0,0.0013007555
2022,0.0,0.0013007555
