year,y_true,y_pred
2018,27.48,4.836661
2019,9.09,4.836661
2020,13.88,4.836661
2021,28.26,4.836661
2022,11.79,4.836661
