year,y_true,y_pred
2018,76.95,15.289525
2019,27.27,15.289525
2020,37.03,15.289525
2021,28.26,15.289525
2022,47.15,15.289525
