year,y_true,y_pred
2018,33.14,28.045408
2019,35.86,12.835352
2020,17.48,49.33699
2021,17.06,22.60321
2022,23.83,9.925412
