year,y_true,y_pred
2018,254.04,406.83832
2019,268.91,406.83832
2020,136.33,406.83832
2021,139.87,406.83832
2022,244.29,406.83832
