year,y_true,y_pred
2018,447.05,746.15967
2019,789.13,746.15967
2020,607.72,768.1088
2021,572.95,746.15967
2022,547.01,746.15967
