year,y_true,y_pred
2018,0.0,0.460525
2019,0.0,0.460525
2020,5.58,0.460525
2021,0.0,0.35912502
2022,0.0,0.35912502
