year,y_true,y_pred
2018,91.57,83.63841
2019,71.24,83.63841
2020,172.84,83.63841
2021,124.8,85.40233
2022,132.92,77.841064
