year,y_true,y_pred
2018,16.16,20.270334
2019,0.0,20.359167
2020,33.45,19.003166
2021,22.69,18.803167
2022,30.67,20.359167
