year,y_true,y_pred
2018,32.32,38.585003
2019,54.8,41.594627
2020,44.6,44.71594
2021,68.07,38.585003
2022,15.34,44.71594
