mae,rmse,r2,city,model,sequence_length,forecast_horizon,normalization,val_size
0.028933625909291143,0.05751614168813688,-0.033834502911264996,3170206,xgboost,8,4,,
