year,y_true,y_pred
2018,27.87,33.872208
2019,38.82,34.69421
2020,49.93,33.864708
2021,44.4,33.86171
2022,56.95,29.117434
