year,y_true,y_pred
2018,334.43,418.59967
2019,243.98,418.59967
2020,305.11,418.59967
2021,405.11,418.59967
2022,461.28,418.59967
