year,y_true,y_pred
2018,37.28,68.48866
2019,27.89,58.13846
2020,55.67,68.48866
2021,64.81,68.48866
2022,19.83,68.48866
