year,y_true,y_pred
2018,24.17,8.652812
2019,12.03,7.4460993
2020,0.0,8.652812
2021,11.94,10.246375
2022,37.29,8.652812
