year,y_true,y_pred
2018,265.83,307.6104
2019,373.04,307.6104
2020,191.8,307.6104
2021,191.11,372.14175
2022,410.14,372.14175
