year,y_true,y_pred
2018,12.08,8.528652
2019,12.03,8.528652
2020,23.98,8.528652
2021,11.94,11.11086
2022,0.0,13.730652
