year,y_true,y_pred
2018,145.0,105.779335
2019,36.1,106.09597
2020,107.89,92.40577
2021,107.5,105.779335
2022,136.71,94.793335
