year,y_true,y_pred
2018,12.08,40.27241
2019,12.03,40.27241
2020,0.0,40.27241
2021,11.94,40.27241
2022,37.29,40.27241
