year,y_true,y_pred
2018,428.18,452.94757
2019,467.27,447.92645
2020,393.6,419.85208
2021,386.88,409.8551
2022,588.19,457.11166
