year,y_true,y_pred
2018,30.5,38.932934
2019,31.63,38.932934
2020,32.89,38.932934
2021,35.17,38.932934
2022,39.47,39.678814
