year,y_true,y_pred
2018,54.47,61.346325
2019,58.3,61.346325
2020,57.85,61.346325
2021,66.93,61.346325
2022,75.05,64.51439
