year,y_true,y_pred
2018,47.19,46.236168
2019,42.93,46.236168
2020,48.14,46.236168
2021,55.35,46.892334
2022,63.84,46.87704
