year,y_true,y_pred
2018,0.0,0.14441666
2019,0.0,0.14633334
2020,0.15,0.14633334
2021,0.0,0.14633334
2022,0.49,0.14633334
