year,y_true,y_pred
2018,13.66,16.335499
2019,16.57,16.335499
2020,20.03,16.064
2021,20.78,16.041
2022,22.58,16.041
