year,y_true,y_pred
2018,0.76,0.30708334
2019,1.05,0.21108334
2020,0.45,0.20766667
2021,0.89,0.21258333
2022,0.65,0.25608334
