year,y_true,y_pred
2018,280.2,479.09094
2019,350.79,412.13596
2020,339.31,411.7721
2021,480.27,411.7721
2022,592.02,606.94073
