year,y_true,y_pred
2018,49.45,25.72293
2019,40.79,59.36962
2020,40.39,54.706196
2021,80.04,61.820946
2022,102.07,36.974133
