year,y_true,y_pred
2018,0.0,48.1723
2019,40.36,12.260475
2020,13.42,20.83256
2021,26.77,52.20524
2022,29.5,43.368412
