year,y_true,y_pred
2018,20.4,52.704624
2019,20.58,52.704624
2020,103.76,24.172323
2021,20.92,27.746405
2022,61.12,52.704624
