year,y_true,y_pred
2018,72.2,64.99854
2019,123.93,52.58004
2020,64.84,64.99854
2021,90.26,52.58004
2022,78.81,64.99854
