year,y_true,y_pred
2018,88.99,68.333626
2019,66.99,60.4017
2020,22.42,72.212
2021,134.98,68.278
2022,137.17,68.333626
