year,y_true,y_pred
2018,1090.1,959.22156
2019,1094.24,1662.75
2020,986.33,959.22156
2021,584.93,959.22156
2022,1028.81,991.5695
