year,y_true,y_pred
2018,0.0,22.273525
2019,44.66,20.55628
2020,0.0,21.215908
2021,44.99,20.55628
2022,45.72,21.215908
