year,y_true,y_pred
2018,133.48,251.41042
2019,379.63,244.06041
2020,246.58,244.22841
2021,337.46,232.09778
2022,297.21,251.41042
