year,y_true,y_pred
2018,44.49,23.629866
2019,0.0,24.252316
2020,0.0,16.055466
2021,22.5,18.125116
2022,45.72,23.629866
