year,y_true,y_pred
2018,64.69,22.95913
2019,63.28,21.86868
2020,62.99,15.164337
2021,70.41,15.164337
2022,59.72,15.164337
