year,y_true,y_pred
2018,32.35,10.131833
2019,35.52,10.131833
2020,35.36,10.131833
2021,37.4,10.131833
2022,28.79,10.131833
