year,y_true,y_pred
2018,0.0,0.07491666
2019,0.0,0.07491666
2020,1.11,0.07491666
2021,0.0,0.07491666
2022,0.0,0.07491666
