year,y_true,y_pred
2018,178.47,77.689766
2019,153.19,78.58706
2020,134.81,78.58706
2021,177.12,78.58706
2022,137.56,78.58706
