year,y_true,y_pred
2018,28.41,72.737335
2019,14.2,72.737335
2020,14.24,72.737335
2021,0.0,72.737335
2022,0.0,79.049164
