year,y_true,y_pred
2018,340.86,479.62183
2019,269.85,479.62183
2020,142.43,479.62183
2021,114.27,479.62183
2022,146.43,479.62183
