year,y_true,y_pred
2018,16.56,10.046829
2019,16.49,3.434632
2020,16.42,3.434632
2021,16.35,3.434632
2022,42.38,3.434632
