year,y_true,y_pred
2018,423.67,341.83582
2019,324.97,341.83582
2020,394.74,341.83582
2021,439.47,341.83582
2022,625.71,341.83582
