year,y_true,y_pred
2018,64.19,26.07914
2019,52.0,44.43666
2020,26.32,26.07914
2021,39.95,26.07914
2022,56.88,21.08181
