year,y_true,y_pred
2018,0.0,1.0870607
2019,0.0,1.0870607
2020,0.0,1.0870607
2021,0.0,1.0870607
2022,0.0,1.0870607
