year,y_true,y_pred
2018,25.68,48.701668
2019,52.0,45.301434
2020,78.95,62.165375
2021,53.27,62.165375
2022,56.88,62.165375
