year,y_true,y_pred
2018,12.84,11.05
2019,0.0,5.9602995
2020,39.47,5.9602995
2021,26.63,11.05
2022,14.22,5.9602995
