year,y_true,y_pred
2018,115.55,148.38684
2019,155.99,154.8181
2020,157.89,148.38684
2021,186.44,148.38684
2022,71.1,93.89221
