year,y_true,y_pred
2018,155.69,425.20682
2019,205.25,425.20682
2020,233.6,425.20682
2021,332.74,425.20682
2022,283.29,425.20682
