year,y_true,y_pred
2018,14.15,30.57033
2019,28.31,28.927446
2020,42.47,37.818676
2021,28.32,30.57033
2022,14.53,28.927446
