year,y_true,y_pred
2018,51.27,75.723724
2019,105.21,44.36774
2020,27.0,48.371284
2021,55.42,75.723724
2022,0.0,44.36774
