year,y_true,y_pred
2018,256.34,452.81552
2019,578.64,452.81552
2020,431.97,538.1059
2021,415.63,472.1102
2022,398.26,452.81552
