year,y_true,y_pred
2018,113.2,85.33267
2019,167.06,85.33267
2020,102.71,85.33267
2021,141.6,74.749084
2022,194.5,85.33267
