year,y_true,y_pred
2018,13.96,7.0294075
2019,21.26,7.2989545
2020,13.4,8.876214
2021,18.98,4.3734746
2022,17.95,9.98893
