year,y_true,y_pred
2018,21.71,34.2875
2019,41.01,37.453773
2020,61.03,31.838575
2021,45.25,41.269558
2022,34.41,27.882137
