year,y_true,y_pred
2018,0.0,0.73529994
2019,3.04,1.336875
2020,2.98,0.73529994
2021,0.0,0.73529994
2022,4.49,1.336875
