year,y_true,y_pred
2018,21.71,8.732732
2019,15.19,11.424117
2020,7.44,8.721899
2021,13.14,8.732732
2022,8.98,11.9719
