year,y_true,y_pred
2018,0.0,0.19347501
2019,0.0,0.19347501
2020,0.0,0.19347501
2021,0.0,0.19347501
2022,1.5,0.19347501
