year,y_true,y_pred
2018,4.65,13.649107
2019,18.22,17.59793
2020,7.44,15.2734
2021,10.22,13.649107
2022,20.95,15.2734
