year,y_true,y_pred
2018,29.63,12.94125
2019,0.0,12.94125
2020,29.38,12.94125
2021,29.27,17.958334
2022,0.0,12.94125
