year,y_true,y_pred
2018,25.31,19.366333
2019,40.44,19.366333
2020,45.44,21.648542
2021,35.3,22.730333
2022,56.28,23.258333
