year,y_true,y_pred
2018,0.0,2.5271418
2019,0.0,2.5271418
2020,0.0,2.5271418
2021,0.0,2.5271418
2022,0.0,2.5271418
