year,y_true,y_pred
2018,91.12,103.96485
2019,161.77,92.837105
2020,116.12,92.837105
2021,136.14,92.837105
2022,112.56,92.837105
