year,y_true,y_pred
2018,50.62,30.172667
2019,25.28,33.452667
2020,35.34,32.03446
2021,55.47,33.452667
2022,56.28,31.039959
