year,y_true,y_pred
2018,15.19,17.766916
2019,30.33,19.610332
2020,5.05,19.610332
2021,10.08,16.92904
2022,20.47,19.610332
