year,y_true,y_pred
2018,235.41,169.88615
2019,197.56,194.15106
2020,290.42,260.17035
2021,205.73,229.65445
2022,834.81,368.32166
