year,y_true,y_pred
2018,16.82,19.360332
2019,32.93,19.360332
2020,0.0,19.232334
2021,0.0,30.083042
2022,50.59,19.360332
