year,y_true,y_pred
2018,95.37,26.95865
2019,95.47,59.94854
2020,76.45,59.94854
2021,95.66,78.64192
2022,100.18,78.64192
