year,y_true,y_pred
2018,57.22,74.851364
2019,19.09,47.956085
2020,133.79,63.898247
2021,57.39,74.851364
2022,100.18,47.95576
