year,y_true,y_pred
2018,0.0,1.8956918
2019,0.0,1.8956918
2020,0.0,1.8956918
2021,0.0,1.8956918
2022,0.0,1.8956918
