year,y_true,y_pred
2018,0.0,28.182207
2019,38.19,26.110582
2020,0.0,31.884083
2021,19.13,26.110582
2022,0.0,28.182207
