year,y_true,y_pred
2018,9.98,21.101168
2019,59.34,17.845333
2020,9.8,22.002666
2021,38.86,21.101168
2022,42.32,27.212418
