year,y_true,y_pred
2018,18.28,38.348503
2019,31.5,41.111492
2020,30.32,41.111492
2021,37.63,41.111492
2022,76.61,43.268513
