year,y_true,y_pred
2018,39.44,65.94579
2019,39.13,65.94579
2020,41.69,65.94579
2021,47.04,65.94579
2022,56.94,65.94579
