year,y_true,y_pred
2018,52.9,65.80447
2019,56.31,67.52039
2020,72.95,70.28401
2021,73.38,67.99073
2022,74.54,70.7394
