year,y_true,y_pred
2018,0.96,0.15045834
2019,0.95,0.15045834
2020,0.95,0.15045834
2021,0.0,0.15045834
2022,0.0,0.15045834
