year,y_true,y_pred
2018,28.86,43.590187
2019,21.95,39.659626
2020,37.9,39.659626
2021,36.69,39.659626
2022,48.66,42.516003
