year,y_true,y_pred
2018,34.93,30.94246
2019,38.71,26.655233
2020,57.49,26.655233
2021,44.74,30.94246
2022,29.38,29.333668
