year,y_true,y_pred
2018,391.23,541.03217
2019,540.57,541.03217
2020,492.74,541.03217
2021,462.32,540.07513
2022,540.87,508.54663
