year,y_true,y_pred
2018,54.06,50.965057
2019,109.61,102.89103
2020,37.02,78.20339
2021,112.53,97.94534
2022,73.64,117.128975
