year,y_true,y_pred
2018,131.14,141.86957
2019,363.48,143.89458
2020,217.61,144.52608
2021,188.21,141.86957
2022,273.97,143.89458
