year,y_true,y_pred
2018,29.14,15.543603
2019,43.62,15.543603
2020,29.01,14.843826
2021,57.91,15.543603
2022,30.44,14.843826
