year,y_true,y_pred
2018,25.61,50.79983
2019,78.27,50.79983
2020,106.3,50.79983
2021,81.21,59.523335
2022,46.88,64.53367
