year,y_true,y_pred
2018,430.14,395.07944
2019,802.09,393.54794
2020,569.98,393.54794
2021,475.98,399.20895
2022,669.24,393.54794
