year,y_true,y_pred
2018,40.15,62.963837
2019,45.51,39.077526
2020,45.15,45.144962
2021,61.6,53.30625
2022,108.53,55.507725
