year,y_true,y_pred
2018,137.65,81.49658
2019,159.28,82.89458
2020,107.22,82.89458
2021,106.39,81.35558
2022,156.76,81.35558
