year,y_true,y_pred
2018,0.0,0.56272686
2019,0.0,0.56272686
2020,0.0,0.56272686
2021,0.0,0.56272686
2022,0.0,0.56272686
