year,y_true,y_pred
2018,0.0,10.650667
2019,0.0,10.650667
2020,0.0,10.650667
2021,11.2,10.650667
2022,18.09,10.650667
