year,y_true,y_pred
2018,91.76,67.58075
2019,96.71,77.344
2020,135.44,77.344
2021,111.99,77.344
2022,72.35,63.83525
