year,y_true,y_pred
2018,0.0,0.52872914
2019,0.0,0.52872914
2020,0.0,0.52872914
2021,16.8,0.52872914
2022,0.0,0.43845832
