year,y_true,y_pred
2018,392.13,317.28638
2019,294.93,269.94153
2020,178.46,317.28638
2021,185.75,273.80295
2022,161.35,208.89304
