year,y_true,y_pred
2018,40.22,9.063917
2019,22.31,9.333917
2020,17.11,9.630917
2021,16.89,11.6883335
2022,18.3,11.6883335
