year,y_true,y_pred
2018,43.71,23.747791
2019,14.59,26.977291
2020,73.03,26.977291
2021,36.56,25.161604
2022,8.05,23.747791
