year,y_true,y_pred
2018,415.24,502.7294
2019,452.19,430.53598
2020,387.06,457.1618
2021,387.57,464.45203
2022,402.32,458.7004
