year,y_true,y_pred
2018,57.74,12.68929
2019,87.34,47.491444
2020,58.7,47.491444
2021,59.17,47.491444
2022,67.16,47.491444
