year,y_true,y_pred
2018,1010.39,583.8163
2019,844.25,583.8163
2020,763.13,615.32385
2021,710.06,565.4083
2022,839.49,615.32385
