year,y_true,y_pred
2018,0.0,101.41405
2019,46.73,101.41405
2020,23.38,67.7319
2021,70.19,101.41405
2022,192.89,118.636215
