year,y_true,y_pred
2018,7.02,7.8094234
2019,28.18,13.477834
2020,14.14,7.786467
2021,28.35,11.2248335
2022,14.13,7.786467
