year,y_true,y_pred
2018,491.57,745.57764
2019,577.71,745.57764
2020,310.98,646.66064
2021,1197.9,661.0907
2022,1815.23,745.57764
