mae,rmse,r2,city,model,sequence_length,forecast_horizon,normalization,val_size
0.1209609518551507,0.32396411939266384,-0.061797730431711884,3302205,xgboost,8,4,,
