year,y_true,y_pred
2018,306.6,263.71933
2019,366.7,263.71933
2020,228.48,263.71933
2021,344.92,208.0404
2022,309.72,236.80434
