year,y_true,y_pred
2018,5.29,4.6093335
2019,26.19,4.6093335
2020,20.77,8.215417
2021,25.74,8.215417
2022,11.26,8.215417
