year,y_true,y_pred
2018,144.47,296.25528
2019,135.21,296.25528
2020,132.24,296.25528
2021,154.3,296.25528
2022,206.48,296.25528
