year,y_true,y_pred
2018,13.58,16.263666
2019,12.18,18.338709
2020,15.63,18.338709
2021,18.99,18.338709
2022,30.73,19.909145
