year,y_true,y_pred
2018,40.75,42.68046
2019,31.67,42.68046
2020,36.07,20.594442
2021,42.73,42.68046
2022,57.77,42.68046
