year,y_true,y_pred
2018,0.0,0.16220094
2019,0.0,0.16220094
2020,0.0,0.16220094
2021,0.0,0.16220094
2022,0.0,0.16220094
