year,y_true,y_pred
2018,6.17,2.6546667
2019,3.65,3.2886667
2020,3.61,3.2886667
2021,9.5,3.6781335
2022,6.15,3.6781335
