year,y_true,y_pred
2018,0.0,0.19969815
2019,0.0,0.19969815
2020,0.0,0.19969815
2021,1.19,0.19969815
2022,0.0,0.19969815
