year,y_true,y_pred
2018,4.94,3.9952915
2019,3.65,4.8007917
2020,3.61,4.8007917
2021,9.5,4.8007917
2022,8.6,3.9952915
