year,y_true,y_pred
2018,55.24,72.97263
2019,68.72,67.405396
2020,58.59,70.90064
2021,54.78,73.836754
2022,67.93,67.40628
