year,y_true,y_pred
2018,764.4,803.51764
2019,817.81,871.8319
2020,594.27,871.8319
2021,572.36,803.51764
2022,684.67,803.51764
