year,y_true,y_pred
2018,115.49,133.12146
2019,137.35,97.391045
2020,82.19,97.391045
2021,46.2,97.391045
2022,113.75,97.391045
