year,y_true,y_pred
2018,12.16,6.9530478
2019,0.0,4.203433
2020,5.87,6.9530478
2021,11.55,4.203433
2022,28.44,6.9530478
