year,y_true,y_pred
2018,18.24,12.117833
2019,11.94,12.117833
2020,17.61,17.560667
2021,17.33,17.560667
2022,11.38,12.117833
