year,y_true,y_pred
2018,18.24,11.850178
2019,5.97,3.747345
2020,11.74,17.181734
2021,11.55,10.794916
2022,5.69,3.747345
