year,y_true,y_pred
2018,66.87,28.85076
2019,17.92,45.308254
2020,70.45,8.851964
2021,34.65,45.308254
2022,45.5,28.85076
