year,y_true,y_pred
2018,0.0,0.616363
2019,0.0,0.616363
2020,0.0,0.616363
2021,0.0,0.616363
2022,0.0,0.616363
