year,y_true,y_pred
2018,0.0,0.6151515
2019,0.0,0.6151515
2020,0.0,0.6151515
2021,0.0,0.6151515
2022,0.0,0.6151515
