year,y_true,y_pred
2018,48.38,50.813046
2019,27.58,44.173965
2020,54.96,40.76519
2021,27.39,89.0047
2022,0.0,24.46689
