year,y_true,y_pred
2018,33.8,65.89311
2019,34.79,44.55494
2020,37.46,49.17547
2021,45.06,49.17547
2022,36.17,49.698624
