year,y_true,y_pred
2018,37.1,15.800167
2019,22.16,21.462154
2020,44.12,20.414488
2021,14.65,15.778403
2022,28.52,22.550554
