year,y_true,y_pred
2018,14.84,10.7109785
2019,22.16,0.002228691
2020,22.06,5.699331
2021,21.97,5.700428
2022,28.52,5.700428
