year,y_true,y_pred
2018,0.0,0.6423333
2019,0.0,0.6423333
2020,0.0,0.6423333
2021,0.0,0.6423333
2022,0.0,0.6423333
