year,y_true,y_pred
2018,96.46,35.69175
2019,88.63,35.69175
2020,66.18,35.69175
2021,73.23,35.69175
2022,71.3,35.69175
