year,y_true,y_pred
2018,29.68,8.900838
2019,22.16,3.486899
2020,36.77,7.7481647
2021,43.94,9.03624
2022,35.65,7.867935
