year,y_true,y_pred
2018,534.53,541.20166
2019,568.04,460.94046
2020,385.33,630.74176
2021,514.5,540.34235
2022,571.43,460.94046
