year,y_true,y_pred
2018,42.76,41.602875
2019,33.66,41.602875
2020,12.43,41.602875
2021,28.58,34.508793
2022,14.75,32.753105
