year,y_true,y_pred
2018,12.83,11.381645
2019,21.04,11.381645
2020,8.29,11.381645
2021,24.5,11.381645
2022,14.75,11.381645
