year,y_true,y_pred
2018,64.14,33.43739
2019,42.08,33.43739
2020,41.43,32.56893
2021,53.08,32.56893
2022,44.24,43.88883
