year,y_true,y_pred
2018,0.0,1.6115861
2019,4.21,1.6115861
2020,0.0,1.6115861
2021,0.0,1.6115861
2022,0.0,1.6115861
