year,y_true,y_pred
2018,51.31,46.295002
2019,54.7,40.636627
2020,37.29,40.636627
2021,57.17,43.576626
2022,44.24,44.433125
