year,y_true,y_pred
2018,0.0,7.444771
2019,14.12,7.444771
2020,0.0,7.444771
2021,14.05,7.444771
2022,31.14,7.444771
