year,y_true,y_pred
2018,283.09,361.6426
2019,211.74,368.832
2020,154.89,352.34412
2021,323.08,352.34412
2022,342.57,356.12112
