year,y_true,y_pred
2018,58.15,55.902233
2019,33.1,58.672207
2020,47.38,60.70471
2021,52.52,62.507645
2022,48.82,62.507645
