year,y_true,y_pred
2018,397.15,523.47217
2019,401.42,501.428
2020,264.08,523.47217
2021,446.11,523.47217
2022,511.45,523.47217
