year,y_true,y_pred
2018,34.16,36.520866
2019,42.7,36.520866
2020,21.3,36.520866
2021,50.98,29.96829
2022,32.25,36.520866
