year,y_true,y_pred
2018,42.7,46.676334
2019,59.79,52.949623
2020,55.37,52.949623
2021,42.49,52.949623
2022,32.25,52.949623
