year,y_true,y_pred
2018,68.33,92.78188
2019,102.49,40.168957
2020,85.19,119.01049
2021,127.46,44.77493
2022,105.98,88.69251
