year,y_true,y_pred
2018,10.51,18.674498
2019,31.18,14.628467
2020,41.14,8.942806
2021,20.36,20.808733
2022,21.37,10.757423
