year,y_true,y_pred
2018,241.7,153.55367
2019,301.42,148.56483
2020,267.38,142.44167
2021,305.34,142.44167
2022,203.03,142.44167
