year,y_true,y_pred
2018,73.56,67.109856
2019,83.15,67.109856
2020,143.97,67.109856
2021,81.42,67.109856
2022,85.49,67.109856
