year,y_true,y_pred
2018,52.54,34.381
2019,83.15,39.418
2020,10.28,29.342062
2021,101.78,32.185997
2022,53.43,39.418
