year,y_true,y_pred
2018,10.51,9.416669
2019,0.0,9.416669
2020,0.0,9.416669
2021,10.18,9.416669
2022,0.0,9.416669
