year,y_true,y_pred
2018,50.39,58.531376
2019,16.85,48.196564
2020,67.64,60.677002
2021,84.82,68.07307
2022,53.5,68.07307
