year,y_true,y_pred
2018,77.73,53.001617
2019,11.37,53.001617
2020,34.96,25.56669
2021,107.44,28.053856
2022,48.06,53.001617
