year,y_true,y_pred
2018,29.08,23.469559
2019,26.41,15.283151
2020,23.41,16.822561
2021,24.22,26.254396
2022,29.83,13.7216
