year,y_true,y_pred
2018,259.26,258.7928
2019,229.03,170.04193
2020,206.48,165.90523
2021,211.62,163.98924
2022,202.15,215.93321
