year,y_true,y_pred
2018,0.0,0.32983333
2019,0.0,0.32983333
2020,0.0,0.32983333
2021,0.0,0.32983333
2022,0.37,0.32983333
