year,y_true,y_pred
2018,20.21,18.024252
2019,28.81,20.530924
2020,28.56,14.615447
2021,24.68,14.615447
2022,18.04,13.562172
