year,y_true,y_pred
2018,53.23,53.418934
2019,45.13,53.418934
2020,44.48,42.915836
2021,57.59,42.915836
2022,52.29,42.915836
