year,y_true,y_pred
2018,9.37,5.0735426
2019,10.08,9.3425045
2020,10.3,9.755618
2021,8.68,9.678757
2022,7.36,9.174998
