year,y_true,y_pred
2018,11.99,9.723999
2019,11.88,14.29175
2020,11.78,14.112875
2021,5.84,14.112875
2022,29.55,14.112875
