year,y_true,y_pred
2018,83.94,92.132324
2019,101.02,77.72025
2020,123.7,106.263985
2021,110.97,98.51898
2022,165.49,106.263985
