year,y_true,y_pred
2018,23.98,4.886977
2019,11.88,12.109589
2020,17.67,4.886977
2021,11.68,4.886977
2022,47.28,4.886977
