year,y_true,y_pred
2018,17.99,0.9378537
2019,0.0,0.9378537
2020,5.89,0.9378537
2021,29.2,1.7904229
2022,11.82,7.1510696
