year,y_true,y_pred
2018,0.0,25.957083
2019,0.0,21.886084
2020,0.0,26.230083
2021,51.33,26.230083
2022,48.58,29.013666
