year,y_true,y_pred
2018,90.58,39.49732
2019,79.93,42.537224
2020,86.68,44.89273
2021,65.73,35.284515
2022,88.56,35.284515
