year,y_true,y_pred
2018,63.29,56.35107
2019,87.2,56.35107
2020,67.51,104.57896
2021,106.59,59.902515
2022,85.89,107.734566
