year,y_true,y_pred
2018,563.04,689.48395
2019,749.9,689.48395
2020,733.85,617.3743
2021,913.66,617.3743
2022,656.95,752.78253
