year,y_true,y_pred
2018,26.95,26.699667
2019,54.07,26.74421
2020,0.0,26.828667
2021,81.57,26.594208
2022,0.0,26.74421
