year,y_true,y_pred
2018,377.36,456.45776
2019,405.52,506.75934
2020,298.26,506.75934
2021,353.45,506.75934
2022,410.26,506.75934
