year,y_true,y_pred
2018,107.65,115.817955
2019,91.33,108.09267
2020,80.44,115.817955
2021,85.65,115.817955
2022,97.36,115.817955
