year,y_true,y_pred
2018,789.47,992.06744
2019,779.09,992.06744
2020,688.25,992.06744
2021,672.15,992.06744
2022,876.44,992.06744
