year,y_true,y_pred
2018,89.94,73.21856
2019,98.93,79.818375
2020,73.48,79.045876
2021,104.34,73.21856
2022,88.21,77.91187
