year,y_true,y_pred
2018,49.11,35.789562
2019,29.29,35.789562
2020,29.11,42.228
2021,57.89,42.228
2022,44.72,35.789562
