year,y_true,y_pred
2018,284.82,322.56598
2019,224.52,322.56598
2020,329.94,322.56598
2021,540.33,322.56598
2022,245.97,381.29813
