year,y_true,y_pred
2018,342.1,337.07944
2019,450.57,337.07944
2020,352.91,337.07944
2021,435.84,337.07944
2022,678.34,337.07944
