year,y_true,y_pred
2018,47.19,58.98614
2019,31.07,32.346214
2020,34.52,39.280098
2021,53.06,36.836834
2022,61.02,31.24018
