year,y_true,y_pred
2018,226.57,274.62952
2019,178.68,274.62952
2020,175.79,274.62952
2021,199.54,274.62952
2022,198.56,274.62952
