year,y_true,y_pred
2018,20.11,31.992346
2019,12.93,39.673992
2020,14.96,39.673992
2021,19.14,39.673992
2022,29.06,39.673992
