year,y_true,y_pred
2018,88.15,55.04152
2019,82.88,55.04152
2020,85.28,55.04152
2021,69.95,55.04152
2022,92.02,55.04152
