year,y_true,y_pred
2018,6.96,6.8563333
2019,4.56,7.173333
2020,8.23,6.8563333
2021,10.31,7.173333
2022,12.11,6.5073333
