year,y_true,y_pred
2018,14.69,22.515875
2019,14.45,22.515875
2020,14.96,22.515875
2021,20.62,22.515875
2022,20.99,20.073875
