year,y_true,y_pred
2018,1.55,0.14166667
2019,0.0,0.14166667
2020,0.0,0.14166667
2021,0.0,0.14166667
2022,0.0,0.14166667
