year,y_true,y_pred
2018,53.88,55.085938
2019,71.86,39.404427
2020,17.97,88.38106
2021,53.94,51.543606
2022,61.08,24.88147
