year,y_true,y_pred
2018,1023.71,552.61426
2019,610.85,664.44604
2020,521.21,510.06927
2021,395.54,601.7658
2022,442.82,683.2938
