year,y_true,y_pred
2018,46.86,4.315875
2019,23.34,4.315875
2020,11.63,4.315875
2021,11.58,4.315875
2022,19.46,4.315875
