year,y_true,y_pred
2018,328.02,23.465622
2019,291.72,23.465622
2020,220.88,23.465622
2021,220.11,23.465622
2022,262.7,23.465622
