year,y_true,y_pred
2018,140.58,186.033
2019,233.37,129.55713
2020,139.5,186.033
2021,289.62,129.55713
2022,175.13,186.033
