year,y_true,y_pred
2018,23.43,24.071747
2019,23.34,24.225393
2020,46.5,24.225393
2021,46.34,24.225393
2022,58.38,24.071747
