year,y_true,y_pred
2018,11.72,4.8700333
2019,11.67,4.8700333
2020,11.63,4.8700333
2021,11.58,4.8700333
2022,29.19,4.8700333
