year,y_true,y_pred
2018,307.49,423.43762
2019,341.69,423.43762
2020,241.31,423.43762
2021,258.95,423.43762
2022,385.8,380.91165
