year,y_true,y_pred
2018,45.26,38.58218
2019,39.43,37.600334
2020,29.11,38.58218
2021,26.58,38.58218
2022,48.98,38.58218
