year,y_true,y_pred
2018,0.0,0.6813333
2019,0.77,0.6813333
2020,0.77,0.6813333
2021,0.76,0.6813333
2022,0.0,0.6813333
