year,y_true,y_pred
2018,0.78,0.22818093
2019,3.87,0.22818093
2020,0.77,0.0013566851
2021,0.76,0.22818093
2022,0.0,0.22818093
