year,y_true,y_pred
2018,134.23,144.91736
2019,131.42,144.91736
2020,148.61,144.91736
2021,149.6,144.91736
2022,165.02,144.91736
