year,y_true,y_pred
2018,31.22,30.576624
2019,24.74,30.576624
2020,31.41,26.762999
2021,25.82,30.576624
2022,41.44,26.762999
