year,y_true,y_pred
2018,48.69,45.1386
2019,46.76,49.039486
2020,37.54,47.100597
2021,49.04,37.858543
2022,77.06,39.797424
