year,y_true,y_pred
2018,354.91,362.7416
2019,416.9,301.61157
2020,301.64,423.27377
2021,335.55,324.46014
2022,438.02,310.07773
