year,y_true,y_pred
2018,35.87,42.780792
2019,29.87,41.88679
2020,5.18,42.780792
2021,30.97,42.780792
2022,47.32,40.36129
