year,y_true,y_pred
2018,148.62,124.99255
2019,127.28,124.99255
2020,174.77,131.38899
2021,149.71,124.99255
2022,147.36,124.99255
