year,y_true,y_pred
2018,241.57,172.4154
2019,292.5,172.4154
2020,180.15,172.4154
2021,265.39,181.20905
2022,232.69,184.93625
