year,y_true,y_pred
2018,34.51,19.854668
2019,8.6,19.854668
2020,25.74,37.454826
2021,17.12,19.854668
2022,37.23,13.107119
