year,y_true,y_pred
2018,56.62,53.138336
2019,71.0,50.90342
2020,54.43,49.552544
2021,75.61,53.138336
2022,75.78,49.552544
