year,y_true,y_pred
2018,15.85,36.05929
2019,55.16,35.229332
2020,15.67,46.856365
2021,38.95,41.302334
2022,69.92,41.03329
