year,y_true,y_pred
2018,7.93,1.6693332
2019,15.76,1.5389166
2020,0.0,1.7736666
2021,7.79,1.5389166
2022,0.0,1.6693332
