year,y_true,y_pred
2018,39.64,15.561292
2019,63.04,13.350354
2020,7.83,13.350354
2021,15.58,15.804292
2022,29.97,13.350354
