year,y_true,y_pred
2018,55.49,68.02612
2019,55.16,36.513885
2020,86.18,36.513885
2021,77.9,82.343895
2022,109.88,77.38283
