year,y_true,y_pred
2018,137.55,75.63368
2019,43.36,104.01793
2020,29.68,66.112854
2021,62.25,27.2835
2022,95.77,75.63368
