year,y_true,y_pred
2018,17.75,1.1455492
2019,0.0,0.0034223213
2020,0.0,0.0034223213
2021,0.0,0.0034223213
2022,16.65,1.1455492
