year,y_true,y_pred
2018,67.46,44.067207
2019,44.63,47.357666
2020,88.61,38.170647
2021,87.97,38.170647
2022,47.03,44.067207
