year,y_true,y_pred
2018,44.72,21.789501
2019,16.78,20.019001
2020,39.19,19.018
2021,22.41,21.789501
2022,16.19,19.018
