year,y_true,y_pred
2018,240.38,552.92255
2019,285.31,552.92255
2020,279.92,552.92255
2021,313.73,552.92255
2022,383.25,552.92255
