year,y_true,y_pred
2018,39.07,55.12754
2019,58.39,51.42104
2020,29.09,68.641335
2021,67.65,47.219124
2022,30.35,68.641335
