year,y_true,y_pred
2018,87.4,75.39821
2019,102.1,66.98867
2020,77.88,73.14515
2021,112.07,75.39821
2022,86.62,75.39821
