year,y_true,y_pred
2018,1073.13,856.34064
2019,1050.12,856.34064
2020,949.14,814.80695
2021,945.33,856.34064
2022,1048.55,814.80695
