year,y_true,y_pred
2018,87.02,49.635704
2019,83.87,49.635704
2020,66.3,49.635704
2021,84.32,49.635704
2022,47.09,49.635704
