year,y_true,y_pred
2018,668.59,546.78357
2019,662.74,546.78357
2020,474.6,546.78357
2021,524.24,546.78357
2022,447.83,546.78357
