year,y_true,y_pred
2018,67.61,70.71259
2019,120.51,88.075645
2020,106.1,77.32453
2021,39.43,77.32453
2022,61.21,86.11619
