year,y_true,y_pred
2018,13.52,6.9087906
2019,0.0,6.9087906
2020,0.0,6.9087906
2021,0.0,6.9087906
2022,0.0,6.9087906
