year,y_true,y_pred
2018,13.52,60.81629
2019,80.34,50.09056
2020,66.31,38.02265
2021,26.28,47.607483
2022,107.12,-0.00018474762
