year,y_true,y_pred
2018,121.7,103.500595
2019,160.69,180.94531
2020,145.89,140.84505
2021,78.85,94.877304
2022,244.84,76.01228
