year,y_true,y_pred
2018,35.01,66.57758
2019,17.4,56.53071
2020,17.31,64.123665
2021,34.44,66.57758
2022,50.27,66.57758
