year,y_true,y_pred
2018,682.65,769.59
2019,591.72,804.74805
2020,328.83,714.5338
2021,533.75,804.74805
2022,368.63,804.74805
