year,y_true,y_pred
2018,28.57,35.18866
2019,77.03,34.49622
2020,48.68,29.245499
2021,19.68,34.969967
2022,52.03,26.764624
