year,y_true,y_pred
2018,607.16,674.93195
2019,512.05,615.8922
2020,717.6,562.28656
2021,623.52,674.93195
2022,717.12,683.3069
