year,y_true,y_pred
2018,91.07,37.614895
2019,30.12,37.614895
2020,29.9,37.614895
2021,74.23,47.20971
2022,91.55,37.614895
