year,y_true,y_pred
2018,50.34,39.945625
2019,25.6,39.945625
2020,78.04,39.945625
2021,52.87,57.73694
2022,129.6,39.945625
