year,y_true,y_pred
2018,679.59,274.21588
2019,563.09,665.6619
2020,364.2,557.74445
2021,793.02,665.6619
2022,855.37,586.6216
