year,y_true,y_pred
2018,64.57,60.657333
2019,85.9,60.657333
2020,85.71,60.657333
2021,171.07,60.657333
2022,96.42,60.657333
