year,y_true,y_pred
2018,46.78,4.664421
2019,23.39,12.230124
2020,23.35,5.8438435
2021,0.0,5.7126613
2022,25.7,4.533239
