year,y_true,y_pred
2018,350.84,421.40475
2019,280.73,421.40475
2020,280.18,421.40475
2021,139.83,421.40475
2022,244.15,421.40475
