year,y_true,y_pred
2018,37.43,26.023396
2019,37.51,47.51104
2020,62.63,47.51023
2021,25.1,25.100204
2022,99.9,25.139996
