year,y_true,y_pred
2018,386.82,435.87402
2019,325.08,435.87402
2020,363.27,481.0792
2021,338.86,481.0792
2022,611.89,481.0792
