year,y_true,y_pred
2018,23.17,75.08236
2019,57.8,75.08236
2020,75.01,66.42112
2021,51.83,66.42112
2022,48.12,43.150215
