year,y_true,y_pred
2018,169.08,212.20248
2019,186.99,105.860016
2020,167.54,196.39403
2021,185.36,54.754333
2022,308.39,43.597042
