year,y_true,y_pred
2018,0.0,8.784369e-05
2019,0.0,8.784369e-05
2020,37.23,8.784369e-05
2021,18.54,21.2182
2022,41.12,8.784369e-05
