year,y_true,y_pred
2018,69.51,57.832794
2019,82.08,70.8136
2020,116.01,57.832794
2021,89.76,57.832794
2022,144.03,69.61619
