year,y_true,y_pred
2018,60.82,78.8232
2019,38.88,60.48984
2020,73.05,58.931973
2021,72.67,60.489574
2022,121.53,45.831573
