year,y_true,y_pred
2018,8.69,9.4817505
2019,4.32,9.561
2020,12.89,8.429875
2021,12.82,8.429875
2022,27.01,10.598801
