year,y_true,y_pred
2018,0.0,1.0078095
2019,4.32,1.0078095
2020,0.0,1.0078095
2021,0.0,1.0078095
2022,0.0,1.0078095
