year,y_true,y_pred
2018,0.0,1.3713334
2019,4.32,1.3713334
2020,8.59,1.3713334
2021,0.0,0.96800005
2022,4.5,1.3713334
