year,y_true,y_pred
2018,78.2,98.67485
2019,133.92,83.41919
2020,107.42,81.03823
2021,98.31,98.581795
2022,153.04,81.12375
