year,y_true,y_pred
2018,43.68,42.954
2019,34.98,38.247997
2020,17.51,38.247997
2021,35.06,38.247997
2022,33.55,35.646
