year,y_true,y_pred
2018,480.43,620.16113
2019,454.74,620.16113
2020,376.45,620.16113
2021,333.04,620.16113
2022,343.86,620.16113
