year,y_true,y_pred
2018,8.74,0.57445836
2019,0.0,0.57445836
2020,0.0,0.57445836
2021,0.0,0.57445836
2022,0.0,0.73665833
