year,y_true,y_pred
2018,113.56,145.29004
2019,161.78,165.10606
2020,109.43,152.86533
2021,100.79,145.29004
2022,96.45,165.10606
