year,y_true,y_pred
2018,13.1,12.948812
2019,8.75,12.948812
2020,4.38,8.849621
2021,0.0,0.7034216
2022,4.19,-0.00816307
