year,y_true,y_pred
2018,26.21,18.352919
2019,48.1,37.24286
2020,43.77,22.881279
2021,48.2,22.81065
2022,46.13,37.24286
