year,y_true,y_pred
2018,13.1,10.277337
2019,8.75,13.162584
2020,35.02,9.240704
2021,0.0,8.268141
2022,33.55,13.162584
