year,y_true,y_pred
2018,7.25,16.294
2019,29.02,18.475813
2020,50.84,24.322813
2021,36.35,19.508375
2022,30.63,24.322813
