year,y_true,y_pred
2018,137.72,252.08884
2019,137.86,155.63988
2020,217.88,155.63988
2021,189.01,252.08884
2022,298.64,155.63988
