year,y_true,y_pred
2018,145.48,65.987885
2019,100.78,77.24953
2020,89.66,77.24953
2021,89.72,77.24953
2022,61.73,77.1544
