year,y_true,y_pred
2018,30.23,23.003666
2019,26.29,23.003666
2020,59.71,25.668272
2021,22.26,25.668272
2022,36.0,25.668272
