year,y_true,y_pred
2018,185.19,269.94443
2019,191.52,298.15332
2020,227.65,298.15332
2021,237.42,305.8789
2022,344.0,305.8789
