year,y_true,y_pred
2018,0.0,26.661999
2019,44.6,25.828812
2020,45.09,34.64
2021,0.0,40.518875
2022,185.44,25.828812
