year,y_true,y_pred
2018,22.63,20.3417
2019,50.76,20.3417
2020,22.49,23.967875
2021,44.84,20.3417
2022,17.74,23.967875
