year,y_true,y_pred
2018,141.46,239.79893
2019,321.47,239.79893
2020,191.14,199.10484
2021,184.98,199.10484
2022,141.94,199.10484
