year,y_true,y_pred
2018,84.88,23.776068
2019,84.6,23.776068
2020,56.22,23.776068
2021,56.05,23.776068
2022,59.14,23.776068
