year,y_true,y_pred
2018,164.09,54.44541
2019,101.52,54.44541
2020,151.79,54.44541
2021,112.11,54.44541
2022,141.94,54.44541
