year,y_true,y_pred
2018,50.93,8.329787
2019,33.84,8.329787
2020,33.73,8.329787
2021,22.42,8.329787
2022,23.66,8.329787
