year,y_true,y_pred
2018,805.52,906.05133
2019,737.73,906.05133
2020,522.66,906.05133
2021,487.12,906.05133
2022,660.93,906.05133
