year,y_true,y_pred
2018,61.02,75.97454
2019,81.97,78.936455
2020,75.53,81.07146
2021,63.14,79.81651
2022,83.82,86.42848
