year,y_true,y_pred
2018,84.54,65.59517
2019,84.59,68.95092
2020,24.19,67.50167
2021,60.51,60.150166
2022,116.07,64.180916
