year,y_true,y_pred
2018,401.2,400.46417
2019,330.56,436.12662
2020,218.89,400.46417
2021,368.05,400.46417
2022,562.03,470.96246
