year,y_true,y_pred
2018,59.75,47.302208
2019,50.86,40.839836
2020,33.68,52.092667
2021,50.19,45.469666
2022,67.11,40.839836
