year,y_true,y_pred
2018,614.21,754.63574
2019,532.99,754.63574
2020,487.53,700.2306
2021,522.13,700.2306
2022,675.99,700.2306
