year,y_true,y_pred
2018,48.65,40.55392
2019,67.39,57.698498
2020,37.03,57.698498
2021,49.73,26.136402
2022,52.5,57.698498
