year,y_true,y_pred
2018,12.16,9.504733
2019,0.0,11.263083
2020,12.34,9.504733
2021,24.86,11.263083
2022,6.56,11.263083
