year,y_true,y_pred
2018,60.81,69.65187
2019,128.65,92.56614
2020,92.57,75.41673
2021,43.51,86.70628
2022,78.76,72.09546
