year,y_true,y_pred
2018,48.65,48.231667
2019,49.01,50.570583
2020,37.03,49.35367
2021,62.16,48.231667
2022,78.76,46.23421
