year,y_true,y_pred
2018,0.0,0.54681665
2019,0.0,0.54681665
2020,0.0,0.54681665
2021,0.0,0.54681665
2022,0.0,0.54681665
