year,y_true,y_pred
2018,609.68,974.11664
2019,610.82,888.3367
2020,611.46,974.11664
2021,572.69,974.11664
2022,835.17,974.11664
