year,y_true,y_pred
2018,97.55,60.395332
2019,62.33,70.66334
2020,50.96,75.6591
2021,91.11,75.6591
2022,127.6,67.943855
