year,y_true,y_pred
2018,70.65,43.39962
2019,70.3,28.883612
2020,0.0,37.55009
2021,34.84,43.608486
2022,34.08,37.37097
