year,y_true,y_pred
2018,282.59,472.44598
2019,456.94,472.44598
2020,209.94,237.69283
2021,278.75,136.11073
2022,681.66,251.24767
