year,y_true,y_pred
2018,244.31,406.12396
2019,332.29,309.92932
2020,302.33,309.92932
2021,371.25,309.92932
2022,450.09,285.00558
