year,y_true,y_pred
2018,27.55,23.440687
2019,22.03,33.149204
2020,42.14,33.046776
2021,49.38,23.440687
2022,43.56,29.720812
