year,y_true,y_pred
2018,53.27,60.971336
2019,58.75,49.568
2020,73.29,49.568
2021,51.21,60.971336
2022,85.04,49.568
