year,y_true,y_pred
2018,3.67,15.473125
2019,5.51,15.473125
2020,5.5,15.473125
2021,10.97,15.473125
2022,8.3,15.473125
