year,y_true,y_pred
2018,128.58,110.25181
2019,134.02,122.0293
2020,170.4,95.87635
2021,164.59,100.46165
2022,159.71,100.46165
