year,y_true,y_pred
2018,65.16,16.26618
2019,64.82,46.15354
2020,48.37,26.198595
2021,32.09,50.268196
2022,0.0,50.268196
