year,y_true,y_pred
2018,46.16,41.90946
2019,69.27,38.363457
2020,92.4,38.427956
2021,23.11,42.167458
2022,67.69,38.433956
