year,y_true,y_pred
2018,461.57,476.25146
2019,392.52,510.1776
2020,646.8,508.56464
2021,323.55,427.61472
2022,451.26,476.25146
