year,y_true,y_pred
2018,11.43,17.191208
2019,23.42,3.785671
2020,12.01,10.363857
2021,61.54,9.966971
2022,13.07,20.191483
