year,y_true,y_pred
2018,324.29,321.082
2019,290.32,314.67825
2020,324.14,321.082
2021,253.4,314.67825
2022,341.66,321.082
