year,y_true,y_pred
2018,73.7,40.06117
2019,20.02,35.087543
2020,34.91,40.06117
2021,39.75,40.06117
2022,56.01,40.06117
