year,y_true,y_pred
2018,162.15,104.85179
2019,205.23,100.83441
2020,174.54,100.83441
2021,154.03,100.83441
2022,184.83,104.85179
