year,y_true,y_pred
2018,63.88,46.67889
2019,40.04,56.15176
2020,64.83,44.199863
2021,54.66,55.54893
2022,44.81,46.67889
