year,y_true,y_pred
2018,9.83,13.773084
2019,15.02,13.773084
2020,4.99,10.419499
2021,9.94,12.534333
2022,11.2,12.924666
