mae,rmse,r2,city,model,sequence_length,forecast_horizon,normalization,val_size
12.786624047151042,16.345733550146946,0.0043924375875306065,3526407,xgboost,8,4,,
