year,y_true,y_pred
2018,18.63,36.760124
2019,64.45,36.760124
2020,18.21,39.586376
2021,27.01,36.760124
2022,85.19,41.717876
