year,y_true,y_pred
2018,509.03,483.95233
2019,526.9,483.95233
2020,304.57,509.83862
2021,397.46,455.8915
2022,612.98,455.8915
