year,y_true,y_pred
2018,51.85,59.249702
2019,69.94,51.272263
2020,30.0,59.249702
2021,43.4,48.710487
2022,81.31,41.08721
