year,y_true,y_pred
2018,73.56,52.746674
2019,50.06,52.746674
2020,126.43,31.912586
2021,41.94,52.746674
2022,118.25,65.13224
