year,y_true,y_pred
2018,181.96,176.021
2019,157.89,179.73888
2020,268.19,181.78638
2021,182.99,184.05887
2022,240.44,179.73888
