year,y_true,y_pred
2018,3.87,0.82449996
2019,0.0,0.82449996
2020,0.0,0.82449996
2021,0.0,0.82449996
2022,0.0,0.82449996
