year,y_true,y_pred
2018,0.0,8.233836
2019,15.4,8.233836
2020,3.83,8.540285
2021,7.62,2.457612
2022,19.71,8.233836
