year,y_true,y_pred
2018,34.84,21.868229
2019,19.26,18.58954
2020,11.49,19.597542
2021,15.25,16.879124
2022,23.65,21.868229
