year,y_true,y_pred
2018,31.63,35.5971
2019,26.86,34.66744
2020,26.41,34.66744
2021,34.32,34.66744
2022,35.32,34.66744
