year,y_true,y_pred
2018,279.05,376.36136
2019,222.81,376.36136
2020,212.25,376.36136
2021,286.24,376.36136
2022,326.62,376.36136
