year,y_true,y_pred
2018,0.13,0.16416667
2019,0.2,0.16416667
2020,0.2,0.17316668
2021,0.13,0.17316668
2022,0.37,0.19033334
