year,y_true,y_pred
2018,109.51,94.25051
2019,108.46,94.25051
2020,112.03,94.25051
2021,110.86,94.25051
2022,126.38,94.25051
