year,y_true,y_pred
2018,0.67,0.56979203
2019,0.33,0.8380229
2020,0.67,0.36122203
2021,0.2,0.3683358
2022,0.59,0.72598076
