year,y_true,y_pred
2018,34.86,37.047314
2019,31.75,36.572376
2020,38.14,37.047314
2021,38.57,36.067814
2022,44.61,37.047314
