year,y_true,y_pred
2018,7.61,9.182584
2019,8.04,8.857905
2020,11.4,8.857905
2021,10.69,8.857905
2022,11.19,9.542133
