year,y_true,y_pred
2018,381.61,382.48697
2019,430.19,400.89078
2020,281.88,366.26068
2021,245.42,382.48697
2022,222.41,382.48697
