year,y_true,y_pred
2018,46.54,45.21173
2019,84.17,49.459026
2020,56.38,44.59723
2021,18.88,75.3581
2022,27.8,48.23873
