year,y_true,y_pred
2018,111.69,119.239105
2019,130.93,103.65503
2020,159.73,135.00645
2021,179.35,115.00416
2022,203.87,114.6571
