year,y_true,y_pred
2018,0.0,0.7935208
2019,0.0,0.7935208
2020,0.0,0.7935208
2021,0.0,0.7935208
2022,0.0,0.7935208
