year,y_true,y_pred
2018,9.31,4.4419584
2019,9.35,7.8546667
2020,0.0,4.050021
2021,9.44,4.050021
2022,9.27,7.8546667
