year,y_true,y_pred
2018,74.46,23.001125
2019,65.46,29.59678
2020,46.98,29.59678
2021,103.83,22.06564
2022,101.94,27.854078
