year,y_true,y_pred
2018,64.08,63.036667
2019,96.59,63.036667
2020,43.13,51.787533
2021,54.15,56.47383
2022,21.63,68.91966
