year,y_true,y_pred
2018,651.5,686.4854
2019,729.77,651.58563
2020,592.99,651.58563
2021,584.86,651.58563
2022,659.6,651.58563
