year,y_true,y_pred
2018,338.71,398.63025
2019,464.89,398.63025
2020,270.96,398.63025
2021,412.11,398.63025
2022,325.38,398.63025
