year,y_true,y_pred
2018,16.13,20.708
2019,32.06,27.774
2020,15.94,24.47425
2021,31.7,30.46975
2022,54.23,24.47425
