year,y_true,y_pred
2018,58.74,22.43791
2019,54.43,25.773474
2020,62.67,22.41348
2021,79.22,32.273335
2022,47.23,32.273335
