year,y_true,y_pred
2018,34.21,14.687708
2019,20.41,13.808708
2020,33.84,14.989208
2021,26.93,14.989208
2022,23.33,14.989208
