year,y_true,y_pred
2018,602.04,337.77884
2019,653.19,337.77884
2020,886.51,722.96765
2021,895.32,785.4736
2022,847.79,785.4736
