year,y_true,y_pred
2018,54.27,46.26502
2019,55.13,33.58411
2020,13.76,48.93133
2021,27.5,42.517933
2022,58.13,46.26502
