year,y_true,y_pred
2018,284.9,338.86502
2019,303.2,357.96088
2020,82.59,370.52527
2021,261.2,370.52527
2022,348.79,370.52527
