year,y_true,y_pred
2018,49.72,61.3095
2019,55.74,64.42
2020,46.23,64.42687
2021,43.33,64.42687
2022,49.55,64.42
