year,y_true,y_pred
2018,49.06,39.383442
2019,59.68,45.84354
2020,44.28,45.84354
2021,51.73,39.383442
2022,48.3,45.84354
