year,y_true,y_pred
2018,0.0,0.10439583
2019,1.31,0.10439583
2020,0.0,0.20779166
2021,0.0,0.10439583
2022,0.63,0.10439583
