year,y_true,y_pred
2018,0.66,0.08983556
2019,0.0,0.08983556
2020,0.0,0.08983556
2021,0.0,0.08983556
2022,0.63,0.08983556
