year,y_true,y_pred
2018,7.29,8.439795
2019,9.84,5.8398743
2020,10.42,8.920674
2021,7.11,8.920674
2022,11.92,5.840863
