year,y_true,y_pred
2018,110.06,117.38902
2019,110.83,117.38902
2020,119.15,117.38902
2021,110.58,117.38902
2022,135.48,117.38902
