year,y_true,y_pred
2018,17.79,66.81267
2019,87.75,58.35183
2020,51.98,62.354664
2021,17.12,65.04896
2022,60.29,66.81267
