year,y_true,y_pred
2018,213.98,254.13081
2019,165.77,254.13081
2020,106.64,254.13081
2021,145.11,254.13081
2022,226.17,254.13081
