year,y_true,y_pred
2018,25.94,32.64477
2019,17.53,32.64477
2020,12.55,32.64477
2021,15.44,29.405958
2022,28.49,29.405958
