year,y_true,y_pred
2018,0.0,0.17621668
2019,1.59,0.17621668
2020,0.0,0.17621668
2021,0.0,0.17621668
2022,1.78,0.17621668
