year,y_true,y_pred
2018,0.0,0.0017073682
2019,0.0,0.35786414
2020,3.14,0.35786414
2021,0.0,0.03021111
2022,3.56,0.002065651
