year,y_true,y_pred
2018,3.24,5.2034855
2019,0.0,5.2034855
2020,3.14,5.2034855
2021,4.63,5.2034855
2022,16.03,4.900563
