year,y_true,y_pred
2018,9.73,17.731375
2019,15.94,17.731375
2020,18.82,17.731375
2021,12.35,14.652603
2022,39.18,17.731375
