year,y_true,y_pred
2018,48.98,39.945377
2019,42.26,46.97987
2020,35.73,30.615044
2021,58.76,37.018627
2022,32.96,55.38716
