year,y_true,y_pred
2018,420.99,539.9593
2019,464.54,584.37946
2020,471.92,502.3202
2021,416.17,483.16077
2022,417.39,584.37946
