year,y_true,y_pred
2018,38.74,45.605534
2019,43.87,45.605534
2020,36.1,45.605534
2021,45.1,45.605534
2022,35.66,45.605534
