year,y_true,y_pred
2018,141.54,134.59818
2019,70.9,123.11034
2020,212.99,134.59818
2021,142.2,123.11034
2022,153.73,100.29497
