year,y_true,y_pred
2018,11.73,15.853434
2019,11.7,15.853434
2020,23.33,20.184397
2021,58.15,15.853434
2022,74.17,15.853434
