year,y_true,y_pred
2018,152.53,142.58545
2019,140.38,144.56609
2020,93.32,142.58545
2021,162.83,144.56609
2022,259.58,144.56609
