year,y_true,y_pred
2018,23.47,7.2888746
2019,0.0,9.89775
2020,23.33,11.918625
2021,11.63,7.2888746
2022,24.72,11.918625
