year,y_true,y_pred
2018,11.73,2.9568694
2019,11.7,2.9568694
2020,11.66,2.9568694
2021,0.0,2.9568694
2022,12.36,2.9568694
