year,y_true,y_pred
2018,140.8,88.659805
2019,128.69,75.04866
2020,174.97,75.04866
2021,220.98,79.23717
2022,135.97,79.23717
