year,y_true,y_pred
2018,56.49,38.218792
2019,90.9,49.876667
2020,17.58,49.876667
2021,34.04,38.785076
2022,48.52,39.399284
