year,y_true,y_pred
2018,12.55,3.6161666
2019,6.06,2.0279164
2020,5.86,3.4961665
2021,0.0,2.5283809
2022,0.0,2.5283809
