year,y_true,y_pred
2018,228.31,218.79828
2019,120.16,270.83926
2020,192.74,286.1985
2021,146.41,239.04587
2022,205.26,251.51932
