year,y_true,y_pred
2018,15.22,22.95658
2019,15.02,14.6295805
2020,14.83,28.33668
2021,29.28,9.681472
2022,18.66,20.60065
