year,y_true,y_pred
2018,563.44,435.40878
2019,493.68,435.40878
2020,446.0,435.40878
2021,1028.96,435.40878
2022,1202.35,435.40878
