year,y_true,y_pred
2018,0.0,18.621374
2019,0.0,22.732311
2020,21.44,22.732311
2021,21.29,22.732311
2022,131.93,22.732311
