year,y_true,y_pred
2018,456.32,472.04095
2019,410.01,507.89532
2020,257.23,518.362
2021,298.13,472.04095
2022,813.54,472.04095
