year,y_true,y_pred
2018,459.83,432.83545
2019,702.35,432.83545
2020,339.31,432.83545
2021,339.48,386.22525
2022,439.02,386.22525
