year,y_true,y_pred
2018,48.4,12.166656
2019,72.66,22.710522
2020,24.24,21.089138
2021,24.25,22.322695
2022,24.39,23.57131
