year,y_true,y_pred
2018,0.0,2.1918082
2019,0.0,2.1918082
2020,0.0,2.1918082
2021,0.0,2.1918082
2022,0.0,2.1918082
