year,y_true,y_pred
2018,48.4,22.051334
2019,72.66,26.531767
2020,72.71,26.531767
2021,48.5,26.531767
2022,24.39,26.531767
