year,y_true,y_pred
2018,96.81,76.51537
2019,217.97,82.956024
2020,48.47,110.78296
2021,121.24,101.98193
2022,121.95,138.78131
