year,y_true,y_pred
2018,24.2,35.782543
2019,24.22,38.407543
2020,0.0,28.444542
2021,48.5,31.39998
2022,73.17,28.444542
