year,y_true,y_pred
2018,29.65,19.187813
2019,46.65,15.383
2020,31.73,15.383
2021,38.83,16.575375
2022,59.36,16.575375
