year,y_true,y_pred
2018,261.89,217.69101
2019,459.1,217.69101
2020,434.4,597.8252
2021,478.05,555.59814
2022,582.28,589.2186
