year,y_true,y_pred
2018,61.77,97.870094
2019,78.56,101.02675
2020,107.38,82.36732
2021,92.21,79.38124
2022,104.58,76.41342
