year,y_true,y_pred
2018,19.77,17.705774
2019,14.73,13.001081
2020,14.64,12.49336
2021,12.13,17.705774
2022,19.79,12.49336
