year,y_true,y_pred
2018,26.49,10.981034
2019,27.69,21.034616
2020,14.46,9.387759
2021,15.1,8.316913
2022,43.39,15.78004
