year,y_true,y_pred
2018,53.17,33.742958
2019,52.89,33.742958
2020,47.36,33.742958
2021,52.36,33.742958
2022,64.84,33.742958
