year,y_true,y_pred
2018,733.73,771.6032
2019,788.03,734.8093
2020,1220.73,734.8093
2021,1099.59,760.85425
2022,1329.3,760.85425
