year,y_true,y_pred
2018,0.0,1.3038751
2019,0.0,1.3038751
2020,0.0,1.3038751
2021,0.0,1.3038751
2022,0.0,1.3038751
