year,y_true,y_pred
2018,26.58,35.651634
2019,10.58,26.819687
2020,15.79,13.636129
2021,26.18,33.818256
2022,32.42,28.724571
