year,y_true,y_pred
2018,58.49,61.404133
2019,31.73,52.15708
2020,36.83,53.813957
2021,68.07,59.308666
2022,70.25,61.404133
