year,y_true,y_pred
2018,58.49,90.80705
2019,26.44,75.055626
2020,31.57,54.683304
2021,62.83,68.01344
2022,75.65,90.80705
