year,y_true,y_pred
2018,0.0,0.49563637
2019,0.0,0.49563637
2020,0.0,0.49563637
2021,0.0,0.49563637
2022,0.0,0.49563637
