year,y_true,y_pred
2018,24.79,40.87472
2019,49.66,12.324863
2020,49.74,25.800102
2021,0.0,12.324863
2022,120.66,27.381413
