year,y_true,y_pred
2018,232.11,335.8446
2019,397.9,330.09137
2020,242.81,388.57117
2021,190.86,303.0862
2022,202.05,309.87927
