year,y_true,y_pred
2018,12.89,14.150432
2019,77.01,0.00041817612
2020,12.78,28.731329
2021,12.72,14.252367
2022,26.94,0.0005017371
