year,y_true,y_pred
2018,125.19,89.878204
2019,25.04,50.332993
2020,50.08,114.94145
2021,50.06,77.511246
2022,25.51,89.878204
