year,y_true,y_pred
2018,1126.69,715.98157
2019,876.31,874.0612
2020,575.86,806.59845
2021,550.69,715.98157
2022,969.39,787.8367
