year,y_true,y_pred
2018,200.13,94.891685
2019,99.54,94.891685
2020,0.0,87.904
2021,131.32,78.125626
2022,0.0,94.891685
