year,y_true,y_pred
2018,0.0,100.59405
2019,50.74,100.59405
2020,154.4,88.21367
2021,208.66,88.21367
2022,0.0,88.21367
