year,y_true,y_pred
2018,694.95,775.67615
2019,714.08,773.2782
2020,725.05,742.0484
2021,547.02,775.67615
2022,589.28,775.67615
