year,y_true,y_pred
2018,218.1,166.62967
2019,54.35,142.27618
2020,162.51,166.62967
2021,107.99,183.9849
2022,111.36,166.62967
