year,y_true,y_pred
2018,105.76,38.38333
2019,62.92,38.38333
2020,37.45,42.478333
2021,66.08,41.64283
2022,64.66,44.397667
