year,y_true,y_pred
2018,621.88,507.83282
2019,645.97,557.79706
2020,536.78,557.79706
2021,689.68,507.83282
2022,728.51,575.3348
