year,y_true,y_pred
2018,554.53,745.64966
2019,575.31,745.64966
2020,526.77,745.64966
2021,573.38,745.64966
2022,983.16,745.64966
