year,y_true,y_pred
2018,35.21,28.873075
2019,43.58,44.310936
2020,17.27,14.149296
2021,68.46,47.97019
2022,41.84,31.08154
