year,y_true,y_pred
2018,413.73,367.96487
2019,557.23,460.25696
2020,548.07,436.20966
2021,422.68,436.20966
2022,435.32,460.25696
