year,y_true,y_pred
2018,1703.21,783.95465
2019,1403.51,783.95465
2020,1166.51,783.95465
2021,996.17,783.95465
2022,767.81,783.95465
