year,y_true,y_pred
2018,163.07,55.349648
2019,73.87,46.834053
2020,18.81,73.48379
2021,76.63,6.426699
2022,76.78,61.715
