year,y_true,y_pred
2018,147.52,26.410208
2019,42.83,32.031666
2020,21.74,24.856667
2021,22.08,24.856667
2022,42.92,24.856667
