year,y_true,y_pred
2018,15.76,21.78167
2019,31.41,18.24179
2020,20.87,21.779873
2021,20.8,9.28836
2022,34.47,12.6086445
