year,y_true,y_pred
2018,504.44,600.4132
2019,262.03,689.3955
2020,165.41,611.3655
2021,421.94,611.90247
2022,295.06,611.90247
