year,y_true,y_pred
2018,24.02,13.424133
2019,23.82,13.424133
2020,0.0,16.977667
2021,0.0,16.977667
2022,24.59,16.977667
