year,y_true,y_pred
2018,58.43,196.84038
2019,25.81,82.39351
2020,89.84,72.850235
2021,70.2,196.84038
2022,75.76,108.18141
