year,y_true,y_pred
2018,94.55,44.62138
2019,83.47,40.25292
2020,93.29,40.25292
2021,72.11,40.25292
2022,67.19,40.25292
