year,y_true,y_pred
2018,50.67,88.76246
2019,37.78,88.76246
2020,47.21,88.76246
2021,38.33,88.76246
2022,60.42,88.76246
