year,y_true,y_pred
2018,49.7,51.69771
2019,52.31,52.01421
2020,52.99,52.01421
2021,49.83,54.109665
2022,72.51,52.01421
