year,y_true,y_pred
2018,44.82,42.179207
2019,32.94,42.050667
2020,40.46,41.579205
2021,40.25,41.496708
2022,39.27,41.496708
