year,y_true,y_pred
2018,110.11,133.11615
2019,122.06,133.11615
2020,120.42,133.11615
2021,115.95,138.52563
2022,131.92,133.11615
