year,y_true,y_pred
2018,0.0,0.00081736874
2019,0.0,0.4259115
2020,0.0,0.4259115
2021,0.0,0.4259115
2022,0.0,0.4259115
