year,y_true,y_pred
2018,0.97,0.2092103
2019,0.97,0.12792628
2020,0.96,0.30101985
2021,1.92,0.30101985
2022,2.01,0.9816608
