year,y_true,y_pred
2018,712.36,792.45886
2019,849.15,792.45886
2020,695.65,792.45886
2021,640.35,821.65436
2022,885.03,842.7524
