year,y_true,y_pred
2018,72.69,49.225666
2019,65.32,49.225666
2020,76.09,49.225666
2021,50.65,49.225666
2022,96.55,49.225666
