year,y_true,y_pred
2018,41.25,73.949295
2019,41.46,73.949295
2020,41.67,102.81233
2021,41.86,102.81233
2022,79.33,102.81233
