year,y_true,y_pred
2018,0.0,50.589596
2019,64.64,50.589596
2020,65.62,115.081894
2021,133.24,108.69926
2022,127.23,55.572433
