year,y_true,y_pred
2018,95.56,52.43
2019,48.23,52.43
2020,24.34,62.083252
2021,73.67,62.083252
2022,49.69,52.43
