year,y_true,y_pred
2018,19.05,27.352207
2019,38.23,32.66508
2020,76.67,35.419083
2021,172.98,29.960583
2022,64.29,29.960583
