year,y_true,y_pred
2018,438.26,460.3792
2019,1013.0,460.3792
2020,728.39,430.31345
2021,884.11,430.31345
2022,557.22,430.31345
