year,y_true,y_pred
2018,41.59,56.643665
2019,82.36,36.364532
2020,101.96,51.050667
2021,121.21,42.83208
2022,52.6,56.643665
