year,y_true,y_pred
2018,623.83,727.2927
2019,1050.03,981.39294
2020,938.01,628.06506
2021,1272.73,690.62164
2022,981.94,669.7504
