year,y_true,y_pred
2018,85.83,75.78625
2019,47.43,73.522
2020,37.75,82.87225
2021,37.56,82.87225
2022,65.72,82.87225
