year,y_true,y_pred
2018,14.97,30.974325
2019,30.18,31.07295
2020,60.83,34.0353
2021,30.64,26.64045
2022,0.0,28.80495
