year,y_true,y_pred
2018,299.24,232.21515
2019,340.77,232.21515
2020,282.59,257.1641
2021,279.68,232.21515
2022,551.56,232.21515
