year,y_true,y_pred
2018,49.94,30.961668
2019,46.58,30.961668
2020,41.12,30.961668
2021,49.69,30.961668
2022,67.38,30.961668
