year,y_true,y_pred
2018,80.61,91.08041
2019,85.53,82.63088
2020,74.25,92.91805
2021,67.54,78.24894
2022,74.32,68.50479
