year,y_true,y_pred
2018,34.01,42.72444
2019,31.51,42.35144
2020,33.33,42.35144
2021,32.22,39.05934
2022,37.83,37.103107
