year,y_true,y_pred
2018,0.0,0.07079166
2019,0.39,0.043916665
2020,0.19,0.040041666
2021,0.0,0.043916665
2022,0.0,0.043916665
