year,y_true,y_pred
2018,59.57,67.90134
2019,54.02,67.90134
2020,50.28,67.90134
2021,42.5,67.90134
2022,58.2,67.90134
