year,y_true,y_pred
2018,0.2,0.22673334
2019,0.0,0.22673334
2020,0.0,0.34658334
2021,0.19,0.28358334
2022,0.45,0.28358334
