year,y_true,y_pred
2018,34.83,6.0970654
2019,53.66,58.216274
2020,73.42,72.53386
2021,112.95,32.658653
2022,85.91,7.4981513
