year,y_true,y_pred
2018,416.04,489.9328
2019,500.48,281.95996
2020,294.84,489.9328
2021,448.57,281.95996
2022,567.69,489.9328
