year,y_true,y_pred
2018,27.02,7.8314333
2019,32.29,7.8314333
2020,21.44,7.8314333
2021,32.04,7.8314333
2022,18.51,7.8314333
