year,y_true,y_pred
2018,70.24,32.944653
2019,118.39,55.700577
2020,128.66,58.703796
2021,117.48,58.703796
2022,55.53,58.703796
