year,y_true,y_pred
2018,0.0,0.0018875361
2019,0.0,1.9514296
2020,5.36,1.9514296
2021,0.0,1.9514296
2022,0.0,1.9514296
