year,y_true,y_pred
2018,48.63,22.78984
2019,37.67,48.662594
2020,69.69,17.551533
2021,64.08,29.130146
2022,30.85,29.130146
