year,y_true,y_pred
2018,21.61,11.995333
2019,43.05,9.751666
2020,32.16,9.751666
2021,26.7,9.751666
2022,55.53,9.751666
