year,y_true,y_pred
2018,37.55,153.78581
2019,112.87,116.764496
2020,37.71,116.764496
2021,113.34,153.78581
2022,164.34,116.764496
