year,y_true,y_pred
2018,957.4,624.1639
2019,641.33,626.5144
2020,424.48,670.22186
2021,281.0,868.45917
2022,408.56,886.0996
