year,y_true,y_pred
2018,107.71,80.99272
2019,71.26,62.13032
2020,70.75,61.026535
2021,11.71,67.92682
2022,36.05,28.932472
