year,y_true,y_pred
2018,0.0,1.1441818
2019,0.0,1.1441818
2020,0.0,1.1441818
2021,0.0,1.1441818
2022,0.0,1.1441818
