year,y_true,y_pred
2018,167.54,140.18864
2019,118.76,59.23018
2020,153.28,90.373085
2021,93.67,155.55663
2022,156.21,95.38632
