year,y_true,y_pred
2018,11.97,8.803875
2019,11.88,10.756875
2020,0.0,10.756875
2021,11.71,10.756875
2022,0.0,10.756875
