year,y_true,y_pred
2018,7.09,21.461267
2019,10.59,21.461267
2020,10.54,18.150167
2021,17.51,16.800095
2022,22.68,16.800095
