year,y_true,y_pred
2018,134.66,216.88434
2019,155.28,216.88434
2020,168.72,216.88434
2021,171.55,216.88434
2022,194.38,216.88434
