year,y_true,y_pred
2018,0.0,0.324275
2019,0.0,0.324275
2020,0.0,0.324275
2021,3.5,0.324275
2022,0.0,0.324275
