year,y_true,y_pred
2018,0.0,0.76936364
2019,0.0,0.76936364
2020,3.51,0.76936364
2021,0.0,0.76936364
2022,0.0,0.76936364
