year,y_true,y_pred
2018,99.22,91.72033
2019,105.87,57.040974
2020,130.05,56.816547
2021,94.53,57.040974
2022,93.95,56.816547
