year,y_true,y_pred
2018,7.09,1.3513334
2019,0.0,0.79333335
2020,3.51,0.8827879
2021,0.0,0.8827879
2022,3.24,0.8827879
