year,y_true,y_pred
2018,25.4,37.148907
2019,38.53,58.72385
2020,25.97,22.423372
2021,39.38,58.72385
2022,32.01,22.423372
