year,y_true,y_pred
2018,533.47,188.67455
2019,513.74,188.67455
2020,337.62,188.67455
2021,420.06,188.67455
2022,373.41,188.67455
