year,y_true,y_pred
2018,574.74,505.47366
2019,542.54,505.47366
2020,404.43,505.47366
2021,332.66,505.47366
2022,365.69,533.1915
