year,y_true,y_pred
2018,15.26,16.287964
2019,10.14,8.344171
2020,20.22,8.344171
2021,35.28,13.911208
2022,47.49,16.287964
