year,y_true,y_pred
2018,567.11,944.6243
2019,844.77,903.02313
2020,509.55,834.88403
2021,320.17,903.02313
2022,490.51,903.02313
