year,y_true,y_pred
2018,42.01,2.9449604
2019,105.6,35.62911
2020,0.0,31.253227
2021,42.69,34.0409
2022,63.98,20.108683
