year,y_true,y_pred
2018,968.78,829.40356
2019,948.8,829.40356
2020,803.79,829.40356
2021,752.1,783.75055
2022,949.79,783.75055
