year,y_true,y_pred
2018,85.56,63.10167
2019,71.25,63.10167
2020,64.6,60.37367
2021,103.74,60.37367
2022,104.83,63.10167
