year,y_true,y_pred
2018,11.32,12.6883335
2019,15.0,10.166249
2020,14.91,12.6883335
2021,13.58,12.6883335
2022,35.36,12.6883335
