year,y_true,y_pred
2018,127.07,114.12021
2019,131.26,114.12021
2020,120.51,114.12021
2021,144.49,114.12021
2022,128.83,122.131645
