year,y_true,y_pred
2018,21.39,11.785666
2019,18.75,14.458666
2020,9.94,13.078834
2021,24.7,11.740583
2022,16.42,14.458666
