year,y_true,y_pred
2018,63.21,104.56232
2019,0.0,62.082623
2020,123.42,104.56232
2021,61.03,81.91287
2022,83.13,62.082623
