year,y_true,y_pred
2018,198.02,224.22566
2019,194.55,224.22566
2020,122.18,224.22566
2021,214.2,220.8587
2022,320.63,224.22566
