year,y_true,y_pred
2018,16.5,31.347092
2019,27.02,32.380898
2020,26.56,31.609516
2021,31.35,24.743828
2022,43.16,32.356186
