year,y_true,y_pred
2018,11.0,7.627333
2019,21.62,7.627333
2020,21.25,6.6770415
2021,15.67,7.627333
2022,18.5,7.627333
