year,y_true,y_pred
2018,77.01,36.315025
2019,70.26,36.449936
2020,58.44,36.449936
2021,78.37,36.315025
2022,61.66,36.449936
