year,y_true,y_pred
2018,11.0,4.5276666
2019,10.81,3.2540834
2020,5.31,2.9095333
2021,5.22,2.9095333
2022,0.0,4.570667
