year,y_true,y_pred
2018,5.46,2.1108828
2019,5.38,2.1108828
2020,0.0,2.1108828
2021,5.24,2.1108828
2022,0.0,2.1108828
