year,y_true,y_pred
2018,163.7,118.23326
2019,102.24,118.23326
2020,138.03,131.82066
2021,141.49,131.82066
2022,212.22,159.99298
