year,y_true,y_pred
2018,49.11,21.452866
2019,10.76,21.452866
2020,37.16,9.569759
2021,31.44,9.569759
2022,5.74,21.452866
