year,y_true,y_pred
2018,43.18,22.650583
2019,45.32,22.650583
2020,23.72,22.650583
2021,37.74,22.650583
2022,62.01,22.163084
