year,y_true,y_pred
2018,203.92,190.32985
2019,264.74,191.1567
2020,256.13,190.32985
2021,280.67,204.48207
2022,372.09,198.44418
