year,y_true,y_pred
2018,16.79,13.8342495
2019,7.16,13.8342495
2020,9.49,13.8342495
2021,4.72,13.8342495
2022,24.81,9.49975
