year,y_true,y_pred
2018,74.37,74.786224
2019,71.55,84.29659
2020,80.63,88.18858
2021,96.7,66.37139
2022,74.42,66.37139
