year,y_true,y_pred
2018,55.18,32.383163
2019,38.16,27.62565
2020,28.46,32.538975
2021,58.96,38.126675
2022,29.77,36.02579
