year,y_true,y_pred
2018,113.46,54.862034
2019,22.67,54.862034
2020,67.9,54.862034
2021,67.83,41.649895
2022,82.92,54.862034
