year,y_true,y_pred
2018,1270.71,845.31976
2019,1246.6,845.31976
2020,973.29,764.24
2021,1062.63,845.31976
2022,1036.48,845.31976
