year,y_true,y_pred
2018,90.96,44.209293
2019,70.67,56.41858
2020,53.23,56.41858
2021,72.13,56.41858
2022,65.78,54.78257
