year,y_true,y_pred
2018,629.88,541.71124
2019,677.72,541.71124
2020,503.6,561.1334
2021,468.04,541.71124
2022,551.85,573.0238
