year,y_true,y_pred
2018,52.35,30.599716
2019,32.35,30.599716
2020,44.78,24.749912
2021,50.33,30.599716
2022,38.37,31.919779
