year,y_true,y_pred
2018,9.44,12.740267
2019,11.07,10.416907
2020,19.43,14.466235
2021,16.78,12.740267
2022,22.84,12.079694
