year,y_true,y_pred
2018,88.39,101.41137
2019,95.36,93.96012
2020,87.03,93.96012
2021,75.49,101.41137
2022,90.45,93.96012
