year,y_true,y_pred
2018,26.9,65.00574
2019,62.86,65.00574
2020,98.91,70.69884
2021,72.03,81.471664
2022,75.55,81.471664
