year,y_true,y_pred
2018,277.98,721.77527
2019,341.24,721.77527
2020,467.58,721.77527
2021,378.17,721.77527
2022,424.97,721.77527
