year,y_true,y_pred
2018,80.7,114.388794
2019,116.74,105.66033
2020,161.86,114.388794
2021,126.06,109.94885
2022,132.21,109.94885
