year,y_true,y_pred
2018,80.7,92.41191
2019,53.88,90.772675
2020,98.91,90.772675
2021,45.02,97.59881
2022,75.55,90.772675
