year,y_true,y_pred
2018,0.0,15.359584
2019,0.0,15.359584
2020,26.98,15.359584
2021,0.0,14.068084
2022,18.89,15.359584
