year,y_true,y_pred
2018,70.01,68.69754
2019,78.41,67.27404
2020,69.4,61.068977
2021,60.48,75.28373
2022,93.07,75.28373
