year,y_true,y_pred
2018,12.94,15.592334
2019,12.93,14.390767
2020,12.93,15.592334
2021,64.6,15.592334
2022,43.64,23.083792
