year,y_true,y_pred
2018,0.0,1.2035416
2019,0.0,1.2035416
2020,0.0,1.2035416
2021,12.92,1.2035416
2022,0.0,1.2035416
