year,y_true,y_pred
2018,64.69,48.848
2019,38.79,50.097504
2020,64.63,59.81
2021,142.12,50.097504
2022,87.29,60.39875
