year,y_true,y_pred
2018,207.01,144.72327
2019,181.04,79.73287
2020,168.05,79.467155
2021,167.96,79.467155
2022,203.67,79.467155
