year,y_true,y_pred
2018,12.94,15.154709
2019,25.86,17.01171
2020,0.0,18.675146
2021,12.92,15.154709
2022,14.55,17.01171
