year,y_true,y_pred
2018,134.69,87.52139
2019,152.49,98.72415
2020,125.47,97.06023
2021,107.45,103.37015
2022,111.85,95.70671
