year,y_true,y_pred
2018,1186.27,789.28015
2019,1054.73,789.28015
2020,1064.44,789.28015
2021,929.02,789.28015
2022,1388.7,789.28015
