year,y_true,y_pred
2018,84.73,28.614458
2019,114.03,28.614458
2020,86.31,28.614458
2021,72.58,28.614458
2022,95.3,28.614458
