year,y_true,y_pred
2018,246.61,227.37773
2019,121.21,169.65158
2020,715.14,170.13567
2021,175.95,227.37773
2022,446.43,227.37773
