year,y_true,y_pred
2018,0.0,12.4859495
2019,0.0,12.4859495
2020,0.0,12.4859495
2021,0.0,12.4859495
2022,0.0,12.4859495
