year,y_true,y_pred
2018,60.13,80.870705
2019,61.05,72.29667
2020,0.0,72.29667
2021,62.89,65.60371
2022,0.0,80.870705
