year,y_true,y_pred
2018,601.32,865.14044
2019,366.3,798.2972
2020,805.95,761.33026
2021,125.79,873.95087
2022,166.67,788.99884
