year,y_true,y_pred
2018,30.98,52.123875
2019,15.42,49.06497
2020,30.7,39.355675
2021,61.12,44.72712
2022,34.06,34.85512
