year,y_true,y_pred
2018,774.59,994.9173
2019,709.22,952.07965
2020,1074.44,952.07965
2021,794.62,1058.2075
2022,834.47,952.07965
