year,y_true,y_pred
2018,532.0,430.76065
2019,670.0,430.76065
2020,630.4,430.76065
2021,720.24,590.4725
2022,649.9,556.94714
