year,y_true,y_pred
2018,16.12,27.068624
2019,48.43,21.968
2020,40.41,24.188625
2021,80.93,21.968
2022,59.08,19.281187
