year,y_true,y_pred
2018,54.69,51.063625
2019,43.02,54.236
2020,49.39,48.105873
2021,83.39,50.924126
2022,68.12,50.924126
