year,y_true,y_pred
2018,69.28,124.90147
2019,114.72,109.781975
2020,95.25,84.74862
2021,114.65,110.11939
2022,79.48,101.08983
