year,y_true,y_pred
2018,0.0,0.47596663
2019,0.0,0.47596663
2020,0.0,0.47596663
2021,0.0,0.47596663
2022,0.0,0.47596663
