year,y_true,y_pred
2018,14.59,29.850002
2019,32.27,27.419128
2020,31.75,21.921694
2021,66.01,15.908427
2022,56.77,24.573013
