year,y_true,y_pred
2018,7.29,13.563749
2019,14.34,13.563749
2020,10.58,12.959
2021,24.32,13.563749
2022,22.71,12.959
