year,y_true,y_pred
2018,870.91,696.1648
2019,834.95,696.1648
2020,701.34,735.1588
2021,1035.76,734.77734
2022,1187.65,710.26337
