year,y_true,y_pred
2018,77.41,37.715607
2019,58.25,51.06546
2020,58.45,37.715607
2021,39.09,52.99703
2022,107.97,52.99703
