year,y_true,y_pred
2018,19.22,19.276442
2019,15.82,18.008505
2020,25.02,19.192005
2021,24.73,19.276442
2022,18.91,19.276442
