year,y_true,y_pred
2018,54.4,11.608334
2019,50.28,11.608334
2020,34.64,11.608334
2021,51.73,11.608334
2022,39.23,11.608334
