year,y_true,y_pred
2018,926.74,531.4234
2019,808.29,274.55792
2020,379.17,274.55792
2021,442.61,473.71826
2022,512.43,473.71826
