year,y_true,y_pred
2018,17.49,15.43925
2019,13.54,15.43925
2020,13.47,15.43925
2021,11.5,15.43925
2022,24.52,15.43925
