year,y_true,y_pred
2018,29.14,22.227835
2019,30.94,22.227835
2020,19.25,22.227835
2021,26.83,23.285334
2022,34.33,22.227835
