year,y_true,y_pred
2018,0.0,0.6046354
2019,3.87,0.39460415
2020,0.0,0.4073333
2021,0.0,0.39460415
2022,2.45,0.4073333
