year,y_true,y_pred
2018,69.11,27.483479
2019,41.38,29.507332
2020,36.7,29.507332
2021,50.37,29.507332
2022,54.75,27.483479
