year,y_true,y_pred
2018,557.53,740.59674
2019,432.18,740.59674
2020,734.08,740.59674
2021,476.19,659.84436
2022,647.06,772.68744
