year,y_true,y_pred
2018,219.58,308.84006
2019,250.6,265.449
2020,236.93,320.76672
2021,354.47,308.84006
2022,348.22,334.5406
