year,y_true,y_pred
2018,28.15,30.701918
2019,38.98,30.701918
2020,55.1,38.454334
2021,43.63,30.701918
2022,31.09,30.701918
