year,y_true,y_pred
2018,11.26,16.967102
2019,38.98,27.979517
2020,38.57,16.107033
2021,16.36,16.969866
2022,18.65,16.971209
