year,y_true,y_pred
2018,61.93,98.57025
2019,50.12,71.52371
2020,93.67,71.52371
2021,65.44,78.64241
2022,105.71,76.994965
