year,y_true,y_pred
2018,11.26,12.0014305
2019,16.71,16.616491
2020,11.02,12.953077
2021,0.0,12.665135
2022,6.22,6.9552884
