year,y_true,y_pred
2018,0.0,1.02675
2019,0.0,1.02675
2020,0.0,1.02675
2021,0.0,1.02675
2022,0.0,1.02675
