year,y_true,y_pred
2018,101.52,48.998917
2019,33.56,29.205067
2020,66.56,48.998917
2021,66.05,29.205067
2022,76.75,29.205067
