year,y_true,y_pred
2018,575.3,377.9483
2019,469.8,430.327
2020,399.33,430.327
2021,528.4,416.32635
2022,498.85,450.87598
