year,y_true,y_pred
2018,4.06,21.483833
2019,8.09,26.020958
2020,20.15,23.536959
2021,18.07,23.19196
2022,36.27,23.029959
