year,y_true,y_pred
2018,131.99,145.91324
2019,131.49,160.20258
2020,141.07,150.07123
2021,132.52,154.30502
2022,186.2,150.07123
