year,y_true,y_pred
2018,28.43,18.105593
2019,16.18,12.956984
2020,24.18,12.040573
2021,14.06,17.189182
2022,29.02,12.956984
