year,y_true,y_pred
2018,14.21,16.970095
2019,22.25,16.970095
2020,16.12,25.117155
2021,32.13,16.970095
2022,29.02,18.92431
