year,y_true,y_pred
2018,144.14,68.77966
2019,94.3,68.77966
2020,59.28,61.33321
2021,145.02,61.33321
2022,117.98,68.77966
