year,y_true,y_pred
2018,798.51,949.88745
2019,458.88,937.9601
2020,490.11,949.88745
2021,412.93,947.18555
2022,594.55,947.18555
