year,y_true,y_pred
2018,55.71,33.632084
2019,55.07,36.602333
2020,54.46,47.231335
2021,53.86,28.005533
2022,49.55,28.005533
