mae,rmse,r2,city,model,sequence_length,forecast_horizon,normalization,val_size
0.14400221345505518,0.38150319049334014,-0.04322101464572903,3148103,xgboost,8,4,,
