year,y_true,y_pred
2018,74.18,69.56818
2019,88.32,69.56818
2020,71.49,69.56818
2021,63.29,69.56818
2022,72.39,69.56818
