year,y_true,y_pred
2018,43.86,67.29243
2019,65.66,67.29243
2020,43.7,67.29243
2021,21.81,67.29243
2022,108.55,67.29243
