year,y_true,y_pred
2018,29.76,10.021379
2019,29.39,23.692825
2020,9.68,23.692825
2021,57.42,23.88591
2022,30.12,26.302568
