mae,rmse,r2,city,model,sequence_length,forecast_horizon,normalization,val_size
0.25577925414280306,0.31567783202253846,0.32372777380871653,4107850,xgboost,8,4,,
