year,y_true,y_pred
2018,5.18,4.9774585
2019,5.16,4.6846666
2020,0.0,5.7092333
2021,5.12,5.7092333
2022,12.27,5.7092333
