year,y_true,y_pred
2018,165.74,192.78392
2019,139.33,267.26886
2020,87.4,367.86868
2021,163.93,271.7062
2022,429.55,271.7062
