year,y_true,y_pred
2018,1233.23,969.15656
2019,1253.2,953.98694
2020,867.24,1000.7723
2021,870.23,1044.7423
2022,1037.89,1044.7423
