year,y_true,y_pred
2018,89.86,57.176914
2019,83.34,61.226334
2020,58.43,57.176914
2021,70.48,58.198414
2022,76.77,57.176914
