year,y_true,y_pred
2018,45.67,88.049
2019,45.39,76.67369
2020,45.13,79.55312
2021,134.62,88.049
2022,123.7,88.049
