year,y_true,y_pred
2018,274.04,962.93494
2019,476.62,839.3389
2020,699.46,839.3389
2021,875.03,962.93494
2022,915.39,962.93494
