year,y_true,y_pred
2018,133.81,66.64946
2019,76.51,73.28396
2020,96.8,66.92096
2021,58.05,66.64946
2022,89.21,66.64946
