year,y_true,y_pred
2018,102.21,72.48673
2019,102.35,72.48673
2020,40.99,72.48673
2021,102.61,90.26866
2022,235.57,72.48673
