year,y_true,y_pred
2018,951.63,955.9781
2019,904.98,931.19507
2020,719.99,931.19507
2021,847.53,931.19507
2022,873.72,931.19507
