year,y_true,y_pred
2018,26.19,74.88633
2019,43.51,67.340416
2020,52.05,77.48233
2021,34.59,77.48233
2022,63.05,77.48233
