year,y_true,y_pred
2018,365.3,517.25256
2019,291.07,594.54236
2020,362.38,594.54236
2021,397.11,594.54236
2022,673.26,594.54236
