year,y_true,y_pred
2018,18.26,91.81327
2019,54.58,39.896317
2020,54.36,85.8863
2021,36.1,42.642334
2022,63.12,37.77043
