year,y_true,y_pred
2018,296.48,373.85654
2019,326.7,305.40552
2020,355.97,277.87805
2021,377.54,277.87805
2022,454.36,360.10477
