year,y_true,y_pred
2018,14.46,48.613976
2019,56.82,28.505302
2020,48.86,28.748304
2021,27.46,39.64498
2022,30.98,36.77511
