year,y_true,y_pred
2018,25.82,39.492393
2019,38.84,36.618896
2020,25.97,39.492393
2021,52.07,39.492393
2022,53.55,55.792477
