year,y_true,y_pred
2018,729.52,870.68616
2019,729.11,870.68616
2020,448.43,870.68616
2021,1287.79,870.68616
2022,773.2,1183.6704
