year,y_true,y_pred
2018,56.12,86.324875
2019,56.09,113.49456
2020,0.0,113.49456
2021,111.98,113.49456
2022,0.0,113.49456
