mae,rmse,r2,city,model,sequence_length,forecast_horizon,normalization,val_size
0.013490212134556227,0.01739199418032256,0.01344687761293506,3304557,xgboost,8,4,,
