year,y_true,y_pred
2018,441.47,645.0655
2019,520.74,673.23193
2020,599.15,673.23193
2021,483.17,673.23193
2022,625.21,673.23193
