year,y_true,y_pred
2018,41.33,37.769592
2019,44.79,37.63695
2020,42.66,42.621735
2021,64.55,42.621735
2022,73.2,41.178097
