year,y_true,y_pred
2018,622.72,537.49274
2019,484.28,531.5017
2020,562.25,537.49274
2021,558.66,587.4096
2022,935.31,587.4096
