year,y_true,y_pred
2018,82.25,101.36808
2019,52.51,52.35147
2020,69.56,68.19861
2021,86.39,102.34815
2022,156.98,50.987434
