year,y_true,y_pred
2018,56.69,31.741646
2019,42.32,31.741646
2020,56.18,31.741646
2021,27.97,31.741646
2022,0.0,31.741646
