year,y_true,y_pred
2018,921.2,473.01752
2019,648.89,473.01752
2020,435.39,490.40634
2021,517.41,512.8727
2022,589.8,491.58466
