year,y_true,y_pred
2018,0.0,36.178623
2019,39.08,67.951965
2020,39.12,63.873566
2021,117.46,117.37644
2022,62.62,108.89684
