year,y_true,y_pred
2018,81.51,58.38554
2019,74.38,44.25399
2020,73.66,44.25399
2021,82.55,44.25399
2022,62.66,58.38554
