year,y_true,y_pred
2018,109.11,45.694904
2019,107.07,45.694904
2020,130.02,45.694904
2021,135.66,45.694904
2022,141.94,45.694904
