year,y_true,y_pred
2018,0.0,0.05995
2019,0.64,0.05995
2020,0.0,0.05995
2021,0.0,0.05995
2022,0.0,0.05995
