year,y_true,y_pred
2018,0.0,0.0015972764
2019,0.64,0.0015972764
2020,0.0,0.0015972764
2021,0.0,0.22127596
2022,0.0,0.22127596
