year,y_true,y_pred
2018,18.61,4.7138753
2019,21.8,7.522625
2020,18.57,5.65325
2021,17.28,5.65325
2022,27.49,5.65325
