year,y_true,y_pred
2018,46.21,10.796625
2019,36.55,12.9279375
2020,31.38,10.796625
2021,47.99,10.796625
2022,41.56,10.796625
