year,y_true,y_pred
2018,130.48,92.572914
2019,236.34,88.98642
2020,26.43,81.95204
2021,79.79,92.572914
2022,142.41,92.81142
