year,y_true,y_pred
2018,138.03,155.85326
2019,52.59,128.53772
2020,35.61,127.7531
2021,90.38,74.743576
2022,58.46,84.594574
