year,y_true,y_pred
2018,16.05,23.516302
2019,22.0,23.516302
2020,12.16,23.516302
2021,5.15,24.120626
2022,35.46,24.120626
