year,y_true,y_pred
2018,0.0,0.28580832
2019,0.88,0.28580832
2020,0.87,0.28580832
2021,0.0,0.28580832
2022,1.11,0.28580832
