year,y_true,y_pred
2018,59.74,69.93147
2019,69.51,64.799446
2020,84.24,69.93147
2021,78.04,64.799446
2022,90.88,64.799446
