year,y_true,y_pred
2018,24.97,27.820292
2019,27.27,27.820292
2020,19.97,26.43279
2021,20.58,27.820292
2022,26.6,27.820292
