year,y_true,y_pred
2018,12.48,16.760117
2019,17.6,5.8752046
2020,7.82,5.8752046
2021,9.43,8.939157
2022,15.52,9.333688
