year,y_true,y_pred
2018,40.48,53.78858
2019,46.63,52.166664
2020,58.74,52.166664
2021,82.86,52.512333
2022,114.6,53.78858
