year,y_true,y_pred
2018,39.31,47.426292
2019,39.33,46.45579
2020,52.48,49.87429
2021,39.39,49.87429
2022,47.79,50.181374
