year,y_true,y_pred
2018,6.55,12.779709
2019,26.22,10.817646
2020,6.56,11.729709
2021,19.7,10.817646
2022,40.96,12.773708
