year,y_true,y_pred
2018,0.0,3.0619373
2019,0.0,3.0619373
2020,0.0,3.0619373
2021,0.0,3.0619373
2022,0.0,3.0619373
