year,y_true,y_pred
2018,163.77,146.88632
2019,203.23,158.12204
2020,131.21,146.88632
2021,170.69,158.12204
2022,122.89,146.88632
