year,y_true,y_pred
2018,85.16,73.20008
2019,91.78,119.156105
2020,111.53,120.905594
2021,157.56,124.937775
2022,143.37,155.38963
