year,y_true,y_pred
2018,101.56,39.19838
2019,0.0,39.19838
2020,0.0,24.107
2021,34.21,24.107
2022,0.0,39.19838
