year,y_true,y_pred
2018,292.76,382.08917
2019,317.89,382.08917
2020,260.03,382.08917
2021,249.15,382.08917
2022,283.32,382.08917
