year,y_true,y_pred
2018,64.41,50.407734
2019,29.43,50.407734
2020,53.19,50.407734
2021,23.73,51.786533
2022,48.22,50.407734
