year,y_true,y_pred
2018,808.35,896.1577
2019,870.15,896.1577
2020,632.07,905.32935
2021,297.52,967.61804
2022,644.29,1133.4851
