year,y_true,y_pred
2018,62.93,16.964117
2019,20.6,17.234573
2020,40.49,48.01167
2021,39.85,19.108166
2022,20.08,2.1886806
