year,y_true,y_pred
2018,414.12,443.86356
2019,377.43,443.86356
2020,428.32,443.86356
2021,505.18,443.86356
2022,493.95,443.86356
