year,y_true,y_pred
2018,40.73,25.75836
2019,40.44,25.75836
2020,66.93,25.75836
2021,26.59,25.75836
2022,28.63,41.577534
