year,y_true,y_pred
2018,217.69,288.9073
2019,218.3,198.99799
2020,213.2,244.73912
2021,248.19,244.73912
2022,302.2,238.52985
