year,y_true,y_pred
2018,20.59,25.188833
2019,32.02,25.188833
2020,31.69,25.188833
2021,45.64,27.366333
2022,43.59,25.188833
