year,y_true,y_pred
2018,11.77,24.75146
2019,14.55,24.75146
2020,20.17,24.75146
2021,25.67,16.879038
2022,26.15,14.518315
