year,y_true,y_pred
2018,97.08,86.58417
2019,110.61,110.50334
2020,100.84,110.50334
2021,94.14,110.50334
2022,90.08,110.50334
