year,y_true,y_pred
2018,26.48,27.370018
2019,26.2,27.370018
2020,25.93,27.370018
2021,11.41,27.370018
2022,31.96,14.500689
