year,y_true,y_pred
2018,979.07,906.0093
2019,913.9,949.26263
2020,747.99,1061.5056
2021,648.1,988.73444
2022,989.2,846.74567
