year,y_true,y_pred
2018,74.6,51.175396
2019,51.03,51.175396
2020,50.79,51.175396
2021,55.16,48.021667
2022,66.58,48.021667
