year,y_true,y_pred
2018,79.46,89.13036
2019,94.84,89.13036
2020,60.65,89.13036
2021,75.99,110.07423
2022,93.33,89.13036
