year,y_true,y_pred
2018,63.57,65.112175
2019,67.74,65.112175
2020,51.66,69.02631
2021,69.29,60.177883
2022,71.79,69.02631
