year,y_true,y_pred
2018,49.95,48.061367
2019,54.19,48.061367
2020,60.65,48.061367
2021,71.52,48.061367
2022,81.37,54.152042
