year,y_true,y_pred
2018,165.74,169.3618
2019,151.29,152.85431
2020,190.93,152.85431
2021,163.16,158.17299
2022,174.7,152.85431
