year,y_true,y_pred
2018,7.17,6.03075
2019,14.29,5.32125
2020,28.47,5.32125
2021,7.09,5.32125
2022,14.87,10.50225
