year,y_true,y_pred
2018,179.34,269.26965
2019,221.49,269.26965
2020,177.92,269.26965
2021,219.78,269.26965
2022,379.29,269.26965
