year,y_true,y_pred
2018,47.16,18.668333
2019,54.82,17.709166
2020,47.91,18.668333
2021,34.17,18.668333
2022,65.07,18.668333
