year,y_true,y_pred
2018,321.68,261.1558
2019,174.62,286.53317
2020,88.85,261.1558
2021,259.89,260.99985
2022,346.82,219.74565
