year,y_true,y_pred
2018,42.89,31.789875
2019,32.74,30.178875
2020,11.11,28.759874
2021,11.3,26.083313
2022,63.06,26.083313
