year,y_true,y_pred
2018,45.33,52.13625
2019,90.79,48.321
2020,0.0,48.479248
2021,68.29,41.26462
2022,80.6,53.42
