year,y_true,y_pred
2018,205.91,410.75156
2019,264.69,410.75156
2020,208.39,410.75156
2021,148.65,410.75156
2022,189.26,410.75156
