year,y_true,y_pred
2018,32.71,17.797333
2019,24.93,18.626333
2020,34.41,20.123333
2021,38.11,19.940666
2022,51.62,22.424667
