year,y_true,y_pred
2018,11.55,10.260166
2019,32.61,10.260166
2020,19.12,11.339167
2021,30.49,10.260166
2022,25.81,13.741333
