year,y_true,y_pred
2018,115.46,85.70874
2019,120.84,85.70874
2020,116.62,85.70874
2021,110.53,85.70874
2022,122.16,85.70874
