year,y_true,y_pred
2018,0.0,0.1716875
2019,1.92,0.1716875
2020,1.91,0.1716875
2021,1.91,0.1716875
2022,0.0,0.1716875
