year,y_true,y_pred
2018,958.78,850.72675
2019,847.29,869.98724
2020,714.93,850.72894
2021,617.63,850.72675
2022,704.39,850.72675
