year,y_true,y_pred
2018,102.99,97.4671
2019,68.37,89.15096
2020,51.07,89.15096
2021,50.86,97.4671
2022,63.34,97.4671
