year,y_true,y_pred
2018,22.07,20.603167
2019,7.33,23.134333
2020,24.32,20.603167
2021,12.11,21.543667
2022,12.67,20.603167
