year,y_true,y_pred
2018,24.52,26.83695
2019,17.09,26.83695
2020,26.75,26.066626
2021,19.38,23.46435
2022,17.74,28.470959
