year,y_true,y_pred
2018,0.0,0.41783333
2019,11.19,0.41783333
2020,0.0,0.32583332
2021,0.0,0.32583332
2022,5.84,0.32583332
