year,y_true,y_pred
2018,115.66,99.91165
2019,111.9,111.752396
2020,130.72,159.89583
2021,80.83,135.62016
2022,93.39,94.02437
