year,y_true,y_pred
2018,11.02,12.00504
2019,22.38,12.00504
2020,17.05,16.142746
2021,0.0,19.559622
2022,11.67,18.208197
