year,y_true,y_pred
2018,27.54,51.5635
2019,27.98,57.261833
2020,62.52,57.261833
2021,63.51,51.5635
2022,93.39,51.5635
