year,y_true,y_pred
2018,20.66,43.10175
2019,20.44,41.73975
2020,30.36,45.142
2021,40.1,48.492374
2022,8.13,48.492374
