year,y_true,y_pred
2018,90.01,75.39143
2019,134.6,75.39143
2020,89.47,82.900375
2021,126.38,75.39143
2022,149.73,82.900375
