mae,rmse,r2,city,model,sequence_length,forecast_horizon,normalization,val_size
0.23605304897108972,0.5958123391649993,-0.027772641282471033,1508001,xgboost,8,4,,
