year,y_true,y_pred
2018,4.26,5.7674365
2019,0.0,0.9906442
2020,0.0,0.001431888
2021,0.0,1.7450535
2022,0.0,1.7450535
