year,y_true,y_pred
2018,13.58,3.6240757
2019,0.0,12.939673
2020,13.48,0.4695472
2021,0.0,11.31923
2022,12.6,0.4695472
