year,y_true,y_pred
2018,461.77,401.99634
2019,568.18,401.99634
2020,646.9,401.99634
2021,483.35,401.99634
2022,541.77,401.99634
