year,y_true,y_pred
2018,122.23,53.672253
2019,229.98,53.672253
2020,202.16,53.672253
2021,201.4,53.672253
2022,163.79,53.672253
