year,y_true,y_pred
2018,13.58,19.517582
2019,0.0,20.980833
2020,67.39,19.517582
2021,53.71,25.587334
2022,25.2,19.517582
