year,y_true,y_pred
2018,0.0,1.3198082
2019,0.0,1.3198082
2020,0.0,1.3198082
2021,0.0,1.3198082
2022,0.0,1.3198082
