year,y_true,y_pred
2018,40.74,27.462997
2019,54.11,31.86525
2020,40.43,39.709126
2021,40.28,39.709126
2022,25.2,27.462997
