year,y_true,y_pred
2018,35.86,33.48013
2019,38.14,32.07175
2020,32.92,34.479633
2021,31.41,33.48013
2022,36.03,33.48013
