year,y_true,y_pred
2018,16.67,16.272594
2019,18.27,15.942459
2020,21.22,16.203932
2021,22.88,15.941964
2022,23.53,15.941964
