year,y_true,y_pred
2018,0.32,0.26725
2019,0.36,0.27191666
2020,0.36,0.27191666
2021,0.32,0.27791667
2022,0.63,0.26725
