year,y_true,y_pred
2018,72.75,83.379005
2019,77.59,83.379005
2020,79.08,83.379005
2021,81.68,83.379005
2022,89.77,81.2613
