year,y_true,y_pred
2018,0.12,0.12891667
2019,0.16,0.15233332
2020,0.12,0.15233332
2021,0.04,0.09733333
2022,0.04,0.12891667
