year,y_true,y_pred
2018,49.69,51.48838
2019,50.4,51.48838
2020,51.56,50.810783
2021,55.24,47.65824
2022,59.39,55.119957
