year,y_true,y_pred
2018,68.71,49.051003
2019,44.16,46.7555
2020,39.24,49.051003
2021,29.42,50.889
2022,62.05,50.889
