year,y_true,y_pred
2018,114.84,121.35275
2019,141.69,121.35275
2020,130.58,121.35275
2021,147.4,121.35275
2022,98.77,121.35275
