year,y_true,y_pred
2018,4.78,0.38320833
2019,14.17,0.38320833
2020,13.99,0.36066663
2021,27.64,0.38320833
2022,24.69,0.36066663
