year,y_true,y_pred
2018,86.13,20.159208
2019,122.8,20.159208
2020,65.29,20.159208
2021,115.15,20.159208
2022,133.34,20.159208
