year,y_true,y_pred
2018,4.78,3.5006042
2019,0.0,3.5006042
2020,0.0,3.5006042
2021,4.61,3.5006042
2022,4.94,3.5006042
