year,y_true,y_pred
2018,0.0,0.53864163
2019,0.0,0.53864163
2020,0.0,0.53864163
2021,0.0,0.53864163
2022,0.0,0.53864163
