year,y_true,y_pred
2018,0.0,0.76122916
2019,0.0,0.76122916
2020,4.66,0.76122916
2021,0.0,0.76122916
2022,0.0,0.76122916
