year,y_true,y_pred
2018,0.0,1.4747292
2019,4.72,1.4747292
2020,0.0,1.4747292
2021,0.0,1.4747292
2022,0.0,1.4747292
