year,y_true,y_pred
2018,42.86,35.090763
2019,17.44,35.090763
2020,62.1,17.114613
2021,18.05,31.372368
2022,18.47,17.114613
