year,y_true,y_pred
2018,495.75,658.95624
2019,754.32,765.78467
2020,354.0,658.95624
2021,416.01,765.78467
2022,699.5,837.4638
