year,y_true,y_pred
2018,11.6,21.196669
2019,2.85,14.561683
2020,8.53,21.196669
2021,11.33,17.566628
2022,11.32,17.566628
