year,y_true,y_pred
2018,78.29,249.71527
2019,131.25,249.71527
2020,190.48,249.71527
2021,99.16,249.42921
2022,87.75,249.71527
