year,y_true,y_pred
2018,0.0,0.004044351
2019,0.0,0.004044351
2020,0.0,0.00083617365
2021,0.0,0.41495648
2022,0.0,0.41495648
