year,y_true,y_pred
2018,5.8,6.1348333
2019,2.85,6.1258335
2020,8.53,7.070667
2021,5.67,5.7478333
2022,25.48,6.1258335
