year,y_true,y_pred
2018,124.69,59.76348
2019,77.04,59.76348
2020,76.76,59.76348
2021,53.83,59.76348
2022,130.22,59.76348
