year,y_true,y_pred
2018,11.6,6.593004
2019,11.41,7.370558
2020,14.21,7.5095043
2021,28.33,5.636683
2022,22.65,5.636683
