year,y_true,y_pred
2018,326.11,170.95026
2019,293.78,170.95026
2020,303.86,170.95026
2021,419.2,170.95026
2022,366.76,170.95026
