year,y_true,y_pred
2018,14.75,13.508467
2019,12.38,13.508467
2020,16.76,13.508467
2021,17.19,13.508467
2022,11.5,13.508467
