year,y_true,y_pred
2018,0.0,0.52585894
2019,0.56,0.52585894
2020,0.56,0.52585894
2021,0.0,0.52585894
2022,0.0,0.52585894
