year,y_true,y_pred
2018,26.66,24.215866
2019,21.39,24.215866
2020,23.46,21.969429
2021,35.49,21.969429
2022,19.28,24.215866
