year,y_true,y_pred
2018,92.45,54.340076
2019,104.12,54.340076
2020,117.86,54.340076
2021,112.56,54.340076
2022,69.35,54.340076
