year,y_true,y_pred
2018,0.0,0.10553078
2019,0.56,0.10553078
2020,0.56,0.10553078
2021,0.0,0.10553078
2022,0.0,0.10553078
