year,y_true,y_pred
2018,69.7,31.323334
2019,43.39,31.323334
2020,43.23,31.323334
2021,17.23,31.323334
2022,49.26,31.323334
