year,y_true,y_pred
2018,40.64,35.4261
2019,52.13,46.917297
2020,36.33,49.61174
2021,55.14,46.29043
2022,47.71,52.57362
