year,y_true,y_pred
2018,533.55,439.71548
2019,558.03,431.97928
2020,508.57,439.78232
2021,501.3,431.97928
2022,665.33,432.04892
