year,y_true,y_pred
2018,113.28,92.92144
2019,119.64,97.667625
2020,72.65,97.667625
2021,109.45,94.87913
2022,90.21,97.667625
