year,y_true,y_pred
2018,15.57,15.699751
2019,14.53,15.699751
2020,16.05,15.699751
2021,14.2,15.699751
2022,17.35,15.699751
