year,y_true,y_pred
2018,0.86,0.14272226
2019,0.0,0.14272226
2020,0.84,0.14272226
2021,0.0,0.14272226
2022,0.0,0.14272226
