year,y_true,y_pred
2018,41.51,48.188713
2019,47.86,31.120712
2020,46.46,53.39944
2021,39.27,52.746136
2022,46.84,38.998825
