year,y_true,y_pred
2018,46.2,46.51377
2019,81.34,40.894535
2020,46.76,45.793568
2021,99.92,40.894535
2022,43.48,45.793568
