year,y_true,y_pred
2018,51.97,50.79146
2019,87.15,36.611664
2020,70.14,37.781956
2021,82.29,37.781956
2022,76.09,37.781956
