year,y_true,y_pred
2018,0.0,0.0022833932
2019,0.0,0.0022833932
2020,0.0,0.55221635
2021,0.0,0.55221635
2022,0.0,0.55221635
