year,y_true,y_pred
2018,17.32,12.097875
2019,11.62,12.097875
2020,29.22,10.495
2021,23.51,12.097875
2022,27.18,12.097875
