year,y_true,y_pred
2018,207.89,81.24878
2019,133.64,80.7505
2020,75.98,80.7505
2021,105.8,83.50865
2022,141.31,112.979485
