year,y_true,y_pred
2018,73.48,30.090542
2019,148.04,18.315334
2020,149.03,18.315334
2021,0.0,18.315334
2022,0.0,30.090542
