year,y_true,y_pred
2018,23.12,60.18843
2019,47.08,48.071957
2020,23.97,48.071957
2021,48.8,60.18843
2022,85.87,48.071957
