year,y_true,y_pred
2018,1202.31,778.92664
2019,1506.59,852.69446
2020,455.42,1540.7988
2021,585.65,907.98486
2022,1266.64,855.46234
