year,y_true,y_pred
2018,202.05,371.78043
2019,265.08,371.78043
2020,164.88,371.78043
2021,328.14,371.78043
2022,220.6,369.73706
