year,y_true,y_pred
2018,0.0,84.46314
2019,49.7,84.46314
2020,0.0,84.46314
2021,0.0,84.46314
2022,16.97,84.46314
