year,y_true,y_pred
2018,86.68,60.574936
2019,125.69,64.62995
2020,115.9,85.1881
2021,132.69,75.92036
2022,107.96,75.92036
