year,y_true,y_pred
2018,133.14,92.706665
2019,102.53,99.1162
2020,72.56,92.706665
2021,143.8,103.124664
2022,68.03,99.1162
