year,y_true,y_pred
2018,37.27,37.694664
2019,0.0,54.653534
2020,37.52,54.653534
2021,0.0,54.653534
2022,75.59,54.653534
