year,y_true,y_pred
2018,633.62,968.29047
2019,261.78,968.29047
2020,637.9,968.29047
2021,865.64,968.29047
2022,1284.96,958.46094
