year,y_true,y_pred
2018,380.82,519.0216
2019,315.07,550.33167
2020,298.83,550.33167
2021,335.82,550.33167
2022,277.03,550.33167
