year,y_true,y_pred
2018,62.32,41.207016
2019,56.3,49.166645
2020,62.13,44.071774
2021,63.03,49.166645
2022,53.22,49.166645
