year,y_true,y_pred
2018,0.0,0.06020833
2019,0.99,0.056666665
2020,0.99,0.056666665
2021,0.0,0.06020833
2022,0.0,0.056666665
