year,y_true,y_pred
2018,32.64,15.385208
2019,37.53,14.374332
2020,26.63,14.374332
2021,33.48,14.374332
2022,25.52,14.374332
