year,y_true,y_pred
2018,18.79,10.756534
2019,19.75,9.176667
2020,8.88,9.176667
2021,25.61,10.141084
2022,10.21,9.176667
