year,y_true,y_pred
2018,0.99,0.3689524
2019,3.95,0.42216668
2020,0.99,0.3689524
2021,0.0,0.3689524
2022,2.19,0.3689524
