year,y_true,y_pred
2018,152.33,112.42362
2019,144.2,112.42362
2020,130.18,112.42362
2021,126.06,112.42362
2022,81.65,112.42362
