year,y_true,y_pred
2018,0.0,56.325016
2019,17.61,74.1067
2020,105.58,56.325016
2021,70.34,77.79238
2022,88.11,32.33258
