year,y_true,y_pred
2018,34.03,11.872084
2019,24.13,14.891833
2020,28.76,13.103667
2021,38.08,14.891833
2022,27.57,14.891833
