year,y_true,y_pred
2018,354.92,389.07346
2019,429.59,389.07346
2020,333.1,389.07346
2021,459.34,389.07346
2022,672.81,389.07346
