year,y_true,y_pred
2018,21.88,12.998367
2019,7.24,7.7001166
2020,7.19,5.0603113
2021,21.42,5.0603113
2022,19.3,7.7001166
