year,y_true,y_pred
2018,72.93,58.81504
2019,48.27,61.92093
2020,93.46,71.87427
2021,95.2,58.81504
2022,85.48,61.92093
