year,y_true,y_pred
2018,9.72,3.5522084
2019,16.89,4.797896
2020,19.17,3.9257083
2021,9.52,3.9257083
2022,11.03,3.9257083
