year,y_true,y_pred
2018,29.17,24.882135
2019,26.55,42.517963
2020,47.93,26.847538
2021,14.28,31.944416
2022,30.33,26.847538
