year,y_true,y_pred
2018,70.66,42.575134
2019,35.29,10.4254875
2020,61.68,16.893751
2021,44.01,10.181412
2022,27.12,17.47669
