year,y_true,y_pred
2018,309.13,225.72064
2019,273.49,206.74466
2020,281.99,201.59999
2021,316.87,206.74466
2022,397.79,206.74466
