year,y_true,y_pred
2018,72.0,132.37387
2019,51.51,110.270164
2020,87.69,110.270164
2021,108.48,110.270164
2022,89.98,122.41529
