year,y_true,y_pred
2018,0.0,12.468082
2019,0.0,12.468082
2020,50.71,21.935667
2021,50.79,11.001249
2022,58.67,11.001249
