year,y_true,y_pred
2018,252.72,350.47327
2019,177.22,294.71707
2020,431.03,371.28293
2021,228.54,310.79553
2022,176.0,350.59363
