year,y_true,y_pred
2018,39.72,45.900276
2019,21.88,45.900276
2020,56.44,45.900276
2021,25.84,42.181828
2022,81.95,45.900276
