year,y_true,y_pred
2018,22.68,14.075001
2019,22.66,14.075001
2020,15.09,14.075001
2021,7.54,14.075001
2022,30.71,14.6085005
