year,y_true,y_pred
2018,7.56,3.0453334
2019,0.0,3.0453334
2020,15.09,4.4713335
2021,0.0,4.6796665
2022,15.36,3.0453334
