year,y_true,y_pred
2018,52.92,14.495145
2019,52.87,14.495145
2020,22.63,14.495145
2021,30.15,14.495145
2022,69.11,14.495145
