year,y_true,y_pred
2018,438.06,296.25873
2019,749.22,335.29266
2020,989.7,347.5587
2021,958.42,347.5587
2022,1184.3,347.5587
