year,y_true,y_pred
2018,13.69,15.172441
2019,40.87,16.776024
2020,27.11,15.199883
2021,0.0,25.243431
2022,64.89,42.06798
