year,y_true,y_pred
2018,226.72,233.02145
2019,239.4,233.02145
2020,183.16,233.02145
2021,278.09,233.02145
2022,597.32,233.02145
