year,y_true,y_pred
2018,0.0,11.450209
2019,30.89,11.450209
2020,22.9,19.60121
2021,52.61,19.60121
2022,51.49,14.415709
