year,y_true,y_pred
2018,394.87,468.50247
2019,279.12,416.94876
2020,372.8,416.94876
2021,267.0,416.94876
2022,323.94,437.24545
