year,y_true,y_pred
2018,49.75,31.956625
2019,23.26,31.956625
2020,44.86,30.549625
2021,16.98,27.744
2022,29.58,30.549625
