year,y_true,y_pred
2018,135.25,74.898705
2019,124.05,74.898705
2020,112.92,74.898705
2021,100.32,74.898705
2022,105.02,74.898705
