year,y_true,y_pred
2018,27.98,29.484568
2019,31.01,29.484568
2020,46.41,19.791449
2021,27.78,29.484568
2022,39.94,29.484568
