year,y_true,y_pred
2018,0.0,0.10089583
2019,0.0,0.10089583
2020,1.55,0.10089583
2021,0.0,0.10089583
2022,0.0,0.10089583
