year,y_true,y_pred
2018,26.43,27.53937
2019,24.81,31.891806
2020,24.75,31.891806
2021,30.87,31.891806
2022,53.25,31.891806
