year,y_true,y_pred
2018,0.0,1.5060006
2019,0.0,0.0048873303
2020,0.0,0.0009510218
2021,0.0,0.45712572
2022,0.0,0.45712572
