year,y_true,y_pred
2018,46.73,41.919853
2019,46.59,41.919853
2020,50.03,41.919853
2021,53.45,41.919853
2022,71.39,50.581253
