year,y_true,y_pred
2018,39.62,211.813
2019,116.99,211.813
2020,142.06,211.813
2021,253.38,229.12726
2022,503.07,203.57187
