year,y_true,y_pred
2018,15.85,0.48323336
2019,0.0,0.37683335
2020,0.0,0.37683335
2021,3.78,0.37683335
2022,8.25,0.48323336
