year,y_true,y_pred
2018,0.0,2.3523335
2019,0.0,2.3523335
2020,3.84,2.3523335
2021,0.0,2.3523335
2022,4.12,2.3523335
