year,y_true,y_pred
2018,91.14,30.171368
2019,74.09,30.171368
2020,122.86,30.171368
2021,60.51,30.171368
2022,74.22,30.171368
