year,y_true,y_pred
2018,0.0,0.6784684
2019,3.9,0.6784684
2020,0.0,0.6784684
2021,0.0,0.6784684
2022,0.0,0.6784684
