year,y_true,y_pred
2018,105.64,68.60786
2019,76.15,66.527336
2020,84.52,63.830074
2021,46.51,63.830074
2022,82.07,50.451515
