year,y_true,y_pred
2018,1003.62,630.3359
2019,837.65,1266.6257
2020,653.14,630.33844
2021,457.36,598.4599
2022,947.48,822.98956
