year,y_true,y_pred
2018,78.34,44.72709
2019,95.04,48.75063
2020,42.89,43.71976
2021,42.59,56.9615
2022,67.94,56.9615
