year,y_true,y_pred
2018,8.7,19.180767
2019,43.2,21.84304
2020,25.73,21.664228
2021,25.55,28.223333
2022,13.59,19.180767
