year,y_true,y_pred
2018,87.05,58.120583
2019,77.76,62.079082
2020,60.04,62.079082
2021,51.1,62.079082
2022,61.15,62.079082
