year,y_true,y_pred
2018,613.89,577.25275
2019,581.83,591.896
2020,490.98,584.40857
2021,504.96,584.40857
2022,580.43,584.40857
