year,y_true,y_pred
2018,36.69,46.376793
2019,31.16,46.376793
2020,38.13,46.376793
2021,41.24,46.376793
2022,50.2,45.404793
