year,y_true,y_pred
2018,45.8,49.598
2019,52.04,56.149876
2020,53.61,54.912376
2021,51.49,54.912376
2022,48.45,54.912376
