year,y_true,y_pred
2018,243.96,417.99414
2019,344.78,417.99414
2020,259.72,417.99414
2021,238.13,417.99414
2022,294.58,417.99414
