year,y_true,y_pred
2018,140.21,153.72784
2019,123.6,163.23921
2020,148.81,166.63057
2021,125.04,127.07104
2022,130.82,140.71884
