year,y_true,y_pred
2018,8.41,8.523347
2019,2.79,7.9623685
2020,6.47,6.0789337
2021,7.36,5.6325336
2022,8.72,7.310615
