year,y_true,y_pred
2018,45.8,51.792416
2019,31.6,51.792416
2020,32.35,50.716915
2021,42.29,51.792416
2022,59.11,46.974266
