year,y_true,y_pred
2018,56.05,46.980335
2019,44.73,46.980335
2020,33.46,51.55273
2021,55.64,46.980335
2022,30.52,46.980335
