year,y_true,y_pred
2018,68.4,34.34348
2019,68.8,42.110332
2020,172.95,57.159542
2021,34.78,42.110332
2022,0.0,42.110332
