year,y_true,y_pred
2018,957.59,996.13696
2019,378.4,996.13696
2020,1106.88,981.72876
2021,347.83,917.279
2022,516.22,981.72876
