year,y_true,y_pred
2018,0.0,19.549292
2019,0.0,17.479366
2020,26.21,24.047333
2021,0.0,35.281292
2022,0.0,35.281292
