year,y_true,y_pred
2018,315.54,453.41263
2019,498.82,453.41263
2020,340.76,542.8044
2021,444.91,546.2232
2022,569.8,453.41263
