year,y_true,y_pred
2018,46.72,54.319397
2019,69.29,54.319397
2020,64.73,54.319397
2021,79.13,54.319397
2022,66.57,54.319397
