year,y_true,y_pred
2018,3.89,0.45961666
2019,0.0,0.45961666
2020,0.0,0.45961666
2021,0.0,0.45961666
2022,0.0,0.45961666
