year,y_true,y_pred
2018,27.25,0.986081
2019,7.7,4.415619
2020,34.27,5.7231317
2021,33.91,2.9341393
2022,23.49,4.4120297
