year,y_true,y_pred
2018,171.31,105.29476
2019,146.27,120.66851
2020,156.11,121.24553
2021,211.02,129.95247
2022,238.86,138.05923
