year,y_true,y_pred
2018,11.68,6.228375
2019,19.25,5.5680003
2020,7.61,7.833
2021,11.3,7.833
2022,11.75,4.828625
