year,y_true,y_pred
2018,78.06,37.615578
2019,62.43,29.67813
2020,85.14,29.67813
2021,69.91,29.67813
2022,64.92,29.67813
