year,y_true,y_pred
2018,1009.95,661.23553
2019,878.84,670.4358
2020,860.85,661.3498
2021,778.34,670.4358
2022,958.49,667.32623
