year,y_true,y_pred
2018,32.25,34.5071
2019,26.46,40.685
2020,41.71,39.014374
2021,20.56,39.014374
2022,24.3,34.5071
