year,y_true,y_pred
2018,397.76,433.07065
2019,407.52,433.07065
2020,417.14,433.07065
2021,364.98,433.07065
2022,340.17,433.07065
