year,y_true,y_pred
2018,12.68,121.35775
2019,38.21,143.85365
2020,0.0,143.85365
2021,25.72,143.85365
2022,250.39,143.85365
