year,y_true,y_pred
2018,0.0,2.3650417
2019,0.0,2.4413333
2020,0.0,3.50125
2021,12.86,3.50125
2022,0.0,4.4494166
