year,y_true,y_pred
2018,55.12,133.1359
2019,111.17,137.59521
2020,93.39,134.40924
2021,131.8,154.69287
2022,161.13,122.55105
