year,y_true,y_pred
2018,97.07,62.05675
2019,63.93,62.05675
2020,47.38,62.05675
2021,78.06,50.542374
2022,41.97,66.160995
