year,y_true,y_pred
2018,243.04,245.38158
2019,285.53,245.38158
2020,210.75,245.38158
2021,223.48,245.38158
2022,284.27,245.38158
