year,y_true,y_pred
2018,22.79,28.527334
2019,35.06,30.519539
2020,14.88,30.519539
2021,36.84,28.527334
2022,35.53,30.519539
