year,y_true,y_pred
2018,27.85,20.218418
2019,42.58,22.20675
2020,17.36,22.20675
2021,41.75,22.20675
2022,14.81,18.829416
