year,y_true,y_pred
2018,48.1,31.322498
2019,35.06,25.633657
2020,44.63,24.470116
2021,29.47,24.470116
2022,56.26,24.470116
