year,y_true,y_pred
2018,2.53,0.30694446
2019,0.0,0.30694446
2020,0.0,0.30694446
2021,2.46,0.30694446
2022,0.0,0.30694446
