year,y_true,y_pred
2018,58.23,44.920708
2019,97.68,48.79371
2020,66.94,48.79371
2021,83.5,48.79371
2022,85.87,48.79371
