year,y_true,y_pred
2018,397.61,1000.1891
2019,545.63,916.2339
2020,495.05,938.26135
2021,395.26,938.26135
2022,556.17,938.26135
