year,y_true,y_pred
2018,149.11,18.303965
2019,0.0,193.77565
2020,49.5,0.6569777
2021,49.41,16.60044
2022,55.62,53.01744
