year,y_true,y_pred
2018,376.8,373.38315
2019,341.76,766.51447
2020,454.75,766.51447
2021,283.64,530.1845
2022,607.65,659.4238
