year,y_true,y_pred
2018,34.25,11.768106
2019,56.96,11.768106
2020,11.37,11.768106
2021,11.35,0.00016101621
2022,71.49,0.0021553054
