year,y_true,y_pred
2018,42.69,41.84807
2019,59.38,45.15655
2020,42.16,44.052986
2021,52.39,37.529438
2022,49.9,41.964287
