year,y_true,y_pred
2018,14.94,8.655251
2019,14.85,8.655251
2020,23.19,8.655251
2021,12.57,8.655251
2022,22.87,8.655251
