year,y_true,y_pred
2018,128.06,94.37133
2019,118.77,94.37133
2020,132.8,94.37133
2021,129.92,94.37133
2022,145.54,94.37133
