year,y_true,y_pred
2018,2.13,2.2106874
2019,6.36,3.111625
2020,14.76,2.2106874
2021,4.19,2.2106874
2022,6.24,3.183
