year,y_true,y_pred
2018,36.28,18.556334
2019,25.45,18.556334
2020,50.59,18.556334
2021,52.39,18.556334
2022,62.37,18.556334
