year,y_true,y_pred
2018,79.87,60.857796
2019,48.92,52.59797
2020,54.78,52.59797
2021,12.12,53.015793
2022,79.92,49.794334
