year,y_true,y_pred
2018,700.37,684.74896
2019,574.78,671.595
2020,553.9,656.29364
2021,533.3,628.48
2022,842.25,628.48
