year,y_true,y_pred
2018,61.44,65.02137
2019,97.84,63.490917
2020,73.04,47.30772
2021,30.3,68.32633
2022,79.92,66.150085
