year,y_true,y_pred
2018,73.72,56.4615
2019,36.69,56.4615
2020,66.95,59.666832
2021,30.3,56.4615
2022,49.18,59.666832
