year,y_true,y_pred
2018,71.96,51.259666
2019,119.16,56.367332
2020,142.11,40.893333
2021,23.55,40.893333
2022,84.51,54.776833
