year,y_true,y_pred
2018,102.31,33.776997
2019,47.04,33.776108
2020,48.64,33.776108
2021,75.41,33.776108
2022,99.42,33.776108
