year,y_true,y_pred
2018,170.52,49.760777
2019,158.77,49.760777
2020,158.09,49.760777
2021,219.93,49.760777
2022,204.07,49.760777
