year,y_true,y_pred
2018,0.0,0.23344165
2019,0.0,0.23344165
2020,0.0,0.23344165
2021,0.0,0.23344165
2022,0.0,0.23344165
