year,y_true,y_pred
2018,0.0,0.38010415
2019,0.0,0.38010415
2020,0.0,0.38010415
2021,6.28,0.38010415
2022,0.0,0.31520832
