year,y_true,y_pred
2018,11.37,4.328875
2019,35.28,3.5928998
2020,24.32,4.328875
2021,25.14,4.328875
2022,36.63,4.328875
