year,y_true,y_pred
2018,497.51,373.65973
2019,266.17,340.41016
2020,142.06,331.2509
2021,193.61,414.6343
2022,218.43,223.00354
