year,y_true,y_pred
2018,67.84,25.697626
2019,46.29,25.697626
2020,23.68,25.697626
2021,24.2,25.683758
2022,19.86,26.158377
