year,y_true,y_pred
2018,0.0,21.82304
2019,0.0,24.883041
2020,0.0,24.883041
2021,54.77,24.883041
2022,55.08,21.82304
