year,y_true,y_pred
2018,424.04,798.50446
2019,367.51,798.50446
2020,274.73,798.50446
2021,255.61,798.50446
2022,201.95,798.50446
