year,y_true,y_pred
2018,57.37,77.62081
2019,42.55,50.321564
2020,14.01,58.230194
2021,0.0,77.62081
2022,0.0,77.05211
