year,y_true,y_pred
2018,598.55,1053.5812
2019,632.2,954.76324
2020,544.01,954.76324
2021,742.94,954.76324
2022,746.29,954.76324
