year,y_true,y_pred
2018,66.12,51.228546
2019,64.93,52.834377
2020,73.88,52.834377
2021,39.62,52.834377
2022,47.28,32.33568
