year,y_true,y_pred
2018,3.48,24.330105
2019,6.83,13.177347
2020,13.43,18.82153
2021,19.81,45.712307
2022,20.26,22.32962
