year,y_true,y_pred
2018,87.0,88.70517
2019,102.52,76.571335
2020,53.73,85.67217
2021,46.23,84.24717
2022,94.55,85.42767
