year,y_true,y_pred
2018,0.0,4.058476
2019,3.98,4.058476
2020,11.6,4.058476
2021,3.76,2.5826666
2022,13.98,2.5826666
