year,y_true,y_pred
2018,32.74,72.33971
2019,43.73,72.33971
2020,92.79,72.33971
2021,75.28,72.33971
2022,230.69,92.55971
