year,y_true,y_pred
2018,287.14,313.71658
2019,298.05,313.71658
2020,220.48,313.71658
2021,275.03,313.71658
2022,369.93,313.71658
