year,y_true,y_pred
2018,538.84,476.52356
2019,900.77,423.43335
2020,481.78,424.25842
2021,483.09,476.52356
2022,732.44,358.02753
