year,y_true,y_pred
2018,0.0,37.26967
2019,30.03,37.26967
2020,75.28,33.034958
2021,30.19,30.738667
2022,43.08,35.46196
