year,y_true,y_pred
2018,0.0,68.60991
2019,0.0,68.60991
2020,0.0,68.60991
2021,0.0,68.60991
2022,58.21,68.60991
