year,y_true,y_pred
2018,459.76,496.02933
2019,374.34,490.56485
2020,302.37,483.93484
2021,269.37,504.75333
2022,485.0,504.75333
