year,y_true,y_pred
2018,84.18,73.99333
2019,161.35,88.191666
2020,135.1,88.191666
2021,89.79,88.191666
2022,126.85,73.99333
