year,y_true,y_pred
2018,64.75,43.669624
2019,51.63,49.122375
2020,64.33,42.718624
2021,89.79,44.775127
2022,104.46,49.122375
