year,y_true,y_pred
2018,45.33,30.430307
2019,19.36,27.533768
2020,57.9,30.430307
2021,19.24,27.533768
2022,44.77,30.430307
