year,y_true,y_pred
2018,0.0,0.5958667
2019,0.0,0.5958667
2020,6.43,0.5958667
2021,0.0,0.5958667
2022,7.46,0.5958667
