year,y_true,y_pred
2018,48.01,59.801033
2019,51.95,59.801033
2020,34.59,58.534744
2021,62.47,61.78274
2022,53.05,52.081112
