year,y_true,y_pred
2018,12.0,5.1749997
2019,10.66,5.1749997
2020,6.65,5.1749997
2021,6.65,6.3375
2022,6.63,6.3375
