year,y_true,y_pred
2018,1.33,0.66713357
2019,0.0,0.66713357
2020,0.0,0.66713357
2021,0.0,0.66713357
2022,0.0,0.66713357
