year,y_true,y_pred
2018,48.01,50.15087
2019,61.27,43.818375
2020,61.2,56.621048
2021,59.81,58.673153
2022,66.32,60.416237
