year,y_true,y_pred
2018,129.36,134.17625
2019,99.9,134.17625
2020,143.7,123.22549
2021,160.82,119.80166
2022,167.12,134.17625
