year,y_true,y_pred
2018,18.33,64.07973
2019,73.1,59.21549
2020,18.22,77.91633
2021,90.84,50.775536
2022,0.0,77.91633
