year,y_true,y_pred
2018,27.81,17.778557
2019,72.31,31.232471
2020,50.06,31.232471
2021,61.18,17.778557
2022,29.23,17.778557
