year,y_true,y_pred
2018,127.93,55.583252
2019,44.5,45.843422
2020,38.93,65.96081
2021,44.5,65.96081
2022,23.38,31.511372
