year,y_true,y_pred
2018,44.5,43.014854
2019,55.62,43.014854
2020,16.69,43.014854
2021,50.06,32.433323
2022,23.38,43.978855
