year,y_true,y_pred
2018,0.0,0.1522029
2019,0.0,0.1522029
2020,0.0,2.7624605
2021,0.0,2.7624605
2022,5.85,2.7624605
