year,y_true,y_pred
2018,155.75,166.73233
2019,144.62,166.73233
2020,139.05,156.74597
2021,150.18,145.33727
2022,116.9,145.33727
