year,y_true,y_pred
2018,50.1,57.785896
2019,84.5,62.408665
2020,19.73,57.785896
2021,34.3,57.785896
2022,60.79,54.83471
