year,y_true,y_pred
2018,310.66,217.94217
2019,248.45,217.94217
2020,496.89,200.43567
2021,93.14,220.40216
2022,955.03,226.11267
