year,y_true,y_pred
2018,31.07,29.067877
2019,31.06,29.067877
2020,0.0,29.067877
2021,62.09,45.227
2022,0.0,25.9901
