year,y_true,y_pred
2018,43.03,60.631996
2019,71.54,63.391
2020,42.82,69.50762
2021,71.2,63.391
2022,48.12,69.50762
