year,y_true,y_pred
2018,27.16,126.52542
2019,82.1,126.52542
2020,27.57,104.11287
2021,55.54,126.52542
2022,98.45,134.32108
