year,y_true,y_pred
2018,48.86,50.43578
2019,48.37,42.82266
2020,71.86,33.721092
2021,94.94,48.958595
2022,55.82,48.958595
