year,y_true,y_pred
2018,622.94,607.08185
2019,882.71,607.08185
2020,802.4,559.32416
2021,783.29,559.32416
2022,792.68,682.26886
