mae,rmse,r2,city,model,sequence_length,forecast_horizon,normalization,val_size
0.035328189051224514,0.0662269902257847,-0.12205447587637153,2507507,xgboost,8,4,,
