year,y_true,y_pred
2018,269.87,255.8433
2019,262.84,324.57883
2020,263.15,259.66522
2021,243.78,287.79413
2022,462.67,287.71445
