year,y_true,y_pred
2018,23.6,27.635666
2019,24.04,24.971132
2020,29.15,24.971132
2021,33.42,27.635666
2022,54.75,26.764084
