year,y_true,y_pred
2018,3.15,5.8803124
2019,3.88,6.0578747
2020,6.9,6.0578747
2021,6.83,5.4639997
2022,8.59,6.215375
