year,y_true,y_pred
2018,0.79,0.14635417
2019,0.0,0.14635417
2020,0.0,0.14635417
2021,0.76,0.14635417
2022,0.0,0.14635417
