year,y_true,y_pred
2018,34.62,35.624096
2019,27.91,34.957417
2020,36.06,35.624096
2021,37.21,35.624096
2022,44.01,34.957417
