year,y_true,y_pred
2018,96.78,90.79192
2019,94.59,92.979225
2020,109.71,92.979225
2021,99.49,92.979225
2022,144.92,92.979225
