year,y_true,y_pred
2018,0.0,0.10775126
2019,0.0,0.10775126
2020,0.0,0.10775126
2021,0.0,0.10775126
2022,0.0,0.10775126
