year,y_true,y_pred
2018,55.04,51.057625
2019,56.8,54.913002
2020,44.49,50.744
2021,53.29,53.959938
2022,51.96,53.959938
