year,y_true,y_pred
2018,952.43,630.20654
2019,883.95,624.1521
2020,601.73,619.91907
2021,476.15,573.556
2022,805.94,573.556
