year,y_true,y_pred
2018,121.65,1.6174997
2019,61.01,23.183033
2020,122.4,23.183033
2021,0.0,-5.338011
2022,59.67,57.103344
