year,y_true,y_pred
2018,1399.03,586.7143
2019,2074.44,771.10114
2020,1591.19,821.66833
2021,1165.64,821.66833
2022,1372.32,771.10114
