year,y_true,y_pred
2018,9.16,10.711333
2019,0.0,12.547854
2020,36.5,12.547854
2021,9.11,18.414291
2022,37.34,11.667334
