year,y_true,y_pred
2018,284.06,198.58298
2019,201.17,521.5741
2020,337.65,201.39656
2021,300.57,421.26028
2022,410.75,520.225
