year,y_true,y_pred
2018,15.33,33.4724
2019,46.07,76.686714
2020,46.13,90.80894
2021,92.39,73.43806
2022,98.74,40.699425
