year,y_true,y_pred
2018,505.98,617.94073
2019,414.62,596.0662
2020,568.97,617.94073
2021,800.74,596.0662
2022,818.17,655.0924
