year,y_true,y_pred
2018,26.12,57.97475
2019,38.81,47.926083
2020,38.47,48.419582
2021,88.98,57.97475
2022,40.51,50.10108
