year,y_true,y_pred
2018,522.47,614.21295
2019,685.73,614.21295
2020,589.82,597.72327
2021,660.99,597.72327
2022,661.63,597.72327
