year,y_true,y_pred
2018,201.45,61.976967
2019,120.82,46.058334
2020,80.55,61.976967
2021,201.29,50.432335
2022,41.12,50.432335
