year,y_true,y_pred
2018,1087.83,747.9856
2019,765.2,882.06995
2020,684.66,746.76654
2021,925.93,746.76654
2022,740.13,882.06995
