year,y_true,y_pred
2018,36.05,21.869
2019,25.93,17.690857
2020,12.83,17.690857
2021,12.69,17.690857
2022,24.27,21.195875
