year,y_true,y_pred
2018,344.13,369.65332
2019,285.21,369.65332
2020,253.31,369.65332
2021,177.69,379.03796
2022,322.49,379.03796
