year,y_true,y_pred
2018,63.22,52.95023
2019,52.86,52.95023
2020,44.88,54.68304
2021,43.05,53.983334
2022,58.02,53.983334
