year,y_true,y_pred
2018,44.41,30.225698
2019,42.08,30.225698
2020,22.64,30.225698
2021,20.01,39.898895
2022,31.46,39.995125
