year,y_true,y_pred
2018,477.33,589.82336
2019,539.49,589.82336
2020,382.12,589.82336
2021,354.59,589.82336
2022,731.75,589.82336
