year,y_true,y_pred
2018,21.7,31.230751
2019,43.16,41.491127
2020,38.64,31.230751
2021,34.18,41.491127
2022,66.93,34.148003
