year,y_true,y_pred
2018,0.0,6.254229
2019,17.26,6.2512293
2020,11.55,8.439333
2021,40.55,6.254229
2022,29.96,6.254229
