year,y_true,y_pred
2018,22.14,67.56083
2019,44.43,86.36133
2020,111.43,67.56083
2021,44.7,90.890335
2022,50.99,67.56083
