year,y_true,y_pred
2018,442.17,508.21545
2019,464.69,566.8244
2020,574.71,601.6078
2021,561.01,526.87494
2022,396.12,501.9946
