year,y_true,y_pred
2018,11.64,46.042908
2019,45.34,46.042908
2020,66.31,45.784355
2021,43.15,55.66722
2022,31.07,35.161674
