year,y_true,y_pred
2018,541.8,492.13364
2019,541.6,492.13364
2020,492.92,492.13364
2021,493.36,492.13364
2022,673.3,492.13364
