year,y_true,y_pred
2018,43.44,42.526665
2019,60.97,42.526665
2020,53.32,39.346664
2021,46.99,42.526665
2022,46.92,39.346664
