year,y_true,y_pred
2018,19.31,16.411333
2019,13.15,19.074709
2020,22.51,17.807083
2021,10.57,19.074709
2022,16.48,17.807083
