year,y_true,y_pred
2018,0.0,0.2653889
2019,1.2,0.2653889
2020,0.0,0.2653889
2021,0.0,0.2653889
2022,0.0,0.2653889
