year,y_true,y_pred
2018,292.41,349.67975
2019,307.87,349.67975
2020,223.02,349.67975
2021,303.97,349.67975
2022,421.28,349.67975
