year,y_true,y_pred
2018,34.65,50.450626
2019,30.44,50.450626
2020,30.96,50.869877
2021,43.39,50.869877
2022,35.4,50.869877
