year,y_true,y_pred
2018,0.0,0.16193333
2019,0.25,0.16193333
2020,0.0,0.16193333
2021,0.48,0.16193333
2022,0.82,0.11333333
