year,y_true,y_pred
2018,20.19,23.832666
2019,20.38,22.389542
2020,16.45,22.967916
2021,21.93,22.389542
2022,24.15,22.389542
