year,y_true,y_pred
2018,75.28,53.55557
2019,66.53,53.55557
2020,51.76,53.55557
2021,59.36,53.528416
2022,82.88,53.55557
