year,y_true,y_pred
2018,6.73,4.814823
2019,4.91,5.4764776
2020,3.39,5.1234837
2021,2.15,4.540466
2022,3.84,3.7010076
