year,y_true,y_pred
2018,0.25,0.6600051
2019,0.0,0.6600051
2020,0.48,0.6600051
2021,0.0,0.7699437
2022,0.55,0.38880855
