year,y_true,y_pred
2018,525.82,858.6417
2019,816.71,727.12225
2020,979.26,937.33167
2021,621.0,584.99457
2022,919.05,889.4067
