year,y_true,y_pred
2018,56.34,55.277752
2019,56.98,54.457
2020,76.8,47.169125
2021,58.22,47.169125
2022,97.77,47.169125
