year,y_true,y_pred
2018,23.25,24.95621
2019,23.19,24.803896
2020,0.0,31.555668
2021,0.0,24.803896
2022,48.26,24.803896
