year,y_true,y_pred
2018,395.17,247.77733
2019,208.67,277.16034
2020,92.53,249.94333
2021,161.63,229.64067
2022,337.84,241.68416
