year,y_true,y_pred
2018,33.52,10.161334
2019,18.99,10.161334
2020,28.25,10.161334
2021,32.69,10.161334
2022,33.96,10.161334
