year,y_true,y_pred
2018,464.45,255.11569
2019,465.23,255.11569
2020,308.36,255.11569
2021,406.27,229.57162
2022,524.0,229.57162
