year,y_true,y_pred
2018,38.31,17.605146
2019,33.23,13.780666
2020,37.66,13.780666
2021,44.36,13.780666
2022,41.24,13.780666
