year,y_true,y_pred
2018,100.55,47.935673
2019,99.69,47.935673
2020,84.74,47.935673
2021,53.7,47.935673
2022,101.89,47.935673
