year,y_true,y_pred
2018,26.33,8.666213
2019,11.87,13.596061
2020,25.89,8.666213
2021,28.02,13.596061
2022,12.13,13.596061
