year,y_true,y_pred
2018,82.67,65.75177
2019,166.3,80.976166
2020,27.86,65.75177
2021,112.04,61.637043
2022,27.02,65.75177
