mae,rmse,r2,city,model,sequence_length,forecast_horizon,normalization,val_size
0.17321037935694916,0.33883204666986266,-0.036062977815242814,2930105,xgboost,8,4,,
