year,y_true,y_pred
2018,0.0,13.632001
2019,53.13,13.632001
2020,0.0,19.82
2021,52.04,13.632001
2022,28.77,13.632001
