year,y_true,y_pred
2018,29.5,12.374375
2019,0.0,12.374375
2020,30.06,12.374375
2021,45.52,9.687286
2022,16.02,10.4018755
