year,y_true,y_pred
2018,682.79,729.2478
2019,1163.81,661.8854
2020,773.81,698.97534
2021,822.17,729.2478
2022,1352.27,698.97534
