year,y_true,y_pred
2018,28.45,47.5631
2019,87.29,47.5631
2020,89.29,47.5631
2021,91.35,54.453876
2022,112.69,65.67238
