year,y_true,y_pred
2018,97.34,69.730736
2019,88.66,69.730736
2020,48.06,58.835495
2021,71.65,71.919624
2022,52.99,69.730736
