year,y_true,y_pred
2018,74.61,28.056732
2019,44.26,30.718334
2020,51.08,31.807667
2021,44.35,29.182333
2022,40.89,29.182333
