year,y_true,y_pred
2018,44.76,25.427113
2019,40.05,29.608059
2020,25.02,24.782701
2021,34.04,25.427113
2022,32.92,29.608059
