year,y_true,y_pred
2018,117.24,92.140564
2019,75.88,92.140564
2020,92.78,92.140564
2021,108.3,87.17934
2022,108.72,92.140564
