year,y_true,y_pred
2018,1.07,0.6052177
2019,1.05,0.6052177
2020,0.0,0.6052177
2021,2.06,0.6052177
2022,1.99,0.26581332
