year,y_true,y_pred
2018,527.5,571.6735
2019,465.56,656.3204
2020,509.44,520.69183
2021,503.09,520.69183
2022,546.77,520.69183
