year,y_true,y_pred
2018,32.81,12.399663
2019,20.13,22.741524
2020,32.62,17.322891
2021,25.03,22.741524
2022,39.05,17.322891
