year,y_true,y_pred
2018,27.76,19.256626
2019,15.1,19.256626
2020,27.6,20.493334
2021,32.54,19.256626
2022,29.29,19.256626
