year,y_true,y_pred
2018,40.38,29.249813
2019,42.78,33.786003
2020,50.19,31.612877
2021,47.56,31.612877
2022,58.58,31.612877
