year,y_true,y_pred
2018,169.1,106.990746
2019,145.96,113.965385
2020,150.57,106.990746
2021,187.72,106.990746
2022,146.46,106.990746
