year,y_true,y_pred
2018,0.0,0.25705832
2019,0.0,0.25705832
2020,0.0,0.25705832
2021,0.0,0.25705832
2022,0.0,0.25705832
