year,y_true,y_pred
2018,35.56,14.6058
2019,31.26,16.31475
2020,23.2,21.579374
2021,7.66,21.579374
2022,39.71,21.579374
