year,y_true,y_pred
2018,493.86,279.8775
2019,730.73,324.65616
2020,657.46,324.65616
2021,1497.45,324.65616
2022,536.03,324.65616
