year,y_true,y_pred
2018,559.05,895.94727
2019,696.87,895.94727
2020,534.82,895.94727
2021,635.46,895.94727
2022,583.0,895.94727
