year,y_true,y_pred
2018,63.97,50.340115
2019,82.63,50.340115
2020,43.66,50.340115
2021,91.94,50.340115
2022,76.04,50.340115
