year,y_true,y_pred
2018,47.04,88.65932
2019,77.26,88.65932
2020,45.7,88.65932
2021,30.06,88.65932
2022,92.07,88.65932
