year,y_true,y_pred
2018,0.0,26.072
2019,0.0,22.715874
2020,24.21,22.715874
2021,24.01,26.072
2022,59.83,26.072
