year,y_true,y_pred
2018,1260.24,823.469
2019,928.77,857.6505
2020,703.54,804.074
2021,451.67,831.98145
2022,833.92,772.66986
