year,y_true,y_pred
2018,70.01,51.538162
2019,55.87,51.538162
2020,97.52,51.538162
2021,34.74,51.538162
2022,47.31,60.16812
