year,y_true,y_pred
2018,203.04,279.74292
2019,209.5,245.1778
2020,146.28,253.87184
2021,173.72,253.87184
2022,242.49,253.87184
