year,y_true,y_pred
2018,7.0,3.793111
2019,6.98,3.793111
2020,13.93,3.793111
2021,13.9,3.793111
2022,17.74,5.2368336
