year,y_true,y_pred
2018,7.0,5.457813
2019,0.0,5.457813
2020,0.0,5.457813
2021,0.0,5.457813
2022,5.91,5.457813
