year,y_true,y_pred
2018,14.0,20.666903
2019,13.97,20.666903
2020,6.97,20.666903
2021,20.85,2.0388794
2022,17.74,20.666903
