year,y_true,y_pred
2018,357.64,296.35513
2019,391.37,296.35513
2020,246.34,296.35513
2021,218.23,312.32373
2022,365.12,236.88805
