year,y_true,y_pred
2018,5.34,11.75919
2019,37.02,11.427363
2020,15.72,24.90181
2021,15.59,11.944389
2022,24.75,24.90181
