year,y_true,y_pred
2018,225.99,480.91287
2019,226.07,480.91287
2020,75.36,638.44714
2021,188.47,638.44714
2022,674.37,638.44714
