year,y_true,y_pred
2018,37.66,17.870667
2019,0.0,19.904476
2020,0.0,19.904476
2021,37.69,19.904476
2022,0.0,19.904476
