year,y_true,y_pred
2018,41.39,20.317348
2019,20.66,15.340464
2020,0.0,9.616136
2021,41.19,20.470636
2022,137.14,17.881975
