year,y_true,y_pred
2018,620.86,899.49634
2019,475.21,899.49634
2020,412.54,781.7371
2021,473.64,781.7371
2022,480.0,781.7371
