year,y_true,y_pred
2018,79.43,72.13036
2019,45.2,64.256096
2020,47.83,72.13036
2021,100.88,66.90344
2022,102.52,63.23212
