year,y_true,y_pred
2018,27.38,25.814919
2019,29.01,25.814919
2020,41.49,34.583675
2021,40.64,28.615719
2022,36.56,28.615719
