year,y_true,y_pred
2018,481.49,586.3753
2019,403.85,505.42932
2020,379.94,412.01202
2021,440.58,446.78067
2022,520.41,446.78067
