year,y_true,y_pred
2018,13.95,28.510336
2019,55.73,15.178928
2020,20.87,21.33194
2021,6.95,36.520996
2022,50.39,22.37655
