year,y_true,y_pred
2018,47.47,16.721771
2019,11.8,19.839666
2020,17.6,16.721771
2021,17.51,16.721771
2022,24.72,16.721771
