year,y_true,y_pred
2018,5.19,5.3060336
2019,5.06,6.6681533
2020,4.94,0.033765394
2021,19.31,4.9802003
2022,9.32,14.558748
