year,y_true,y_pred
2018,218.05,209.81139
2019,255.67,241.34009
2020,216.97,287.931
2021,102.58,287.931
2022,293.82,287.931
