year,y_true,y_pred
2018,8.96,10.954
2019,20.57,9.989563
2020,23.14,11.652875
2021,19.95,12.6710005
2022,24.48,11.652875
