year,y_true,y_pred
2018,80.65,52.458534
2019,76.41,52.458534
2020,54.97,52.458534
2021,79.78,47.790833
2022,97.94,47.790833
