year,y_true,y_pred
2018,0.0,0.46665987
2019,0.0,0.46665987
2020,0.0,0.46665987
2021,0.0,0.46665987
2022,0.0,0.46665987
