year,y_true,y_pred
2018,17.92,13.86375
2019,23.51,13.15425
2020,11.57,13.86375
2021,14.25,10.325624
2022,24.48,10.325624
