year,y_true,y_pred
2018,11.95,10.539658
2019,8.82,10.409837
2020,11.57,3.628639
2021,8.55,12.639587
2022,20.99,10.3326235
