year,y_true,y_pred
2018,16.82,15.751076
2019,44.46,15.751076
2020,43.69,49.92074
2021,35.58,49.060555
2022,41.45,15.751076
