year,y_true,y_pred
2018,0.0,6.37
2019,18.8,8.286
2020,37.62,6.37
2021,28.22,11.073126
2022,9.76,11.073126
