year,y_true,y_pred
2018,451.17,983.0769
2019,573.52,983.0769
2020,291.52,983.0769
2021,545.57,563.52423
2022,985.65,563.52423
