year,y_true,y_pred
2018,24.41,4.6409583
2019,9.06,6.2735834
2020,11.95,7.5816665
2021,14.8,6.2735834
2022,24.4,6.2735834
