year,y_true,y_pred
2018,280.7,217.38338
2019,307.95,273.7812
2020,248.06,255.404
2021,325.53,243.95026
2022,442.18,248.13976
