year,y_true,y_pred
2018,1227.3,1.7208333
2019,1377.47,1.7208333
2020,718.57,1.7208333
2021,792.18,1.7208333
2022,948.75,1.7208333
