year,y_true,y_pred
2018,147.52,78.89146
2019,66.16,97.48771
2020,150.18,78.89146
2021,67.32,87.50958
2022,85.98,78.89146
