year,y_true,y_pred
2018,44.82,86.01525
2019,45.19,111.95042
2020,0.0,86.01525
2021,91.74,97.209335
2022,267.86,104.889915
