year,y_true,y_pred
2018,64.77,69.171394
2019,51.35,56.27267
2020,12.73,69.171394
2021,82.05,30.921503
2022,89.23,54.62674
