year,y_true,y_pred
2018,1107.51,991.95166
2019,1226.01,991.95166
2020,1374.57,991.95166
2021,1167.63,991.95166
2022,1393.37,991.95166
