year,y_true,y_pred
2018,51.62,67.96533
2019,39.91,67.96533
2020,37.24,67.96533
2021,51.99,67.96533
2022,67.42,67.96533
