year,y_true,y_pred
2018,372.31,503.60675
2019,428.01,469.4946
2020,343.12,503.60675
2021,484.33,469.4946
2022,574.36,503.60675
