year,y_true,y_pred
2018,0.0,0.5895237
2019,0.0,0.5895237
2020,0.0,0.5895237
2021,2.26,0.5895237
2022,0.0,0.5895237
