year,y_true,y_pred
2018,28.1,23.777391
2019,30.08,30.138058
2020,9.15,25.017725
2021,20.37,25.916584
2022,26.89,19.80663
