year,y_true,y_pred
2018,53.86,90.05234
2019,99.48,76.07792
2020,89.21,90.05234
2021,101.84,80.93876
2022,90.43,76.07792
