year,y_true,y_pred
2018,42.15,33.5892
2019,41.64,36.77335
2020,68.62,36.77335
2021,40.74,35.0743
2022,58.66,36.87385
