year,y_true,y_pred
2018,30.88,70.27479
2019,123.69,67.169334
2020,0.0,61.63779
2021,30.98,70.27479
2022,102.77,67.169334
