year,y_true,y_pred
2018,277.95,463.8186
2019,556.59,429.28998
2020,433.3,428.2521
2021,247.83,390.0534
2022,685.17,408.70764
