year,y_true,y_pred
2018,111.89,100.78825
2019,91.18,103.456
2020,56.27,100.78825
2021,56.43,93.016
2022,52.2,101.49475
