year,y_true,y_pred
2018,753.53,765.0896
2019,863.72,429.90582
2020,847.18,588.8732
2021,797.08,666.2322
2022,503.02,641.78174
