year,y_true,y_pred
2018,135.55,73.96694
2019,69.81,49.308357
2020,35.96,83.58017
2021,37.04,73.96694
2022,28.04,135.0348
