year,y_true,y_pred
2018,1082.79,832.10803
2019,1203.81,832.10803
2020,754.91,856.58417
2021,673.29,876.30334
2022,788.33,876.30334
