year,y_true,y_pred
2018,49.98,27.347145
2019,133.76,31.12271
2020,16.78,38.30921
2021,33.66,33.405666
2022,33.55,27.347145
