year,y_true,y_pred
2018,39.34,61.033337
2019,39.26,35.714867
2020,26.11,61.033337
2021,78.19,50.125862
2022,13.33,61.033337
