mae,rmse,r2,city,model,sequence_length,forecast_horizon,normalization,val_size
0.028552642795756884,0.05680697562365728,-0.15229314626870893,3118601,xgboost,8,4,,
