year,y_true,y_pred
2018,72.13,37.20182
2019,52.67,37.20182
2020,26.92,37.20182
2021,38.54,19.407606
2022,20.71,58.190643
