year,y_true,y_pred
2018,52.67,60.437748
2019,44.34,60.437748
2020,55.18,60.437748
2021,70.24,60.470436
2022,67.95,55.283398
