year,y_true,y_pred
2018,117.45,131.54541
2019,108.45,127.42254
2020,113.03,127.42254
2021,108.15,127.416664
2022,107.22,127.416664
