year,y_true,y_pred
2018,1.21,0.487
2019,0.3,0.61662495
2020,0.89,0.487
2021,0.59,0.544625
2022,0.84,0.487
