year,y_true,y_pred
2018,18.46,17.503094
2019,14.68,17.503094
2020,18.99,17.503094
2021,22.33,17.03527
2022,20.05,18.558073
