year,y_true,y_pred
2018,357.05,227.45775
2019,318.38,217.38225
2020,343.77,217.38225
2021,328.54,217.38225
2022,394.97,217.38225
