year,y_true,y_pred
2018,35.57,28.155792
2019,40.82,28.155792
2020,48.72,28.155792
2021,29.62,31.709291
2022,40.77,28.690332
