year,y_true,y_pred
2018,0.0,0.16998371
2019,2.72,0.16998371
2020,1.35,0.0021927203
2021,0.0,0.0021927203
2022,0.0,0.0021927203
