year,y_true,y_pred
2018,0.0,0.18994947
2019,0.0,0.18994947
2020,0.0,0.18994947
2021,1.35,0.18994947
2022,0.0,0.18994947
