year,y_true,y_pred
2018,113.54,66.36546
2019,114.29,66.36546
2020,148.88,66.36546
2021,103.68,66.36546
2022,99.38,66.36546
