year,y_true,y_pred
2018,13.68,18.804333
2019,14.97,19.545666
2020,10.83,19.715166
2021,20.2,18.804333
2022,14.02,19.545666
