year,y_true,y_pred
2018,39.67,43.690834
2019,53.06,45.711666
2020,37.9,40.160667
2021,57.9,41.799667
2022,63.71,40.160667
