year,y_true,y_pred
2018,74.42,61.276333
2019,76.69,61.970833
2020,72.87,59.269333
2021,60.12,59.269333
2022,59.61,56.26033
