year,y_true,y_pred
2018,483.71,487.73166
2019,496.96,487.73166
2020,434.18,469.16345
2021,417.86,448.57767
2022,526.58,448.57767
