year,y_true,y_pred
2018,3.1,0.92611575
2019,6.14,4.9050136
2020,9.11,3.664124
2021,12.02,6.464844
2022,9.94,3.1285453
