year,y_true,y_pred
2018,86.82,105.30208
2019,125.77,101.027664
2020,103.23,110.34221
2021,132.27,105.53467
2022,175.53,110.34221
