year,y_true,y_pred
2018,31.01,22.572792
2019,24.54,22.572792
2020,54.65,19.686792
2021,36.07,19.686792
2022,26.49,19.686792
