year,y_true,y_pred
2018,12.4,2.8888125
2019,3.07,3.7428749
2020,6.07,2.8888125
2021,3.01,4.6468124
2022,6.62,2.8888125
