year,y_true,y_pred
2018,39.18,55.418865
2019,80.39,62.22713
2020,141.27,50.976467
2021,60.77,37.99127
2022,18.8,37.99127
