year,y_true,y_pred
2018,36.58,41.695526
2019,37.43,41.789772
2020,38.1,41.789772
2021,41.52,41.789772
2022,45.28,41.789772
