year,y_true,y_pred
2018,0.04,0.08922917
2019,0.01,0.08922917
2020,0.12,0.08354167
2021,0.18,0.07272917
2022,0.09,0.08654167
