year,y_true,y_pred
2018,0.25,0.37599385
2019,0.25,0.2679027
2020,0.27,0.32130313
2021,0.44,0.32130313
2022,0.23,0.3186225
