year,y_true,y_pred
2018,133.86,141.79135
2019,141.79,141.79135
2020,125.89,144.0764
2021,126.42,141.79135
2022,123.29,141.79135
