year,y_true,y_pred
2018,74.23,63.82344
2019,74.95,63.82344
2020,68.19,63.82344
2021,69.53,63.82344
2022,68.29,63.82344
