year,y_true,y_pred
2018,32.37,31.321102
2019,35.05,32.77149
2020,32.23,32.34758
2021,35.94,31.558506
2022,37.69,32.34758
