year,y_true,y_pred
2018,30.54,29.230854
2019,50.68,28.388844
2020,30.28,32.87085
2021,30.17,32.51054
2022,32.86,74.962845
