year,y_true,y_pred
2018,1126.55,844.07465
2019,1434.5,920.5054
2020,1176.02,920.5054
2021,914.98,920.5054
2022,900.2,844.07465
