year,y_true,y_pred
2018,150.21,73.69271
2019,188.75,73.69271
2020,227.62,73.69271
2021,76.25,73.69271
2022,195.69,98.00509
