year,y_true,y_pred
2018,114.16,57.563496
2019,56.48,66.37637
2020,47.93,57.563496
2021,150.33,57.563496
2022,71.72,66.37637
