year,y_true,y_pred
2018,11.51,14.020417
2019,52.2,10.336292
2020,23.39,14.020417
2021,35.35,14.020417
2022,10.9,14.020417
