year,y_true,y_pred
2018,34.52,31.305716
2019,29.0,42.093315
2020,23.39,42.093315
2021,58.92,31.305716
2022,59.93,42.093315
