year,y_true,y_pred
2018,51.79,15.162513
2019,34.8,15.162513
2020,17.54,15.162513
2021,11.78,14.2800865
2022,16.34,22.679327
