year,y_true,y_pred
2018,195.64,93.221306
2019,162.4,93.221306
2020,128.62,93.221306
2021,229.8,107.169876
2022,125.31,93.222015
