year,y_true,y_pred
2018,0.0,0.0013526304
2019,0.0,0.51272684
2020,0.0,0.51272684
2021,0.0,0.51272684
2022,0.0,0.51272684
