year,y_true,y_pred
2018,461.07,376.423
2019,638.9,399.94675
2020,203.93,376.423
2021,305.11,394.13275
2022,482.23,450.38602
