year,y_true,y_pred
2018,25.61,25.950333
2019,102.22,23.375666
2020,25.49,29.482832
2021,25.43,25.950333
2022,76.14,37.414833
