year,y_true,y_pred
2018,446.87,904.33765
2019,432.53,904.33765
2020,430.2,904.33765
2021,358.27,904.33765
2022,446.57,904.33765
