year,y_true,y_pred
2018,21.0,32.972794
2019,24.08,31.232569
2020,26.27,33.032795
2021,29.25,35.576794
2022,36.31,33.662334
