year,y_true,y_pred
2018,49.91,13.381374
2019,33.1,13.381374
2020,16.47,13.381374
2021,0.0,13.381374
2022,0.0,16.662792
