year,y_true,y_pred
2018,216.27,515.5654
2019,264.77,290.53223
2020,197.6,333.95142
2021,278.6,290.53223
2022,787.4,333.95142
