mae,rmse,r2,city,model,sequence_length,forecast_horizon,normalization,val_size
0.017691279775828704,0.034485244456266835,-0.21875838459534802,1501402,xgboost,8,4,,
