year,y_true,y_pred
2018,145.14,177.21747
2019,338.08,177.21747
2020,168.8,286.73602
2021,264.87,311.1667
2022,241.6,307.1352
