year,y_true,y_pred
2018,24.19,51.84263
2019,48.3,51.84263
2020,24.11,31.835
2021,72.24,36.928
2022,24.16,35.924625
