year,y_true,y_pred
2018,74.55,74.14429
2019,83.71,75.58279
2020,111.4,72.620964
2021,74.14,72.620964
2022,63.01,72.620964
