year,y_true,y_pred
2018,54.65,32.89544
2019,40.95,42.75603
2020,40.91,64.07934
2021,40.87,64.07934
2022,54.46,64.07934
