year,y_true,y_pred
2018,95.64,66.94283
2019,81.9,72.95067
2020,95.46,58.939133
2021,13.62,58.939133
2022,68.07,58.939133
