year,y_true,y_pred
2018,81.98,53.409126
2019,122.85,53.409126
2020,40.91,53.409126
2021,122.62,33.93706
2022,122.53,53.409126
