year,y_true,y_pred
2018,13.66,1.2453231
2019,40.95,0.38322157
2020,27.27,13.548799
2021,27.25,39.701096
2022,27.23,39.701096
