year,y_true,y_pred
2018,0.0,1.2929444
2019,0.0,1.2929444
2020,0.0,1.2929444
2021,0.0,1.2929444
2022,0.0,1.2929444
