year,y_true,y_pred
2018,102.0,47.659958
2019,41.89,38.74502
2020,16.52,47.20996
2021,24.45,48.840458
2022,53.49,42.849667
