year,y_true,y_pred
2018,849.98,666.86115
2019,812.67,748.12976
2020,693.93,723.65497
2021,1018.74,666.86115
2022,998.4,748.12976
