year,y_true,y_pred
2018,75.44,42.85982
2019,77.96,42.85982
2020,38.49,42.85982
2021,65.63,42.85982
2022,78.91,60.177097
