year,y_true,y_pred
2018,239.42,158.29523
2019,223.94,158.29523
2020,199.62,158.29523
2021,316.17,177.0987
2022,408.72,423.08057
