year,y_true,y_pred
2018,7.26,8.6536
2019,26.49,9.96625
2020,14.43,8.6536
2021,38.32,9.96625
2022,30.85,8.6536
