year,y_true,y_pred
2018,106.41,122.03951
2019,108.36,122.03951
2020,120.25,122.03951
2021,105.39,122.03951
2022,146.52,104.348206
