year,y_true,y_pred
2018,0.0,0.48544446
2019,2.41,0.48544446
2020,0.0,0.48544446
2021,0.0,0.48544446
2022,0.0,0.48544446
