year,y_true,y_pred
2018,26.6,28.989374
2019,38.53,28.989374
2020,24.05,28.989374
2021,26.35,22.586498
2022,15.42,28.989374
