year,y_true,y_pred
2018,19.35,10.054472
2019,24.08,20.927507
2020,28.86,16.64654
2021,21.56,18.528889
2022,15.42,10.054472
