year,y_true,y_pred
2018,429.48,533.44214
2019,805.04,533.44214
2020,588.03,561.27496
2021,598.37,586.8528
2022,523.8,561.27496
