year,y_true,y_pred
2018,68.72,26.123466
2019,87.5,28.414417
2020,160.37,26.123466
2021,163.19,34.828293
2022,59.86,34.828293
