year,y_true,y_pred
2018,0.0,4.680333
2019,0.0,5.2345834
2020,71.28,5.2345834
2021,18.13,4.680333
2022,59.86,4.680333
