year,y_true,y_pred
2018,0.0,20.215824
2019,52.5,11.114867
2020,35.64,6.010597
2021,54.4,20.215824
2022,14.97,6.010597
