year,y_true,y_pred
2018,0.0,1.3308333
2019,0.0,1.3308333
2020,17.82,1.3308333
2021,0.0,1.3308333
2022,0.0,1.3308333
