year,y_true,y_pred
2018,120.25,80.59834
2019,105.01,49.176327
2020,213.83,48.300327
2021,217.59,49.176327
2022,74.83,49.176327
