year,y_true,y_pred
2018,328.81,289.07574
2019,455.92,355.4621
2020,497.38,287.01437
2021,562.51,287.01437
2022,572.53,245.22783
