year,y_true,y_pred
2018,46.15,48.90314
2019,42.49,48.60684
2020,42.31,44.765327
2021,51.24,43.9638
2022,48.04,45.73799
