year,y_true,y_pred
2018,0.0,0.109000005
2019,0.0,0.109000005
2020,0.0,0.109000005
2021,0.0,0.109000005
2022,0.0,0.109000005
