year,y_true,y_pred
2018,83.07,65.77669
2019,105.65,64.14862
2020,78.9,64.14862
2021,85.4,63.911625
2022,83.09,64.14862
