year,y_true,y_pred
2018,0.0,0.11899309
2019,0.0,0.11899309
2020,1.14,0.11899309
2021,0.0,0.11899309
2022,1.3,0.11899309
