year,y_true,y_pred
2018,20.77,13.968333
2019,19.52,14.84
2020,24.01,14.84
2021,18.22,13.968333
2022,24.67,14.84
