year,y_true,y_pred
2018,30.31,28.277332
2019,31.81,28.277332
2020,43.99,28.277332
2021,28.37,26.373833
2022,32.09,28.277332
