year,y_true,y_pred
2018,315.42,535.15796
2019,304.95,535.15796
2020,363.75,535.15796
2021,319.38,535.15796
2022,297.38,535.15796
