year,y_true,y_pred
2018,23.17,20.436234
2019,45.4,20.436234
2020,111.28,13.685709
2021,0.0,13.685709
2022,0.0,12.236633
