year,y_true,y_pred
2018,347.54,135.68712
2019,408.63,135.68712
2020,600.93,135.68712
2021,327.58,135.68712
2022,599.18,194.49821
