year,y_true,y_pred
2018,162.51,60.515686
2019,55.65,60.515686
2020,57.14,116.39322
2021,58.72,116.39322
2022,91.87,116.39322
