year,y_true,y_pred
2018,28.08,56.83027
2019,27.85,57.571804
2020,57.78,40.235226
2021,42.39,48.692127
2022,48.65,40.235226
