year,y_true,y_pred
2018,65.72,53.65483
2019,54.53,53.65483
2020,65.15,53.65483
2021,32.44,53.65483
2022,24.65,53.65483
