year,y_true,y_pred
2018,70.18,36.479668
2019,104.53,36.479668
2020,34.63,37.158333
2021,103.2,27.560131
2022,0.0,36.999664
