year,y_true,y_pred
2018,74.85,61.87312
2019,74.64,60.610332
2020,89.31,60.610332
2021,89.09,60.610332
2022,81.2,60.610332
