year,y_true,y_pred
2018,523.95,816.1517
2019,761.31,756.51306
2020,550.76,750.03064
2021,638.46,690.2657
2022,682.04,756.51306
