year,y_true,y_pred
2018,139.18,437.69244
2019,344.23,454.73758
2020,272.48,524.04443
2021,438.3,524.04443
2022,703.23,524.04443
