year,y_true,y_pred
2018,0.0,35.07567
2019,68.85,35.07567
2020,34.06,45.640335
2021,33.72,25.128136
2022,46.88,28.103836
