year,y_true,y_pred
2018,36.45,48.892998
2019,36.73,46.697998
2020,33.82,46.697998
2021,50.61,48.892998
2022,73.53,47.212498
