year,y_true,y_pred
2018,44.87,42.451668
2019,36.73,31.0347
2020,42.28,33.081085
2021,53.42,23.433624
2022,57.19,23.433624
