year,y_true,y_pred
2018,112.16,109.77604
2019,138.45,109.00253
2020,124.01,123.766304
2021,149.02,101.66507
2022,168.85,95.66981
