year,y_true,y_pred
2018,0.0,0.00019185715
2019,0.0,0.00019185715
2020,0.0,0.00019185715
2021,0.0,0.00019185715
2022,0.0,0.00019185715
