year,y_true,y_pred
2018,19.63,12.585381
2019,22.6,12.585381
2020,25.37,12.585381
2021,22.49,12.585381
2022,2.72,12.585381
