year,y_true,y_pred
2018,0.0,0.58575
2019,0.0,0.58575
2020,0.0,0.58575
2021,0.0,0.58575
2022,0.0,0.58575
