year,y_true,y_pred
2018,136.37,275.3569
2019,384.8,270.39816
2020,465.69,247.00844
2021,272.4,421.90582
2022,441.59,247.00844
