year,y_true,y_pred
2018,0.0,25.67818
2019,9.62,17.995838
2020,28.51,25.67818
2021,18.79,8.149069
2022,70.25,8.149069
