year,y_true,y_pred
2018,348.38,432.51105
2019,302.04,432.51105
2020,437.5,432.51105
2021,463.74,432.51105
2022,722.04,417.63074
