year,y_true,y_pred
2018,35.55,14.937595
2019,10.54,33.396343
2020,13.89,22.105639
2021,37.79,14.937595
2022,54.89,21.256716
