year,y_true,y_pred
2018,7.11,7.114948
2019,28.1,7.114948
2020,13.89,8.996041
2021,17.18,10.533542
2022,21.11,7.114948
