year,y_true,y_pred
2018,60.43,20.086624
2019,38.63,28.308
2020,41.67,20.086624
2021,44.66,20.086624
2022,38.0,20.086624
