year,y_true,y_pred
2018,31.99,51.538788
2019,52.68,26.430294
2020,45.14,39.701775
2021,48.09,51.538788
2022,80.23,51.538788
