year,y_true,y_pred
2018,100.55,37.096466
2019,108.03,62.75301
2020,86.66,54.955536
2021,123.07,43.456043
2022,168.61,43.456043
