year,y_true,y_pred
2018,440.99,398.15192
2019,408.84,390.86343
2020,306.18,395.24274
2021,296.99,387.26187
2022,341.02,386.23904
