year,y_true,y_pred
2018,36.75,43.132793
2019,77.63,34.937252
2020,45.93,41.205418
2021,20.13,34.937252
2022,16.5,34.937252
