year,y_true,y_pred
2018,284.57,478.69308
2019,329.69,478.69308
2020,292.37,478.69308
2021,424.9,478.69308
2022,504.85,478.69308
