year,y_true,y_pred
2018,21.08,13.969905
2019,51.51,36.15707
2020,20.16,26.058329
2021,39.53,37.791122
2022,29.13,27.121778
