year,y_true,y_pred
2018,94.07,131.43634
2019,157.23,140.43742
2020,94.61,140.43742
2021,158.13,140.43742
2022,109.47,140.43742
