mae,rmse,r2,city,model,sequence_length,forecast_horizon,normalization,val_size
0.14336593595021765,0.20552873364531668,-0.054717040781819826,5212907,xgboost,8,4,,
