year,y_true,y_pred
2018,16.5,47.84475
2019,21.72,47.84475
2020,42.91,47.84475
2021,90.09,47.84475
2022,62.96,58.85979
