year,y_true,y_pred
2018,33.01,21.159904
2019,43.45,26.229261
2020,26.82,20.308249
2021,15.9,20.830025
2022,22.9,13.1359215
