year,y_true,y_pred
2018,137.53,133.16713
2019,130.35,133.16713
2020,96.55,133.16713
2021,121.89,133.16713
2022,160.27,133.16713
