year,y_true,y_pred
2018,22.0,7.154177
2019,16.29,21.455042
2020,21.46,25.082626
2021,15.9,25.082626
2022,28.62,25.082626
