year,y_true,y_pred
2018,0.0,0.48583332
2019,0.0,0.48583332
2020,0.0,0.48583332
2021,0.0,0.48583332
2022,0.0,0.48583332
