year,y_true,y_pred
2018,44.89,83.257545
2019,44.12,95.37749
2020,65.1,48.936543
2021,64.1,109.339066
2022,93.07,109.339066
