year,y_true,y_pred
2018,83.44,62.876705
2019,126.37,53.22203
2020,127.55,53.22203
2021,42.88,53.22203
2022,46.66,62.876705
