year,y_true,y_pred
2018,1501.88,746.20654
2019,1263.69,808.54083
2020,850.34,746.20654
2021,600.34,746.20654
2022,1213.25,787.0216
