year,y_true,y_pred
2018,58.33,21.560766
2019,45.54,21.560766
2020,20.57,21.560766
2021,24.54,21.560766
2022,37.59,21.560766
