year,y_true,y_pred
2018,254.13,305.716
2019,314.62,291.829
2020,263.32,293.28375
2021,274.03,291.829
2022,254.76,293.28375
