year,y_true,y_pred
2018,56.39,102.95974
2019,28.3,28.510769
2020,28.41,28.510769
2021,199.6,28.510769
2022,64.43,58.262722
