year,y_true,y_pred
2018,261.73,587.3433
2019,373.97,687.30664
2020,336.64,687.30664
2021,149.67,687.30664
2022,310.7,687.30664
