year,y_true,y_pred
2018,18.7,12.250167
2019,37.4,12.250167
2020,74.81,16.478668
2021,0.0,19.167168
2022,66.58,24.820667
