year,y_true,y_pred
2018,300.08,127.59592
2019,298.88,127.59592
2020,198.51,127.59592
2021,395.65,127.59592
2022,293.18,127.59592
