year,y_true,y_pred
2018,0.0,7.5824995
2019,0.0,7.5824995
2020,24.81,7.5824995
2021,0.0,7.5824995
2022,73.3,7.5824995
