year,y_true,y_pred
2018,111.05,132.46959
2019,138.81,187.3614
2020,83.29,187.3614
2021,83.29,33.360405
2022,53.05,94.38267
