year,y_true,y_pred
2018,36.91,106.823845
2019,12.22,106.823845
2020,97.09,106.823845
2021,96.46,79.9966
2022,29.54,78.87432
