year,y_true,y_pred
2018,44.4,69.892746
2019,57.48,72.52264
2020,47.04,72.52264
2021,81.03,72.52264
2022,87.09,70.50464
