year,y_true,y_pred
2018,34.23,16.719315
2019,37.78,16.719315
2020,28.74,16.719315
2021,19.73,16.719315
2022,37.93,17.430658
