year,y_true,y_pred
2018,1.8,0.36533332
2019,0.0,0.6656667
2020,1.8,0.36533332
2021,1.79,0.36533332
2022,0.0,0.36533332
