year,y_true,y_pred
2018,64.85,58.035168
2019,93.54,54.028507
2020,102.39,66.282425
2021,87.9,58.035168
2022,83.77,54.10825
