year,y_true,y_pred
2018,12.61,2.966087
2019,5.4,2.966087
2020,17.96,2.966087
2021,7.18,3.3740122
2022,11.06,2.966087
