year,y_true,y_pred
2018,3.6,12.956077
2019,12.59,1.6840898
2020,12.57,8.178566
2021,10.76,8.122726
2022,14.23,8.15656
