year,y_true,y_pred
2018,39.35,92.804565
2019,118.39,92.804565
2020,158.29,92.804565
2021,119.05,92.804565
2022,80.03,92.804565
