year,y_true,y_pred
2018,26.89,52.401318
2019,63.98,15.507941
2020,116.35,26.20729
2021,62.97,29.19797
2022,153.09,28.61874
