year,y_true,y_pred
2018,135.64,314.71964
2019,268.5,284.7862
2020,177.25,314.71964
2021,278.1,284.7862
2022,186.39,314.71964
