year,y_true,y_pred
2018,15.07,22.179667
2019,0.0,16.258333
2020,0.0,27.725334
2021,14.64,27.725334
2022,15.53,27.725334
