year,y_true,y_pred
2018,165.57,6.5273433
2019,59.55,6.5273433
2020,77.81,6.5273433
2021,63.57,6.5273433
2022,147.85,6.5273433
