year,y_true,y_pred
2018,16.89,0.31166667
2019,9.93,0.31166667
2020,12.97,0.31166667
2021,0.0,0.31166667
2022,20.39,0.31166667
