year,y_true,y_pred
2018,0.0,25.159
2019,63.56,23.644875
2020,50.59,35.084
2021,12.59,23.665314
2022,13.16,31.541
