year,y_true,y_pred
2018,293.85,443.28702
2019,622.85,443.28702
2020,328.86,494.6737
2021,188.82,486.835
2022,289.44,494.6737
