year,y_true,y_pred
2018,44.02,53.344376
2019,21.93,55.937874
2020,29.11,53.344376
2021,21.74,55.937874
2022,28.01,55.937874
