year,y_true,y_pred
2018,73.53,44.178535
2019,24.73,46.311966
2020,99.78,51.886513
2021,50.31,77.64784
2022,111.76,44.178535
