year,y_true,y_pred
2018,1495.1,1204.8049
2019,1013.85,1204.8049
2020,1097.53,1047.0895
2021,905.66,950.65686
2022,938.76,950.65686
