year,y_true,y_pred
2018,34.08,65.180664
2019,28.44,51.497665
2020,68.37,58.410957
2021,45.65,50.593033
2022,41.37,50.593033
