year,y_true,y_pred
2018,698.59,875.2191
2019,517.69,793.08105
2020,490.0,853.0531
2021,456.52,901.20483
2022,596.93,841.2328
