year,y_true,y_pred
2018,34.08,48.567688
2019,17.07,48.56788
2020,34.19,48.56788
2021,11.41,48.56788
2022,23.64,48.56788
