year,y_true,y_pred
2018,45.44,76.16963
2019,79.65,84.714005
2020,51.28,76.16963
2021,97.01,68.15119
2022,100.47,84.714005
