year,y_true,y_pred
2018,0.0,4.222611
2019,0.0,4.222611
2020,0.0,4.222611
2021,0.0,4.222611
2022,5.91,4.222611
