year,y_true,y_pred
2018,106.87,84.97046
2019,72.78,84.97046
2020,87.57,84.97046
2021,62.74,84.97046
2022,165.53,84.97046
