year,y_true,y_pred
2018,707.64,990.17737
2019,595.19,990.17737
2020,669.33,990.17737
2021,567.8,990.17737
2022,672.77,990.17737
