year,y_true,y_pred
2018,58.82,83.83967
2019,58.42,83.83967
2020,52.6,83.83967
2021,73.9,83.83967
2022,66.03,83.83967
