year,y_true,y_pred
2018,22.62,17.09
2019,16.99,19.29425
2020,22.68,17.662
2021,17.03,22.035
2022,51.3,19.29425
