year,y_true,y_pred
2018,480.61,562.44574
2019,447.29,562.44574
2020,289.13,562.44574
2021,363.29,562.44574
2022,524.4,562.44574
