year,y_true,y_pred
2018,135.7,102.41475
2019,101.91,102.41475
2020,141.73,110.709
2021,147.58,102.41475
2022,171.0,102.41475
