year,y_true,y_pred
2018,28.27,13.077666
2019,5.66,9.093233
2020,5.67,9.093233
2021,22.71,13.077666
2022,22.8,9.093233
