year,y_true,y_pred
2018,79.16,26.353739
2019,33.97,26.353739
2020,34.02,32.634304
2021,28.38,32.634304
2022,85.5,32.634304
