year,y_true,y_pred
2018,13.69,22.133
2019,11.83,22.133
2020,11.7,23.523748
2021,9.91,23.523748
2022,30.4,22.133
