year,y_true,y_pred
2018,11.97,11.483994
2019,21.98,10.603686
2020,21.72,13.372847
2021,13.22,9.626892
2022,11.05,9.626892
