year,y_true,y_pred
2018,78.69,84.32384
2019,86.21,81.326836
2020,93.58,84.32384
2021,84.27,89.956665
2022,118.84,84.32384
