year,y_true,y_pred
2018,18.82,21.891148
2019,23.67,21.891148
2020,18.38,21.891148
2021,28.09,21.891148
2022,49.75,20.731668
