year,y_true,y_pred
2018,517.97,548.3421
2019,624.77,548.3421
2020,557.56,522.6219
2021,444.29,601.47736
2022,588.33,481.87653
