year,y_true,y_pred
2018,33.92,30.11786
2019,57.91,30.11786
2020,27.12,54.758053
2021,23.85,34.363873
2022,33.88,38.046135
