year,y_true,y_pred
2018,396.09,469.89716
2019,345.01,499.91992
2020,666.67,273.33276
2021,321.54,401.6999
2022,362.22,395.3831
