year,y_true,y_pred
2018,105.62,18.323708
2019,26.54,26.629665
2020,26.67,14.501708
2021,53.59,26.629665
2022,0.0,26.629665
