year,y_true,y_pred
2018,9.96,13.515542
2019,9.85,15.997334
2020,19.49,15.997334
2021,33.75,12.154333
2022,22.35,11.792479
