year,y_true,y_pred
2018,24.9,30.929201
2019,24.63,30.929201
2020,19.49,30.929201
2021,9.64,30.929201
2022,11.18,15.489062
