year,y_true,y_pred
2018,0.0,1.03416
2019,0.0,1.0087817
2020,0.0,3.1215782
2021,0.0,3.1215782
2022,5.59,3.1215782
