year,y_true,y_pred
2018,14.94,19.773167
2019,9.85,16.9555
2020,9.74,16.9555
2021,4.82,16.9555
2022,11.18,19.948666
