year,y_true,y_pred
2018,26.27,27.409428
2019,30.22,26.296555
2020,33.28,26.35036
2021,37.52,24.802902
2022,39.02,24.802902
