year,y_true,y_pred
2018,239.85,374.45996
2019,284.18,374.45996
2020,262.89,374.45996
2021,319.58,374.45996
2022,358.43,308.5355
