year,y_true,y_pred
2018,41.11,12.466667
2019,37.36,12.466667
2020,27.87,12.466667
2021,32.16,12.466667
2022,36.21,12.466667
