year,y_true,y_pred
2018,15.68,9.877181
2019,16.79,9.877181
2020,12.48,9.877181
2021,16.91,9.877181
2022,16.09,14.143299
