year,y_true,y_pred
2018,0.42,0.28266665
2019,0.84,0.30033332
2020,2.08,0.4676667
2021,0.82,0.28266665
2022,0.0,0.28266665
