year,y_true,y_pred
2018,19.25,15.414366
2019,25.43,15.414366
2020,25.21,17.789333
2021,43.73,17.789333
2022,22.61,18.719542
