year,y_true,y_pred
2018,269.56,245.428
2019,228.91,242.86238
2020,289.87,242.86238
2021,312.34,267.174
2022,354.29,242.86238
