year,y_true,y_pred
2018,77.41,50.53225
2019,61.31,50.53225
2020,35.67,50.53225
2021,35.57,54.018917
2022,46.22,54.018917
