year,y_true,y_pred
2018,330.29,577.59924
2019,485.36,577.59924
2020,407.6,572.8753
2021,304.88,572.8753
2022,354.37,572.8753
