year,y_true,y_pred
2018,82.57,37.560234
2019,122.62,37.560234
2020,61.14,37.560234
2021,71.14,37.560234
2022,77.04,37.560234
