year,y_true,y_pred
2018,5.16,3.6306667
2019,10.22,3.8575835
2020,15.29,3.6306667
2021,5.08,4.6795835
2022,0.0,3.6306667
