year,y_true,y_pred
2018,0.0,0.6585798
2019,5.11,0.6585798
2020,5.1,0.6585798
2021,0.0,0.6585798
2022,0.0,0.6585798
