year,y_true,y_pred
2018,72.25,87.83767
2019,81.75,90.14617
2020,71.33,87.962166
2021,132.11,82.69667
2022,77.04,82.69667
