year,y_true,y_pred
2018,23.82,23.21251
2019,23.49,23.723541
2020,13.9,29.362644
2021,16.01,30.438549
2022,20.9,28.508526
