year,y_true,y_pred
2018,9.53,4.653867
2019,2.35,4.653867
2020,0.0,4.653867
2021,0.0,5.3974166
2022,9.29,5.3974166
