year,y_true,y_pred
2018,66.7,56.034126
2019,75.18,56.034126
2020,69.52,55.033627
2021,48.02,56.034126
2022,81.26,61.077126
