year,y_true,y_pred
2018,2.38,1.61675
2019,9.4,1.61675
2020,2.32,1.0019333
2021,0.0,1.61675
2022,2.32,1.0546668
