year,y_true,y_pred
2018,33.2,19.794334
2019,30.54,22.195417
2020,30.1,22.195417
2021,16.96,22.195417
2022,35.22,19.794334
