year,y_true,y_pred
2018,325.39,386.00256
2019,215.93,386.00256
2020,202.1,228.29839
2021,220.49,205.6033
2022,405.07,205.6033
