year,y_true,y_pred
2018,11.07,2.3389418
2019,4.36,5.788391
2020,4.3,1.7345093
2021,8.48,0.14621279
2022,15.1,0.14621279
