year,y_true,y_pred
2018,0.0,0.2757778
2019,0.0,0.2757778
2020,0.0,0.2757778
2021,0.0,0.2757778
2022,0.0,0.2757778
