year,y_true,y_pred
2018,0.0,0.57885593
2019,0.0,0.57885593
2020,0.0,0.57885593
2021,2.12,0.57885593
2022,2.52,0.57885593
