year,y_true,y_pred
2018,88.54,65.024445
2019,98.15,65.024445
2020,98.9,69.27338
2021,65.72,78.47588
2022,105.67,78.47588
