year,y_true,y_pred
2018,205.38,360.05154
2019,159.8,364.94934
2020,142.7,364.94934
2021,200.7,364.94934
2022,246.77,364.94934
