year,y_true,y_pred
2018,0.64,0.29558933
2019,1.27,0.29558933
2020,0.63,0.0011375489
2021,0.0,0.0011375489
2022,0.0,0.0005840045
