year,y_true,y_pred
2018,6.4,6.406133
2019,6.34,7.237292
2020,9.43,7.4423356
2021,14.96,7.1976395
2022,7.59,7.1976395
