year,y_true,y_pred
2018,44.79,61.982334
2019,44.39,56.921467
2020,40.86,56.921467
2021,56.72,56.921467
2022,96.81,61.982334
