year,y_true,y_pred
2018,0.0,0.06903333
2019,0.0,0.06903333
2020,0.0,0.06903333
2021,0.0,0.06903333
2022,0.63,0.06903333
