year,y_true,y_pred
2018,1425.75,927.3122
2019,1190.48,887.7343
2020,602.41,861.10004
2021,753.04,861.10004
2022,972.19,861.10004
