year,y_true,y_pred
2018,845.97,761.39374
2019,784.43,754.3089
2020,692.88,786.02466
2021,791.8,675.4065
2022,831.09,766.0081
