year,y_true,y_pred
2018,51.1,47.356266
2019,57.26,47.356266
2020,28.87,65.94315
2021,58.22,56.288475
2022,44.03,65.94315
