year,y_true,y_pred
2018,35.83,37.11449
2019,26.93,30.179667
2020,39.51,30.179667
2021,28.37,42.994637
2022,57.31,37.11449
