year,y_true,y_pred
2018,292.17,347.90573
2019,263.92,347.90573
2020,258.14,347.90573
2021,296.61,347.90573
2022,398.68,335.24243
