year,y_true,y_pred
2018,1287.38,849.09125
2019,651.27,849.09125
2020,373.65,849.09125
2021,470.4,849.09125
2022,317.46,848.19214
