year,y_true,y_pred
2018,0.0,0.0023847674
2019,59.21,0.0023847674
2020,0.0,0.0023847674
2021,0.0,0.0023847674
2022,19.84,0.0023847674
