year,y_true,y_pred
2018,118.84,57.339
2019,177.62,63.90717
2020,176.99,63.90717
2021,58.8,63.90717
2022,59.52,63.90717
