year,y_true,y_pred
2018,19.81,40.01265
2019,39.47,40.01265
2020,98.33,33.766636
2021,39.2,49.553837
2022,39.68,33.766636
