year,y_true,y_pred
2018,0.0,19.712667
2019,0.0,19.712667
2020,0.0,19.712667
2021,0.0,19.712667
2022,59.52,19.712667
