year,y_true,y_pred
2018,759.31,601.00665
2019,846.41,601.00665
2020,493.04,601.00665
2021,580.37,601.00665
2022,1113.51,601.00665
