year,y_true,y_pred
2018,35.32,0.32081112
2019,35.27,0.672565
2020,17.61,0.057190534
2021,52.76,-0.19790682
2022,0.0,0.672565
