year,y_true,y_pred
2018,35.32,59.649372
2019,17.63,59.65012
2020,35.22,23.79829
2021,17.59,21.08895
2022,35.92,20.770658
