year,y_true,y_pred
2018,17.66,29.938541
2019,17.63,22.251467
2020,0.0,22.251467
2021,17.59,29.938541
2022,17.96,29.938541
