year,y_true,y_pred
2018,141.27,126.52527
2019,176.34,139.70824
2020,88.04,126.52527
2021,211.04,139.70824
2022,53.88,126.52527
