year,y_true,y_pred
2018,59.8,80.48939
2019,45.93,80.23541
2020,59.63,70.1101
2021,68.71,48.922413
2022,42.95,73.680214
