year,y_true,y_pred
2018,943.05,933.37854
2019,817.64,933.37854
2020,857.76,913.5941
2021,774.13,850.7333
2022,679.98,844.8521
