year,y_true,y_pred
2018,387.12,360.70456
2019,427.52,330.1193
2020,244.15,330.1193
2021,325.34,369.13736
2022,236.02,360.70456
