year,y_true,y_pred
2018,20.37,23.76929
2019,81.43,23.782791
2020,20.35,27.995335
2021,40.67,19.357876
2022,47.2,23.782791
