year,y_true,y_pred
2018,28.39,18.699123
2019,70.9,20.985207
2020,28.33,25.690645
2021,49.52,18.699123
2022,23.0,20.985207
