year,y_true,y_pred
2018,37.82,40.680042
2019,95.18,38.505333
2020,19.16,46.81923
2021,38.57,38.190334
2022,0.0,32.66148
