year,y_true,y_pred
2018,283.66,369.034
2019,456.88,369.034
2020,172.45,373.831
2021,212.15,349.48227
2022,216.92,353.68375
