year,y_true,y_pred
2018,51.0,25.535835
2019,70.39,25.535835
2020,49.6,25.535835
2021,42.44,25.535835
2022,20.11,25.535835
