year,y_true,y_pred
2018,31.39,34.015682
2019,12.5,34.015682
2020,15.56,24.45425
2021,24.79,29.529583
2022,27.64,34.71295
