year,y_true,y_pred
2018,354.75,370.61166
2019,343.75,370.61166
2020,385.8,821.1249
2021,489.56,821.1249
2022,818.74,821.1249
