year,y_true,y_pred
2018,84.76,56.811375
2019,96.88,63.417458
2020,96.45,72.85367
2021,99.15,72.85367
2022,176.18,72.85367
