year,y_true,y_pred
2018,28.25,20.965752
2019,15.63,19.051268
2020,40.45,22.347157
2021,30.98,21.560925
2022,41.46,17.153759
