year,y_true,y_pred
2018,34.53,22.448772
2019,18.75,17.955986
2020,49.78,18.914223
2021,27.89,17.963762
2022,41.46,14.166971
