year,y_true,y_pred
2018,52.09,69.14539
2019,26.19,47.210815
2020,65.84,75.559395
2021,66.19,59.83796
2022,26.86,36.83647
