year,y_true,y_pred
2018,1080.87,933.55646
2019,1309.59,829.7951
2020,1013.96,876.9124
2021,622.19,886.75867
2022,564.06,942.8657
