year,y_true,y_pred
2018,85.45,106.16013
2019,0.0,98.57088
2020,106.91,99.77426
2021,192.47,88.20003
2022,127.66,101.162056
