year,y_true,y_pred
2018,62.54,65.50844
2019,169.27,0.0011749069
2020,44.47,59.798267
2021,35.43,59.53861
2022,37.85,59.798267
