year,y_true,y_pred
2018,19.15,67.02667
2019,19.39,77.11467
2020,98.14,77.11467
2021,39.72,71.432465
2022,70.11,57.710835
