year,y_true,y_pred
2018,25.61,12.890072
2019,0.0,14.276947
2020,12.86,5.098577
2021,0.0,12.365852
2022,13.89,9.094975
