year,y_true,y_pred
2018,230.47,62.28222
2019,192.51,59.522415
2020,180.06,59.522415
2021,25.78,59.522415
2022,69.44,57.077087
