year,y_true,y_pred
2018,315.45,332.2394
2019,159.35,332.2394
2020,286.49,353.08234
2021,298.1,319.9258
2022,325.36,346.83743
