year,y_true,y_pred
2018,13.84,6.9496665
2019,16.48,6.9496665
2020,21.83,6.9496665
2021,21.68,6.9496665
2022,32.24,6.9496665
