year,y_true,y_pred
2018,152.19,94.64227
2019,120.89,94.64227
2020,106.41,93.877975
2021,143.63,117.90663
2022,167.08,85.098595
