year,y_true,y_pred
2018,13.84,22.703875
2019,35.72,25.119
2020,38.2,22.703875
2021,32.52,25.119
2022,23.45,25.119
