year,y_true,y_pred
2018,2.77,12.709467
2019,10.99,11.826417
2020,10.91,12.709467
2021,29.81,12.709467
2022,11.72,10.224417
