year,y_true,y_pred
2018,58.9,55.655266
2019,47.63,69.35726
2020,39.61,55.655266
2021,49.85,57.78352
2022,46.89,47.58012
