year,y_true,y_pred
2018,612.21,598.7102
2019,583.82,664.837
2020,473.75,662.7042
2021,426.03,662.70404
2022,526.74,662.70404
