year,y_true,y_pred
2018,892.62,732.4369
2019,920.88,726.15955
2020,610.29,726.15955
2021,889.13,748.12964
2022,938.5,878.1362
