year,y_true,y_pred
2018,115.83,70.33377
2019,38.42,52.302032
2020,0.0,65.942955
2021,38.05,52.302032
2022,132.33,70.33377
