year,y_true,y_pred
2018,22.22,22.96429
2019,66.36,22.96429
2020,0.0,34.997883
2021,87.68,22.869152
2022,64.03,24.21934
