year,y_true,y_pred
2018,577.78,594.52576
2019,398.14,594.52576
2020,220.22,594.52576
2021,219.2,594.52576
2022,320.17,594.52576
