year,y_true,y_pred
2018,219.06,251.75777
2019,461.45,252.13426
2020,538.36,234.23094
2021,320.43,234.23094
2022,733.05,304.75797
