year,y_true,y_pred
2018,27.38,-3.8143172
2019,81.43,0.0015904463
2020,26.92,33.070217
2021,26.7,20.46117
2022,30.54,0.0015904463
