year,y_true,y_pred
2018,532.56,350.04697
2019,163.37,379.9247
2020,58.04,366.23904
2021,113.49,366.23904
2022,229.79,366.23904
