year,y_true,y_pred
2018,27.2,64.92409
2019,26.9,64.92409
2020,40.8,64.92409
2021,47.39,64.92409
2022,66.73,64.92409
