year,y_true,y_pred
2018,582.14,637.9977
2019,532.56,612.04974
2020,397.31,677.0747
2021,528.32,625.96686
2022,698.67,625.96686
