year,y_true,y_pred
2018,10.88,16.162666
2019,25.1,13.374833
2020,15.96,13.374833
2021,17.55,13.374833
2022,23.55,16.162666
