year,y_true,y_pred
2018,108.81,148.20474
2019,112.97,148.20474
2020,117.06,148.20474
2021,145.68,148.20474
2022,162.89,148.20474
