year,y_true,y_pred
2018,30.83,21.237
2019,16.14,23.788
2020,24.83,24.735064
2021,21.06,23.594875
2022,27.48,22.864376
