year,y_true,y_pred
2018,51.63,76.33
2019,30.45,58.728252
2020,19.96,76.33
2021,29.43,61.154915
2022,98.34,76.33
