year,y_true,y_pred
2018,26.17,5.172479
2019,39.26,5.172479
2020,26.18,5.172479
2021,52.36,5.172479
2022,14.33,5.172479
