mae,rmse,r2,city,model,sequence_length,forecast_horizon,normalization,val_size
0.32371147000665906,0.39036217435243886,0.11749317554074112,2513158,xgboost,8,4,,
