year,y_true,y_pred
2018,1146.65,836.1498
2019,718.62,836.1498
2020,580.27,835.70044
2021,747.34,835.70044
2022,783.54,835.70044
