year,y_true,y_pred
2018,110.64,83.60325
2019,40.49,83.60325
2020,91.62,85.35484
2021,71.66,81.65652
2022,73.13,82.96528
