year,y_true,y_pred
2018,25.2,71.92077
2019,62.55,71.92077
2020,62.13,79.03367
2021,49.38,79.48646
2022,43.31,79.48646
