year,y_true,y_pred
2018,3.14,14.101334
2019,15.63,12.653417
2020,15.56,12.653417
2021,18.58,14.101334
2022,29.86,12.653417
