year,y_true,y_pred
2018,201.02,264.991
2019,693.99,207.23294
2020,224.03,238.75401
2021,275.67,263.24695
2022,351.65,224.42291
