year,y_true,y_pred
2018,800.55,966.7435
2019,735.63,1022.76276
2020,854.7,1022.76276
2021,881.88,1057.4983
2022,1111.39,1057.4983
