year,y_true,y_pred
2018,0.0,34.929874
2019,137.93,30.946
2020,23.1,30.673813
2021,46.41,43.309
2022,0.0,30.673813
