year,y_true,y_pred
2018,72.44,73.70579
2019,69.78,78.08889
2020,57.19,77.90104
2021,49.62,78.08889
2022,65.76,75.22529
