year,y_true,y_pred
2018,59.95,29.99529
2019,72.27,29.476904
2020,49.73,29.476904
2021,39.69,29.476904
2022,65.76,29.476904
