year,y_true,y_pred
2018,0.0,0.53847617
2019,0.0,0.53847617
2020,0.0,0.53847617
2021,2.48,0.53847617
2022,0.0,0.53847617
