year,y_true,y_pred
2018,152.38,173.07445
2019,159.49,184.70924
2020,161.62,133.62192
2021,158.78,133.62192
2022,155.87,133.62192
