year,y_true,y_pred
2018,34.97,51.327385
2019,34.89,51.327385
2020,29.84,48.034214
2021,54.58,47.64916
2022,34.1,43.41892
