year,y_true,y_pred
2018,50.21,69.05831
2019,52.74,71.62316
2020,52.33,71.62316
2021,34.63,71.62316
2022,75.59,71.62316
