year,y_true,y_pred
2018,886.05,968.97064
2019,714.87,968.97064
2020,610.52,933.2047
2021,678.15,968.97064
2022,949.47,968.97064
