year,y_true,y_pred
2018,17.95,42.699734
2019,24.29,38.168564
2020,29.33,35.643566
2021,43.24,35.519386
2022,48.76,36.63805
