year,y_true,y_pred
2018,51.28,64.67999
2019,66.48,63.914692
2020,61.2,72.54588
2021,50.87,65.2585
2022,98.75,62.30069
