year,y_true,y_pred
2018,0.0,0.11275001
2019,0.0,0.11275001
2020,0.0,0.11275001
2021,0.0,0.11275001
2022,0.0,0.11275001
