year,y_true,y_pred
2018,12.82,9.723715
2019,11.51,9.723715
2020,8.93,11.343
2021,17.81,11.343
2022,29.26,13.245
