year,y_true,y_pred
2018,137.18,143.60887
2019,127.84,132.84624
2020,153.0,125.22628
2021,136.09,125.22628
2022,128.01,125.22628
