year,y_true,y_pred
2018,30.58,0.0012598552
2019,61.29,30.470219
2020,30.71,37.1743
2021,30.78,9.6590805
2022,60.35,46.420296
