year,y_true,y_pred
2018,121.65,186.93747
2019,100.7,83.15536
2020,140.08,85.88049
2021,99.44,70.00361
2022,144.72,85.88049
