year,y_true,y_pred
2018,27.12,22.454584
2019,5.39,22.454584
2020,0.0,20.013458
2021,26.67,25.339085
2022,31.09,25.339085
