year,y_true,y_pred
2018,846.08,576.68066
2019,630.97,576.68066
2020,525.61,576.68066
2021,501.44,576.68066
2022,683.95,576.68066
