year,y_true,y_pred
2018,73.64,116.752495
2019,90.52,116.752495
2020,63.54,116.752495
2021,85.59,116.752495
2022,82.09,116.752495
