year,y_true,y_pred
2018,923.81,981.26013
2019,931.81,981.26013
2020,717.5,981.26013
2021,771.64,981.26013
2022,894.24,981.26013
