year,y_true,y_pred
2018,148.61,199.17091
2019,179.71,199.17091
2020,135.03,195.76146
2021,183.03,204.13828
2022,194.97,182.3823
