year,y_true,y_pred
2018,0.0,14.36625
2019,0.0,14.36625
2020,41.91,14.36625
2021,41.55,14.36625
2022,0.0,14.36625
