year,y_true,y_pred
2018,298.63,318.62613
2019,295.98,193.59142
2020,502.93,193.59142
2021,290.82,193.59142
2022,551.22,193.59142
