year,y_true,y_pred
2018,632.71,782.15936
2019,594.43,782.15936
2020,390.04,668.5681
2021,467.8,668.5681
2022,388.61,668.5681
