year,y_true,y_pred
2018,68.17,64.53596
2019,72.05,65.64084
2020,59.03,68.5478
2021,67.13,49.12362
2022,30.22,60.575115
