year,y_true,y_pred
2018,383.22,479.57446
2019,286.03,479.57446
2020,364.64,479.57446
2021,326.26,479.57446
2022,450.31,479.57446
