year,y_true,y_pred
2018,44.88,17.525091
2019,17.23,20.656872
2020,55.04,5.210076
2021,68.69,16.196022
2022,34.64,20.656872
