year,y_true,y_pred
2018,0.0,0.384434
2019,0.0,0.384434
2020,0.0,0.384434
2021,3.43,0.384434
2022,3.46,0.384434
