year,y_true,y_pred
2018,13.81,24.211193
2019,10.34,23.708916
2020,48.16,18.204868
2021,20.61,18.204868
2022,20.78,31.811733
