year,y_true,y_pred
2018,31.07,12.510333
2019,10.34,12.510333
2020,48.16,14.756333
2021,41.21,11.786333
2022,27.71,14.756333
