year,y_true,y_pred
2018,151.91,45.201332
2019,103.38,45.201332
2020,113.52,45.201332
2021,127.07,45.201332
2022,117.77,45.201332
