year,y_true,y_pred
2018,76.55,42.68971
2019,91.7,31.662233
2020,15.26,40.32871
2021,60.93,42.68971
2022,33.37,40.547707
