year,y_true,y_pred
2018,1224.74,884.96466
2019,1146.26,884.96466
2020,778.15,884.9602
2021,578.83,911.36475
2022,884.37,517.6858
