year,y_true,y_pred
2018,30.62,34.899498
2019,106.98,34.899498
2020,91.55,29.384333
2021,137.09,34.899498
2022,133.49,34.899498
