year,y_true,y_pred
2018,30.62,30.474308
2019,0.0,38.641808
2020,15.26,38.641808
2021,106.63,28.61287
2022,83.43,43.774647
