year,y_true,y_pred
2018,832.24,965.37964
2019,1088.38,1005.33136
2020,865.43,993.48584
2021,688.47,965.37964
2022,865.71,965.37964
