year,y_true,y_pred
2018,131.41,54.383728
2019,65.3,95.17006
2020,64.91,54.383728
2021,150.6,87.532616
2022,105.57,72.62687
