year,y_true,y_pred
2018,208.65,211.0065
2019,395.52,177.79538
2020,226.15,211.0065
2021,171.03,211.0065
2022,141.81,177.79538
