year,y_true,y_pred
2018,18.63,17.433542
2019,66.54,14.982124
2020,57.43,17.433542
2021,21.38,17.433542
2022,17.19,14.982124
