year,y_true,y_pred
2018,11.18,12.488584
2019,3.7,15.927458
2020,21.54,15.927458
2021,10.69,12.739667
2022,8.59,13.288083
