year,y_true,y_pred
2018,0.0,0.4132917
2019,0.0,0.4132917
2020,0.0,0.4132917
2021,0.0,0.4132917
2022,0.0,0.4132917
