year,y_true,y_pred
2018,11.18,10.003333
2019,18.48,11.109792
2020,21.54,10.003333
2021,7.13,10.003333
2022,34.38,10.521334
