year,y_true,y_pred
2018,63.34,99.00942
2019,129.38,75.66086
2020,111.28,84.86537
2021,128.27,107.85942
2022,128.92,84.86537
