year,y_true,y_pred
2018,19.24,13.408507
2019,33.72,5.9912276
2020,10.95,17.300251
2021,42.75,16.448278
2022,44.32,17.297031
