year,y_true,y_pred
2018,254.01,220.99406
2019,307.2,220.99406
2020,288.45,198.24281
2021,306.4,220.99406
2022,460.91,220.99406
