year,y_true,y_pred
2018,0.0,0.72110176
2019,0.0,0.72110176
2020,0.0,0.72110176
2021,0.0,0.72110176
2022,0.0,0.72110176
