year,y_true,y_pred
2018,3.85,5.956333
2019,11.24,5.4481664
2020,7.3,4.2754164
2021,3.56,4.2754164
2022,13.3,5.4481664
