year,y_true,y_pred
2018,57.73,46.64892
2019,74.93,46.64892
2020,32.86,46.64892
2021,49.88,46.64892
2022,57.61,46.64892
