year,y_true,y_pred
2018,26.94,19.86325
2019,11.24,25.71725
2020,32.86,25.71725
2021,21.38,25.71725
2022,48.75,21.927084
