year,y_true,y_pred
2018,18.73,4.2834663
2019,0.0,4.2834663
2020,18.43,4.2834663
2021,36.57,4.2834663
2022,0.0,4.2834663
