year,y_true,y_pred
2018,861.42,585.1693
2019,872.96,325.87466
2020,497.51,325.87466
2021,566.83,585.1693
2022,1035.65,585.1693
