year,y_true,y_pred
2018,405.31,72.33303
2019,187.99,72.33303
2020,180.05,72.33303
2021,146.73,72.33303
2022,698.36,72.33303
