year,y_true,y_pred
2018,26.15,3.3652916
2019,19.45,3.3652916
2020,6.43,3.3652916
2021,12.76,3.3652916
2022,35.81,3.3652916
