year,y_true,y_pred
2018,6.54,4.662958
2019,12.97,4.3886666
2020,38.58,4.662958
2021,12.76,4.3886666
2022,26.86,4.3886666
