year,y_true,y_pred
2018,0.0,0.0016113161
2019,0.0,7.1585927
2020,25.72,12.049513
2021,31.9,0.015264447
2022,8.95,6.627409
