year,y_true,y_pred
2018,32.69,19.11341
2019,19.45,43.07031
2020,70.74,43.07031
2021,44.66,41.190647
2022,62.67,39.246765
