year,y_true,y_pred
2018,6.54,1.5078334
2019,6.48,1.5078334
2020,0.0,1.5078334
2021,0.0,1.5078334
2022,0.0,1.5078334
