year,y_true,y_pred
2018,102.49,38.717667
2019,67.87,38.717667
2020,0.0,38.717667
2021,100.47,50.135147
2022,32.24,38.717667
