year,y_true,y_pred
2018,118.46,55.110863
2019,95.33,97.457306
2020,83.9,55.110863
2021,96.43,66.45368
2022,142.71,49.428925
