year,y_true,y_pred
2018,639.85,569.94824
2019,570.46,300.93457
2020,359.15,300.93457
2021,480.09,211.51208
2022,744.15,569.94824
