year,y_true,y_pred
2018,95.3,47.15893
2019,61.12,47.15893
2020,20.33,47.15893
2021,74.38,54.197666
2022,97.45,61.532207
