year,y_true,y_pred
2018,27.23,13.53873
2019,0.0,5.8703117
2020,6.78,13.599747
2021,13.52,10.28586
2022,17.72,22.319332
