year,y_true,y_pred
2018,149.75,142.91661
2019,135.82,155.98125
2020,155.86,136.50578
2021,223.14,167.87006
2022,159.46,159.5266
