year,y_true,y_pred
2018,54.46,31.343327
2019,67.91,45.642548
2020,33.88,31.343327
2021,20.29,31.343327
2022,88.59,51.749676
