year,y_true,y_pred
2018,44.54,23.111355
2019,89.05,23.111355
2020,0.0,23.111355
2021,0.0,23.111355
2022,44.33,23.111355
