year,y_true,y_pred
2018,579.06,654.35767
2019,1157.61,654.35767
2020,445.04,946.63525
2021,622.78,654.35767
2022,443.26,654.35767
