year,y_true,y_pred
2018,35.81,36.955124
2019,35.96,31.867687
2020,52.54,40.1889
2021,46.17,36.127125
2022,42.48,36.127125
