year,y_true,y_pred
2018,19.53,20.181
2019,16.35,23.441376
2020,13.13,23.441376
2021,6.6,23.441376
2022,19.61,20.181
