year,y_true,y_pred
2018,65.1,73.34548
2019,55.58,73.34548
2020,59.1,67.95554
2021,105.52,62.45857
2022,78.42,66.61154
