year,y_true,y_pred
2018,78.0,38.09292
2019,117.74,31.477467
2020,0.0,32.836918
2021,0.0,38.09292
2022,77.4,48.510418
