year,y_true,y_pred
2018,20.98,12.226916
2019,20.93,13.204666
2020,12.53,10.882067
2021,0.0,10.882067
2022,40.13,10.882067
