year,y_true,y_pred
2018,1087.0,881.56946
2019,1059.29,1094.7509
2020,1052.68,881.56946
2021,1500.44,881.56946
2022,2764.52,1094.7509
