year,y_true,y_pred
2018,33.58,18.674105
2019,46.06,18.674105
2020,37.6,18.674105
2021,12.5,18.674105
2022,40.13,27.142033
