year,y_true,y_pred
2018,25.18,24.341667
2019,16.75,29.69127
2020,33.42,22.408459
2021,54.18,29.69127
2022,22.29,24.958458
