year,y_true,y_pred
2018,117.51,108.08294
2019,92.11,108.08294
2020,158.74,132.06235
2021,154.21,112.867294
2022,178.36,112.98509
