year,y_true,y_pred
2018,48.18,48.14633
2019,61.35,48.14633
2020,74.29,34.560368
2021,53.54,34.560368
2022,55.07,48.14633
