year,y_true,y_pred
2018,17.33,22.833668
2019,34.63,22.833668
2020,17.3,17.636333
2021,17.28,22.833668
2022,18.17,17.679834
