year,y_true,y_pred
2018,433.28,395.9936
2019,432.83,346.5918
2020,172.98,395.9936
2021,207.4,352.72333
2022,254.41,321.48276
