year,y_true,y_pred
2018,121.32,118.41379
2019,173.13,42.115932
2020,121.09,118.703545
2021,190.11,103.63512
2022,109.03,118.703545
