year,y_true,y_pred
2018,34.66,63.104
2019,69.25,67.469315
2020,34.6,63.104
2021,69.13,67.469315
2022,109.03,63.104
