year,y_true,y_pred
2018,17.33,11.311749
2019,17.31,3.443808
2020,34.6,11.562568
2021,17.28,3.7879462
2022,0.0,3.443808
