year,y_true,y_pred
2018,49.53,43.256935
2019,41.63,35.57136
2020,30.09,34.385223
2021,33.64,42.36557
2022,61.01,47.722736
