year,y_true,y_pred
2018,118.1,138.66339
2019,102.19,121.57589
2020,71.46,121.57589
2021,89.7,119.85225
2022,109.82,119.85225
