year,y_true,y_pred
2018,26.67,17.673374
2019,11.35,23.1906
2020,11.28,23.1906
2021,11.21,17.673374
2022,16.27,17.673374
