year,y_true,y_pred
2018,49.53,57.736652
2019,60.56,57.736652
2020,48.89,64.36659
2021,52.33,57.736652
2022,52.88,57.736652
