year,y_true,y_pred
2018,1385.22,588.9947
2019,1064.54,612.5417
2020,872.48,652.75854
2021,541.27,652.75854
2022,1504.3,652.75854
