year,y_true,y_pred
2018,0.0,11.568167
2019,66.53,22.205166
2020,0.0,22.205166
2021,0.0,11.941333
2022,0.0,22.205166
