year,y_true,y_pred
2018,128.52,82.77944
2019,49.61,88.209625
2020,63.34,89.28213
2021,20.97,87.437126
2022,54.48,87.437126
