year,y_true,y_pred
2018,88.34,14.777959
2019,0.0,13.213234
2020,44.8,21.082458
2021,0.0,13.213234
2022,81.97,21.082458
