year,y_true,y_pred
2018,569.6,385.21024
2019,647.12,378.1116
2020,494.82,444.76566
2021,488.94,436.2262
2022,583.75,436.2262
