year,y_true,y_pred
2018,75.33,41.845665
2019,58.5,41.845665
2020,30.93,41.845665
2021,57.95,41.734455
2022,56.09,38.987663
