year,y_true,y_pred
2018,277.16,285.4962
2019,316.18,329.78555
2020,231.45,210.45245
2021,184.83,303.0428
2022,283.28,339.68213
