year,y_true,y_pred
2018,34.26,26.527065
2019,49.6,27.041842
2020,15.43,25.79454
2021,12.32,25.556799
2022,29.65,26.621227
