year,y_true,y_pred
2018,37.37,21.279284
2019,34.1,25.28925
2020,43.2,21.279284
2021,27.72,21.279284
2022,32.94,19.790655
