year,y_true,y_pred
2018,109.0,135.98038
2019,139.49,135.98163
2020,126.52,135.56189
2021,135.54,110.31061
2022,158.11,135.98038
