year,y_true,y_pred
2018,21.8,9.48359
2019,18.6,6.4902773
2020,21.6,9.48359
2021,15.4,9.48359
2022,19.76,9.48359
