year,y_true,y_pred
2018,6.23,0.58678335
2019,0.0,0.45758337
2020,0.0,0.45758337
2021,0.0,0.45758337
2022,0.0,0.58678335
