year,y_true,y_pred
2018,725.09,796.00397
2019,569.29,796.00397
2020,748.77,796.00397
2021,670.93,796.00397
2022,662.15,796.00397
