year,y_true,y_pred
2018,23.39,66.780876
2019,46.79,66.780876
2020,70.2,74.092064
2021,70.21,74.092064
2022,86.71,74.092064
