year,y_true,y_pred
2018,86.46,81.42185
2019,67.38,72.86135
2020,44.73,81.42185
2021,55.69,77.53379
2022,52.27,77.53379
