year,y_true,y_pred
2018,42.84,47.008556
2019,106.93,22.811056
2020,85.38,14.999902
2021,42.7,19.312853
2022,60.74,30.08748
