year,y_true,y_pred
2018,1371.04,446.72845
2019,705.73,446.72845
2020,426.89,446.72845
2021,789.92,262.41025
2022,728.89,446.72845
