year,y_true,y_pred
2018,38.36,27.93196
2019,22.46,23.826458
2020,21.94,16.50452
2021,0.0,16.50452
2022,18.61,18.777666
