year,y_true,y_pred
2018,391.28,284.3933
2019,374.34,282.02515
2020,233.99,237.90967
2021,150.12,295.2848
2022,204.75,244.93623
