year,y_true,y_pred
2018,15.34,1.4231529
2019,7.49,1.4231529
2020,7.31,9.4819765
2021,0.0,9.78347
2022,0.0,12.32325
