year,y_true,y_pred
2018,15.34,8.232334
2019,7.49,10.579834
2020,21.94,6.9983335
2021,14.3,10.579834
2022,12.41,9.533334
