year,y_true,y_pred
2018,0.0,0.84000003
2019,0.0,0.84000003
2020,0.0,0.84000003
2021,0.0,0.84000003
2022,0.0,0.84000003
