year,y_true,y_pred
2018,84.39,49.564167
2019,74.87,43.832066
2020,58.5,43.832066
2021,42.89,50.951668
2022,62.05,43.832066
