year,y_true,y_pred
2018,76.22,61.883873
2019,14.31,57.094997
2020,47.76,56.745
2021,76.5,69.751564
2022,91.69,61.883873
