year,y_true,y_pred
2018,119.09,65.60671
2019,62.01,65.60671
2020,95.51,65.60671
2021,119.53,65.60671
2022,119.19,65.60671
