year,y_true,y_pred
2018,9.53,23.171919
2019,23.85,17.158604
2020,23.88,20.975426
2021,9.56,23.171919
2022,27.51,17.93331
