year,y_true,y_pred
2018,4.76,10.3133335
2019,0.0,9.666834
2020,9.55,10.3133335
2021,23.91,9.682734
2022,4.58,9.621667
