year,y_true,y_pred
2018,34.99,42.082333
2019,42.7,42.082333
2020,36.17,42.082333
2021,25.03,42.082333
2022,36.28,42.082333
