year,y_true,y_pred
2018,55.67,56.70429
2019,60.09,53.91733
2020,103.79,62.626873
2021,95.43,62.626873
2022,89.06,62.626873
