year,y_true,y_pred
2018,50.9,28.705482
2019,53.76,33.280106
2020,59.76,28.705482
2021,53.19,28.705482
2022,29.69,28.705482
