year,y_true,y_pred
2018,39.76,33.18051
2019,42.7,33.18051
2020,31.45,33.18051
2021,25.03,34.760956
2022,44.53,33.300377
