year,y_true,y_pred
2018,0.0,36.67026
2019,29.7,9.178854
2020,58.51,43.944817
2021,28.84,9.178854
2022,65.53,9.178854
