year,y_true,y_pred
2018,60.33,554.8201
2019,237.6,556.5128
2020,175.54,714.80023
2021,115.37,484.01025
2022,458.72,530.11884
