year,y_true,y_pred
2018,301.37,371.67163
2019,466.46,371.67163
2020,370.98,371.67163
2021,509.08,371.67163
2022,300.11,371.67163
