year,y_true,y_pred
2018,78.58,50.263874
2019,26.34,46.554375
2020,52.98,50.086876
2021,106.52,46.554375
2022,97.72,50.263874
