year,y_true,y_pred
2018,806.11,911.7456
2019,607.64,981.6716
2020,709.85,991.51117
2021,1224.49,920.5898
2022,622.22,870.74286
