year,y_true,y_pred
2018,84.85,41.61897
2019,86.81,41.61897
2020,0.0,67.067635
2021,90.7,41.61897
2022,88.89,41.61897
