year,y_true,y_pred
2018,217.43,344.39145
2019,244.74,344.39145
2020,199.43,344.39145
2021,230.0,344.39145
2022,338.17,344.39145
