year,y_true,y_pred
2018,29.74,29.348251
2019,33.79,30.44695
2020,27.67,37.14582
2021,28.55,30.926823
2022,31.22,32.783253
