year,y_true,y_pred
2018,0.46,0.33016407
2019,0.15,0.71391857
2020,0.3,0.33016407
2021,0.0,0.22256011
2022,0.0,0.33016407
