year,y_true,y_pred
2018,0.0,0.0986875
2019,0.3,0.0986875
2020,0.0,0.078625
2021,0.0,0.074
2022,0.33,0.071687505
