year,y_true,y_pred
2018,14.18,15.402148
2019,17.66,13.9781475
2020,13.99,16.059843
2021,17.39,15.402148
2022,17.84,13.9781475
