year,y_true,y_pred
2018,36.98,42.592834
2019,45.51,42.592834
2020,43.77,42.544834
2021,42.22,41.346085
2022,46.75,43.2705
