year,y_true,y_pred
2018,66.88,66.49918
2019,73.67,67.476135
2020,76.55,67.12083
2021,72.26,66.71797
2022,85.58,65.141235
