year,y_true,y_pred
2018,116.56,307.98547
2019,139.64,307.98547
2020,145.53,307.98547
2021,93.19,307.98547
2022,156.49,307.98547
