year,y_true,y_pred
2018,17.48,28.649666
2019,11.64,19.797333
2020,17.46,28.649666
2021,5.82,28.649666
2022,43.82,28.649666
