year,y_true,y_pred
2018,11.66,3.7799659
2019,5.82,10.090066
2020,17.46,8.468536
2021,0.0,4.1598787
2022,6.26,8.468536
