year,y_true,y_pred
2018,64.11,46.34391
2019,64.0,41.066803
2020,58.21,39.738976
2021,34.95,34.653522
2022,93.9,46.34391
