year,y_true,y_pred
2018,87.42,126.340996
2019,93.09,126.340996
2020,93.14,126.340996
2021,81.54,126.340996
2022,112.68,126.340996
