year,y_true,y_pred
2018,122.84,82.20238
2019,79.23,83.19087
2020,111.28,85.90287
2021,118.1,83.19087
2022,51.04,85.90287
