year,y_true,y_pred
2018,1098.35,1014.94476
2019,939.9,983.8886
2020,868.69,959.77966
2021,1002.08,1014.94476
2022,840.42,1014.94476
