year,y_true,y_pred
2018,15.58,23.645187
2019,33.9,26.041626
2020,38.2,27.996687
2021,34.21,27.163626
2022,23.75,27.232626
