year,y_true,y_pred
2018,287.4,364.6586
2019,340.7,364.6586
2020,297.29,376.5536
2021,311.15,340.33868
2022,327.45,340.33868
