year,y_true,y_pred
2018,77.61,65.44548
2019,78.03,44.295372
2020,78.49,31.124878
2021,0.0,59.436527
2022,38.46,43.834213
