year,y_true,y_pred
2018,1707.41,838.0396
2019,858.37,838.0396
2020,431.71,722.49536
2021,355.17,885.371
2022,807.69,777.52625
