year,y_true,y_pred
2018,316.39,353.62054
2019,521.38,353.62054
2020,474.42,422.22635
2021,346.87,344.38657
2022,281.97,353.62054
