year,y_true,y_pred
2018,42.19,27.825224
2019,41.71,10.70428
2020,20.63,53.84689
2021,40.81,44.04235
2022,20.14,10.70428
