year,y_true,y_pred
2018,18.67,62.66479
2019,18.41,62.66479
2020,36.32,62.66479
2021,17.92,62.66479
2022,72.66,62.66479
