year,y_true,y_pred
2018,268.92,378.7846
2019,450.41,400.48
2020,412.35,398.17474
2021,383.95,378.7846
2022,248.39,407.75375
