year,y_true,y_pred
2018,49.8,32.34256
2019,80.07,32.302
2020,60.34,32.34256
2021,20.21,32.302
2022,27.6,32.302
