year,y_true,y_pred
2018,9.74,13.156013
2019,57.37,14.295732
2020,56.39,21.239323
2021,27.73,13.156013
2022,21.13,13.156013
