year,y_true,y_pred
2018,165.5,142.85701
2019,229.49,142.85701
2020,300.72,142.85701
2021,231.07,142.85701
2022,190.17,142.85701
