year,y_true,y_pred
2018,599.86,553.249
2019,445.83,840.34424
2020,468.67,686.07007
2021,491.24,648.2456
2022,515.74,648.2456
