year,y_true,y_pred
2018,30.9,26.066875
2019,30.67,26.066875
2020,152.21,26.066875
2021,30.22,22.59625
2022,71.76,22.12525
