year,y_true,y_pred
2018,270.81,332.91098
2019,254.97,309.85495
2020,273.39,351.35703
2021,258.08,351.35703
2022,318.0,351.35703
