year,y_true,y_pred
2018,42.56,27.594875
2019,38.05,34.3688
2020,22.47,34.3688
2021,33.18,27.594875
2022,31.02,27.594875
