year,y_true,y_pred
2018,7.74,1.5886666
2019,7.61,1.5886666
2020,3.75,1.5886666
2021,0.0,1.5886666
2022,7.76,1.5886666
