year,y_true,y_pred
2018,19.34,14.295166
2019,11.42,14.295166
2020,22.47,13.564667
2021,18.43,11.360267
2022,23.27,14.295166
