year,y_true,y_pred
2018,143.14,60.701958
2019,106.55,60.701958
2020,112.35,60.701958
2021,95.86,60.701958
2022,100.83,60.701958
