year,y_true,y_pred
2018,327.02,522.97205
2019,425.05,522.97205
2020,440.12,522.97205
2021,381.77,522.97205
2022,581.66,522.97205
