year,y_true,y_pred
2018,48.81,32.813168
2019,68.4,32.813168
2020,63.57,32.813168
2021,48.95,32.813168
2022,83.89,32.813168
