year,y_true,y_pred
2018,63.57,53.509335
2019,84.94,59.17867
2020,63.84,53.17167
2021,63.97,53.17167
2022,21.93,53.17167
