year,y_true,y_pred
2018,37.86,11.194759
2019,25.03,20.036333
2020,31.05,20.036333
2021,43.14,20.036333
2022,45.47,20.036333
