year,y_true,y_pred
2018,410.2,440.14334
2019,550.76,375.24054
2020,440.86,400.49915
2021,499.23,400.49915
2022,591.06,400.49915
