year,y_true,y_pred
2018,327.53,201.94296
2019,365.35,201.94296
2020,328.32,201.94296
2021,346.9,201.94296
2022,297.59,201.94296
