year,y_true,y_pred
2018,23.58,20.445667
2019,32.76,20.445667
2020,28.27,20.445667
2021,30.29,21.312958
2022,16.78,20.445667
