year,y_true,y_pred
2018,0.0,0.106880255
2019,0.5,0.2247499
2020,0.0,0.2247499
2021,0.0,0.2247499
2022,0.0,0.2247499
