year,y_true,y_pred
2018,28.7,25.45543
2019,19.65,29.172197
2020,30.75,27.320068
2021,41.53,27.942993
2022,30.39,27.140965
