year,y_true,y_pred
2018,53.82,63.96586
2019,51.9,63.96586
2020,65.46,50.864216
2021,69.38,50.175602
2022,68.05,59.132477
