year,y_true,y_pred
2018,20.5,24.23831
2019,29.73,23.316444
2020,22.81,24.373558
2021,37.62,24.143415
2022,31.76,24.373558
