year,y_true,y_pred
2018,0.0,0.11297133
2019,0.0,0.11297133
2020,0.0,0.11297133
2021,0.0,0.11297133
2022,0.0,0.11297133
