year,y_true,y_pred
2018,291.97,283.03854
2019,252.21,303.52548
2020,302.44,283.03854
2021,298.82,303.52548
2022,495.56,342.7034
