year,y_true,y_pred
2018,55.98,15.77577
2019,195.31,16.284666
2020,27.82,28.582666
2021,27.73,16.284666
2022,143.68,17.302458
