year,y_true,y_pred
2018,335.85,394.09613
2019,725.45,394.09613
2020,389.43,413.16412
2021,332.78,394.09613
2022,689.66,394.09613
