year,y_true,y_pred
2018,32.83,16.844208
2019,43.73,16.844208
2020,54.6,16.844208
2021,38.18,16.844208
2022,61.87,16.844208
