year,y_true,y_pred
2018,0.0,0.45333335
2019,0.0,0.45333335
2020,0.0,0.45333335
2021,5.45,0.45333335
2022,5.62,0.45333335
