year,y_true,y_pred
2018,5.47,19.206295
2019,5.47,5.7626257
2020,5.46,19.206295
2021,10.91,19.206295
2022,11.25,19.206295
