year,y_true,y_pred
2018,87.56,73.66783
2019,16.4,73.66783
2020,65.52,57.731457
2021,87.26,55.03927
2022,118.12,61.09446
