year,y_true,y_pred
2018,164.17,79.812706
2019,103.85,77.48321
2020,125.58,77.48321
2021,92.72,77.48321
2022,157.49,77.48321
