mae,rmse,r2,city,model,sequence_length,forecast_horizon,normalization,val_size
0.10977947292709596,0.20807384434506748,0.24612647270787902,1721257,xgboost,8,4,,
