year,y_true,y_pred
2018,140.19,207.73416
2019,93.98,361.25848
2020,189.04,321.6376
2021,190.02,207.73416
2022,598.5,207.73416
