year,y_true,y_pred
2018,0.0,37.665096
2019,46.99,27.20573
2020,0.0,37.665096
2021,0.0,27.20573
2022,49.88,37.665096
