year,y_true,y_pred
2018,88.11,127.779335
2019,62.4,127.779335
2020,73.03,127.779335
2021,86.34,137.22136
2022,93.0,137.22136
