year,y_true,y_pred
2018,503.1,303.58566
2019,376.55,332.07068
2020,204.41,303.58566
2021,237.38,276.17758
2022,467.72,276.17758
