year,y_true,y_pred
2018,25.8,22.269167
2019,47.07,20.954332
2020,38.33,20.954332
2021,38.15,20.954332
2022,27.51,20.954332
