year,y_true,y_pred
2018,124.7,82.2502
2019,149.76,72.430016
2020,149.05,71.82335
2021,127.17,71.82335
2022,224.69,71.82335
