year,y_true,y_pred
2018,12.9,27.385647
2019,21.39,19.802626
2020,21.29,27.385647
2021,12.72,27.385647
2022,18.34,19.802626
