year,y_true,y_pred
2018,329.46,447.97278
2019,586.79,380.33548
2020,531.36,480.08057
2021,935.96,557.7731
2022,844.11,530.8722
