year,y_true,y_pred
2018,11.28,28.683615
2019,22.4,27.447338
2020,44.47,28.683615
2021,70.64,25.61708
2022,39.26,32.93205
