year,y_true,y_pred
2018,0.0,41.053337
2019,16.11,41.053337
2020,0.0,41.053337
2021,0.0,41.053337
2022,16.15,41.053337
