year,y_true,y_pred
2018,77.83,33.789433
2019,165.42,33.789433
2020,142.25,79.39726
2021,86.87,79.39726
2022,156.28,92.6807
