mae,rmse,r2,city,model,sequence_length,forecast_horizon,normalization,val_size
0.009777635601440585,0.012796188682082673,0.34754202026198366,3550308,xgboost,8,4,,
