year,y_true,y_pred
2018,17.7,49.265533
2019,52.66,49.265533
2020,43.59,43.414333
2021,8.65,49.265533
2022,0.0,49.265533
