year,y_true,y_pred
2018,23.0,11.117372
2019,11.46,6.1039395
2020,0.0,21.175316
2021,0.0,7.7596216
2022,11.28,11.117372
