year,y_true,y_pred
2018,391.03,285.62585
2019,252.03,298.6465
2020,114.3,285.62585
2021,113.87,285.62585
2022,112.83,285.62585
