year,y_true,y_pred
2018,23.12,41.819958
2019,23.23,37.898956
2020,70.03,31.812664
2021,46.89,44.412666
2022,0.0,30.40527
