year,y_true,y_pred
2018,80.0,32.973625
2019,81.27,38.501125
2020,41.27,29.4823
2021,125.73,29.4823
2022,138.99,29.4823
