year,y_true,y_pred
2018,1720.0,845.1398
2019,1422.19,827.6294
2020,1444.49,818.308
2021,838.22,733.14166
2022,590.69,716.88007
