year,y_true,y_pred
2018,76.65,77.51754
2019,96.7,103.82484
2020,81.12,76.16399
2021,65.67,73.26064
2022,88.27,103.82484
