year,y_true,y_pred
2018,10.22,11.457479
2019,5.09,9.873238
2020,15.21,11.457479
2021,30.31,9.873238
2022,20.77,11.457479
