year,y_true,y_pred
2018,0.0,0.61443794
2019,5.09,0.61443794
2020,0.0,0.61443794
2021,0.0,0.61443794
2022,0.0,0.61443794
