year,y_true,y_pred
2018,0.0,0.002412035
2019,10.18,0.002412035
2020,5.07,0.002412035
2021,5.05,0.002412035
2022,5.19,0.002412035
