year,y_true,y_pred
2018,91.98,42.714005
2019,20.36,25.925747
2020,91.26,41.486202
2021,50.51,11.461072
2022,67.5,42.714005
