year,y_true,y_pred
2018,132.86,118.20475
2019,193.4,118.20475
2020,157.18,127.727875
2021,156.59,116.80225
2022,176.53,127.727875
