year,y_true,y_pred
2018,220.06,197.22404
2019,156.59,197.22404
2020,312.01,259.91693
2021,155.42,584.4141
2022,218.98,259.91693
