year,y_true,y_pred
2018,0.0,16.351078
2019,0.0,16.351078
2020,62.4,16.351078
2021,31.08,5.672533
2022,0.0,5.3235397
