mae,rmse,r2,city,model,sequence_length,forecast_horizon,normalization,val_size
0.15727222234444194,0.33810309733751176,-0.41831741637559494,3118304,xgboost,8,4,,
