year,y_true,y_pred
2018,60.82,64.26925
2019,69.02,64.26925
2020,56.33,64.26925
2021,68.68,64.26925
2022,99.44,57.497463
