year,y_true,y_pred
2018,52.43,35.26518
2019,50.2,36.863693
2020,77.19,30.839493
2021,31.22,36.863693
2022,69.82,28.978199
