year,y_true,y_pred
2018,0.0,0.33850002
2019,0.0,0.33850002
2020,0.0,0.33850002
2021,2.08,0.33850002
2022,0.0,0.33850002
