year,y_true,y_pred
2018,18.88,13.712427
2019,23.01,11.689716
2020,16.69,12.942072
2021,12.49,17.141201
2022,25.39,8.041615
