year,y_true,y_pred
2018,125.83,130.13457
2019,129.68,130.13457
2020,83.45,130.13457
2021,141.52,122.19038
2022,154.44,125.400375
