year,y_true,y_pred
2018,0.0,1.0791667
2019,0.0,1.0791667
2020,0.0,1.0791667
2021,0.0,1.0791667
2022,0.0,1.0791667
