year,y_true,y_pred
2018,604.22,622.03046
2019,837.1,610.26996
2020,326.86,627.044
2021,497.09,622.03046
2022,466.6,629.76294
