year,y_true,y_pred
2018,40.28,46.94836
2019,53.72,45.713287
2020,53.73,42.11338
2021,17.91,43.565376
2022,22.43,49.129356
