mae,rmse,r2,city,model,sequence_length,forecast_horizon,normalization,val_size
0.0018076853396265288,0.0028379323553680345,-0.05335742586055736,3550308,xgboost,8,4,,
