year,y_true,y_pred
2018,278.18,377.08557
2019,347.83,377.08557
2020,647.59,377.08557
2021,531.76,377.08557
2022,793.57,430.9276
