year,y_true,y_pred
2018,19.18,49.311657
2019,19.32,63.183605
2020,48.33,39.74946
2021,38.67,29.485094
2022,39.19,52.93846
