year,y_true,y_pred
2018,65.77,44.884666
2019,52.25,47.15052
2020,12.97,44.884666
2021,38.66,48.766457
2022,94.15,47.15052
