year,y_true,y_pred
2018,62.35,40.760292
2019,111.98,35.808334
2020,55.86,41.55229
2021,43.35,35.808334
2022,48.57,41.55229
