year,y_true,y_pred
2018,0.0,0.0024602767
2019,0.0,0.0024602767
2020,0.0,0.0024602767
2021,0.0,0.6999946
2022,0.0,0.6999946
