year,y_true,y_pred
2018,6.24,21.761541
2019,24.88,18.024416
2020,0.0,21.761541
2021,18.58,18.024416
2022,30.36,21.761541
