year,y_true,y_pred
2018,56.12,89.88425
2019,124.42,90.723495
2020,86.9,89.88425
2021,55.74,82.358
2022,78.93,90.723495
