year,y_true,y_pred
2018,114.13,77.85745
2019,104.59,77.85745
2020,85.55,77.85745
2021,85.54,77.85745
2022,81.7,77.85745
