year,y_true,y_pred
2018,425.87,702.36755
2019,698.17,702.36755
2020,568.64,608.9582
2021,409.5,608.9582
2022,370.92,537.41925
