year,y_true,y_pred
2018,133.08,72.92019
2019,107.41,47.31327
2020,27.08,53.805687
2021,54.6,33.050705
2022,49.46,46.312294
