year,y_true,y_pred
2018,72.07,49.56333
2019,0.0,30.869333
2020,106.91,32.798668
2021,106.35,30.869333
2022,72.25,49.56333
