year,y_true,y_pred
2018,373.0,788.82117
2019,369.33,844.46967
2020,365.79,844.46967
2021,690.25,844.46967
2022,373.27,788.82117
