year,y_true,y_pred
2018,17.76,65.329
2019,52.76,65.329
2020,87.09,65.329
2021,138.05,78.53563
2022,55.99,78.53563
