year,y_true,y_pred
2018,106.57,120.90385
2019,105.52,120.90385
2020,104.51,120.90385
2021,224.33,120.90385
2022,167.97,68.21161
