year,y_true,y_pred
2018,0.0,1.8221166
2019,0.0,1.8221166
2020,17.42,1.8221166
2021,0.0,1.8221166
2022,18.66,1.8221166
