year,y_true,y_pred
2018,35.52,19.258064
2019,0.0,1.1598006
2020,0.0,41.929348
2021,51.77,21.217693
2022,37.33,19.328064
