year,y_true,y_pred
2018,0.0,5.1670003
2019,35.17,5.1670003
2020,17.42,4.43275
2021,17.26,7.8362503
2022,0.0,4.172
