year,y_true,y_pred
2018,315.35,516.2209
2019,378.68,516.2209
2020,236.87,496.60724
2021,451.65,52.26328
2022,562.09,475.94565
