year,y_true,y_pred
2018,56.68,51.271835
2019,40.75,59.48546
2020,49.2,59.48546
2021,98.99,65.54067
2022,114.24,64.02767
