year,y_true,y_pred
2018,596.98,688.73444
2019,559.06,688.73444
2020,567.55,688.73444
2021,518.69,688.73444
2022,916.5,688.73444
