year,y_true,y_pred
2018,47.79,67.989334
2019,51.91,64.66133
2020,53.99,67.989334
2021,50.83,67.989334
2022,78.58,67.989334
