year,y_true,y_pred
2018,13.46,5.995937
2019,14.64,5.995937
2020,18.44,13.268869
2021,15.64,13.266403
2022,27.96,9.9904585
