year,y_true,y_pred
2018,8.75,9.17977
2019,5.99,8.571521
2020,5.93,9.17977
2021,13.03,8.571521
2022,13.6,8.571521
