year,y_true,y_pred
2018,0.0,0.07555556
2019,0.0,0.07555556
2020,0.0,0.07555556
2021,0.0,0.07555556
2022,0.0,0.07555556
