year,y_true,y_pred
2018,96.24,128.39723
2019,98.5,128.39723
2020,113.9,128.39723
2021,145.31,128.39723
2022,170.0,137.28705
