year,y_true,y_pred
2018,0.67,0.37162668
2019,0.0,0.37162668
2020,0.0,0.37162668
2021,0.0,0.37162668
2022,0.0,0.37162668
