year,y_true,y_pred
2018,80.49,105.84789
2019,56.24,105.30871
2020,75.65,105.84789
2021,82.65,105.84789
2022,62.61,105.30871
