year,y_true,y_pred
2018,1149.52,650.84717
2019,794.05,650.84717
2020,305.94,1065.5854
2021,556.46,551.8468
2022,470.52,847.86163
