year,y_true,y_pred
2018,92.98,40.8008
2019,66.87,54.88475
2020,33.07,54.88475
2021,81.83,40.8008
2022,37.94,54.88475
