year,y_true,y_pred
2018,100.5,66.601814
2019,50.76,66.601814
2020,153.85,66.601814
2021,51.79,66.601814
2022,164.47,66.601814
