year,y_true,y_pred
2018,110.99,99.23081
2019,27.39,99.23081
2020,81.15,70.76016
2021,26.72,99.23081
2022,63.67,70.76016
