year,y_true,y_pred
2018,35.14,35.77392
2019,41.45,57.144554
2020,50.92,66.21398
2021,41.3,79.46591
2022,77.88,71.58431
