year,y_true,y_pred
2018,45.82,15.170666
2019,40.53,17.649334
2020,86.7,12.518666
2021,40.39,17.649334
2022,12.48,12.518666
