year,y_true,y_pred
2018,381.8,181.31189
2019,335.78,285.77322
2020,306.32,316.2355
2021,675.13,278.2625
2022,461.89,249.85974
