year,y_true,y_pred
2018,456.66,392.37222
2019,423.65,396.30768
2020,247.96,380.81622
2021,320.51,417.81967
2022,375.47,370.18192
