year,y_true,y_pred
2018,65.24,31.519436
2019,46.05,37.718998
2020,27.55,42.114685
2021,36.63,31.519436
2022,19.25,31.519436
