mae,rmse,r2,city,model,sequence_length,forecast_horizon,normalization,val_size
0.2268804680749139,0.33935604469242503,-0.013400121283483335,3103108,xgboost,8,4,,
