year,y_true,y_pred
2018,312.01,313.03366
2019,232.65,291.69357
2020,424.06,358.0207
2021,153.32,291.69357
2022,487.21,273.6861
