year,y_true,y_pred
2018,78.0,29.3568
2019,77.55,27.648575
2020,77.1,28.413881
2021,0.0,7.8807163
2022,0.0,7.8807163
