year,y_true,y_pred
2018,32.21,35.234665
2019,15.84,31.637733
2020,56.49,35.234665
2021,51.76,32.867584
2022,70.57,35.234665
