year,y_true,y_pred
2018,13.63,7.797945
2019,13.62,7.797945
2020,27.21,7.797945
2021,0.0,5.8463573
2022,15.95,7.797945
