year,y_true,y_pred
2018,286.3,288.45422
2019,272.41,222.49402
2020,176.89,243.7195
2021,258.29,327.64322
2022,143.59,283.40732
