year,y_true,y_pred
2018,88.57,128.1575
2019,122.91,105.14877
2020,71.54,100.27291
2021,66.61,105.14877
2022,70.83,105.14877
