year,y_true,y_pred
2018,2.33,5.1428714
2019,2.32,1.2198223
2020,0.0,1.2198223
2021,0.0,1.2198223
2022,0.0,1.2198223
