year,y_true,y_pred
2018,11.65,21.920841
2019,27.83,19.58032
2020,20.77,19.267101
2021,13.78,8.480524
2022,25.3,19.58032
