year,y_true,y_pred
2018,242.41,193.08153
2019,273.65,262.39572
2020,223.86,206.51953
2021,190.65,193.08153
2022,215.01,133.42332
