year,y_true,y_pred
2018,4.66,4.322125
2019,9.28,4.322125
2020,13.85,5.8936253
2021,4.59,5.8936253
2022,2.53,4.322125
