year,y_true,y_pred
2018,141.04,25.192333
2019,35.41,19.559917
2020,35.55,19.559917
2021,0.0,19.559917
2022,37.04,35.410416
