year,y_true,y_pred
2018,846.26,491.50305
2019,708.22,450.05054
2020,248.84,491.50305
2021,571.22,388.7764
2022,333.33,491.50305
