year,y_true,y_pred
2018,405.27,450.83517
2019,396.72,403.80206
2020,495.36,429.95392
2021,441.61,420.85944
2022,511.52,388.5541
