year,y_true,y_pred
2018,50.66,34.47073
2019,44.43,34.47073
2020,25.4,34.47073
2021,28.59,29.050041
2022,61.9,34.47073
