year,y_true,y_pred
2018,44.33,44.69618
2019,38.09,55.947372
2020,19.05,28.758623
2021,34.95,28.758623
2022,52.13,44.69618
