year,y_true,y_pred
2018,3.17,7.216666
2019,6.35,8.167666
2020,0.0,8.167666
2021,0.0,8.835833
2022,0.0,8.167666
