year,y_true,y_pred
2018,0.0,0.9059583
2019,0.0,1.1940334
2020,3.18,1.1940334
2021,0.0,0.8100333
2022,3.26,1.4916667
