year,y_true,y_pred
2018,199.47,183.63968
2019,184.08,183.63968
2020,155.6,183.63968
2021,177.91,183.63968
2022,162.9,183.63968
