year,y_true,y_pred
2018,37.77,70.53266
2019,84.81,66.06008
2020,47.02,61.068954
2021,75.08,70.53266
2022,67.55,61.068954
