year,y_true,y_pred
2018,63.06,40.895367
2019,56.46,40.895367
2020,45.44,40.895367
2021,48.99,40.895367
2022,49.63,40.895367
