year,y_true,y_pred
2018,60.12,51.46429
2019,48.56,52.008793
2020,47.97,50.001568
2021,60.57,54.278355
2022,49.06,51.80629
