year,y_true,y_pred
2018,901.76,800.39905
2019,863.3,787.1437
2020,612.89,800.39905
2021,592.51,774.92395
2022,705.59,791.3736
