year,y_true,y_pred
2018,27.33,19.112904
2019,16.19,15.747666
2020,39.97,19.112904
2021,28.97,19.112904
2022,46.73,13.537404
