year,y_true,y_pred
2018,0.0,0.3386233
2019,0.0,0.3386233
2020,0.0,0.3386233
2021,0.0,0.3386233
2022,0.0,0.3386233
