year,y_true,y_pred
2018,5.47,7.5934997
2019,5.4,7.1839995
2020,0.0,6.4778
2021,13.17,6.4778
2022,2.34,8.498
