year,y_true,y_pred
2018,114.77,164.80367
2019,126.8,164.80367
2020,149.23,164.80367
2021,136.94,164.80367
2022,130.84,139.03903
