year,y_true,y_pred
2018,42.31,51.499584
2019,66.01,51.47867
2020,58.75,45.606667
2021,82.23,45.606667
2022,67.08,49.791668
