year,y_true,y_pred
2018,416.01,535.9647
2019,481.7,479.87265
2020,384.69,535.9647
2021,427.85,479.87265
2022,552.71,535.9647
