year,y_true,y_pred
2018,1.41,0.29339167
2019,0.0,0.29339167
2020,0.0,0.29339167
2021,1.39,0.29339167
2022,1.46,0.29339167
