year,y_true,y_pred
2018,0.0,0.30933332
2019,0.0,0.3842222
2020,1.4,0.3842222
2021,0.0,0.3842222
2022,1.46,0.3842222
