year,y_true,y_pred
2018,4.23,10.113803
2019,5.62,9.65616
2020,27.98,4.5525146
2021,16.72,2.1078823
2022,29.17,4.092972
