year,y_true,y_pred
2018,15.51,8.567201
2019,15.45,5.666631
2020,11.19,5.666631
2021,22.3,8.567201
2022,43.75,5.666631
