year,y_true,y_pred
2018,55.0,62.417
2019,56.18,53.434315
2020,181.85,53.434315
2021,124.03,62.417
2022,129.79,55.563377
