year,y_true,y_pred
2018,86.2,52.209057
2019,59.09,52.145306
2020,72.4,43.91378
2021,67.93,43.91378
2022,33.47,43.91378
