year,y_true,y_pred
2018,2.05,0.57328755
2019,3.0,0.12217666
2020,0.0,1.0000654
2021,1.91,0.11285671
2022,1.05,0.112433836
