year,y_true,y_pred
2018,18.47,7.9196897
2019,9.01,9.827999
2020,6.85,11.186148
2021,13.39,4.691205
2022,17.78,9.677177
