year,y_true,y_pred
2018,0.0,0.7011666
2019,1.0,0.7011666
2020,0.98,0.7011666
2021,0.0,0.7011666
2022,0.0,0.7011666
