year,y_true,y_pred
2018,66.7,36.63335
2019,46.07,37.269123
2020,62.62,34.588356
2021,69.85,31.88907
2022,54.39,34.588356
