year,y_true,y_pred
2018,67.73,56.354095
2019,48.07,48.20935
2020,69.46,59.55648
2021,62.19,56.354095
2022,75.31,56.354095
