mae,rmse,r2,city,model,sequence_length,forecast_horizon,normalization,val_size
0.060860515171283845,0.09916594114583001,-0.5206989863775391,3549904,xgboost,8,4,,
