year,y_true,y_pred
2018,270.04,362.5176
2019,427.29,331.82596
2020,171.28,256.70667
2021,343.25,288.63052
2022,468.16,247.67764
