year,y_true,y_pred
2018,14.21,28.594666
2019,28.49,44.54629
2020,0.0,44.54629
2021,57.21,44.54629
2022,74.91,28.594666
