year,y_true,y_pred
2018,56.85,41.29752
2019,28.49,41.29752
2020,57.09,52.18351
2021,85.81,41.29752
2022,262.17,41.25905
