year,y_true,y_pred
2018,56.85,14.396148
2019,28.49,14.396148
2020,57.09,14.396148
2021,28.6,14.396148
2022,18.73,14.396148
