year,y_true,y_pred
2018,0.0,7.6183333
2019,14.24,4.583479
2020,14.27,7.550333
2021,28.6,4.583479
2022,18.73,4.583479
