year,y_true,y_pred
2018,20.57,47.67758
2019,20.5,47.67758
2020,71.52,47.67758
2021,71.3,42.348206
2022,38.96,42.348206
