year,y_true,y_pred
2018,205.66,155.32504
2019,174.25,155.32504
2020,163.48,155.32504
2021,234.29,155.32504
2022,204.54,130.26534
