year,y_true,y_pred
2018,82.26,24.602541
2019,61.5,26.219542
2020,40.87,24.602541
2021,71.3,24.602541
2022,48.7,24.602541
