year,y_true,y_pred
2018,61.7,29.871334
2019,30.75,41.819668
2020,61.31,27.949167
2021,20.37,41.819668
2022,97.4,23.935501
