year,y_true,y_pred
2018,0.0,0.99008334
2019,10.25,0.99008334
2020,0.0,0.99008334
2021,0.0,0.99008334
2022,0.0,0.99008334
