year,y_true,y_pred
2018,15.24,32.44772
2019,20.26,39.75475
2020,45.06,30.720617
2021,59.93,38.7541
2022,60.58,33.16187
