year,y_true,y_pred
2018,34.6,29.291584
2019,39.92,30.072668
2020,22.57,29.230083
2021,25.14,29.291584
2022,39.75,32.546585
