year,y_true,y_pred
2018,319.7,254.01086
2019,295.82,228.67778
2020,254.93,213.45135
2021,241.88,221.34344
2022,242.96,221.34344
