year,y_true,y_pred
2018,18.53,6.348375
2019,4.55,6.286875
2020,4.47,6.451875
2021,0.0,6.348375
2022,14.02,6.239
