year,y_true,y_pred
2018,319.12,589.03186
2019,664.65,451.36993
2020,325.77,694.5203
2021,112.1,489.75128
2022,224.59,475.51932
