year,y_true,y_pred
2018,19.34,27.324028
2019,58.65,29.95704
2020,19.74,28.262878
2021,28.02,29.95704
2022,8.02,27.801712
