year,y_true,y_pred
2018,62.41,30.927874
2019,44.21,29.6717
2020,52.62,30.927874
2021,51.15,30.927874
2022,43.24,30.927874
