year,y_true,y_pred
2018,761.37,728.49023
2019,813.78,920.8128
2020,588.95,920.8128
2021,525.43,690.95874
2022,692.47,679.92505
