year,y_true,y_pred
2018,40.4,59.008625
2019,49.13,61.0514
2020,54.64,61.0514
2021,54.04,57.53825
2022,53.52,57.53825
