year,y_true,y_pred
2018,183.17,599.25836
2019,414.56,599.25836
2020,336.05,599.25836
2021,219.24,599.25836
2022,243.0,599.25836
