year,y_true,y_pred
2018,13.08,31.569094
2019,25.91,31.569094
2020,64.62,31.569094
2021,90.28,37.245422
2022,38.37,128.93758
