year,y_true,y_pred
2018,116.71,22.041475
2019,77.52,22.197348
2020,19.31,52.269745
2021,96.23,62.794327
2022,83.0,30.851229
