year,y_true,y_pred
2018,39.94,40.049168
2019,60.17,52.64517
2020,80.56,42.319336
2021,20.23,46.72617
2022,211.42,55.552418
