year,y_true,y_pred
2018,35.27,29.005617
2019,108.95,57.250065
2020,112.17,29.005617
2021,57.74,29.005617
2022,142.7,57.250065
