year,y_true,y_pred
2018,248.35,75.74883
2019,261.87,75.74883
2020,187.81,75.74883
2021,225.87,75.74883
2022,403.95,75.74883
