year,y_true,y_pred
2018,19.74,3.215707
2019,25.67,3.215707
2020,17.26,3.215707
2021,21.08,3.215707
2022,28.23,3.215707
