year,y_true,y_pred
2018,9.35,9.231958
2019,11.3,9.212459
2020,13.2,10.613459
2021,16.06,9.204958
2022,10.71,9.204958
