year,y_true,y_pred
2018,1.04,1.8774687
2019,0.0,3.397
2020,1.02,2.353625
2021,2.01,2.353625
2022,1.95,1.8774687
