year,y_true,y_pred
2018,75.86,65.36029
2019,64.7,72.492424
2020,76.14,68.72951
2021,87.34,75.830215
2022,81.76,67.69771
