year,y_true,y_pred
2018,0.0,0.12769184
2019,0.0,0.34471732
2020,2.03,0.34471732
2021,0.0,0.34471732
2022,0.0,0.34471732
