year,y_true,y_pred
2018,41.2,35.687458
2019,20.27,24.868671
2020,19.95,28.888083
2021,9.83,63.722794
2022,63.32,45.53441
