year,y_true,y_pred
2018,618.05,580.18854
2019,557.36,536.909
2020,538.76,547.345
2021,481.62,547.345
2022,717.6,504.90298
