year,y_true,y_pred
2018,10.3,8.094433
2019,20.27,12.387667
2020,0.0,10.303646
2021,19.66,8.094433
2022,0.0,10.077208
