year,y_true,y_pred
2018,10.3,15.808687
2019,30.4,12.591
2020,19.95,9.642
2021,9.83,10.244625
2022,42.21,9.642
