year,y_true,y_pred
2018,24.79,52.760582
2019,49.71,52.760582
2020,53.99,52.760582
2021,33.31,55.92346
2022,85.1,59.602085
