year,y_true,y_pred
2018,8.26,5.6640997
2019,8.29,7.879375
2020,16.61,7.879375
2021,20.82,6.670375
2022,17.92,6.670375
