year,y_true,y_pred
2018,78.5,47.83867
2019,91.14,37.57227
2020,103.82,47.83867
2021,95.75,47.83867
2022,152.28,47.83867
