year,y_true,y_pred
2018,0.0,0.6817143
2019,0.0,0.6817143
2020,0.0,0.6817143
2021,0.0,0.6817143
2022,4.48,0.6817143
