year,y_true,y_pred
2018,53.36,249.23424
2019,187.17,275.5602
2020,107.15,275.5602
2021,241.48,249.23424
2022,133.6,275.5602
