year,y_true,y_pred
2018,634.52,618.55597
2019,639.96,599.30896
2020,470.02,599.30896
2021,524.89,618.33496
2022,430.08,618.33496
