year,y_true,y_pred
2018,63.45,40.116665
2019,60.95,40.116665
2020,51.45,40.116665
2021,74.65,40.116665
2022,40.01,40.116665
