year,y_true,y_pred
2018,0.0,1.5631012
2019,0.0,0.54742634
2020,0.0,0.54742634
2021,2.33,0.54742634
2022,2.5,0.54742634
