year,y_true,y_pred
2018,136.3,158.11284
2019,157.06,158.11284
2020,126.27,158.11284
2021,130.64,158.11284
2022,137.52,150.44354
