year,y_true,y_pred
2018,54.05,71.19246
2019,39.85,64.55176
2020,53.78,65.934494
2021,69.99,64.55176
2022,65.01,66.67678
