year,y_true,y_pred
2018,0.0,0.2899892
2019,0.0,0.2899892
2020,0.0,0.2899892
2021,0.0,0.2899892
2022,0.0,0.2899892
