year,y_true,y_pred
2018,18.8,19.97575
2019,18.75,22.814875
2020,14.03,19.97575
2021,30.33,19.97575
2022,25.0,19.44325
