year,y_true,y_pred
2018,22.42,61.17346
2019,29.46,61.17346
2020,43.56,61.17346
2021,14.32,61.17346
2022,27.26,61.17346
