year,y_true,y_pred
2018,119.58,152.95453
2019,139.93,135.85966
2020,130.69,144.00554
2021,93.1,135.85966
2022,109.03,164.60803
