year,y_true,y_pred
2018,14.95,20.29027
2019,7.36,23.553665
2020,7.26,23.553665
2021,7.16,23.553665
2022,6.81,23.553665
