year,y_true,y_pred
2018,457.5,607.18506
2019,494.87,563.4577
2020,329.98,607.18506
2021,436.52,607.18506
2022,445.24,607.18506
