year,y_true,y_pred
2018,58.52,28.049427
2019,47.89,28.049427
2020,42.58,28.049427
2021,47.91,28.049427
2022,59.73,28.049427
