year,y_true,y_pred
2018,234.24,176.61217
2019,218.11,201.73134
2020,355.54,201.73134
2021,258.68,201.73134
2022,380.53,201.73134
