year,y_true,y_pred
2018,21.29,15.784645
2019,63.32,15.784645
2020,28.44,15.784645
2021,50.3,15.784645
2022,13.35,15.784645
