year,y_true,y_pred
2018,415.83,362.50952
2019,439.92,366.62378
2020,436.59,386.48724
2021,425.39,386.48724
2022,432.73,314.9263
