year,y_true,y_pred
2018,78.74,44.80633
2019,64.41,44.80633
2020,46.24,44.26483
2021,66.17,42.08383
2022,54.91,44.80633
