year,y_true,y_pred
2018,0.0,0.14624166
2019,0.0,0.14624166
2020,0.0,0.14624166
2021,0.0,0.14624166
2022,0.0,0.14624166
