year,y_true,y_pred
2018,59.4,29.619766
2019,72.64,29.614357
2020,66.64,29.614357
2021,59.42,29.614357
2022,70.6,29.614357
