year,y_true,y_pred
2018,12.43,9.164
2019,10.96,9.164
2020,16.32,10.187375
2021,14.85,9.164
2022,17.0,10.205375
