year,y_true,y_pred
2018,78.74,58.594543
2019,89.08,58.594543
2020,80.25,58.594543
2021,90.48,58.594543
2022,82.36,58.594543
