year,y_true,y_pred
2018,42.65,46.042
2019,54.5,43.302814
2020,97.13,46.640312
2021,82.91,49.963375
2022,68.98,46.042
