year,y_true,y_pred
2018,547.38,470.8002
2019,616.04,453.97003
2020,561.48,591.36993
2021,668.02,453.97003
2022,665.35,740.56305
