year,y_true,y_pred
2018,42.23,54.185467
2019,62.8,54.185467
2020,20.76,57.854916
2021,41.19,54.185467
2022,153.89,75.892334
