year,y_true,y_pred
2018,358.95,602.77374
2019,523.34,703.10034
2020,145.32,644.02136
2021,432.45,703.10034
2022,564.25,703.10034
