year,y_true,y_pred
2018,559.19,679.40405
2019,611.26,624.89795
2020,504.21,683.27435
2021,574.43,575.0929
2022,550.16,578.16565
