year,y_true,y_pred
2018,64.03,50.874542
2019,65.59,48.692043
2020,72.99,50.874542
2021,79.44,50.874542
2022,61.93,50.874542
