year,y_true,y_pred
2018,31.57,31.151213
2019,39.29,27.777
2020,41.63,28.802889
2021,47.72,29.575201
2022,38.45,29.575201
