year,y_true,y_pred
2018,0.0,0.107999995
2019,0.0,0.107999995
2020,0.0,0.107999995
2021,0.0,0.107999995
2022,0.0,0.107999995
