year,y_true,y_pred
2018,0.0,0.14166667
2019,0.89,0.14166667
2020,0.0,0.107208334
2021,1.16,0.17308334
2022,0.0,0.107208334
