year,y_true,y_pred
2018,10.33,8.425475
2019,12.11,8.12731
2020,17.59,8.233432
2021,23.28,7.84695
2022,22.97,7.84695
