year,y_true,y_pred
2018,106.23,92.58876
2019,111.97,92.58876
2020,113.15,92.58876
2021,120.18,92.58876
2022,97.54,92.58876
