year,y_true,y_pred
2018,143.99,52.271
2019,115.39,52.78225
2020,72.23,52.78225
2021,115.76,54.98425
2022,146.05,52.78225
