year,y_true,y_pred
2018,53.84,95.281624
2019,71.21,107.60769
2020,61.83,86.349686
2021,61.37,86.349686
2022,58.9,86.349686
