year,y_true,y_pred
2018,197.94,294.21146
2019,330.59,294.21146
2020,211.34,253.25713
2021,205.42,291.65958
2022,416.35,278.72592
