year,y_true,y_pred
2018,36.83,32.53291
2019,81.51,32.53291
2020,40.47,25.623873
2021,35.73,25.623873
2022,85.28,32.53291
