year,y_true,y_pred
2018,133.49,104.636604
2019,108.69,77.263435
2020,112.42,77.263435
2021,75.92,77.263435
2022,120.39,104.636604
