year,y_true,y_pred
2018,0.0,7.206208
2019,4.53,8.262896
2020,13.49,8.262896
2021,0.0,8.262896
2022,15.05,6.3923955
