year,y_true,y_pred
2018,23.02,42.367126
2019,36.23,11.439219
2020,26.98,46.273758
2021,71.45,11.867033
2022,40.13,39.650394
