year,y_true,y_pred
2018,73.99,62.675552
2019,64.26,63.949265
2020,51.22,59.537327
2021,52.6,63.86207
2022,58.23,63.86207
