year,y_true,y_pred
2018,709.47,778.74084
2019,652.7,773.5481
2020,587.75,773.6099
2021,539.33,786.844
2022,725.65,653.33405
