year,y_true,y_pred
2018,15.85,4.7531667
2019,7.43,4.7531667
2020,7.81,4.7531667
2021,5.6,4.8566666
2022,15.44,4.4030666
