year,y_true,y_pred
2018,7.49,7.9848375
2019,10.05,6.2410407
2020,9.12,7.9848375
2021,10.78,7.9848375
2022,15.44,7.9848375
