year,y_true,y_pred
2018,145.77,133.89557
2019,147.33,133.89557
2020,140.21,133.89557
2021,155.63,133.89557
2022,172.48,133.89557
