year,y_true,y_pred
2018,0.44,0.19627778
2019,0.0,0.19627778
2020,0.0,0.19627778
2021,0.0,0.19627778
2022,0.0,0.19627778
