year,y_true,y_pred
2018,32.59,22.943867
2019,34.97,22.943867
2020,35.16,21.697893
2021,39.66,21.697893
2022,41.91,21.697893
