mae,rmse,r2,city,model,sequence_length,forecast_horizon,normalization,val_size
0.36429834277495127,0.47115630878093734,-0.07733137763283904,1100056,xgboost,8,4,,
