mae,rmse,r2,city,model,sequence_length,forecast_horizon,normalization,val_size
0.8128121513288392,0.9552594920980275,0.0007584109595852873,1100403,xgboost,8,4,,
