mae,rmse,r2,city,model,sequence_length,forecast_horizon,normalization,val_size
0.09886027483307898,0.2010429809720843,-0.001980292216055002,1101468,xgboost,8,4,,
