mae,rmse,r2,city,model,sequence_length,forecast_horizon,normalization,val_size
0.46032126605519125,0.49006869718873797,-0.35296278759573485,1200351,xgboost,8,4,,
