mae,rmse,r2,city,model,sequence_length,forecast_horizon,normalization,val_size
0.33712843301284046,0.5262320672840989,0.030543037207673263,1300086,xgboost,8,4,,
