mae,rmse,r2,city,model,sequence_length,forecast_horizon,normalization,val_size
0.6336522410321793,0.8189348807810886,-0.0022047506327669275,1302009,xgboost,8,4,,
