mae,rmse,r2,city,model,sequence_length,forecast_horizon,normalization,val_size
0.47513732314349855,0.6254149377137798,0.0010826233400987872,1507805,xgboost,8,4,,
