mae,rmse,r2,city,model,sequence_length,forecast_horizon,normalization,val_size
0.17428691228614093,0.22178416395818304,-0.13837324403070572,1600253,xgboost,8,4,,
