mae,rmse,r2,city,model,sequence_length,forecast_horizon,normalization,val_size
0.27597161798495345,0.37227896755426804,-0.21821241192828977,1703891,xgboost,8,4,,
