mae,rmse,r2,city,model,sequence_length,forecast_horizon,normalization,val_size
0.30261810288637636,0.41673648135666336,0.05855934916325456,1703206,xgboost,8,4,,
