mae,rmse,r2,city,model,sequence_length,forecast_horizon,normalization,val_size
0.21685997347118566,0.25312611506155314,-0.12564754810293177,1703305,xgboost,8,4,,
