mae,rmse,r2,city,model,sequence_length,forecast_horizon,normalization,val_size
0.21995521626700798,0.24372730457060146,-0.42598062189158226,1717008,xgboost,8,4,,
