mae,rmse,r2,city,model,sequence_length,forecast_horizon,normalization,val_size
0.09446710551926125,0.22602279992653299,0.11185401497564862,1718881,xgboost,8,4,,
