mae,rmse,r2,city,model,sequence_length,forecast_horizon,normalization,val_size
0.21842351732524942,0.33375323323622835,-0.15705994939273316,1718899,xgboost,8,4,,
