mae,rmse,r2,city,model,sequence_length,forecast_horizon,normalization,val_size
0.09626953841889031,0.24368363348999456,-0.025025544817127265,1718709,xgboost,8,4,,
