mae,rmse,r2,city,model,sequence_length,forecast_horizon,normalization,val_size
0.09145384197827518,0.20593213650270245,0.25819926144128813,1720002,xgboost,8,4,,
