mae,rmse,r2,city,model,sequence_length,forecast_horizon,normalization,val_size
0.3245282249508798,0.39139612905070115,0.018262469523460112,2200459,xgboost,8,4,,
