mae,rmse,r2,city,model,sequence_length,forecast_horizon,normalization,val_size
0.08470120619862365,0.22056643888955643,0.16083665678771275,2202174,xgboost,8,4,,
