mae,rmse,r2,city,model,sequence_length,forecast_horizon,normalization,val_size
0.34928003886822967,0.43702181324191886,-0.20180990727108905,2205151,xgboost,8,4,,
