mae,rmse,r2,city,model,sequence_length,forecast_horizon,normalization,val_size
0.23807251326079862,0.34131753695622297,-0.21590626610448638,2205573,xgboost,8,4,,
