mae,rmse,r2,city,model,sequence_length,forecast_horizon,normalization,val_size
0.43290586191297514,0.6139345335360995,-0.038313303895971984,2206050,xgboost,8,4,,
