mae,rmse,r2,city,model,sequence_length,forecast_horizon,normalization,val_size
0.28148605711493785,0.33871792061611355,-0.004197963291920459,2208502,xgboost,8,4,,
