mae,rmse,r2,city,model,sequence_length,forecast_horizon,normalization,val_size
0.20182780817649115,0.28078113834056034,0.10938667676660152,2406403,xgboost,8,4,,
