mae,rmse,r2,city,model,sequence_length,forecast_horizon,normalization,val_size
0.27162478043044763,0.32162342813077177,-0.07365675245796188,2412104,xgboost,8,4,,
