mae,rmse,r2,city,model,sequence_length,forecast_horizon,normalization,val_size
0.1628634350675681,0.21108044509831192,-0.032637664586452564,2505907,xgboost,8,4,,
