mae,rmse,r2,city,model,sequence_length,forecast_horizon,normalization,val_size
0.22149593491715375,0.33723200464985637,-0.011400751900379369,2513943,xgboost,8,4,,
