mae,rmse,r2,city,model,sequence_length,forecast_horizon,normalization,val_size
0.31822347522304373,0.41292560185567695,-0.17698485418188126,2514305,xgboost,8,4,,
