mae,rmse,r2,city,model,sequence_length,forecast_horizon,normalization,val_size
0.37279550251948124,0.4966522100648062,0.058444694738184366,2705606,xgboost,8,4,,
