mae,rmse,r2,city,model,sequence_length,forecast_horizon,normalization,val_size
0.27124226855797073,0.35671340578449884,-0.09534731324287415,2805109,xgboost,8,4,,
