mae,rmse,r2,city,model,sequence_length,forecast_horizon,normalization,val_size
0.39981873337318724,0.47840874664494115,0.29288327883473875,2904753,xgboost,8,4,,
