mae,rmse,r2,city,model,sequence_length,forecast_horizon,normalization,val_size
0.40862490519515177,0.6512771048476695,0.007870027014219017,2922755,xgboost,8,4,,
