mae,rmse,r2,city,model,sequence_length,forecast_horizon,normalization,val_size
0.8579948437499573,1.1316462834246643,-0.0012432126445265368,3114501,xgboost,8,4,,
