mae,rmse,r2,city,model,sequence_length,forecast_horizon,normalization,val_size
0.44496890289350777,0.5554160363082923,-0.031548385032616366,3119500,xgboost,8,4,,
