mae,rmse,r2,city,model,sequence_length,forecast_horizon,normalization,val_size
0.42171073909183404,0.5430452186526852,0.039551584161205744,3124807,xgboost,8,4,,
