mae,rmse,r2,city,model,sequence_length,forecast_horizon,normalization,val_size
0.33782544687068505,0.49387929021503235,-0.07012373600833088,3124708,xgboost,8,4,,
