mae,rmse,r2,city,model,sequence_length,forecast_horizon,normalization,val_size
0.3875989930044209,0.5580549517381336,-0.0031244712892426474,3125507,xgboost,8,4,,
