mae,rmse,r2,city,model,sequence_length,forecast_horizon,normalization,val_size
0.30810099490705173,0.37656727464736234,-0.22812092745957546,3127354,xgboost,8,4,,
