mae,rmse,r2,city,model,sequence_length,forecast_horizon,normalization,val_size
0.32225285693012734,0.3957897374280918,-0.053300839371421826,3135076,xgboost,8,4,,
