mae,rmse,r2,city,model,sequence_length,forecast_horizon,normalization,val_size
0.26499160453912046,0.34032884882227177,0.36758038912059965,3146404,xgboost,8,4,,
