mae,rmse,r2,city,model,sequence_length,forecast_horizon,normalization,val_size
0.37536514806157895,0.5287991218023738,0.007317097667761563,3148400,xgboost,8,4,,
