mae,rmse,r2,city,model,sequence_length,forecast_horizon,normalization,val_size
0.48454031310133955,0.6322680517964179,-0.027104417611825804,3200300,xgboost,8,4,,
