mae,rmse,r2,city,model,sequence_length,forecast_horizon,normalization,val_size
0.36953596137669786,0.48622209324708765,0.15114545295811643,3204401,xgboost,8,4,,
