mae,rmse,r2,city,model,sequence_length,forecast_horizon,normalization,val_size
0.9839158016532014,1.0992532466678615,0.0063666116422674834,3305406,xgboost,8,4,,
