mae,rmse,r2,city,model,sequence_length,forecast_horizon,normalization,val_size
0.11717960870187308,0.19780759746631685,0.31220531752872105,3503950,xgboost,8,4,,
