mae,rmse,r2,city,model,sequence_length,forecast_horizon,normalization,val_size
0.18164846730810866,0.2335145141808377,0.060894903248998156,3512704,xgboost,8,4,,
