mae,rmse,r2,city,model,sequence_length,forecast_horizon,normalization,val_size
0.2437095918695062,0.30433904177245685,-0.029233062468337456,3532843,xgboost,8,4,,
