mae,rmse,r2,city,model,sequence_length,forecast_horizon,normalization,val_size
0.36822438370189625,0.40799644279769065,-0.14259420708467485,3533106,xgboost,8,4,,
