mae,rmse,r2,city,model,sequence_length,forecast_horizon,normalization,val_size
0.5981436156096138,0.8227950907354749,0.0021211386853363656,3547908,xgboost,8,4,,
