mae,rmse,r2,city,model,sequence_length,forecast_horizon,normalization,val_size
0.24134193394319264,0.34587132903682954,0.17600648006872388,3555901,xgboost,8,4,,
