mae,rmse,r2,city,model,sequence_length,forecast_horizon,normalization,val_size
0.32380893960672263,0.48343250206880956,0.20117135281538423,4103040,xgboost,8,4,,
