mae,rmse,r2,city,model,sequence_length,forecast_horizon,normalization,val_size
0.45172774052555487,0.5647459015205654,0.0009257591760473138,4108650,xgboost,8,4,,
