mae,rmse,r2,city,model,sequence_length,forecast_horizon,normalization,val_size
0.42434831995170963,0.5192198046392635,-0.026888122506917078,4113106,xgboost,8,4,,
