mae,rmse,r2,city,model,sequence_length,forecast_horizon,normalization,val_size
0.20377934864187483,0.32371799709842985,0.26023043739019713,4209805,xgboost,8,4,,
