mae,rmse,r2,city,model,sequence_length,forecast_horizon,normalization,val_size
0.41937868600332445,0.5457148687669993,0.027598845935852157,4215109,xgboost,8,4,,
