mae,rmse,r2,city,model,sequence_length,forecast_horizon,normalization,val_size
0.32027866666527804,0.36827425353562465,-0.41821132838713515,4219150,xgboost,8,4,,
