mae,rmse,r2,city,model,sequence_length,forecast_horizon,normalization,val_size
0.13120664714044672,0.20926779474251084,-0.012175179795139712,4304622,xgboost,8,4,,
