mae,rmse,r2,city,model,sequence_length,forecast_horizon,normalization,val_size
0.31662339444891413,0.4783038841046324,0.011341367171257777,4307559,xgboost,8,4,,
