mae,rmse,r2,city,model,sequence_length,forecast_horizon,normalization,val_size
0.22037820242980813,0.2954681951114562,0.010570729812506618,4309803,xgboost,8,4,,
