mae,rmse,r2,city,model,sequence_length,forecast_horizon,normalization,val_size
0.11487928327478657,0.20852451040184594,0.23389110309004624,4310702,xgboost,8,4,,
