mae,rmse,r2,city,model,sequence_length,forecast_horizon,normalization,val_size
0.43751008776119965,0.5343867574980053,0.030585528737145484,5005152,xgboost,8,4,,
