mae,rmse,r2,city,model,sequence_length,forecast_horizon,normalization,val_size
0.19929927736047715,0.2451617894995691,-0.049253441955342536,5007554,xgboost,8,4,,
