mae,rmse,r2,city,model,sequence_length,forecast_horizon,normalization,val_size
0.12590626540973296,0.25303708381322565,-0.12436702441315894,5100359,xgboost,8,4,,
