mae,rmse,r2,city,model,sequence_length,forecast_horizon,normalization,val_size
0.25234338574474197,0.34731481022624006,-0.03088863674466369,5101605,xgboost,8,4,,
