mae,rmse,r2,city,model,sequence_length,forecast_horizon,normalization,val_size
0.38753353575482413,0.49906491853833607,0.13615597784157119,5106216,xgboost,8,4,,
