mae,rmse,r2,city,model,sequence_length,forecast_horizon,normalization,val_size
0.32799131916595836,0.47422389280854127,0.07880392367876354,5106265,xgboost,8,4,,
