mae,rmse,r2,city,model,sequence_length,forecast_horizon,normalization,val_size
0.30783070732907547,0.35937589420642707,-0.03394010792202318,5106273,xgboost,8,4,,
