mae,rmse,r2,city,model,sequence_length,forecast_horizon,normalization,val_size
0.30918212189543537,0.49985958931585783,0.35382299302361375,5108204,xgboost,8,4,,
