mae,rmse,r2,city,model,sequence_length,forecast_horizon,normalization,val_size
0.36374985094720924,0.40678114777163826,-0.43332119283691206,5200852,xgboost,8,4,,
