mae,rmse,r2,city,model,sequence_length,forecast_horizon,normalization,val_size
0.37998868846394707,0.49982628637205834,0.11543147298108447,5205471,xgboost,8,4,,
