mae,rmse,r2,city,model,sequence_length,forecast_horizon,normalization,val_size
0.13200981081426155,0.22736532965089534,0.11654752815915559,5208152,xgboost,8,4,,
