mae,rmse,r2,city,model,sequence_length,forecast_horizon,normalization,val_size
0.17727783696702035,0.23960475449679705,0.00196550303416565,5214879,xgboost,8,4,,
