mae,rmse,r2,city,model,sequence_length,forecast_horizon,normalization,val_size
0.34640294794357845,0.36669179655181366,-0.07319205996642264,5215652,xgboost,8,4,,
