mae,rmse,r2,city,model,sequence_length,forecast_horizon,normalization,val_size
0.25350337243222376,0.40494061328785985,0.47157835471923926,5218789,xgboost,8,4,,
