year,y_true,y_pred
2018,62.7,13.837067
2019,63.69,13.837067
2020,0.0,13.837067
2021,0.0,25.741333
2022,0.0,25.741333
