year,y_true,y_pred
2018,376.18,588.91223
2019,764.33,653.062
2020,646.83,654.64
2021,592.11,748.78674
2022,504.2,588.91223
