year,y_true,y_pred
2018,94.43,105.876625
2019,141.84,158.08562
2020,94.65,158.08562
2021,47.37,105.876625
2022,115.56,158.08562
