year,y_true,y_pred
2018,113.55,51.45378
2019,57.0,51.45378
2020,19.07,51.45378
2021,0.0,53.287632
2022,57.86,53.287632
