year,y_true,y_pred
2018,416.35,555.93195
2019,551.02,530.02344
2020,457.75,460.29044
2021,402.14,578.2281
2022,578.59,530.02344
