year,y_true,y_pred
2018,96.15,61.55854
2019,13.7,68.57748
2020,54.68,66.001335
2021,95.47,68.57748
2022,127.29,61.55854
