year,y_true,y_pred
2018,0.0,41.033424
2019,0.0,28.479467
2020,0.0,41.999123
2021,141.34,41.999123
2022,103.23,37.829483
