year,y_true,y_pred
2018,264.25,234.80302
2019,239.52,234.80302
2020,263.06,309.17404
2021,209.3,234.80302
2022,355.65,309.17404
