year,y_true,y_pred
2018,29.36,39.01181
2019,36.19,40.85473
2020,37.83,36.38609
2021,27.45,39.15796
2022,41.74,40.85473
