year,y_true,y_pred
2018,0.0,0.00074569345
2019,0.0,0.7348501
2020,0.0,0.7348501
2021,0.0,0.7348501
2022,0.0,0.7348501
