year,y_true,y_pred
2018,3.45,3.649625
2019,1.72,3.649625
2020,0.0,3.649625
2021,3.43,4.535375
2022,11.69,5.642
