year,y_true,y_pred
2018,17.27,16.598833
2019,10.34,9.7189045
2020,3.44,16.598833
2021,3.43,9.7189045
2022,8.35,13.857608
