year,y_true,y_pred
2018,60.05,54.853024
2019,99.74,74.56709
2020,19.88,74.56709
2021,138.78,65.28002
2022,40.68,50.139133
