year,y_true,y_pred
2018,78.68,70.936005
2019,118.91,70.936005
2020,39.92,70.936005
2021,40.19,70.936005
2022,36.01,70.936005
