year,y_true,y_pred
2018,489.81,637.55865
2019,781.25,637.55865
2020,596.89,714.4852
2021,703.87,472.7623
2022,636.68,714.4852
