year,y_true,y_pred
2018,28.39,34.40819
2019,42.61,40.751976
2020,21.32,33.145737
2021,14.22,18.847486
2022,40.64,35.58682
