year,y_true,y_pred
2018,53.07,59.88046
2019,43.84,50.805023
2020,26.08,66.376526
2021,34.49,66.376526
2022,85.68,55.07446
