year,y_true,y_pred
2018,27.95,36.482124
2019,30.86,32.859875
2020,18.41,32.859875
2021,42.71,32.859875
2022,67.17,32.859875
