year,y_true,y_pred
2018,518.6,722.68945
2019,574.02,738.49854
2020,358.94,738.49854
2021,472.88,738.49854
2022,681.76,738.49854
