year,y_true,y_pred
2018,452.84,458.15033
2019,428.46,425.15015
2020,371.87,425.15015
2021,358.72,425.15015
2022,494.27,458.15033
