year,y_true,y_pred
2018,25.77,51.862377
2019,46.81,63.415226
2020,60.79,45.696625
2021,28.41,56.303867
2022,49.84,63.415226
