year,y_true,y_pred
2018,110.45,73.90382
2019,93.61,76.26688
2020,125.15,78.216
2021,63.93,70.59387
2022,83.07,78.264
