year,y_true,y_pred
2018,29.45,40.327198
2019,75.61,37.492744
2020,50.06,29.583996
2021,53.27,48.855602
2022,107.99,48.855602
