year,y_true,y_pred
2018,0.0,0.5684543
2019,0.0,0.5684543
2020,0.0,0.5684543
2021,0.0,0.5684543
2022,0.0,0.5684543
