year,y_true,y_pred
2018,101.32,42.555664
2019,80.27,42.555664
2020,49.7,42.555664
2021,39.4,42.555664
2022,34.49,47.43552
