year,y_true,y_pred
2018,1732.52,1007.00024
2019,1705.8,1007.00024
2020,1133.2,1007.00024
2021,581.11,1084.8007
2022,735.8,1041.6764
