year,y_true,y_pred
2018,804.22,851.35016
2019,1691.63,855.43317
2020,1331.48,750.7759
2021,1109.57,763.5016
2022,1008.61,804.1081
