year,y_true,y_pred
2018,55.46,49.48275
2019,55.46,49.48275
2020,55.48,49.48275
2021,138.7,49.48275
2022,0.0,49.48275
