year,y_true,y_pred
2018,578.96,701.03796
2019,388.73,701.03796
2020,815.66,701.03796
2021,1248.36,753.183
2022,809.87,903.68
