year,y_true,y_pred
2018,96.49,59.33746
2019,32.39,62.772667
2020,32.63,54.36302
2021,32.85,54.36302
2022,115.7,75.83267
