year,y_true,y_pred
2018,50.18,34.026356
2019,149.27,43.53003
2020,49.35,32.97661
2021,36.73,90.59882
2022,11.63,67.255714
