year,y_true,y_pred
2018,338.73,767.80963
2019,373.18,781.79395
2020,320.79,742.4877
2021,367.29,775.08905
2022,383.72,775.08905
