year,y_true,y_pred
2018,46.64,10.8305855
2019,47.48,15.766125
2020,145.07,10.8305855
2021,147.64,35.0631
2022,235.63,35.0631
