year,y_true,y_pred
2018,36.7,26.69919
2019,36.62,26.69919
2020,0.0,26.69919
2021,0.0,26.69919
2022,36.21,26.69919
