year,y_true,y_pred
2018,1064.22,1069.9597
2019,1318.2,975.04565
2020,584.58,1024.6193
2021,656.46,1069.9597
2022,905.14,975.04565
