year,y_true,y_pred
2018,303.11,867.90424
2019,230.89,867.90424
2020,417.32,867.90424
2021,238.6,867.90424
2022,450.26,867.90424
