year,y_true,y_pred
2018,0.0,54.70325
2019,0.0,47.4695
2020,52.16,44.171
2021,53.02,44.171
2022,64.32,54.70325
