year,y_true,y_pred
2018,42.57,36.484917
2019,21.17,36.484917
2020,42.13,37.071415
2021,55.92,37.288918
2022,60.53,37.324917
