year,y_true,y_pred
2018,351.16,450.33243
2019,232.9,401.5838
2020,301.96,450.33243
2021,300.56,450.33243
2022,348.95,450.33243
