year,y_true,y_pred
2018,773.8,714.48065
2019,721.59,714.48065
2020,477.03,714.48065
2021,351.94,714.48065
2022,550.46,714.48065
