year,y_true,y_pred
2018,32.7,69.409325
2019,65.6,64.951195
2020,49.35,87.38858
2021,38.49,64.951195
2022,45.87,68.18728
