year,y_true,y_pred
2018,327.87,875.33246
2019,402.68,875.33246
2020,208.96,875.33246
2021,253.88,875.33246
2022,484.85,875.33246
