year,y_true,y_pred
2018,14.9,32.95871
2019,74.57,25.901146
2020,29.85,32.95871
2021,14.93,25.901146
2022,30.3,32.95871
