year,y_true,y_pred
2018,70.07,32.718224
2019,62.86,32.718224
2020,64.34,32.718224
2021,81.0,32.718224
2022,67.75,32.718224
