year,y_true,y_pred
2018,11.96,15.737784
2019,16.99,17.362185
2020,8.47,16.35361
2021,10.13,19.41948
2022,3.57,15.737784
