year,y_true,y_pred
2018,73.48,113.80551
2019,74.75,113.80551
2020,49.1,100.68483
2021,69.19,100.68483
2022,74.88,79.52235
