year,y_true,y_pred
2018,1.71,0.95483404
2019,5.1,0.95483404
2020,0.0,1.8402389
2021,0.0,0.0047799633
2022,0.0,0.0017450436
