year,y_true,y_pred
2018,114.5,71.31586
2019,117.23,71.31586
2020,88.04,69.2413
2021,118.13,69.2413
2022,115.89,71.31586
