year,y_true,y_pred
2018,40.07,25.159735
2019,0.0,44.48206
2020,40.06,21.169283
2021,0.0,25.159735
2022,38.93,21.169283
