year,y_true,y_pred
2018,40.07,206.797
2019,120.21,167.87202
2020,160.26,124.55071
2021,160.24,83.76653
2022,233.58,124.55071
