year,y_true,y_pred
2018,187.02,88.02216
2019,53.43,106.40034
2020,133.55,69.3165
2021,200.29,106.40034
2022,77.86,83.94067
