year,y_true,y_pred
2018,31.05,56.451668
2019,46.46,56.451668
2020,23.18,53.56721
2021,100.22,57.96665
2022,57.24,48.34721
