year,y_true,y_pred
2018,38.81,39.443886
2019,30.98,39.539104
2020,7.73,33.294117
2021,38.55,34.074745
2022,66.78,39.539104
