year,y_true,y_pred
2018,7.76,21.925083
2019,30.98,21.925083
2020,23.18,20.209957
2021,30.84,20.209957
2022,0.0,20.209957
