year,y_true,y_pred
2018,108.67,126.20741
2019,92.93,126.20741
2020,61.81,126.21877
2021,92.51,97.689835
2022,95.4,126.21824
