year,y_true,y_pred
2018,21.58,87.75667
2019,119.9,87.75667
2020,110.1,85.71333
2021,66.7,81.42667
2022,97.51,80.95133
