year,y_true,y_pred
2018,15.97,11.386667
2019,23.87,11.566667
2020,47.59,11.566667
2021,39.54,12.866834
2022,0.0,12.866834
