year,y_true,y_pred
2018,142.21,295.03473
2019,281.29,334.88077
2020,194.77,335.50195
2021,82.62,415.76285
2022,89.9,334.88077
