year,y_true,y_pred
2018,0.0,53.619667
2019,28.13,53.619667
2020,27.82,53.619667
2021,0.0,53.619667
2022,29.97,53.619667
