year,y_true,y_pred
2018,113.44,35.20233
2019,0.0,35.20233
2020,19.05,35.20233
2021,19.13,25.763103
2022,41.96,31.658333
