year,y_true,y_pred
2018,66.12,88.45633
2019,65.84,81.85391
2020,78.67,81.85391
2021,52.23,88.45633
2022,89.34,83.59392
