year,y_true,y_pred
2018,48.2,13.673709
2019,47.88,14.781667
2020,0.0,14.781667
2021,23.63,9.809709
2022,0.0,13.673709
