year,y_true,y_pred
2018,144.61,148.08337
2019,311.23,148.08337
2020,71.34,228.67456
2021,212.67,165.07263
2022,497.84,303.16162
