year,y_true,y_pred
2018,0.0,6.0531096
2019,34.26,6.0531096
2020,34.14,6.0531096
2021,68.05,6.0531096
2022,33.91,0.002397972
