year,y_true,y_pred
2018,309.49,547.89264
2019,685.17,503.17456
2020,443.84,608.60565
2021,374.28,476.12265
2022,373.01,526.14044
