mae,rmse,r2,city,model,sequence_length,forecast_horizon,normalization,val_size
0.39244610348384185,0.45842692982794403,-0.23212668274234738,3145851,xgboost,8,4,,
