year,y_true,y_pred
2018,62.41,81.311356
2019,20.74,81.311356
2020,82.75,81.311356
2021,82.53,81.311356
2022,118.65,75.11329
