year,y_true,y_pred
2018,603.29,931.549
2019,788.22,945.35095
2020,868.85,945.35095
2021,804.62,1019.2057
2022,1542.48,1019.2057
