year,y_true,y_pred
2018,34.44,38.523933
2019,114.67,48.814667
2020,22.9,38.523933
2021,68.63,41.700333
2022,61.32,38.523933
