year,y_true,y_pred
2018,70.77,58.207115
2019,84.54,58.207115
2020,70.15,83.37859
2021,97.81,83.37859
2022,40.98,83.37859
