year,y_true,y_pred
2018,115.91,83.840706
2019,66.1,83.840706
2020,82.47,90.40471
2021,49.39,83.840706
2022,103.38,96.93067
