year,y_true,y_pred
2018,1490.31,1036.4614
2019,1685.67,994.58136
2020,874.15,994.58136
2021,1152.45,994.58136
2022,1395.59,1036.4614
