year,y_true,y_pred
2018,82.8,79.82525
2019,33.05,79.82525
2020,148.44,67.875084
2021,131.71,79.82525
2022,68.92,79.82525
