year,y_true,y_pred
2018,0.0,13.206461
2019,0.0,13.206461
2020,0.0,13.206461
2021,0.0,13.206461
2022,0.0,13.206461
