year,y_true,y_pred
2018,33.12,13.234815
2019,33.05,11.311073
2020,0.0,5.465187
2021,16.46,5.465187
2022,17.23,6.574148
