year,y_true,y_pred
2018,165.59,69.552414
2019,99.16,77.265335
2020,82.47,57.94733
2021,82.32,68.21117
2022,86.15,68.21117
