year,y_true,y_pred
2018,26.17,27.92548
2019,34.58,27.92548
2020,28.66,27.92548
2021,25.67,17.343193
2022,35.71,27.92548
