year,y_true,y_pred
2018,412.92,306.4745
2019,291.07,306.4745
2020,326.78,315.84235
2021,393.55,332.62097
2022,363.06,306.4745
