year,y_true,y_pred
2018,2.91,0.011615533
2019,2.88,0.032556005
2020,0.0,0.5133493
2021,0.0,0.5133493
2022,2.98,0.5133493
