year,y_true,y_pred
2018,29.08,16.626053
2019,37.46,16.626053
2020,37.26,16.626053
2021,25.67,16.626053
2022,44.64,16.626053
