year,y_true,y_pred
2018,31.99,6.4251003
2019,14.41,6.4251003
2020,20.07,6.4251003
2021,37.07,6.4251003
2022,17.86,6.4251003
