year,y_true,y_pred
2018,95.96,74.870445
2019,100.86,96.92431
2020,91.73,74.870445
2021,65.59,96.92431
2022,107.13,72.40837
