year,y_true,y_pred
2018,2.81,8.845667
2019,6.87,6.3493333
2020,5.37,6.3493333
2021,6.58,6.3493333
2022,4.49,6.3493333
