year,y_true,y_pred
2018,162.95,316.75912
2019,219.73,316.75912
2020,150.5,316.75912
2021,356.6,316.75912
2022,509.81,317.35983
