year,y_true,y_pred
2018,0.0,0.15115151
2019,0.0,0.15115151
2020,0.0,0.15115151
2021,0.0,0.15115151
2022,0.0,0.15115151
