year,y_true,y_pred
2018,9.83,10.360583
2019,4.12,13.297584
2020,4.03,11.487334
2021,2.63,10.360583
2022,11.23,10.360583
