year,y_true,y_pred
2018,15.45,11.5237665
2019,12.36,11.923291
2020,5.37,11.792334
2021,15.79,11.5237665
2022,11.23,11.923291
