year,y_true,y_pred
2018,25.29,28.397667
2019,24.72,28.397667
2020,30.91,29.987709
2021,28.95,29.987709
2022,44.92,29.987709
