year,y_true,y_pred
2018,45.03,23.238653
2019,11.17,13.510338
2020,53.23,7.494114
2021,19.82,13.510338
2022,16.04,28.270678
