year,y_true,y_pred
2018,9.01,16.381561
2019,11.17,16.381561
2020,22.18,16.381561
2021,22.02,14.121062
2022,7.13,14.121062
