year,y_true,y_pred
2018,0.0,0.2888781
2019,0.0,0.2888781
2020,0.0,0.2888781
2021,2.2,0.2888781
2022,0.0,0.2888781
