year,y_true,y_pred
2018,0.0,0.27443045
2019,0.0,0.27443045
2020,2.22,0.27443045
2021,2.2,0.27443045
2022,0.0,0.27443045
