year,y_true,y_pred
2018,77.61,106.96935
2019,38.77,106.96935
2020,38.76,106.96935
2021,77.49,106.96935
2022,69.08,106.96935
