year,y_true,y_pred
2018,0.0,1.2001667
2019,9.27,1.2001667
2020,27.73,1.9852381
2021,9.22,1.3422916
2022,31.82,1.3422916
