year,y_true,y_pred
2018,151.55,288.7982
2019,183.2,261.72272
2020,144.61,261.72272
2021,154.91,261.72272
2022,255.9,261.72272
