year,y_true,y_pred
2018,7.22,24.077333
2019,7.05,19.073292
2020,20.66,19.073292
2021,0.0,24.077333
2022,28.43,22.212791
