year,y_true,y_pred
2018,58.16,25.505869
2019,80.11,14.095243
2020,41.23,14.016145
2021,53.02,14.095243
2022,47.37,14.095243
