year,y_true,y_pred
2018,1328.03,871.1604
2019,1542.16,822.8259
2020,865.89,770.24164
2021,763.44,770.24164
2022,473.68,871.1604
