year,y_true,y_pred
2018,66.69,103.10181
2019,67.05,96.938065
2020,42.12,96.938065
2021,42.33,103.10181
2022,93.6,103.10181
