year,y_true,y_pred
2018,328.65,406.5835
2019,362.9,406.67944
2020,263.49,335.8946
2021,313.02,336.27094
2022,428.33,406.5835
