year,y_true,y_pred
2018,171.97,114.1582
2019,187.18,117.74822
2020,164.2,117.74822
2021,103.07,117.74822
2022,149.71,167.43076
