year,y_true,y_pred
2018,57.32,73.93804
2019,87.86,79.22223
2020,53.46,73.93804
2021,64.9,79.22223
2022,79.01,71.15854
