year,y_true,y_pred
2018,15.29,16.344067
2019,19.1,16.344067
2020,7.64,16.344067
2021,7.63,16.344067
2022,12.48,16.344067
