year,y_true,y_pred
2018,3.82,0.64956594
2019,3.82,0.64956594
2020,0.0,0.64956594
2021,0.0,0.64956594
2022,0.0,0.64956594
