year,y_true,y_pred
2018,110.13,51.80534
2019,0.0,36.879692
2020,72.94,82.582726
2021,36.36,51.80534
2022,62.42,82.582726
