year,y_true,y_pred
2018,1248.16,1053.3529
2019,695.21,818.14923
2020,1021.15,1053.3529
2021,981.82,818.14923
2022,905.12,1053.3529
