year,y_true,y_pred
2018,815.48,682.4189
2019,943.57,577.57983
2020,882.79,560.8944
2021,1159.31,577.57983
2022,1672.17,560.8944
