year,y_true,y_pred
2018,132.75,31.227314
2019,56.61,31.227314
2020,56.35,31.227314
2021,56.1,31.227314
2022,88.01,31.227314
