year,y_true,y_pred
2018,591.72,358.3187
2019,848.52,345.48285
2020,666.03,318.2035
2021,287.91,353.27374
2022,940.54,735.3134
