year,y_true,y_pred
2018,0.0,30.062
2019,0.0,36.536335
2020,0.0,36.536335
2021,0.0,40.694336
2022,33.59,40.694336
