year,y_true,y_pred
2018,11.24,9.702042
2019,35.14,14.029541
2020,36.6,9.345333
2021,25.4,9.345333
2022,46.49,9.345333
