year,y_true,y_pred
2018,33.73,14.162739
2019,35.14,14.162739
2020,36.6,14.162739
2021,25.4,14.162739
2022,9.3,14.162739
