year,y_true,y_pred
2018,89.96,41.977818
2019,82.0,41.977818
2020,122.0,41.977818
2021,38.1,38.206596
2022,92.98,51.672863
