year,y_true,y_pred
2018,33.73,7.858143
2019,46.85,12.6083
2020,24.4,7.858143
2021,25.4,7.858143
2022,37.19,7.858143
