year,y_true,y_pred
2018,0.0,0.0025774313
2019,0.0,0.0025774313
2020,0.0,0.0025774313
2021,0.0,0.6233268
2022,9.3,0.6233268
