year,y_true,y_pred
2018,51.33,0.00042780765
2019,17.14,52.077904
2020,0.0,52.077904
2021,51.56,52.078316
2022,93.13,34.829506
