year,y_true,y_pred
2018,410.68,619.21356
2019,428.45,593.20807
2020,532.01,575.37067
2021,532.74,619.21356
2022,614.64,619.21356
