year,y_true,y_pred
2018,55.96,128.21175
2019,46.49,123.70546
2020,55.62,119.05535
2021,64.71,127.32621
2022,44.77,127.32621
