year,y_true,y_pred
2018,218.52,229.23245
2019,298.18,252.96967
2020,403.55,229.23245
2021,213.73,252.96967
2022,288.35,252.96967
