year,y_true,y_pred
2018,27.31,29.99797
2019,0.0,6.381011
2020,0.0,29.700544
2021,0.0,10.743283
2022,28.84,6.382152
