year,y_true,y_pred
2018,850.69,794.00146
2019,514.55,1089.8396
2020,677.77,672.7696
2021,546.37,1016.91473
2022,950.43,999.816
