year,y_true,y_pred
2018,58.67,56.249916
2019,14.7,26.703676
2020,73.67,54.433918
2021,88.6,56.249916
2022,87.73,56.249916
