year,y_true,y_pred
2018,101.52,84.57009
2019,78.0,99.74748
2020,73.01,65.79429
2021,59.01,84.57009
2022,103.95,65.86174
