year,y_true,y_pred
2018,18.46,24.964127
2019,9.18,24.964127
2020,9.13,24.964127
2021,40.85,24.964127
2022,27.12,23.040188
