year,y_true,y_pred
2018,161.51,151.73033
2019,160.59,152.97333
2020,146.01,160.33575
2021,163.4,160.33575
2022,144.63,152.97333
