year,y_true,y_pred
2018,18.46,20.65727
2019,22.94,23.722958
2020,22.81,20.65727
2021,31.77,18.006832
2022,36.16,18.006832
