year,y_true,y_pred
2018,94.8,59.398205
2019,52.23,59.398205
2020,80.84,66.0736
2021,104.78,59.398205
2022,89.36,65.98883
