year,y_true,y_pred
2018,758.44,702.23865
2019,845.12,702.23865
2020,689.52,702.23865
2021,709.63,698.83014
2022,914.59,712.153
