year,y_true,y_pred
2018,887.1,1205.5789
2019,843.03,1025.0568
2020,799.2,1025.0568
2021,994.83,805.54913
2022,1160.74,1009.79675
