year,y_true,y_pred
2018,80.65,42.852478
2019,60.22,79.46236
2020,119.88,79.46236
2021,79.59,42.852478
2022,75.7,79.46236
