year,y_true,y_pred
2018,657.31,434.99463
2019,450.05,434.99463
2020,411.12,434.99463
2021,394.79,465.10846
2022,539.79,340.43942
