year,y_true,y_pred
2018,66.84,3.2215638
2019,0.0,4.0297437
2020,10.82,3.2215638
2021,32.01,8.009094
2022,50.21,4.0297437
