year,y_true,y_pred
2018,571.68,522.08325
2019,636.08,522.08325
2020,377.42,542.0609
2021,465.67,549.2064
2022,518.24,522.08325
