year,y_true,y_pred
2018,64.65,41.28646
2019,78.23,41.28646
2020,47.6,41.28646
2021,50.99,41.28646
2022,42.02,57.512695
