year,y_true,y_pred
2018,112.29,86.372604
2019,105.45,101.592606
2020,102.01,101.59511
2021,95.17,86.3701
2022,87.54,86.3701
