year,y_true,y_pred
2018,40.83,34.6829
2019,54.42,24.754389
2020,47.6,31.376457
2021,50.99,24.754389
2022,35.02,24.754389
