year,y_true,y_pred
2018,47.64,38.435432
2019,74.83,47.732697
2020,71.4,38.435432
2021,47.59,38.435432
2022,45.52,47.732697
