year,y_true,y_pred
2018,50.83,56.127125
2019,50.39,56.127125
2020,49.96,78.56367
2021,24.78,78.56367
2022,25.27,60.00771
