year,y_true,y_pred
2018,54.15,53.853153
2019,57.15,53.520447
2020,52.95,53.519283
2021,56.48,62.56654
2022,61.38,53.519283
