year,y_true,y_pred
2018,840.85,852.8725
2019,882.55,843.97266
2020,746.85,853.03534
2021,711.01,856.1537
2022,880.89,866.41766
