year,y_true,y_pred
2018,42.88,55.71269
2019,28.6,55.71269
2020,46.49,55.71269
2021,67.96,55.71269
2022,51.31,52.523125
