year,y_true,y_pred
2018,0.0,7.549979
2019,17.87,7.603542
2020,21.45,8.050542
2021,14.31,7.549979
2022,23.95,7.549979
