year,y_true,y_pred
2018,132.23,105.705696
2019,146.56,105.705696
2020,146.61,105.705696
2021,125.19,105.705696
2022,174.46,105.705696
