year,y_true,y_pred
2018,46.46,17.93949
2019,39.32,17.93949
2020,39.33,17.93949
2021,67.96,17.93949
2022,61.57,17.93949
