year,y_true,y_pred
2018,45.12,49.174
2019,105.2,44.692123
2020,135.18,44.692123
2021,30.02,44.692123
2022,46.52,44.692123
