year,y_true,y_pred
2018,601.59,457.09326
2019,601.14,457.09326
2020,450.59,541.826
2021,375.26,541.826
2022,434.18,503.4943
