year,y_true,y_pred
2018,280.34,416.47852
2019,460.51,416.47852
2020,524.77,633.64075
2021,272.31,655.9934
2022,551.56,296.3112
