year,y_true,y_pred
2018,12.74,21.680004
2019,31.54,22.875256
2020,31.24,15.51615
2021,6.19,21.680004
2022,33.43,20.753517
