year,y_true,y_pred
2018,62.6,21.36857
2019,103.9,18.376837
2020,62.1,16.561682
2021,51.56,16.561682
2022,35.42,16.561682
