year,y_true,y_pred
2018,459.05,366.2644
2019,498.7,370.56906
2020,445.04,400.23105
2021,464.01,400.23105
2022,507.67,400.23105
