year,y_true,y_pred
2018,77.1,40.504467
2019,69.84,37.157803
2020,104.4,53.83589
2021,34.69,53.83589
2022,61.51,49.339363
