year,y_true,y_pred
2018,114.84,69.170456
2019,57.34,56.46096
2020,85.91,60.41077
2021,0.0,60.428665
2022,29.69,70.23277
