year,y_true,y_pred
2018,38.43,27.655464
2019,15.28,32.546066
2020,41.79,32.546066
2021,56.67,32.546066
2022,38.31,41.379177
