year,y_true,y_pred
2018,181.75,132.85591
2019,220.02,66.26921
2020,110.95,66.26921
2021,111.9,136.30988
2022,110.42,135.01343
