year,y_true,y_pred
2018,82.05,58.46473
2019,19.74,58.46473
2020,34.28,53.53754
2021,24.3,54.70154
2022,66.32,54.70154
