year,y_true,y_pred
2018,352.66,488.00903
2019,351.46,488.00903
2020,232.18,488.00903
2021,224.63,488.00903
2022,290.55,488.00903
