mae,rmse,r2,city,model,sequence_length,forecast_horizon,normalization,val_size
0.12329781624597577,0.3068190105846952,-0.050745478735752636,2613701,xgboost,8,4,,
