year,y_true,y_pred
2018,9.1,49.725494
2019,36.22,47.57496
2020,18.01,25.255548
2021,35.83,49.725494
2022,72.64,25.255548
