year,y_true,y_pred
2018,9.1,1.8057667
2019,0.0,1.8057667
2020,0.0,1.8057667
2021,0.0,1.8057667
2022,10.38,1.8057667
