year,y_true,y_pred
2018,18.2,18.594418
2019,27.16,18.869333
2020,0.0,15.948866
2021,0.0,18.594418
2022,10.38,18.594418
