year,y_true,y_pred
2018,45.51,55.1635
2019,27.16,55.1635
2020,81.04,70.43088
2021,80.61,77.443565
2022,124.52,77.443565
