year,y_true,y_pred
2018,109.23,173.68723
2019,54.32,77.874954
2020,90.04,81.18622
2021,98.52,81.67282
2022,197.16,77.87301
