year,y_true,y_pred
2018,96.83,79.43212
2019,42.52,68.82818
2020,103.65,45.38738
2021,79.54,68.82818
2022,167.26,44.18433
