year,y_true,y_pred
2018,83.67,87.78534
2019,50.87,87.78534
2020,103.09,82.42842
2021,34.81,87.78534
2022,43.77,82.42842
