year,y_true,y_pred
2018,62.35,55.46839
2019,35.06,50.08956
2020,42.84,55.46839
2021,62.29,50.08956
2022,37.7,50.08956
