year,y_true,y_pred
2018,0.0,15.975041
2019,25.77,24.887333
2020,25.44,15.975041
2021,75.4,15.975041
2022,0.0,25.474543
