year,y_true,y_pred
2018,365.54,213.23868
2019,334.97,213.23868
2020,559.65,213.23868
2021,753.96,245.39868
2022,832.31,245.39868
