year,y_true,y_pred
2018,932.54,806.91315
2019,806.38,747.4506
2020,808.27,698.07654
2021,683.66,698.07654
2022,793.94,759.9584
