year,y_true,y_pred
2018,99.41,67.11567
2019,69.92,59.270874
2020,78.07,63.76246
2021,81.5,62.125957
2022,46.16,59.270874
