year,y_true,y_pred
2018,59.37,60.448334
2019,62.25,60.448334
2020,62.74,61.43892
2021,66.15,61.43892
2022,65.54,62.197918
