year,y_true,y_pred
2018,22.19,10.830831
2019,21.94,11.448892
2020,23.46,12.2743025
2021,28.43,12.2743025
2022,30.29,12.2743025
