year,y_true,y_pred
2018,209.89,224.03452
2019,202.77,224.03452
2020,191.75,224.03452
2021,225.13,224.03452
2022,192.78,220.6394
