year,y_true,y_pred
2018,1.2,2.5848331
2019,2.96,2.8826666
2020,1.17,2.3463333
2021,2.9,2.5848331
2022,6.06,2.3463333
