year,y_true,y_pred
2018,5.4,7.1221666
2019,5.34,7.1221666
2020,7.04,7.1221666
2021,12.18,7.1221666
2022,10.47,6.2726665
