year,y_true,y_pred
2018,18.27,14.075313
2019,73.02,7.8336997
2020,18.23,14.075313
2021,0.0,7.8336997
2022,19.18,8.761374
