year,y_true,y_pred
2018,328.95,301.96423
2019,346.84,294.33167
2020,309.94,301.96423
2021,291.39,301.96423
2022,268.46,301.96423
