year,y_true,y_pred
2018,14.42,17.723
2019,35.95,21.545
2020,64.53,19.121874
2021,21.46,21.368876
2022,57.13,21.368876
