year,y_true,y_pred
2018,93.71,35.27169
2019,100.65,35.27169
2020,71.7,35.27169
2021,71.53,35.27169
2022,78.56,35.27169
