year,y_true,y_pred
2018,14.42,8.826222
2019,21.57,6.720185
2020,7.17,3.7874413
2021,7.15,8.93769
2022,7.14,6.720185
