year,y_true,y_pred
2018,0.0,10.3915415
2019,7.19,11.227917
2020,43.02,10.3915415
2021,64.37,9.569334
2022,14.28,18.018417
