year,y_true,y_pred
2018,57.37,34.17149
2019,52.89,34.17149
2020,39.62,34.17149
2021,74.75,34.17149
2022,77.94,34.17149
