year,y_true,y_pred
2018,0.0,1.3561417
2019,0.0,1.3561417
2020,0.0,1.3561417
2021,4.4,1.3561417
2022,0.0,1.3561417
