year,y_true,y_pred
2018,57.37,45.722084
2019,39.67,36.347332
2020,52.83,39.76433
2021,52.77,36.347332
2022,47.63,45.722084
