year,y_true,y_pred
2018,13.24,27.552006
2019,17.63,24.414885
2020,44.02,18.839535
2021,43.97,20.492237
2022,8.66,27.552006
