year,y_true,y_pred
2018,4.41,0.0022879872
2019,4.41,0.0022879872
2020,4.4,0.0022879872
2021,13.19,0.5533275
2022,0.0,0.0022879872
