year,y_true,y_pred
2018,264.16,188.82701
2019,217.93,214.49358
2020,201.42,214.49358
2021,220.91,177.7781
2022,335.8,177.7781
