year,y_true,y_pred
2018,22.01,31.84415
2019,29.06,21.087017
2020,35.97,19.831177
2021,14.25,19.27431
2022,17.22,28.674307
