year,y_true,y_pred
2018,102.73,46.78471
2019,65.38,44.510708
2020,50.36,44.510708
2021,64.13,54.14665
2022,172.21,44.510708
