year,y_true,y_pred
2018,44.03,43.975445
2019,36.32,17.788692
2020,35.97,17.424852
2021,42.76,17.788692
2022,103.32,17.788692
