year,y_true,y_pred
2018,0.0,15.912667
2019,36.32,18.77871
2020,21.58,18.77871
2021,7.13,13.873667
2022,8.61,12.423958
