year,y_true,y_pred
2018,51.2,35.64204
2019,16.92,32.85039
2020,33.57,35.64204
2021,91.56,32.85039
2022,19.32,32.437134
