year,y_true,y_pred
2018,426.66,392.80212
2019,338.44,412.67084
2020,234.96,392.80212
2021,366.24,221.28299
2022,376.7,382.1185
