year,y_true,y_pred
2018,695.45,324.3996
2019,385.65,357.50275
2020,409.76,339.4506
2021,451.29,297.92737
2022,341.19,372.02948
