year,y_true,y_pred
2018,45.16,37.445507
2019,62.78,32.387775
2020,35.63,32.387775
2021,26.55,42.190434
2022,40.14,39.414032
