year,y_true,y_pred
2018,352.78,237.37352
2019,222.43,221.48131
2020,116.59,409.3565
2021,383.28,372.108
2022,411.47,123.160706
