year,y_true,y_pred
2018,35.28,15.12825
2019,0.0,15.12825
2020,11.66,12.225625
2021,23.23,12.225625
2022,0.0,15.2612505
