year,y_true,y_pred
2018,45.56,30.39838
2019,106.33,1.4607539
2020,15.2,0.90068036
2021,45.6,33.304985
2022,117.71,18.507948
