year,y_true,y_pred
2018,6.32,4.3945417
2019,12.65,3.4375415
2020,25.34,3.1342292
2021,12.68,3.1342292
2022,40.66,3.1342292
