year,y_true,y_pred
2018,315.9,329.4553
2019,493.42,323.28436
2020,335.72,413.22522
2021,196.6,338.29095
2022,382.21,214.98422
