year,y_true,y_pred
2018,18.95,4.0385623
2019,31.63,3.78
2020,25.34,4.0162497
2021,12.68,4.0162497
2022,24.4,4.0162497
