year,y_true,y_pred
2018,107.4,96.15985
2019,88.56,46.262867
2020,107.68,105.87635
2021,145.87,25.59056
2022,138.25,25.59056
