year,y_true,y_pred
2018,18.95,2.6484582
2019,12.65,2.4147708
2020,12.67,2.4147708
2021,0.0,2.4147708
2022,16.26,3.9476666
