year,y_true,y_pred
2018,33.1,9.658729
2019,0.0,10.332541
2020,54.17,10.442333
2021,42.96,10.361041
2022,19.64,10.442333
