year,y_true,y_pred
2018,132.39,153.54002
2019,109.31,190.958
2020,151.68,153.54002
2021,236.25,153.54002
2022,294.61,301.2495
