year,y_true,y_pred
2018,81.24,80.82958
2019,31.18,59.188663
2020,37.34,59.188663
2021,62.1,62.479664
2022,47.67,80.82958
