year,y_true,y_pred
2018,23.04,21.715
2019,0.0,21.715
2020,11.01,21.715
2021,0.0,23.855999
2022,12.28,23.855999
