year,y_true,y_pred
2018,391.71,880.14087
2019,157.62,920.94635
2020,253.28,920.94635
2021,355.72,920.94635
2022,392.93,920.94635
