year,y_true,y_pred
2018,266.24,149.75713
2019,349.85,142.67589
2020,316.18,142.67589
2021,248.06,142.67589
2022,274.02,149.75713
