year,y_true,y_pred
2018,7.4,6.5666666
2019,12.15,4.5682335
2020,14.37,6.5666666
2021,11.81,4.5682335
2022,9.03,6.5666666
