year,y_true,y_pred
2018,71.49,39.259766
2019,65.6,39.259766
2020,71.86,32.595043
2021,87.41,32.595043
2022,114.43,32.595043
