year,y_true,y_pred
2018,9.86,4.3255835
2019,0.0,4.7665834
2020,9.58,5.857667
2021,7.09,4.3255835
2022,9.03,4.7665834
