year,y_true,y_pred
2018,0.0,0.51944447
2019,0.0,0.51944447
2020,0.0,0.51944447
2021,0.0,0.51944447
2022,0.0,0.51944447
