year,y_true,y_pred
2018,0.0,0.97105557
2019,0.0,0.97105557
2020,4.79,0.97105557
2021,0.0,1.4355416
2022,3.01,1.7743335
