year,y_true,y_pred
2018,4.93,1.2162083
2019,4.86,1.1088958
2020,9.58,1.1088958
2021,11.81,1.1088958
2022,3.01,1.1088958
