year,y_true,y_pred
2018,559.41,558.93896
2019,538.65,526.3241
2020,421.65,519.0906
2021,424.31,429.84143
2022,494.59,429.8417
