year,y_true,y_pred
2018,47.15,53.89954
2019,46.82,53.89954
2020,44.8,53.89954
2021,45.34,52.78204
2022,45.15,52.78204
