year,y_true,y_pred
2018,14.31,13.320461
2019,15.19,13.320461
2020,15.07,13.320461
2021,18.22,13.320461
2022,18.92,13.320461
