year,y_true,y_pred
2018,0.03,0.06454167
2019,0.03,0.06454167
2020,0.01,0.07141667
2021,0.1,0.08433333
2022,0.08,0.06691667
