year,y_true,y_pred
2018,4.23,4.653896
2019,3.88,4.596208
2020,3.98,4.596208
2021,4.8,4.596208
2022,5.35,4.653896
