year,y_true,y_pred
2018,40.55,36.19883
2019,39.94,36.19883
2020,38.24,36.19883
2021,43.91,36.19883
2022,47.93,36.19883
