year,y_true,y_pred
2018,137.51,147.14719
2019,137.01,147.14719
2020,114.65,147.14719
2021,125.18,147.14719
2022,141.58,147.14719
