year,y_true,y_pred
2018,0.0,66.97891
2019,35.55,54.858093
2020,23.66,66.97891
2021,70.86,66.97891
2022,74.55,65.12192
