year,y_true,y_pred
2018,202.19,322.78503
2019,314.43,143.42203
2020,191.07,362.81448
2021,153.39,227.63449
2022,313.01,233.79149
