year,y_true,y_pred
2018,36.76,23.245234
2019,36.28,23.245234
2020,65.68,23.245234
2021,35.4,23.245234
2022,68.05,23.245234
