year,y_true,y_pred
2018,36.76,22.278334
2019,30.23,22.278334
2020,41.8,22.278334
2021,23.6,22.278334
2022,34.02,23.919292
