year,y_true,y_pred
2018,0.0,1.6049523
2019,6.05,1.6049523
2020,0.0,1.6049523
2021,0.0,1.6049523
2022,0.0,1.6049523
