year,y_true,y_pred
2018,79.65,32.052666
2019,126.98,32.052666
2020,71.65,32.052666
2021,64.9,32.052666
2022,81.65,32.052666
