year,y_true,y_pred
2018,83.89,91.15233
2019,77.39,72.174164
2020,96.69,72.174164
2021,90.2,91.15233
2022,56.16,91.15233
