year,y_true,y_pred
2018,53.29,29.797543
2019,17.72,28.458792
2020,17.67,48.158333
2021,52.89,29.797543
2022,53.37,35.228416
