year,y_true,y_pred
2018,17.76,13.098263
2019,88.59,13.098263
2020,35.35,32.55405
2021,88.15,9.928005
2022,35.58,32.55405
