year,y_true,y_pred
2018,0.0,6.891611
2019,0.0,6.891611
2020,0.0,6.891611
2021,17.63,6.891611
2022,0.0,6.891611
