year,y_true,y_pred
2018,52.43,75.48827
2019,39.16,38.552708
2020,58.5,76.33146
2021,71.22,38.552708
2022,89.73,39.701763
