mae,rmse,r2,city,model,cd_mun,sequence_length,epochs,gru_units
0.8470166719817074,1.461561508186497,0.5665425189612515,Belem,gru_simple,1501402,12,200,32
