mae,rmse,r2,city,model,cd_mun,sequence_length,epochs,gru_units
0.7455063892129937,1.3598990644534734,-0.28612183183698603,Belo_Horizonte,gru_simple,3106200,12,200,32
