mae,rmse,r2,city,model,cd_mun,sequence_length,epochs,gru_units
0.35069313689048315,0.4924964403798187,-0.4552878860027627,Manaus,gru_simple,1302603,12,200,32
