mae,rmse,r2,city,model,cd_mun,sequence_length,epochs,gru_units
0.7697567741428187,1.1024048519763914,0.3028906337525935,Teresina,gru_simple,2211001,12,200,32
