year,y_true,y_pred
2018,24.76,15.440374
2019,0.0,27.148159
2020,32.95,8.865844
2021,16.46,27.148159
2022,8.95,8.865844
