year,y_true,y_pred
2018,313.66,478.92874
2019,387.56,505.4246
2020,263.61,478.92874
2021,543.21,505.4246
2022,295.38,478.92874
