year,y_true,y_pred
2018,57.78,85.68733
2019,65.97,79.78679
2020,90.62,85.68733
2021,90.53,90.68533
2022,107.41,79.78679
