year,y_true,y_pred
2018,41.27,42.34845
2019,24.74,16.483507
2020,82.38,25.587727
2021,57.61,16.478493
2022,53.71,34.339832
