year,y_true,y_pred
2018,0.0,14.101
2019,8.25,11.261068
2020,16.48,14.101
2021,24.69,14.101
2022,8.95,10.396178
