year,y_true,y_pred
2018,48.57,64.512276
2019,68.32,60.93779
2020,63.73,65.424805
2021,83.71,60.837902
2022,35.15,62.512505
