year,y_true,y_pred
2018,116.58,164.50761
2019,180.57,164.50761
2020,245.12,126.68452
2021,216.65,154.02116
2022,165.72,154.02116
