year,y_true,y_pred
2018,9.71,18.608034
2019,19.52,24.978395
2020,14.71,24.978395
2021,19.7,18.608034
2022,20.09,24.978395
