year,y_true,y_pred
2018,0.0,0.5874548
2019,0.0,0.0009469919
2020,0.0,0.5874548
2021,0.0,0.5874548
2022,0.0,0.5874548
