year,y_true,y_pred
2018,19.43,25.781801
2019,14.64,25.781801
2020,29.41,21.58525
2021,9.85,25.781801
2022,25.11,23.83975
