year,y_true,y_pred
2018,9.75,8.093771
2019,19.31,8.093771
2020,0.0,7.297271
2021,0.0,11.069459
2022,9.2,8.093771
