year,y_true,y_pred
2018,243.71,142.65027
2019,202.7,142.65027
2020,86.04,142.65027
2021,208.35,144.11649
2022,211.49,142.65027
