year,y_true,y_pred
2018,107.23,30.513584
2019,96.53,27.867582
2020,76.48,34.39467
2021,9.47,34.39467
2022,101.15,34.39467
