year,y_true,y_pred
2018,19.5,0.001103541
2019,9.65,1.0580997
2020,19.12,0.34478092
2021,37.88,0.001103541
2022,64.37,23.781588
