year,y_true,y_pred
2018,38.99,13.307833
2019,9.65,8.932207
2020,19.12,18.513641
2021,18.94,8.060707
2022,9.2,12.60735
