year,y_true,y_pred
2018,0.0,15.222306
2019,12.96,7.5324364
2020,25.86,13.0809965
2021,19.35,5.177632
2022,0.0,17.375134
