year,y_true,y_pred
2018,129.93,194.3323
2019,200.91,163.66643
2020,181.03,194.3323
2021,116.11,163.67093
2022,217.56,151.11926
