year,y_true,y_pred
2018,40.41,78.96275
2019,38.44,78.96275
2020,40.52,78.96275
2021,89.25,78.96275
2022,51.06,83.6732
