year,y_true,y_pred
2018,749.6,961.74567
2019,801.21,961.74567
2020,686.79,961.74567
2021,608.54,961.74567
2022,571.91,961.74567
