year,y_true,y_pred
2018,36.66,68.965996
2019,0.0,68.965996
2020,72.05,54.022
2021,35.73,50.918713
2022,46.95,68.965996
