year,y_true,y_pred
2018,127.65,70.43715
2019,77.18,57.013626
2020,0.0,57.013626
2021,0.0,70.43715
2022,50.8,64.48767
