year,y_true,y_pred
2018,31.23,19.017666
2019,23.91,19.017666
2020,40.44,19.017666
2021,21.31,19.017666
2022,29.06,19.017666
