year,y_true,y_pred
2018,951.34,872.83014
2019,758.13,872.83014
2020,735.38,878.1756
2021,915.05,971.7711
2022,986.49,975.95435
