year,y_true,y_pred
2018,118.94,87.7318
2019,145.54,87.926796
2020,100.72,92.380295
2021,102.11,87.7318
2022,82.56,90.04929
