year,y_true,y_pred
2018,46.64,17.048403
2019,25.41,17.048403
2020,34.34,17.048403
2021,36.3,17.048403
2022,24.96,17.048403
