year,y_true,y_pred
2018,7.0,2.8745654
2019,6.93,2.8745654
2020,2.29,2.8745654
2021,9.08,4.941144
2022,5.76,2.8170276
