year,y_true,y_pred
2018,128.26,144.22745
2019,108.58,137.04951
2020,105.3,150.07295
2021,161.1,152.61052
2022,119.04,152.61052
