year,y_true,y_pred
2018,36.45,19.538666
2019,46.26,19.538666
2020,38.08,19.538666
2021,30.11,19.538666
2022,37.89,19.538666
