year,y_true,y_pred
2018,0.0,0.28249165
2019,5.14,0.28249165
2020,0.0,0.22029166
2021,2.51,0.22029166
2022,5.41,0.22029166
