year,y_true,y_pred
2018,23.43,17.260164
2019,20.56,18.278744
2020,15.23,18.278744
2021,30.11,17.260164
2022,21.65,18.278744
