year,y_true,y_pred
2018,0.0,0.49456248
2019,0.0,0.49456248
2020,0.0,0.49456248
2021,0.0,0.49456248
2022,2.71,0.49456248
