year,y_true,y_pred
2018,67.69,30.381926
2019,56.54,30.381926
2020,73.63,25.707829
2021,67.75,30.381926
2022,113.68,25.707829
