year,y_true,y_pred
2018,58.85,61.614998
2019,58.69,72.53267
2020,36.6,72.53267
2021,73.01,66.576836
2022,82.22,67.74233
