year,y_true,y_pred
2018,38.67,47.62367
2019,62.94,57.371418
2020,28.71,52.732666
2021,52.16,47.62367
2022,61.03,57.371418
