year,y_true,y_pred
2018,19.88,28.25815
2019,22.24,28.25815
2020,14.76,28.25815
2021,17.14,28.25815
2022,21.32,28.258501
