year,y_true,y_pred
2018,278.39,306.42053
2019,341.05,306.42053
2020,184.5,306.42053
2021,215.52,306.42053
2022,378.47,306.42053
