year,y_true,y_pred
2018,42.25,19.993725
2019,29.66,19.993725
2020,36.9,19.993725
2021,36.74,19.993725
2022,50.64,19.993725
