year,y_true,y_pred
2018,27.34,21.846933
2019,34.6,21.846933
2020,22.14,21.846933
2021,29.39,21.846933
2022,23.99,21.846933
