year,y_true,y_pred
2018,91.97,75.412125
2019,96.38,109.51788
2020,120.54,109.516045
2021,122.45,75.410286
2022,106.61,75.412125
