year,y_true,y_pred
2018,512.07,596.94104
2019,456.24,596.94104
2020,425.07,539.9845
2021,397.08,539.9845
2022,430.22,584.09955
