year,y_true,y_pred
2018,49.86,56.542732
2019,43.34,69.586235
2020,43.77,59.708588
2021,55.06,69.586235
2022,46.61,69.586235
