year,y_true,y_pred
2018,1606.24,897.38086
2019,1137.66,897.38086
2020,1214.96,897.38086
2021,1090.73,897.38086
2022,1228.76,897.38086
