year,y_true,y_pred
2018,65.75,27.047752
2019,75.84,57.0445
2020,105.23,47.795357
2021,77.22,27.047752
2022,26.14,47.50853
