year,y_true,y_pred
2018,0.0,1.5526667
2019,14.88,1.5526667
2020,14.73,1.5526667
2021,29.17,1.9910667
2022,0.0,1.5526667
