year,y_true,y_pred
2018,105.28,134.12975
2019,178.6,134.12975
2020,103.11,175.48567
2021,58.34,134.12975
2022,109.94,134.12975
