year,y_true,y_pred
2018,346.14,374.53845
2019,275.1,220.35004
2020,170.88,364.43005
2021,0.0,519.47943
2022,118.2,519.47943
