year,y_true,y_pred
2018,34.61,18.360283
2019,34.39,18.360283
2020,0.0,18.360283
2021,0.0,18.360283
2022,0.0,18.360283
