year,y_true,y_pred
2018,45.39,50.559334
2019,56.66,52.740044
2020,90.53,55.820335
2021,33.91,54.510044
2022,69.96,50.559334
