year,y_true,y_pred
2018,442.53,566.7554
2019,555.24,612.0806
2020,475.27,558.29004
2021,248.64,558.29004
2022,559.66,558.29004
