year,y_true,y_pred
2018,11.66,31.75725
2019,40.87,27.105
2020,41.54,30.2925
2021,31.79,31.75725
2022,44.93,31.75725
