year,y_true,y_pred
2018,447.86,554.0175
2019,372.38,412.06848
2020,295.15,412.06848
2021,415.6,485.3941
2022,584.07,559.2947
