year,y_true,y_pred
2018,7.28,6.8886666
2019,0.0,5.0962706
2020,7.09,7.645521
2021,14.01,7.645521
2022,45.35,5.260667
