year,y_true,y_pred
2018,83.03,54.43933
2019,82.73,57.492916
2020,78.45,57.492916
2021,37.1,53.740067
2022,58.5,67.21354
