year,y_true,y_pred
2018,4.15,3.0304585
2019,0.0,2.4926112
2020,12.39,2.4926112
2021,12.37,3.0304585
2022,7.31,3.0304585
