year,y_true,y_pred
2018,16.61,2.3190417
2019,0.0,1.6276666
2020,0.0,1.8204167
2021,0.0,1.8204167
2022,0.0,2.3190417
