year,y_true,y_pred
2018,186.82,93.77382
2019,111.68,171.23404
2020,194.07,89.92481
2021,148.4,171.23404
2022,146.24,93.77382
