year,y_true,y_pred
2018,70.57,61.39933
2019,70.32,56.355915
2020,53.68,56.355915
2021,78.32,59.279415
2022,76.78,67.35979
