year,y_true,y_pred
2018,329.05,483.72745
2019,507.46,385.16077
2020,208.52,487.62027
2021,297.27,608.1974
2022,263.62,525.08093
