year,y_true,y_pred
2018,29.91,54.727768
2019,59.7,54.727768
2020,0.0,33.967014
2021,59.45,58.04677
2022,0.0,33.967014
