year,y_true,y_pred
2018,30.66,91.43231
2019,92.56,95.62688
2020,93.14,122.4549
2021,31.23,122.4549
2022,62.32,95.62688
