year,y_true,y_pred
2018,88.5,39.92625
2019,88.61,39.92625
2020,88.73,39.92625
2021,44.42,39.92625
2022,90.5,39.92625
