year,y_true,y_pred
2018,71.86,62.949043
2019,36.6,46.255333
2020,93.18,49.387333
2021,75.86,53.451332
2022,153.99,46.255333
