year,y_true,y_pred
2018,86.21,67.272766
2019,34.05,69.88846
2020,100.91,84.99827
2021,83.1,69.88846
2022,91.96,67.272766
