year,y_true,y_pred
2018,1117.32,786.9207
2019,1553.76,835.62787
2020,933.42,786.9207
2021,498.75,786.9207
2022,579.37,844.57837
