year,y_true,y_pred
2018,62.07,63.200527
2019,0.0,63.200527
2020,62.23,63.200527
2021,0.0,0.020231487
2022,57.94,63.200527
