year,y_true,y_pred
2018,40.7,44.88025
2019,13.47,44.88025
2020,53.48,44.88025
2021,26.55,55.5715
2022,38.16,53.974
