year,y_true,y_pred
2018,490.98,429.58765
2019,416.86,501.1474
2020,323.19,501.1474
2021,391.03,429.58765
2022,371.04,429.58765
