year,y_true,y_pred
2018,9.44,9.411681
2019,47.37,35.99922
2020,28.52,27.554947
2021,28.61,27.554947
2022,10.03,9.380931
