year,y_true,y_pred
2018,68.33,52.13933
2019,102.46,42.717167
2020,68.26,36.03733
2021,68.24,42.717167
2022,116.04,42.717167
