year,y_true,y_pred
2018,37.35,44.888584
2019,51.13,41.642582
2020,41.66,41.642582
2021,32.27,39.024933
2022,69.51,47.02546
