year,y_true,y_pred
2018,103.79,96.505806
2019,86.1,96.505806
2020,120.03,96.505806
2021,102.46,96.505806
2022,132.31,96.505806
