year,y_true,y_pred
2018,477.34,575.67255
2019,520.5,575.67255
2020,467.79,575.67255
2021,546.83,575.67255
2022,728.56,575.67255
