year,y_true,y_pred
2018,41.62,43.887917
2019,42.2,42.157333
2020,38.03,42.157333
2021,41.48,43.887917
2022,44.07,38.809666
