year,y_true,y_pred
2018,0.0,0.144425
2019,0.0,0.144425
2020,0.0,0.144425
2021,0.0,0.144425
2022,0.0,0.144425
