year,y_true,y_pred
2018,0.0,0.4549111
2019,0.0,0.4549111
2020,0.0,0.4549111
2021,0.0,0.4549111
2022,0.0,0.4549111
