year,y_true,y_pred
2018,133.97,88.67504
2019,101.03,88.67504
2020,91.28,87.94095
2021,109.37,99.82858
2022,137.72,100.19522
