year,y_true,y_pred
2018,20.81,58.433334
2019,24.3,58.433334
2020,19.02,58.433334
2021,17.6,58.433334
2022,38.56,58.433334
