year,y_true,y_pred
2018,1.3,5.7762504
2019,3.84,6.3482504
2020,1.27,6.250975
2021,2.51,7.18825
2022,4.13,5.7762504
