year,y_true,y_pred
2018,29.13,52.95364
2019,28.97,40.46428
2020,28.82,5.709419
2021,14.33,5.709419
2022,42.91,16.910074
