year,y_true,y_pred
2018,681.16,298.56305
2019,346.67,298.56305
2020,362.53,298.56305
2021,242.39,298.56305
2022,588.77,244.67583
