year,y_true,y_pred
2018,100.17,24.859627
2019,29.71,24.859056
2020,48.99,24.859137
2021,29.09,24.859137
2022,22.64,24.859627
