year,y_true,y_pred
2018,69.31,48.063988
2019,25.69,48.063988
2020,33.88,58.137062
2021,41.89,60.45617
2022,73.54,45.214584
