year,y_true,y_pred
2018,262.7,171.48685
2019,197.87,181.46902
2020,148.02,187.56708
2021,212.2,161.50333
2022,272.3,214.25601
