year,y_true,y_pred
2018,26.27,14.930967
2019,8.6,12.9157915
2020,8.46,14.930967
2021,24.96,10.321167
2022,29.32,12.9157915
