year,y_true,y_pred
2018,0.0,10.051
2019,8.6,6.1901245
2020,4.23,10.051
2021,4.16,6.1901245
2022,8.38,7.280625
