year,y_true,y_pred
2018,21.89,14.253368
2019,21.51,14.253368
2020,21.15,24.298334
2021,24.96,14.253368
2022,20.95,14.253368
