year,y_true,y_pred
2018,78.81,74.59268
2019,120.45,93.70045
2020,67.67,75.955086
2021,70.73,119.70868
2022,96.35,66.01334
