year,y_true,y_pred
2018,8.76,0.66733336
2019,4.3,1.4605417
2020,0.0,1.4605417
2021,4.16,0.7090417
2022,4.19,0.7783889
