year,y_true,y_pred
2018,69.32,33.186543
2019,48.19,33.604645
2020,86.01,60.172634
2021,75.53,49.621788
2022,136.46,49.621788
