year,y_true,y_pred
2018,629.23,706.62164
2019,749.63,706.62164
2020,645.09,706.62164
2021,501.75,601.5098
2022,1004.84,601.5098
