year,y_true,y_pred
2018,26.66,29.643373
2019,42.84,35.3532
2020,37.63,33.00675
2021,26.98,35.3532
2022,37.22,30.562998
