year,y_true,y_pred
2018,106.65,75.65225
2019,117.8,69.767
2020,69.88,69.767
2021,64.74,75.65225
2022,117.85,74.494
