year,y_true,y_pred
2018,37.33,33.962666
2019,26.77,33.962666
2020,37.63,33.962666
2021,53.95,33.962666
2022,99.24,28.784084
