year,y_true,y_pred
2018,0.0,0.445875
2019,0.0,0.445875
2020,0.0,0.445875
2021,0.0,0.445875
2022,0.0,0.445875
