year,y_true,y_pred
2018,12.12,18.207417
2019,11.88,15.604917
2020,15.53,16.218416
2021,7.62,16.218416
2022,9.53,18.207417
