year,y_true,y_pred
2018,218.17,264.5784
2019,296.97,292.18808
2020,192.23,316.46628
2021,133.4,285.51215
2022,209.65,292.18808
