year,y_true,y_pred
2018,136.8,52.94479
2019,152.25,52.94479
2020,132.02,52.94479
2021,103.88,52.94479
2022,89.24,52.94479
