year,y_true,y_pred
2018,1030.55,619.81726
2019,1244.85,675.72375
2020,668.9,675.72375
2021,744.46,626.2985
2022,870.08,708.89087
