year,y_true,y_pred
2018,31.0,62.340122
2019,155.76,66.78313
2020,31.3,66.49662
2021,0.0,66.510124
2022,31.08,66.78313
