year,y_true,y_pred
2018,46.0,39.85832
2019,66.35,39.85832
2020,52.52,36.2256
2021,54.95,39.85832
2022,45.71,39.85832
