year,y_true,y_pred
2018,465.09,447.31384
2019,589.53,447.31384
2020,417.68,600.4975
2021,447.08,447.31384
2022,615.76,437.43738
