year,y_true,y_pred
2018,10.22,14.203127
2019,12.76,5.8000913
2020,15.01,10.967166
2021,9.99,10.967166
2022,8.07,16.446508
