year,y_true,y_pred
2018,81.77,88.26205
2019,84.22,100.42934
2020,45.02,100.42934
2021,54.95,89.03304
2022,75.29,89.03304
