year,y_true,y_pred
2018,176.33,151.47816
2019,130.16,151.47816
2020,160.07,163.82701
2021,139.87,151.47816
2022,161.33,163.82701
