year,y_true,y_pred
2018,0.0,0.462625
2019,0.0,0.462625
2020,0.0,0.462625
2021,0.0,0.462625
2022,0.0,0.462625
