year,y_true,y_pred
2018,30.42,43.512093
2019,15.26,22.57468
2020,15.32,41.885296
2021,46.11,27.81597
2022,31.79,17.578762
