year,y_true,y_pred
2018,197.72,319.04367
2019,122.1,319.04367
2020,183.82,319.04367
2021,76.85,319.04367
2022,174.85,319.04367
