mae,rmse,r2,city,model,sequence_length,forecast_horizon,normalization,val_size
0.13083567317231817,0.28984051502479824,-0.28614605572318563,3170701,xgboost,8,4,,
