year,y_true,y_pred
2018,34.8,87.92445
2019,57.16,68.20245
2020,33.83,87.92445
2021,44.5,68.20245
2022,119.98,68.20245
