year,y_true,y_pred
2018,40.05,20.3895
2019,173.17,22.078499
2020,53.16,20.3895
2021,39.79,16.693499
2022,43.34,18.308998
