year,y_true,y_pred
2018,373.83,394.76425
2019,679.37,439.0554
2020,491.76,306.36472
2021,331.56,394.76425
2022,505.63,439.0554
