year,y_true,y_pred
2018,13.35,0.7838706
2019,26.64,0.7838706
2020,26.58,0.7838706
2021,13.26,0.7838706
2022,14.45,0.7838706
