year,y_true,y_pred
2018,66.76,68.74837
2019,173.17,86.778
2020,106.33,97.167496
2021,145.89,97.167496
2022,130.02,97.167496
