year,y_true,y_pred
2018,0.0,1.4342201
2019,53.28,1.6004267
2020,53.16,1.4342201
2021,13.26,6.696785
2022,14.45,6.696785
