year,y_true,y_pred
2018,52.44,48.270687
2019,26.3,48.270687
2020,79.16,56.57859
2021,0.0,48.270687
2022,140.92,84.39641
