year,y_true,y_pred
2018,0.0,90.74725
2019,121.46,60.95325
2020,40.52,71.82475
2021,0.0,60.95325
2022,90.01,60.95325
