year,y_true,y_pred
2018,459.72,657.42126
2019,461.59,758.7301
2020,458.03,631.5405
2021,493.79,713.35944
2022,479.62,713.35944
