year,y_true,y_pred
2018,35.36,38.688644
2019,25.96,38.688644
2020,22.62,38.688644
2021,30.51,38.688644
2022,26.94,38.688644
