year,y_true,y_pred
2018,57.3,35.537666
2019,39.49,43.1099
2020,26.2,38.261086
2021,39.13,35.537666
2022,25.63,43.1099
