year,y_true,y_pred
2018,431.98,320.73013
2019,399.25,330.85553
2020,353.73,313.55994
2021,352.14,313.55994
2022,486.95,313.55994
