year,y_true,y_pred
2018,53.53,33.147457
2019,106.82,39.906666
2020,53.3,37.071457
2021,70.91,25.50977
2022,16.88,25.50977
