year,y_true,y_pred
2018,517.49,658.94196
2019,818.94,658.94196
2020,497.42,642.9895
2021,514.09,680.444
2022,303.8,642.9895
