year,y_true,y_pred
2018,0.0,56.882927
2019,30.53,78.220665
2020,75.64,52.076283
2021,45.0,78.220665
2022,47.9,78.220665
