year,y_true,y_pred
2018,173.88,432.14014
2019,130.55,432.14014
2020,152.47,432.14014
2021,109.03,432.14014
2022,260.54,432.14014
