year,y_true,y_pred
2018,43.47,60.645584
2019,0.0,57.359085
2020,43.56,60.645584
2021,0.0,57.359085
2022,71.06,60.645584
