year,y_true,y_pred
2018,22.24,48.821793
2019,66.67,60.385334
2020,44.4,48.821793
2021,44.36,44.52729
2022,73.57,60.385334
