year,y_true,y_pred
2018,0.0,2.3868752
2019,0.0,2.3868752
2020,0.0,2.3868752
2021,0.0,2.3868752
2022,0.0,2.3868752
