year,y_true,y_pred
2018,222.42,155.82033
2019,155.56,131.26979
2020,155.38,131.26979
2021,199.6,155.82033
2022,367.83,131.26979
