year,y_true,y_pred
2018,44.48,90.51867
2019,155.56,87.60458
2020,110.99,83.093666
2021,66.53,74.16667
2022,220.7,87.60458
