year,y_true,y_pred
2018,22.24,11.670667
2019,0.0,11.670667
2020,22.2,11.670667
2021,0.0,11.670667
2022,0.0,11.670667
