year,y_true,y_pred
2018,22.23,63.075333
2019,66.3,84.788666
2020,109.87,63.075333
2021,21.86,63.075333
2022,152.4,71.70358
