year,y_true,y_pred
2018,94.03,90.93834
2019,140.75,61.83867
2020,140.45,90.93834
2021,116.8,90.93834
2022,0.0,90.93834
