year,y_true,y_pred
2018,43.78,29.528513
2019,43.73,8.645266
2020,21.85,8.645266
2021,87.32,8.645266
2022,45.34,8.645266
