year,y_true,y_pred
2018,21.89,5.7795672
2019,21.87,5.7795672
2020,0.0,5.7795672
2021,0.0,5.7795672
2022,0.0,5.7795672
