year,y_true,y_pred
2018,43.78,34.115517
2019,153.07,24.648075
2020,87.39,25.45648
2021,87.32,25.45648
2022,45.34,25.45648
