year,y_true,y_pred
2018,153.24,149.90767
2019,196.81,132.32703
2020,87.39,149.90767
2021,218.29,155.91797
2022,294.72,180.52428
