year,y_true,y_pred
2018,221.28,365.20337
2019,391.35,139.6189
2020,131.9,365.20337
2021,209.6,203.90225
2022,211.13,230.60951
