year,y_true,y_pred
2018,73.76,38.14245
2019,111.82,17.86086
2020,0.0,17.86086
2021,19.05,16.302893
2022,19.19,7.862792
