year,y_true,y_pred
2018,63.82,72.763336
2019,63.45,72.763336
2020,50.98,72.763336
2021,42.67,70.53254
2022,43.47,70.53254
