year,y_true,y_pred
2018,314.96,335.82965
2019,111.23,335.82965
2020,418.13,350.11633
2021,304.88,348.96283
2022,378.58,335.82965
