year,y_true,y_pred
2018,0.0,32.201416
2019,22.25,30.365168
2020,22.01,29.903168
2021,65.33,29.903168
2022,81.12,28.838167
