year,y_true,y_pred
2018,23.99,6.551321
2019,11.98,6.551321
2020,47.53,6.551321
2021,11.79,44.461563
2022,37.68,6.551321
