year,y_true,y_pred
2018,263.88,203.33627
2019,299.51,203.33627
2020,225.76,236.86313
2021,153.27,203.33627
2022,301.43,141.68578
