year,y_true,y_pred
2018,94.17,62.501728
2019,47.55,54.62733
2020,96.04,66.098335
2021,145.44,59.44504
2022,133.23,54.62733
