year,y_true,y_pred
2018,94.92,49.86629
2019,0.0,49.86629
2020,48.64,49.294853
2021,0.0,50.544292
2022,93.46,49.294853
