year,y_true,y_pred
2018,996.68,505.55164
2019,1009.13,581.7909
2020,875.49,581.7909
2021,935.04,676.31573
2022,1261.68,581.7909
