year,y_true,y_pred
2018,216.73,276.70935
2019,198.03,276.70935
2020,140.81,276.70935
2021,155.06,152.64854
2022,221.42,152.64854
