year,y_true,y_pred
2018,127.06,39.0378
2019,213.4,46.92931
2020,86.02,109.25347
2021,43.33,17.253607
2022,140.06,58.22058
