year,y_true,y_pred
2018,1143.58,807.1401
2019,768.25,774.1534
2020,430.11,637.7041
2021,953.21,762.93787
2022,1213.82,734.28485
