year,y_true,y_pred
2018,38.85,69.00662
2019,77.88,69.473
2020,0.0,85.402
2021,195.69,69.473
2022,116.78,69.00662
