year,y_true,y_pred
2018,119.0,138.12106
2019,158.98,104.88766
2020,159.24,138.12106
2021,79.74,138.12106
2022,272.98,104.88766
