year,y_true,y_pred
2018,0.0,1.0289605
2019,0.0,59.196205
2020,0.0,10.0385275
2021,0.0,10.0385275
2022,45.5,10.0385275
