year,y_true,y_pred
2018,13.5,20.3326
2019,6.85,18.136393
2020,40.89,18.136393
2021,54.27,18.330643
2022,30.83,18.330643
