year,y_true,y_pred
2018,202.51,186.30151
2019,219.18,243.94846
2020,327.15,243.94846
2021,250.98,242.39476
2022,316.02,260.7375
