year,y_true,y_pred
2018,148.51,75.84267
2019,123.29,84.227585
2020,109.05,84.227585
2021,250.98,84.227585
2022,161.86,84.227585
