year,y_true,y_pred
2018,74.25,47.43467
2019,61.64,47.43467
2020,61.34,47.43467
2021,40.7,47.43467
2022,69.37,47.877228
