year,y_true,y_pred
2018,0.0,2.9478
2019,34.25,5.9453325
2020,0.0,6.106632
2021,6.78,3.4138818
2022,7.71,3.6352727
