year,y_true,y_pred
2018,147.79,56.560772
2019,163.93,56.560772
2020,53.91,56.560772
2021,106.42,45.338142
2022,32.41,63.078213
