year,y_true,y_pred
2018,24.93,28.739918
2019,74.85,26.634335
2020,149.78,17.561953
2021,99.93,17.561953
2022,79.11,28.739918
