year,y_true,y_pred
2018,349.04,299.54388
2019,349.3,276.58044
2020,599.1,278.22632
2021,299.78,741.9138
2022,448.31,226.21397
