year,y_true,y_pred
2018,35.8,68.7023
2019,74.53,67.802475
2020,53.8,68.7023
2021,74.52,64.035805
2022,52.63,59.138542
