year,y_true,y_pred
2018,52.18,44.024918
2019,39.38,48.648067
2020,52.83,40.488068
2021,13.29,48.648067
2022,39.74,40.488068
