year,y_true,y_pred
2018,600.05,554.26324
2019,643.21,554.26324
2020,396.25,554.26324
2021,438.48,604.8687
2022,662.34,555.6267
