year,y_true,y_pred
2018,81.87,42.21675
2019,32.4,44.47875
2020,64.14,51.3732
2021,15.88,36.550125
2022,86.91,36.73275
