year,y_true,y_pred
2018,507.61,438.07794
2019,728.98,446.486
2020,785.76,430.78143
2021,730.39,440.47058
2022,851.73,440.47058
