year,y_true,y_pred
2018,59.95,0.004288258
2019,0.0,92.79283
2020,182.82,0.0043063313
2021,0.0,92.79288
2022,0.0,0.0046080626
