year,y_true,y_pred
2018,46.75,47.126198
2019,23.35,47.126198
2020,35.01,47.126198
2021,0.0,34.37275
2022,25.88,47.126198
