year,y_true,y_pred
2018,257.1,362.35034
2019,186.83,362.35034
2020,198.37,318.74866
2021,174.93,362.35034
2022,323.5,362.35034
