year,y_true,y_pred
2018,0.0,13.998729
2019,0.0,11.201979
2020,23.34,12.286041
2021,0.0,13.998729
2022,0.0,11.201979
