year,y_true,y_pred
2018,23.37,34.084
2019,93.41,50.527336
2020,116.69,39.333668
2021,81.63,34.084
2022,90.58,34.084
