year,y_true,y_pred
2018,58.43,38.64404
2019,23.35,43.50404
2020,81.68,41.818333
2021,81.63,48.971333
2022,129.4,38.64404
