year,y_true,y_pred
2018,12.78,25.10075
2019,25.17,22.997375
2020,24.8,25.844751
2021,12.22,23.809
2022,34.05,22.997375
