year,y_true,y_pred
2018,319.41,405.78442
2019,314.58,405.78442
2020,421.52,405.78442
2021,268.88,420.5059
2022,323.46,405.78442
