year,y_true,y_pred
2018,491.02,677.09937
2019,656.16,625.3053
2020,536.84,677.09937
2021,551.73,625.3053
2022,716.07,625.3053
