year,y_true,y_pred
2018,15.67,37.849
2019,31.0,41.166252
2020,30.68,41.166252
2021,40.49,41.166252
2022,34.1,41.166252
