year,y_true,y_pred
2018,1207.83,1149.43
2019,1285.24,752.32806
2020,867.05,751.55035
2021,822.37,822.7604
2022,2005.87,750.99524
