year,y_true,y_pred
2018,124.95,98.99067
2019,0.0,113.721664
2020,41.29,113.721664
2021,123.36,85.89383
2022,244.62,85.89383
