year,y_true,y_pred
2018,78.39,104.12139
2019,46.38,28.774265
2020,30.49,109.661736
2021,60.19,87.157326
2022,59.13,39.521595
