year,y_true,y_pred
2018,878.02,1204.8347
2019,1174.83,1004.47406
2020,579.36,1037.9656
2021,451.4,1004.47406
2022,1108.65,1004.47406
