mae,rmse,r2,city,model,sequence_length,forecast_horizon,normalization,val_size
0.08342210739293579,0.21175797464506005,0.21871995512537912,2500577,xgboost,8,4,,
