year,y_true,y_pred
2018,14.01,49.756104
2019,83.97,41.13779
2020,41.95,40.493332
2021,69.83,37.798103
2022,47.73,41.14529
