year,y_true,y_pred
2018,136.68,61.402813
2019,74.05,68.656
2020,159.39,68.656
2021,36.55,77.25331
2022,67.94,68.656
