year,y_true,y_pred
2018,59.63,52.350502
2019,54.29,54.071003
2020,39.23,49.22
2021,48.73,49.22
2022,59.55,53.661003
