year,y_true,y_pred
2018,64.41,81.62398
2019,103.43,94.77104
2020,32.43,93.961044
2021,78.1,93.94305
2022,43.49,81.62398
