year,y_true,y_pred
2018,25.76,25.886953
2019,38.78,25.33344
2020,25.95,17.506916
2021,6.51,29.427721
2022,21.74,23.183653
