year,y_true,y_pred
2018,0.0,3.4766372e-06
2019,0.0,3.4766372e-06
2020,0.0,3.4766372e-06
2021,0.0,3.4766372e-06
2022,0.0,3.4766372e-06
