year,y_true,y_pred
2018,19.32,56.64625
2019,25.86,56.64625
2020,25.95,59.474125
2021,26.03,59.474125
2022,14.5,59.474125
