year,y_true,y_pred
2018,0.0,11.379388
2019,0.0,11.379388
2020,0.0,11.379388
2021,6.51,11.379388
2022,0.0,11.379388
