year,y_true,y_pred
2018,115.94,102.14025
2019,109.89,102.14025
2020,51.89,102.14025
2021,84.61,77.47069
2022,86.98,61.31393
