year,y_true,y_pred
2018,63.73,69.592316
2019,63.6,72.50498
2020,77.59,76.68689
2021,70.42,65.39475
2022,54.96,76.68689
