year,y_true,y_pred
2018,86.66,161.00499
2019,86.36,144.15799
2020,86.02,122.119995
2021,0.0,144.15799
2022,92.98,184.3805
