year,y_true,y_pred
2018,50.47,42.51031
2019,49.85,42.51031
2020,73.91,42.51031
2021,73.1,47.91
2022,128.87,47.91
