year,y_true,y_pred
2018,227.1,90.34688
2019,174.48,124.20111
2020,98.55,124.20111
2021,146.2,124.20111
2022,64.43,124.20111
