year,y_true,y_pred
2018,25.23,5.175265
2019,24.93,23.896515
2020,24.64,11.49496
2021,0.0,11.49496
2022,64.43,11.49496
