year,y_true,y_pred
2018,998.1,719.83044
2019,1000.95,788.27576
2020,621.41,788.27576
2021,1197.89,719.83044
2022,737.23,814.6084
