year,y_true,y_pred
2018,47.53,4.8912125
2019,47.66,0.89843655
2020,0.0,0.18891358
2021,95.83,13.108171
2022,52.66,42.857998
