year,y_true,y_pred
2018,278.23,289.62738
2019,333.77,289.62738
2020,273.34,289.62738
2021,356.68,289.62738
2022,311.27,289.62738
