year,y_true,y_pred
2018,29.29,45.63067
2019,29.02,45.63067
2020,43.16,45.63067
2021,28.53,39.07567
2022,0.0,41.28367
