year,y_true,y_pred
2018,245.96,192.8338
2019,180.31,192.0163
2020,134.04,186.80229
2021,240.87,191.86029
2022,246.8,192.0163
