year,y_true,y_pred
2018,11.53,12.282
2019,11.51,8.287999
2020,3.83,12.282
2021,11.47,7.664749
2022,24.28,7.664749
