year,y_true,y_pred
2018,30.16,16.037834
2019,15.17,19.666708
2020,15.26,19.236208
2021,92.05,16.037834
2022,48.05,21.282207
