year,y_true,y_pred
2018,316.69,578.3081
2019,455.17,578.3081
2020,198.35,587.7778
2021,368.21,415.25018
2022,288.29,426.17972
