year,y_true,y_pred
2018,94.16,65.93736
2019,93.5,81.790436
2020,92.89,66.923676
2021,0.0,66.923676
2022,140.91,34.18237
