year,y_true,y_pred
2018,348.02,278.79663
2019,412.37,237.55139
2020,518.11,237.55139
2021,481.72,237.55139
2022,603.94,237.55139
