year,y_true,y_pred
2018,27.48,18.625084
2019,54.98,16.594334
2020,59.61,16.594334
2021,36.7,16.594334
2022,61.27,16.594334
