year,y_true,y_pred
2018,141.95,83.02171
2019,192.44,83.02171
2020,169.65,83.02171
2021,192.69,83.02171
2022,183.81,83.02171
