year,y_true,y_pred
2018,54.95,23.733967
2019,32.07,27.461542
2020,27.51,31.75873
2021,45.88,31.75873
2022,61.27,27.295042
