year,y_true,y_pred
2018,27.48,9.877375
2019,4.58,11.9401
2020,13.76,9.877375
2021,22.94,11.9401
2022,26.26,9.402062
