year,y_true,y_pred
2018,23.35,23.233334
2019,35.22,26.737333
2020,11.81,18.997833
2021,11.88,23.099833
2022,34.62,23.099833
