year,y_true,y_pred
2018,43.39,20.18894
2019,43.67,13.096106
2020,14.65,25.802784
2021,29.48,19.588865
2022,42.63,13.096106
