year,y_true,y_pred
2018,260.34,327.33997
2019,742.47,261.32925
2020,175.82,327.33997
2021,294.81,261.32925
2022,156.32,261.32925
