year,y_true,y_pred
2018,57.85,38.515556
2019,43.67,31.864101
2020,29.3,31.864101
2021,73.7,18.442614
2022,56.84,38.515556
