year,y_true,y_pred
2018,86.78,73.94467
2019,145.58,89.49167
2020,29.3,73.94467
2021,88.44,85.93996
2022,213.16,81.96452
