year,y_true,y_pred
2018,0.0,3.2846189
2019,0.0,3.2846189
2020,0.0,3.2846189
2021,14.74,3.2846189
2022,0.0,0.0005021805
