year,y_true,y_pred
2018,57.85,16.343382
2019,29.12,16.343382
2020,58.61,12.949436
2021,44.22,16.343382
2022,28.42,16.343382
