year,y_true,y_pred
2018,51.6,42.532833
2019,32.38,42.532833
2020,45.71,40.592667
2021,58.7,35.143665
2022,80.81,42.532833
