year,y_true,y_pred
2018,8.35,27.73984
2019,0.0,9.391526
2020,16.52,9.391526
2021,16.44,27.73984
2022,34.99,27.73984
