year,y_true,y_pred
2018,0.0,8.612524
2019,0.0,8.612524
2020,59.61,8.612524
2021,29.7,6.7334166
2022,0.0,6.139292
