year,y_true,y_pred
2018,60.04,392.03094
2019,119.65,392.03094
2020,149.03,392.03094
2021,237.6,392.03094
2022,440.98,392.03094
