year,y_true,y_pred
2018,112.05,65.350586
2019,101.04,77.40767
2020,102.47,59.967667
2021,90.92,77.40767
2022,134.59,59.967667
