year,y_true,y_pred
2018,99.94,52.29573
2019,94.84,49.605766
2020,31.66,49.605766
2021,89.86,63.036102
2022,86.9,56.47177
