year,y_true,y_pred
2018,967.86,1003.78217
2019,1153.85,1027.2203
2020,596.34,1017.29315
2021,787.57,1027.2203
2022,892.18,1027.2203
