year,y_true,y_pred
2018,75.88,42.359035
2019,86.35,41.747982
2020,48.37,42.359035
2021,42.83,48.76455
2022,91.67,43.57849
