year,y_true,y_pred
2018,21.68,35.512665
2019,21.59,36.976665
2020,21.5,36.976665
2021,10.71,36.976665
2022,26.96,36.976665
