year,y_true,y_pred
2018,48.78,30.58725
2019,10.79,27.80925
2020,21.5,29.65275
2021,26.77,27.1374
2022,64.71,34.45
