year,y_true,y_pred
2018,130.07,155.20047
2019,129.53,163.18633
2020,129.0,157.83704
2021,117.79,157.83704
2022,177.96,157.83704
