year,y_true,y_pred
2018,0.0,0.66221714
2019,5.4,0.66221714
2020,0.0,0.66221714
2021,0.0,0.66221714
2022,0.0,0.66221714
