year,y_true,y_pred
2018,35.15,17.170143
2019,14.66,19.108
2020,23.48,17.170143
2021,47.0,19.108
2022,23.17,21.225126
