year,y_true,y_pred
2018,284.11,452.67557
2019,340.09,452.67557
2020,234.77,452.67557
2021,396.55,308.13196
2022,368.15,459.3449
