year,y_true,y_pred
2018,0.0,39.89517
2019,30.89,39.89517
2020,93.28,38.109795
2021,125.2,33.40729
2022,0.0,33.395294
