year,y_true,y_pred
2018,306.84,407.70306
2019,401.61,384.87518
2020,497.51,223.87358
2021,657.28,241.63701
2022,595.59,263.18283
