year,y_true,y_pred
2018,303.76,632.04846
2019,78.63,632.04846
2020,109.79,632.04846
2021,62.56,632.04846
2022,79.41,632.04846
