year,y_true,y_pred
2018,15.99,14.290083
2019,15.73,11.767083
2020,31.37,14.290083
2021,31.28,19.194332
2022,0.0,19.194332
