year,y_true,y_pred
2018,103.31,89.761665
2019,94.48,89.761665
2020,99.65,89.761665
2021,104.81,89.761665
2022,87.45,89.761665
