year,y_true,y_pred
2018,117.14,50.256
2019,78.37,50.256
2020,157.29,53.079666
2021,39.45,50.256
2022,39.23,53.079666
