year,y_true,y_pred
2018,40.54,34.297215
2019,46.1,36.69671
2020,22.94,36.69671
2021,39.96,34.297215
2022,33.3,36.69671
