year,y_true,y_pred
2018,29.44,31.862251
2019,59.65,30.635477
2020,60.4,53.476254
2021,91.72,31.862251
2022,30.64,31.862251
