year,y_true,y_pred
2018,588.75,863.1584
2019,1192.96,800.95404
2020,694.65,935.38934
2021,611.43,863.1584
2022,949.75,800.95404
