year,y_true,y_pred
2018,12.09,48.436035
2019,35.96,36.513668
2020,11.89,48.436035
2021,23.58,36.513668
2022,42.9,48.436035
