year,y_true,y_pred
2018,104.07,69.84031
2019,69.13,69.84031
2020,41.33,54.829098
2021,151.04,54.829098
2022,58.41,69.84031
