year,y_true,y_pred
2018,50.64,34.745667
2019,28.82,27.00027
2020,57.43,27.00027
2021,35.77,34.745667
2022,29.37,27.00027
