year,y_true,y_pred
2018,882.52,826.80255
2019,468.4,826.80255
2020,358.96,789.709
2021,729.67,826.80255
2022,726.98,789.709
