year,y_true,y_pred
2018,75.8,86.965416
2019,125.5,70.28233
2020,49.89,81.62241
2021,74.37,91.209335
2022,76.2,82.37392
