year,y_true,y_pred
2018,483.82,216.67015
2019,310.87,171.76964
2020,323.97,171.76964
2021,341.43,213.37416
2022,257.64,132.72327
