year,y_true,y_pred
2018,50.4,6.1231465
2019,44.41,6.1231465
2020,38.68,6.1231465
2021,33.19,6.1231465
2022,24.54,6.1231465
