year,y_true,y_pred
2018,924.53,980.56903
2019,864.46,1025.0087
2020,540.43,980.56903
2021,589.35,1025.0087
2022,670.63,1000.85645
