year,y_true,y_pred
2018,32.25,41.13149
2019,21.34,41.13149
2020,21.19,50.658394
2021,42.1,41.539207
2022,37.96,41.539207
