year,y_true,y_pred
2018,16.85,38.5909
2019,41.56,30.14184
2020,16.46,46.387493
2021,8.11,18.284784
2022,25.45,38.5909
