year,y_true,y_pred
2018,379.9,383.73566
2019,299.52,407.01962
2020,321.4,383.73566
2021,375.18,383.73566
2022,483.65,383.8931
