year,y_true,y_pred
2018,38.5,32.003548
2019,20.31,11.962532
2020,27.62,28.277237
2021,37.27,20.526693
2022,41.83,13.755842
