year,y_true,y_pred
2018,92.36,76.11137
2019,100.93,59.103874
2020,80.59,104.63665
2021,96.8,63.461967
2022,103.66,63.461967
