year,y_true,y_pred
2018,46.75,55.10746
2019,54.95,56.43797
2020,48.57,49.223194
2021,67.44,56.43797
2022,63.1,54.43339
