year,y_true,y_pred
2018,0.0,0.117271066
2019,1.12,0.117271066
2020,0.0,0.117271066
2021,0.0,0.117271066
2022,1.13,0.117271066
