year,y_true,y_pred
2018,117.44,133.95872
2019,89.72,140.03732
2020,96.04,140.03732
2021,112.03,140.03732
2022,122.81,140.03732
