year,y_true,y_pred
2018,74.74,64.77434
2019,134.79,53.72924
2020,45.02,53.72924
2021,75.18,64.77434
2022,104.7,53.72924
