year,y_true,y_pred
2018,50.01,33.536995
2019,66.27,33.536995
2020,60.38,33.536995
2021,38.2,33.536995
2022,44.07,22.937582
