year,y_true,y_pred
2018,333.39,278.96704
2019,331.33,278.96704
2020,367.77,278.96704
2021,534.79,278.96704
2022,374.64,278.96704
