mae,rmse,r2,city,model,sequence_length,forecast_horizon,normalization,val_size
0.029821653236218257,0.08337105453865502,-0.5862918600706066,1506807,xgboost,8,4,,
