year,y_true,y_pred
2018,222.61,359.45334
2019,321.46,372.8994
2020,74.15,372.8994
2021,172.97,368.60233
2022,295.54,368.60233
