year,y_true,y_pred
2018,24.73,22.716
2019,24.73,24.254
2020,0.0,27.422125
2021,24.71,23.631624
2022,0.0,24.254
