year,y_true,y_pred
2018,42.25,60.78163
2019,28.54,38.846962
2020,33.62,45.54368
2021,50.37,45.54368
2022,43.47,50.050713
