year,y_true,y_pred
2018,562.58,600.68555
2019,611.46,600.68555
2020,525.94,600.68555
2021,491.92,600.68555
2022,635.47,600.68555
