year,y_true,y_pred
2018,16.68,4.042458
2019,13.17,4.042458
2020,6.51,4.042458
2021,7.5,4.042458
2022,18.63,4.042458
