year,y_true,y_pred
2018,1.11,1.0971667
2019,2.2,1.4706666
2020,3.25,0.8106667
2021,0.0,1.0971667
2022,1.03,0.8106667
