year,y_true,y_pred
2018,112.29,159.13785
2019,99.9,159.13785
2020,109.53,159.13785
2021,151.11,159.13785
2022,148.0,159.13785
