year,y_true,y_pred
2018,320.91,360.28806
2019,336.1,358.09494
2020,421.4,262.18405
2021,528.76,568.9739
2022,407.66,527.0393
