year,y_true,y_pred
2018,35.66,23.52548
2019,23.59,25.332584
2020,23.41,23.52548
2021,40.67,23.52548
2022,53.17,25.332584
