year,y_true,y_pred
2018,101.03,138.17505
2019,141.52,131.59149
2020,122.91,135.95891
2021,180.13,137.32678
2022,153.61,167.5067
