year,y_true,y_pred
2018,77.26,82.47871
2019,100.24,89.81067
2020,70.23,86.34421
2021,29.05,89.81067
2022,53.17,73.053665
