year,y_true,y_pred
2018,0.0,5.1700415e-05
2019,0.0,5.1700415e-05
2020,0.0,5.1700415e-05
2021,0.0,5.1700415e-05
2022,0.0,5.1700415e-05
