year,y_true,y_pred
2018,11.89,-0.00020065783
2019,11.79,4.973723
2020,0.0,13.572356
2021,5.81,0.001292419
2022,5.91,0.43813735
