year,y_true,y_pred
2018,9.47,32.413208
2019,9.47,32.413208
2020,28.4,27.098583
2021,47.34,27.317583
2022,38.99,27.316084
