year,y_true,y_pred
2018,359.68,349.54285
2019,425.98,402.51797
2020,397.58,349.54285
2021,473.35,349.54285
2022,302.14,387.27646
