year,y_true,y_pred
2018,0.0,0.65166664
2019,0.0,0.65166664
2020,0.0,0.83566666
2021,0.0,0.83566666
2022,0.0,0.83566666
