year,y_true,y_pred
2018,198.77,110.17208
2019,123.06,99.193665
2020,141.99,118.60793
2021,246.14,110.17208
2022,185.19,104.52158
