year,y_true,y_pred
2018,37.86,26.945549
2019,47.33,37.60217
2020,18.93,28.0512
2021,28.4,9.89798
2022,9.75,9.8966465
