year,y_true,y_pred
2018,66.26,35.685333
2019,56.8,35.685333
2020,37.86,35.685333
2021,18.93,37.866566
2022,58.48,34.48129
