year,y_true,y_pred
2018,25.81,26.028
2019,34.05,28.574812
2020,42.11,28.574812
2021,50.02,28.574812
2022,0.0,28.574812
