year,y_true,y_pred
2018,32.57,1.1358358
2019,0.0,2.6582642
2020,0.0,16.047235
2021,0.0,2.2974517
2022,0.0,12.949936
