year,y_true,y_pred
2018,228.01,185.51962
2019,32.45,172.77238
2020,129.28,172.77238
2021,64.39,215.509
2022,80.61,191.64113
