year,y_true,y_pred
2018,0.0,8.014667
2019,26.85,8.014667
2020,16.03,4.6428957
2021,5.32,4.6428957
2022,20.24,5.0922084
