year,y_true,y_pred
2018,323.85,195.49174
2019,440.27,194.29625
2020,299.15,194.29625
2021,217.92,194.29625
2022,371.15,194.29625
