year,y_true,y_pred
2018,0.0,1.2655529
2019,5.37,1.2655529
2020,0.0,0.0023218954
2021,0.0,1.2655529
2022,6.75,0.0023218954
