year,y_true,y_pred
2018,10.8,11.148417
2019,16.11,8.556335
2020,42.74,8.556335
2021,0.0,14.598426
2022,13.5,10.850851
