year,y_true,y_pred
2018,32.39,12.034583
2019,21.48,12.034583
2020,10.68,13.629084
2021,15.95,13.576584
2022,13.5,10.594708
