year,y_true,y_pred
2018,134.94,119.679665
2019,171.81,115.18859
2020,106.84,102.539986
2021,164.77,94.94337
2022,188.95,79.0645
