year,y_true,y_pred
2018,42.62,61.179333
2019,59.42,50.33372
2020,33.82,50.33372
2021,42.11,51.05329
2022,90.84,50.33372
