year,y_true,y_pred
2018,1065.46,877.9447
2019,780.92,890.68665
2020,752.45,815.97003
2021,598.0,877.9447
2022,827.7,845.0555
