year,y_true,y_pred
2018,18.42,30.961765
2019,18.48,31.221333
2020,74.59,31.221333
2021,112.28,31.221333
2022,79.05,30.961765
