year,y_true,y_pred
2018,423.65,545.5968
2019,499.08,340.11243
2020,615.33,340.11243
2021,692.37,454.75143
2022,743.08,454.75143
