year,y_true,y_pred
2018,46.17,55.566044
2019,62.65,56.834335
2020,56.04,59.88273
2021,36.26,54.395332
2022,48.47,59.88273
