year,y_true,y_pred
2018,82.94,342.3364
2019,100.04,371.10025
2020,98.75,371.10025
2021,301.42,371.10025
2022,346.21,342.3364
