year,y_true,y_pred
2018,9.22,51.069916
2019,18.19,20.417309
2020,8.98,38.254143
2021,35.46,4.6452747e-05
2022,66.58,13.060229
