year,y_true,y_pred
2018,110.55,70.234665
2019,109.75,90.067665
2020,62.28,82.42567
2021,46.4,60.378895
2022,159.01,70.234665
