year,y_true,y_pred
2018,53.49,66.949394
2019,79.82,66.949394
2020,44.13,93.498985
2021,35.14,66.949394
2022,101.8,93.498985
