year,y_true,y_pred
2018,38.98,57.486206
2019,13.09,68.86138
2020,65.88,66.73141
2021,79.6,56.77773
2022,71.29,46.448906
