year,y_true,y_pred
2018,376.82,496.55405
2019,431.82,496.55405
2020,579.79,496.55405
2021,849.03,552.15436
2022,969.49,544.11993
