year,y_true,y_pred
2018,47.82,14.45375
2019,0.0,14.45375
2020,48.64,24.15
2021,49.02,14.45375
2022,38.52,14.45375
