year,y_true,y_pred
2018,515.31,412.64813
2019,427.22,462.35034
2020,398.05,462.35034
2021,590.06,462.35034
2022,468.73,462.35034
