year,y_true,y_pred
2018,58.89,29.49879
2019,29.46,42.122334
2020,14.74,31.541792
2021,0.0,25.898104
2022,58.59,25.898104
