year,y_true,y_pred
2018,176.68,134.43832
2019,162.05,169.58904
2020,132.68,155.98033
2021,103.26,134.43832
2022,161.12,134.43832
