year,y_true,y_pred
2018,103.06,53.616467
2019,73.66,53.616467
2020,103.2,53.616467
2021,118.01,53.616467
2022,131.83,53.616467
