year,y_true,y_pred
2018,44.17,61.738
2019,44.2,60.456
2020,73.71,61.738
2021,103.26,50.771626
2022,73.24,50.771626
