year,y_true,y_pred
2018,496.95,411.80887
2019,591.64,411.80887
2020,506.09,411.80887
2021,414.66,411.80887
2022,476.64,411.80887
