year,y_true,y_pred
2018,31.45,1.5273334
2019,18.68,1.5273334
2020,24.99,1.5273334
2021,18.57,1.5273334
2022,36.11,1.5273334
