year,y_true,y_pred
2018,42.23,30.389399
2019,48.67,31.746374
2020,43.51,30.389399
2021,65.65,31.746374
2022,37.63,30.389399
