year,y_true,y_pred
2018,290.31,367.00165
2019,275.81,367.00165
2020,353.55,380.38898
2021,322.77,369.22348
2022,327.9,367.00165
