year,y_true,y_pred
2018,100.29,65.97642
2019,64.9,53.353916
2020,87.03,53.353916
2021,131.3,53.353916
2022,59.13,53.353916
