year,y_true,y_pred
2018,15.84,14.367001
2019,10.82,13.31425
2020,27.2,14.367001
2021,0.0,11.035
2022,10.75,14.367001
