year,y_true,y_pred
2018,105.57,156.11722
2019,129.79,117.26758
2020,157.74,117.264595
2021,202.42,143.36504
2022,172.02,102.07775
