year,y_true,y_pred
2018,19.64,60.37336
2019,0.0,39.940857
2020,0.0,47.055138
2021,58.96,47.055138
2022,75.24,30.746479
