year,y_true,y_pred
2018,157.14,274.36084
2019,196.46,385.65137
2020,432.3,385.65137
2021,491.35,385.65137
2022,470.28,407.54895
