year,y_true,y_pred
2018,90.83,77.20133
2019,127.26,79.49154
2020,72.79,79.49154
2021,63.74,76.83062
2022,83.64,76.83062
