year,y_true,y_pred
2018,834.55,755.62933
2019,609.5,729.09644
2020,973.54,851.4003
2021,724.48,729.09644
2022,1071.72,779.25134
