year,y_true,y_pred
2018,27.7,52.476665
2019,0.0,44.81525
2020,27.92,48.43508
2021,0.0,44.81525
2022,59.88,48.43508
