year,y_true,y_pred
2018,599.66,497.64175
2019,562.52,522.28406
2020,455.12,497.64175
2021,412.0,497.64175
2022,602.62,518.5146
