year,y_true,y_pred
2018,50.71,38.920666
2019,45.79,34.878895
2020,64.71,34.878895
2021,36.29,34.878895
2022,53.33,34.878895
