year,y_true,y_pred
2018,22.05,40.95655
2019,30.52,47.083828
2020,36.67,47.083828
2021,14.94,47.083828
2022,29.33,47.083828
