year,y_true,y_pred
2018,85.98,97.24029
2019,113.38,100.97433
2020,88.44,97.46979
2021,98.2,100.97433
2022,103.99,97.24029
