year,y_true,y_pred
2018,13.23,29.441126
2019,10.9,29.441126
2020,21.57,29.441126
2021,17.08,26.275938
2022,21.33,29.441126
