year,y_true,y_pred
2018,24.73,83.529106
2019,123.55,23.627523
2020,24.7,51.466793
2021,24.68,0.5211339
2022,49.39,66.61048
