year,y_true,y_pred
2018,77.85,101.136665
2019,91.57,77.68024
2020,70.11,101.136665
2021,55.84,77.68024
2022,70.97,77.68024
