year,y_true,y_pred
2018,56.99,62.89475
2019,52.24,65.976585
2020,47.5,62.89475
2021,90.25,65.976585
2022,78.76,65.976585
