year,y_true,y_pred
2018,9.5,8.293233
2019,14.25,8.293233
2020,28.5,8.293233
2021,28.5,8.293233
2022,23.16,8.293233
