year,y_true,y_pred
2018,180.47,185.27438
2019,218.48,170.90607
2020,237.48,204.24355
2021,266.01,185.27438
2022,277.97,170.90607
