year,y_true,y_pred
2018,352.31,252.7238
2019,398.43,220.49007
2020,235.83,237.72551
2021,351.09,185.88327
2022,361.77,185.88327
