year,y_true,y_pred
2018,80.16,220.81812
2019,156.01,123.45426
2020,75.96,0.00040087
2021,370.37,93.56904
2022,128.21,165.81314
