year,y_true,y_pred
2018,67.2,98.79919
2019,105.73,103.10707
2020,48.11,113.06532
2021,28.9,76.54304
2022,113.36,95.93535
