year,y_true,y_pred
2018,1598.14,965.4896
2019,1264.62,1172.26
2020,825.78,1004.84436
2021,525.75,1004.84436
2022,882.35,1004.84436
