year,y_true,y_pred
2018,54.64,71.612885
2019,54.39,71.612885
2020,81.22,71.612885
2021,53.92,58.135365
2022,15.48,82.65028
