year,y_true,y_pred
2018,0.0,10.505281
2019,15.13,7.4892526
2020,4.99,6.790819
2021,19.77,7.3889256
2022,0.0,9.846986
