year,y_true,y_pred
2018,584.38,481.86304
2019,527.1,652.81555
2020,431.51,652.81555
2021,313.04,481.86304
2022,476.81,518.88727
