year,y_true,y_pred
2018,15.79,11.936333
2019,31.47,13.161833
2020,47.07,10.066667
2021,46.96,11.936333
2022,43.35,11.936333
