year,y_true,y_pred
2018,27.96,10.409525
2019,37.69,11.433023
2020,37.27,40.034985
2021,51.64,40.034985
2022,63.34,40.034985
