year,y_true,y_pred
2018,360.97,152.15862
2019,537.66,268.84875
2020,370.23,268.84875
2021,486.92,268.84875
2022,593.79,268.84875
