year,y_true,y_pred
2018,68.64,53.898468
2019,35.17,47.464733
2020,29.82,57.288017
2021,54.1,43.558907
2022,92.37,43.558907
