year,y_true,y_pred
2018,0.0,1.4693333
2019,0.0,1.4693333
2020,0.0,1.4693333
2021,0.0,1.4693333
2022,2.64,1.4693333
