year,y_true,y_pred
2018,7.63,12.721467
2019,12.56,9.431923
2020,9.94,9.431923
2021,9.84,14.335986
2022,23.75,14.335986
