year,y_true,y_pred
2018,58.47,70.661736
2019,72.86,70.661736
2020,79.51,69.946335
2021,86.07,70.661736
2022,44.86,72.21155
