year,y_true,y_pred
2018,34.79,5.424114
2019,43.16,10.713667
2020,17.14,7.6206665
2021,25.53,7.6206665
2022,30.14,7.6206665
