year,y_true,y_pred
2018,191.35,74.52425
2019,189.88,65.831375
2020,111.39,65.831375
2021,119.14,65.831375
2022,226.02,65.831375
