year,y_true,y_pred
2018,156.56,79.71433
2019,94.94,86.494415
2020,137.09,86.42833
2021,144.67,79.71433
2022,67.81,79.71433
