year,y_true,y_pred
2018,34.79,13.398812
2019,0.0,13.398812
2020,8.57,8.934571
2021,42.55,8.934571
2022,15.07,13.398812
