year,y_true,y_pred
2018,8.7,0.0011789592
2019,0.0,-0.13842414
2020,17.14,11.3776655
2021,8.51,11.040841
2022,30.14,1.0530624
