year,y_true,y_pred
2018,457.88,460.01978
2019,442.0,460.01978
2020,577.71,460.01978
2021,529.14,598.6038
2022,623.33,557.7508
