year,y_true,y_pred
2018,38.78,27.014986
2019,47.62,27.067123
2020,46.04,23.51275
2021,44.47,27.067123
2022,58.35,27.067123
