year,y_true,y_pred
2018,0.0,0.16238095
2019,0.0,0.16238095
2020,0.0,0.16238095
2021,0.0,0.16238095
2022,0.0,0.16238095
