year,y_true,y_pred
2018,56.68,45.462875
2019,53.58,48.988003
2020,43.07,42.943626
2021,69.66,42.943626
2022,88.23,42.943626
