year,y_true,y_pred
2018,79.05,60.624786
2019,83.34,45.19811
2020,72.77,45.19811
2021,69.66,45.19811
2022,109.58,45.19811
