year,y_true,y_pred
2018,16.41,11.430834
2019,23.81,11.430834
2020,23.76,11.430834
2021,29.64,11.430834
2022,14.23,11.430834
