year,y_true,y_pred
2018,0.0,0.17109473
2019,0.0,0.17109473
2020,0.0,0.17109473
2021,0.0,0.17109473
2022,0.0,0.17109473
