year,y_true,y_pred
2018,0.0,65.36217
2019,40.14,65.36217
2020,39.93,50.891666
2021,19.86,50.891666
2022,95.88,65.36217
