year,y_true,y_pred
2018,4.55,6.100667
2019,13.42,7.2349586
2020,4.4,7.9444585
2021,13.01,7.2349586
2022,4.08,8.351271
