year,y_true,y_pred
2018,52.98,37.04829
2019,37.83,31.43806
2020,43.18,35.228783
2021,34.19,31.958061
2022,51.97,38.50878
