year,y_true,y_pred
2018,576.89,584.477
2019,579.14,617.20404
2020,411.66,617.20404
2021,350.41,584.477
2022,408.86,584.477
