mae,rmse,r2,city,model,sequence_length,forecast_horizon,normalization,val_size
0.20507637638110968,0.27363559423775213,0.15888697368192584,3521200,xgboost,8,4,,
