year,y_true,y_pred
2018,39.48,66.72031
2019,44.54,66.72031
2020,40.67,66.72031
2021,44.1,66.72031
2022,51.53,66.72031
