year,y_true,y_pred
2018,719.8,915.637
2019,742.26,904.6459
2020,531.63,908.0513
2021,583.94,940.64136
2022,622.55,940.64136
