year,y_true,y_pred
2018,456.62,411.18298
2019,248.07,415.0733
2020,580.43,409.95285
2021,277.24,376.8421
2022,644.97,409.95285
