year,y_true,y_pred
2018,0.0,28.01948
2019,0.0,27.612684
2020,27.64,26.520308
2021,83.17,44.64483
2022,87.95,44.64483
