year,y_true,y_pred
2018,460.53,739.5264
2019,664.01,518.45667
2020,737.27,930.4667
2021,608.93,475.25763
2022,1299.76,563.8838
