year,y_true,y_pred
2018,0.0,52.136833
2019,0.0,52.136833
2020,67.02,52.136833
2021,0.0,51.694668
2022,243.7,52.211582
