year,y_true,y_pred
2018,205.55,69.74333
2019,34.47,103.5143
2020,104.02,79.20033
2021,244.16,69.74333
2022,66.73,103.5143
