year,y_true,y_pred
2018,135.18,62.87523
2019,116.18,62.87523
2020,48.95,67.849396
2021,80.24,73.28001
2022,16.43,62.87523
