year,y_true,y_pred
2018,811.08,516.5189
2019,863.07,578.7907
2020,587.37,603.12305
2021,304.93,472.62845
2022,722.97,536.4994
