year,y_true,y_pred
2018,55.05,36.362877
2019,44.44,39.428127
2020,36.56,36.362877
2021,38.51,36.362877
2022,90.64,36.362877
