year,y_true,y_pred
2018,30.03,20.973787
2019,34.94,29.63602
2020,23.73,29.63602
2021,26.41,20.973787
2022,33.13,20.973787
