year,y_true,y_pred
2018,0.77,0.18664584
2019,0.38,0.29164582
2020,0.19,0.27220833
2021,0.73,0.24670833
2022,0.0,0.29164582
