year,y_true,y_pred
2018,0.58,0.6287917
2019,0.19,0.6287917
2020,0.0,0.4067917
2021,0.18,0.28580952
2022,0.22,0.28580952
