year,y_true,y_pred
2018,23.87,32.166042
2019,26.82,32.166042
2020,26.33,32.166042
2021,24.77,32.166042
2022,31.19,32.166042
