year,y_true,y_pred
2018,6.54,7.8795824
2019,5.67,9.357242
2020,4.64,7.879937
2021,5.65,5.171375
2022,4.33,6.6578274
