year,y_true,y_pred
2018,92.7,58.85923
2019,111.63,65.53154
2020,130.68,58.85923
2021,65.56,58.85923
2022,100.57,58.85923
