year,y_true,y_pred
2018,1195.77,803.5083
2019,995.35,874.31885
2020,812.1,777.5223
2021,927.14,826.43726
2022,938.65,874.31885
