year,y_true,y_pred
2018,29.48,31.086792
2019,58.94,28.451332
2020,51.34,33.466167
2021,58.43,33.466167
2022,69.54,31.412292
