year,y_true,y_pred
2018,135.12,126.26188
2019,154.71,126.26188
2020,144.24,126.26188
2021,170.41,126.26188
2022,159.69,126.26188
