year,y_true,y_pred
2018,0.0,9.442639e-06
2019,0.0,9.442639e-06
2020,0.0,9.442639e-06
2021,0.0,9.442639e-06
2022,2.58,9.442639e-06
