year,y_true,y_pred
2018,51.59,107.64917
2019,39.29,107.64917
2020,56.23,107.64917
2021,73.03,107.64917
2022,64.39,107.64917
