year,y_true,y_pred
2018,9.83,18.702406
2019,12.28,18.702406
2020,9.78,18.702406
2021,12.17,18.702406
2022,38.63,18.702406
