year,y_true,y_pred
2018,38.74,46.705597
2019,38.24,46.705597
2020,38.02,46.705597
2021,0.0,46.705597
2022,38.68,46.705597
