year,y_true,y_pred
2018,348.7,296.4052
2019,305.93,324.50403
2020,114.07,324.50403
2021,113.42,291.4312
2022,193.42,303.8107
