year,y_true,y_pred
2018,72.55,27.122396
2019,85.31,33.13371
2020,36.85,33.13371
2021,74.28,33.13371
2022,35.39,33.13371
