year,y_true,y_pred
2018,411.12,605.49945
2019,377.82,605.49945
2020,393.07,605.49945
2021,259.97,605.49945
2022,578.1,605.49945
