year,y_true,y_pred
2018,15.43,2.2190871
2019,18.8,3.1290557
2020,13.97,3.1290557
2021,20.76,2.2190871
2022,25.31,2.2190871
