year,y_true,y_pred
2018,132.9,82.16533
2019,112.81,93.78248
2020,82.64,99.55234
2021,113.02,99.55234
2022,244.62,93.78248
