year,y_true,y_pred
2018,0.0,0.18597555
2019,0.0,0.18597555
2020,0.0,0.18597555
2021,3.46,0.18597555
2022,2.81,0.0005812562
