year,y_true,y_pred
2018,0.0,0.0686375
2019,0.0,0.060799997
2020,3.49,0.060799997
2021,1.15,0.0686375
2022,5.62,0.0686375
