year,y_true,y_pred
2018,16.61,11.767542
2019,10.58,12.432333
2020,10.48,11.767542
2021,20.76,11.767542
2022,11.25,12.432333
