year,y_true,y_pred
2018,3.56,2.3045416
2019,5.88,3.117229
2020,3.49,2.5670416
2021,6.92,3.117229
2022,2.81,2.5145416
