year,y_true,y_pred
2018,66.45,53.885002
2019,84.61,41.836044
2020,55.87,49.979225
2021,78.42,50.06346
2022,108.25,41.796032
