year,y_true,y_pred
2018,61.56,19.081333
2019,30.51,20.273918
2020,30.27,19.081333
2021,0.0,26.649542
2022,0.0,26.649542
