year,y_true,y_pred
2018,71.19,72.42029
2019,61.69,72.42029
2020,75.9,60.428333
2021,52.17,72.42029
2022,39.44,60.428333
