year,y_true,y_pred
2018,654.99,710.58295
2019,688.05,710.58295
2020,531.31,710.58295
2021,664.04,677.23956
2022,818.3,710.58295
