year,y_true,y_pred
2018,71.19,61.219727
2019,42.71,26.211061
2020,23.72,68.991806
2021,28.46,33.369083
2022,49.3,26.86754
