year,y_true,y_pred
2018,66.45,56.969715
2019,61.69,47.461575
2020,56.93,51.15743
2021,23.72,67.374084
2022,34.51,28.142748
