year,y_true,y_pred
2018,94.93,58.87033
2019,90.16,63.774364
2020,94.88,54.93149
2021,90.12,62.25115
2022,98.59,62.25115
