year,y_true,y_pred
2018,62.05,50.353626
2019,39.11,41.106564
2020,35.32,50.353626
2021,44.46,41.106564
2022,69.07,41.106564
