year,y_true,y_pred
2018,16.7,10.699334
2019,7.11,10.370917
2020,14.13,10.004917
2021,16.38,9.528667
2022,13.81,10.370917
