year,y_true,y_pred
2018,0.0,1.2981334
2019,0.0,1.2981334
2020,1.18,1.2981334
2021,0.0,1.2981334
2022,0.0,1.2981334
