year,y_true,y_pred
2018,62.05,43.772793
2019,58.07,43.772793
2020,50.63,43.772793
2021,38.61,43.772793
2022,40.29,47.032295
