year,y_true,y_pred
2018,0.0,0.12625834
2019,0.0,0.12625834
2020,0.0,0.12625834
2021,0.0,0.12625834
2022,0.0,0.12625834
