year,y_true,y_pred
2018,66.82,48.28654
2019,66.37,50.19198
2020,55.34,46.009167
2021,53.83,46.009167
2022,47.2,46.009167
