year,y_true,y_pred
2018,86.85,74.66383
2019,34.17,85.23358
2020,50.44,74.66383
2021,66.24,100.67167
2022,88.28,100.67167
