year,y_true,y_pred
2018,473.3,513.9626
2019,576.67,607.00354
2020,515.3,382.77222
2021,206.31,351.88144
2022,303.18,426.44177
