year,y_true,y_pred
2018,0.0,9.875438
2019,20.6,11.092
2020,10.31,12.427125
2021,0.0,12.427125
2022,48.9,9.875438
