year,y_true,y_pred
2018,43.62,57.392857
2019,56.31,57.392857
2020,73.14,69.72694
2021,81.22,69.72694
2022,90.72,57.392857
