year,y_true,y_pred
2018,153.71,97.85179
2019,131.67,96.5993
2020,43.86,96.5993
2021,87.67,89.59677
2022,90.5,123.4583
