year,y_true,y_pred
2018,536.64,341.56885
2019,500.93,344.14496
2020,409.88,344.14496
2021,403.52,308.84518
2022,554.31,308.84518
