year,y_true,y_pred
2018,40.86,33.02398
2019,36.72,39.96124
2020,40.48,39.96124
2021,29.35,39.96124
2022,37.39,27.552963
