year,y_true,y_pred
2018,0.0,76.182625
2019,0.0,61.44925
2020,103.84,61.44925
2021,0.0,60.452126
2022,53.79,76.182625
