year,y_true,y_pred
2018,67.91,41.323208
2019,27.21,44.990707
2020,40.88,37.933434
2021,40.94,37.933434
2022,47.27,41.323208
