year,y_true,y_pred
2018,122.23,38.90473
2019,54.41,29.906542
2020,109.01,38.90473
2021,95.52,29.906542
2022,94.55,29.906542
