year,y_true,y_pred
2018,13.58,8.590667
2019,27.21,4.861788
2020,54.5,4.861788
2021,13.65,8.590667
2022,47.27,4.861788
