year,y_true,y_pred
2018,0.0,0.033467453
2019,0.0,13.255001
2020,27.25,13.255001
2021,13.65,0.05222855
2022,31.52,0.033467453
