year,y_true,y_pred
2018,32.64,40.979446
2019,40.02,39.66487
2020,34.26,32.46505
2021,36.87,33.78061
2022,45.42,32.46505
