year,y_true,y_pred
2018,335.97,472.46405
2019,410.25,472.46405
2020,338.3,472.46405
2021,314.69,472.46405
2022,416.76,472.46405
