year,y_true,y_pred
2018,1.02,0.24470833
2019,0.0,0.17114583
2020,0.0,0.18770833
2021,0.33,0.17114583
2022,1.14,0.19704762
