year,y_true,y_pred
2018,63.25,26.940073
2019,73.31,26.940073
2020,71.52,26.940073
2021,79.0,26.940073
2022,99.17,26.940073
