year,y_true,y_pred
2018,7.48,5.335833
2019,6.39,4.668083
2020,8.65,5.0326667
2021,6.58,4.668083
2022,15.9,5.7456665
