year,y_true,y_pred
2018,45.91,35.44895
2019,55.15,22.049559
2020,54.22,22.049559
2021,69.78,35.44895
2022,79.49,22.049559
