year,y_true,y_pred
2018,73.45,24.703125
2019,37.1,24.703125
2020,74.93,24.703125
2021,151.31,34.23375
2022,138.89,24.703125
