year,y_true,y_pred
2018,312.16,610.5082
2019,556.48,511.45435
2020,374.67,610.5082
2021,1021.37,511.45435
2022,873.02,731.1188
