year,y_true,y_pred
2018,42.84,55.441
2019,48.11,52.206127
2020,42.69,58.235
2021,37.29,52.206127
2022,81.29,52.206127
