year,y_true,y_pred
2018,43.19,75.069756
2019,30.47,75.53242
2020,36.14,74.688675
2021,71.45,74.688675
2022,34.57,69.10236
