year,y_true,y_pred
2018,12.34,14.799666
2019,48.75,13.928666
2020,30.11,17.272333
2021,35.73,18.749832
2022,27.66,15.980666
