year,y_true,y_pred
2018,0.0,0.6421917
2019,0.0,0.6421917
2020,0.0,0.6421917
2021,0.0,0.6421917
2022,0.0,0.6421917
