year,y_true,y_pred
2018,6.17,13.473416
2019,0.0,13.473416
2020,12.05,13.473416
2021,17.86,10.966666
2022,13.83,10.966666
