year,y_true,y_pred
2018,98.71,138.82288
2019,121.88,131.96063
2020,102.38,138.82288
2021,154.82,138.82288
2022,159.03,131.96063
