year,y_true,y_pred
2018,0.0,1.4771429
2019,0.0,1.4771429
2020,0.0,1.4771429
2021,0.0,1.4771429
2022,0.0,1.4771429
