year,y_true,y_pred
2018,98.55,9.167091
2019,0.0,24.908876
2020,32.69,9.167091
2021,32.62,9.167091
2022,0.0,9.167091
