year,y_true,y_pred
2018,549.92,688.8195
2019,630.45,598.93317
2020,455.78,710.2
2021,603.52,635.51733
2022,426.89,598.6306
