year,y_true,y_pred
2018,51.67,47.98383
2019,55.63,39.711304
2020,51.88,36.901596
2021,62.94,36.901596
2022,34.3,36.901596
