year,y_true,y_pred
2018,92.27,104.316696
2019,114.96,73.42497
2020,188.98,104.316696
2021,133.29,151.50352
2022,118.16,104.316696
