year,y_true,y_pred
2018,7.38,9.173557
2019,18.54,17.757647
2020,14.82,21.25061
2021,18.51,15.764826
2022,7.62,21.492315
