year,y_true,y_pred
2018,84.89,41.131332
2019,37.09,41.131332
2020,59.29,41.131332
2021,59.24,45.568916
2022,60.98,41.131332
