year,y_true,y_pred
2018,0.0,1.4047333
2019,3.71,1.5710833
2020,0.0,2.5349584
2021,0.0,1.5710833
2022,0.0,1.5710833
