year,y_true,y_pred
2018,0.0,5.488815
2019,0.0,19.412237
2020,53.38,19.412237
2021,35.42,2.0829628
2022,0.0,1.2824783
