year,y_true,y_pred
2018,233.44,215.09099
2019,357.46,215.09099
2020,373.67,251.61053
2021,159.4,251.61053
2022,71.03,215.09099
