year,y_true,y_pred
2018,33.03,33.40777
2019,26.04,33.40777
2020,34.29,28.380125
2021,31.17,33.40777
2022,41.36,29.798542
