year,y_true,y_pred
2018,499.91,432.26776
2019,536.95,432.26776
2020,400.74,432.26776
2021,385.26,432.26776
2022,502.06,432.26776
