year,y_true,y_pred
2018,0.96,0.80733335
2019,1.91,0.80733335
2020,0.63,0.77491665
2021,0.62,0.80733335
2022,1.6,0.80733335
