year,y_true,y_pred
2018,25.33,5.3336663
2019,15.24,5.3336663
2020,13.53,5.3336663
2021,26.18,5.3336663
2022,22.12,5.3336663
