year,y_true,y_pred
2018,35.74,35.190666
2019,70.92,31.789667
2020,52.78,35.190666
2021,61.1,35.190666
2022,48.64,35.190666
