year,y_true,y_pred
2018,85.37,74.43019
2019,81.06,89.573
2020,60.61,89.573
2021,104.75,88.265625
2022,87.94,80.87363
