year,y_true,y_pred
2018,56.92,36.767124
2019,36.48,33.464123
2020,44.45,31.0963
2021,40.29,31.0963
2022,35.18,31.0963
