year,y_true,y_pred
2018,16.26,18.578459
2019,16.21,17.34696
2020,12.12,18.623459
2021,28.2,15.929376
2022,8.79,17.34696
