year,y_true,y_pred
2018,126.03,167.016
2019,101.32,167.016
2020,88.89,146.88388
2021,120.87,146.88388
2022,109.92,146.88388
