year,y_true,y_pred
2018,300.22,245.10938
2019,259.71,223.10887
2020,272.53,223.10887
2021,318.53,245.10938
2022,274.67,245.10938
