year,y_true,y_pred
2018,40.03,15.491333
2019,46.61,19.644041
2020,46.53,19.644041
2021,79.63,19.644041
2022,41.2,19.644041
