year,y_true,y_pred
2018,13.04,18.20375
2019,39.26,18.20375
2020,48.17,19.424002
2021,61.54,16.524
2022,45.46,16.524
