year,y_true,y_pred
2018,0.0,0.5359632
2019,0.0,0.5359632
2020,0.0,0.5359632
2021,0.0,0.5359632
2022,0.0,0.5359632
