year,y_true,y_pred
2018,56.49,40.823124
2019,52.35,40.823124
2020,30.65,37.971478
2021,39.56,37.36954
2022,18.19,40.823124
