year,y_true,y_pred
2018,0.0,1.0459828
2019,0.0,1.0459828
2020,0.0,1.0459828
2021,0.0,1.0459828
2022,0.0,1.0459828
