year,y_true,y_pred
2018,26.07,32.250957
2019,26.17,25.013666
2020,4.38,25.013666
2021,17.58,26.335667
2022,13.64,23.252333
