year,y_true,y_pred
2018,126.01,79.759735
2019,183.22,79.759735
2020,157.65,117.33289
2021,206.61,131.5601
2022,163.67,117.33289
