year,y_true,y_pred
2018,40.3,31.659752
2019,43.31,31.659752
2020,46.28,31.659752
2021,55.41,31.659752
2022,78.64,31.659752
