year,y_true,y_pred
2018,834.08,882.68536
2019,914.99,819.2442
2020,672.91,854.42816
2021,652.74,875.67566
2022,786.19,882.68536
