year,y_true,y_pred
2018,81.79,34.01016
2019,64.67,42.558395
2020,32.06,42.558395
2021,31.79,34.01016
2022,39.13,21.896687
