year,y_true,y_pred
2018,327.14,257.71832
2019,351.09,272.05566
2020,242.72,272.05566
2021,295.21,291.45764
2022,327.72,272.05566
