year,y_true,y_pred
2018,1069.59,826.00116
2019,652.62,826.00116
2020,641.55,826.00116
2021,671.42,826.00116
2022,738.88,826.00116
