year,y_true,y_pred
2018,103.39,56.12925
2019,103.4,53.14771
2020,99.1,53.14771
2021,90.49,46.168186
2022,75.9,42.855507
