year,y_true,y_pred
2018,38.77,25.279541
2019,38.77,25.279541
2020,43.09,25.279541
2021,38.78,25.279541
2022,52.18,25.279541
