year,y_true,y_pred
2018,120.63,106.83611
2019,124.94,109.76646
2020,124.95,105.10213
2021,112.04,115.42088
2022,142.31,114.619194
