year,y_true,y_pred
2018,21.54,34.365475
2019,38.77,38.054707
2020,38.78,34.365475
2021,51.71,34.365475
2022,37.95,34.365475
