year,y_true,y_pred
2018,0.0,0.62553483
2019,4.31,0.62553483
2020,0.0,0.62553483
2021,0.0,0.62553483
2022,4.74,0.62553483
