year,y_true,y_pred
2018,210.53,288.80273
2019,236.78,288.80273
2020,289.32,288.80273
2021,157.81,288.80273
2022,267.45,288.80273
