year,y_true,y_pred
2018,0.0,26.820541
2019,52.62,17.667953
2020,26.3,23.138334
2021,0.0,26.820541
2022,53.49,17.667953
