year,y_true,y_pred
2018,102.25,39.19134
2019,125.37,43.74731
2020,42.7,52.340145
2021,65.45,52.54272
2022,82.88,52.54272
