year,y_true,y_pred
2018,459.72,460.62598
2019,499.89,550.648
2020,625.81,550.648
2021,493.03,501.3796
2022,607.05,441.41467
