year,y_true,y_pred
2018,65.67,47.16446
2019,65.2,38.149235
2020,64.74,38.149235
2021,21.44,38.149235
2022,93.39,54.76977
