year,y_true,y_pred
2018,536.6,296.73703
2019,883.5,472.99927
2020,598.73,472.99927
2021,542.57,472.99927
2022,469.95,562.3634
