year,y_true,y_pred
2018,777.62,770.24133
2019,1087.57,770.24133
2020,953.84,770.24133
2021,764.77,770.24133
2022,724.49,770.24133
