year,y_true,y_pred
2018,38.75,75.82391
2019,34.43,75.82391
2020,34.41,75.82391
2021,73.08,75.82391
2022,62.24,75.82391
