year,y_true,y_pred
2018,85.28,50.95629
2019,103.63,23.39189
2020,17.48,62.144012
2021,53.06,23.39189
2022,68.53,52.616573
