year,y_true,y_pred
2018,67.11,45.456875
2019,101.69,45.456875
2020,171.17,45.456875
2021,103.73,45.456875
2022,126.98,45.456875
