year,y_true,y_pred
2018,1040.27,1017.43634
2019,1762.71,1182.1044
2020,1266.69,1013.9185
2021,1313.97,1017.43634
2022,1555.56,1127.818
