year,y_true,y_pred
2018,139.9,58.831932
2019,92.51,58.831932
2020,30.6,43.009933
2021,45.55,59.930084
2022,98.98,43.009933
