year,y_true,y_pred
2018,761.7,958.567
2019,940.49,629.45074
2020,566.01,734.1946
2021,485.88,875.8941
2022,907.29,922.07043
