year,y_true,y_pred
2018,58.01,59.211033
2019,23.32,59.211033
2020,87.96,54.768665
2021,23.53,55.225456
2022,37.2,54.88796
