year,y_true,y_pred
2018,597.55,681.68915
2019,775.46,681.68915
2020,920.61,1120.2588
2021,547.09,853.83093
2022,595.28,448.4614
