year,y_true,y_pred
2018,26.8,13.358125
2019,53.23,36.472534
2020,0.0,14.10768
2021,26.25,13.358125
2022,29.96,36.472534
