year,y_true,y_pred
2018,214.42,392.62003
2019,159.7,392.62003
2020,185.04,392.62003
2021,236.28,392.62003
2022,209.71,392.62003
