year,y_true,y_pred
2018,85.49,40.909332
2019,28.35,40.909332
2020,56.45,46.22629
2021,28.1,38.638874
2022,95.91,46.22629
