year,y_true,y_pred
2018,43.52,50.28252
2019,39.44,46.87152
2020,30.9,46.87152
2021,17.78,46.87152
2022,26.51,46.87152
