year,y_true,y_pred
2018,243.71,484.33514
2019,219.12,484.33514
2020,136.83,484.33514
2021,137.82,484.33514
2022,198.82,484.33514
