year,y_true,y_pred
2018,87.44,76.26767
2019,89.81,79.407585
2020,76.01,85.23671
2021,71.82,85.23671
2022,81.1,76.26767
