year,y_true,y_pred
2018,21.14,19.422693
2019,24.84,19.422693
2020,23.75,19.422693
2021,19.85,19.422693
2022,28.74,19.422693
