year,y_true,y_pred
2018,107.62,83.46215
2019,97.45,82.321266
2020,170.06,89.251724
2021,117.18,91.16728
2022,136.54,120.66481
