year,y_true,y_pred
2018,0.0,0.68425
2019,0.0,0.68425
2020,0.95,0.68425
2021,0.0,0.68425
2022,0.0,0.68425
