year,y_true,y_pred
2018,93.21,67.73844
2019,85.98,67.73844
2020,81.71,67.73844
2021,75.6,67.73844
2022,70.84,67.73844
