year,y_true,y_pred
2018,0.0,81.718834
2019,80.02,67.94884
2020,53.73,70.15083
2021,81.16,81.718834
2022,99.3,62.067
