year,y_true,y_pred
2018,12.15,2.6412334
2019,10.13,2.6412334
2020,11.52,2.6412334
2021,12.84,2.6412334
2022,15.91,2.6412334
