year,y_true,y_pred
2018,66.99,58.238667
2019,46.77,71.582664
2020,73.31,63.330208
2021,73.13,71.582664
2022,112.6,71.582664
