year,y_true,y_pred
2018,264.4,472.44943
2019,339.55,472.44943
2020,255.0,472.44943
2021,263.92,472.44943
2022,268.64,472.44943
