year,y_true,y_pred
2018,25.18,40.933456
2019,34.45,37.082684
2020,29.42,29.628946
2021,29.32,37.86783
2022,35.66,32.83328
