year,y_true,y_pred
2018,57.92,54.578335
2019,78.74,54.578335
2020,63.75,59.394646
2021,51.32,54.578335
2022,66.57,54.578335
