year,y_true,y_pred
2018,123.39,132.79056
2019,167.31,127.446625
2020,156.92,129.01044
2021,178.39,147.33603
2022,168.79,123.77691
