year,y_true,y_pred
2018,5.04,2.6357443
2019,2.46,1.8959605
2020,2.45,1.8959605
2021,0.0,1.6794666
2022,0.0,2.6357443
