year,y_true,y_pred
2018,0.0,0.26300007
2019,0.0,0.26300007
2020,2.45,0.26300007
2021,4.89,0.26300007
2022,0.0,10.467996
