year,y_true,y_pred
2018,5.04,13.90077
2019,4.92,11.199149
2020,4.9,11.199149
2021,9.77,11.199149
2022,9.51,13.31253
