year,y_true,y_pred
2018,59.05,76.63873
2019,115.27,75.60966
2020,74.84,49.830677
2021,113.84,37.4179
2022,78.38,43.46009
