year,y_true,y_pred
2018,372.49,335.29114
2019,438.01,335.29114
2020,453.74,335.29114
2021,521.75,335.29114
2022,576.36,419.75732
