year,y_true,y_pred
2018,140.82,124.90501
2019,202.87,128.70363
2020,229.21,143.47469
2021,203.96,143.47469
2022,248.99,135.903
