year,y_true,y_pred
2018,13.63,5.07868
2019,23.05,13.2601385
2020,74.84,34.74317
2021,23.72,6.7632513
2022,46.11,33.576427
