year,y_true,y_pred
2018,0.0,0.37923807
2019,0.0,0.37923807
2020,0.0,0.37923807
2021,0.0,0.37923807
2022,0.0,0.37923807
