year,y_true,y_pred
2018,43.22,37.54727
2019,57.61,37.54727
2020,35.99,34.48096
2021,28.79,37.54727
2022,40.42,30.898521
