year,y_true,y_pred
2018,504.18,599.4161
2019,388.85,423.87045
2020,568.71,427.15323
2021,518.21,592.23773
2022,357.05,423.87045
