year,y_true,y_pred
2018,74.36,76.2699
2019,66.63,76.2699
2020,41.69,76.2699
2021,92.95,65.57601
2022,69.01,70.18467
