year,y_true,y_pred
2018,59.81,45.590534
2019,59.22,32.64524
2020,65.56,40.456764
2021,51.28,40.456764
2022,63.24,40.456764
