year,y_true,y_pred
2018,749.37,1009.648
2019,1316.8,606.61414
2020,986.79,825.43066
2021,646.07,995.41034
2022,920.16,747.8044
