year,y_true,y_pred
2018,57.28,75.22905
2019,42.85,80.0898
2020,71.25,71.93021
2021,21.32,75.22905
2022,70.87,80.0898
