year,y_true,y_pred
2018,41.86,70.13367
2019,61.38,57.422867
2020,73.43,70.13367
2021,71.93,70.13367
2022,115.06,70.13367
