year,y_true,y_pred
2018,21.36,52.39279
2019,84.78,59.293606
2020,21.04,59.843292
2021,62.68,59.293606
2022,43.12,59.843292
