year,y_true,y_pred
2018,740.83,891.11945
2019,884.75,891.11945
2020,843.69,891.11945
2021,577.5,891.11945
2022,918.19,891.11945
