year,y_true,y_pred
2018,91.53,108.452194
2019,65.22,108.452194
2020,89.99,91.02663
2021,61.38,108.452194
2022,69.66,91.02663
