year,y_true,y_pred
2018,31.98,9.793667
2019,0.0,5.073633
2020,21.1,5.073633
2021,10.5,9.793667
2022,0.0,5.073633
