year,y_true,y_pred
2018,277.13,200.79982
2019,265.08,200.79982
2020,179.36,200.79982
2021,314.99,217.8756
2022,156.45,195.13065
