year,y_true,y_pred
2018,23.56,17.037182
2019,23.54,12.304159
2020,11.76,16.905457
2021,39.18,17.037182
2022,70.92,12.283243
