year,y_true,y_pred
2018,27.49,37.647
2019,19.62,37.647
2020,27.45,37.647
2021,47.02,34.79675
2022,51.22,30.97625
