year,y_true,y_pred
2018,137.43,135.77013
2019,156.95,135.77013
2020,121.55,118.17114
2021,172.41,105.87335
2022,145.77,118.17114
