year,y_true,y_pred
2018,0.0,11.182766
2019,64.59,12.507042
2020,64.05,16.521042
2021,42.35,11.182766
2022,25.24,16.521042
