year,y_true,y_pred
2018,543.01,388.51855
2019,344.46,356.36465
2020,491.03,337.76382
2021,275.25,337.76382
2022,454.32,337.76382
