year,y_true,y_pred
2018,8.83,-0.5571468
2019,8.78,36.26993
2020,0.0,0.00038262963
2021,69.36,9.508293
2022,61.31,0.5571505
