year,y_true,y_pred
2018,980.57,134.78534
2019,184.31,135.03561
2020,87.23,135.03561
2021,632.91,69.55459
2022,639.4,143.77727
