year,y_true,y_pred
2018,97.17,86.38257
2019,157.98,86.38257
2020,113.4,73.77
2021,138.72,73.77
2022,113.87,73.77
