year,y_true,y_pred
2018,0.0,4.8385835
2019,0.0,5.2209997
2020,0.0,5.3068333
2021,34.68,5.2209997
2022,17.52,4.8385835
