year,y_true,y_pred
2018,17.67,11.754
2019,0.0,11.754
2020,0.0,12.50775
2021,8.67,12.50775
2022,52.55,16.327
