year,y_true,y_pred
2018,72.31,29.874666
2019,0.0,29.874666
2020,182.55,24.399958
2021,36.68,29.874666
2022,150.66,22.24702
