year,y_true,y_pred
2018,76.04,63.946266
2019,47.57,28.003565
2020,34.92,55.167107
2021,41.31,53.57012
2022,51.01,44.760345
