year,y_true,y_pred
2018,499.17,824.80566
2019,572.98,824.80566
2020,508.23,824.80566
2021,479.85,824.80566
2022,520.73,824.80566
