year,y_true,y_pred
2018,67.79,21.311562
2019,37.78,48.876453
2020,64.33,26.808353
2021,46.01,48.876453
2022,31.75,28.062502
