year,y_true,y_pred
2018,67.79,59.169754
2019,50.37,87.22785
2020,57.9,59.169754
2021,92.03,59.192284
2022,57.15,80.55402
