year,y_true,y_pred
2018,0.0,4.1686343e-07
2019,6.3,4.1686343e-07
2020,0.0,0.00045752292
2021,0.0,4.1686343e-07
2022,0.0,4.1686343e-07
