year,y_true,y_pred
2018,6.16,13.937461
2019,12.59,13.937461
2020,12.87,9.476745
2021,19.72,9.476745
2022,6.35,29.434498
