year,y_true,y_pred
2018,80.11,42.175667
2019,44.08,42.175667
2020,96.5,42.175667
2021,85.45,50.54271
2022,88.91,42.175667
