year,y_true,y_pred
2018,228.74,255.37529
2019,337.1,255.37529
2020,278.09,255.37529
2021,247.69,255.37529
2022,525.99,255.37529
