year,y_true,y_pred
2018,35.19,27.98575
2019,20.85,27.98575
2020,37.77,27.98575
2021,27.14,27.98575
2022,45.2,27.98575
