year,y_true,y_pred
2018,0.0,0.4232833
2019,0.0,0.4232833
2020,0.0,0.4232833
2021,0.0,0.4232833
2022,0.0,0.4232833
