year,y_true,y_pred
2018,49.27,69.54266
2019,59.08,72.36408
2020,44.63,72.26808
2021,50.9,72.26808
2022,78.08,72.26808
