year,y_true,y_pred
2018,0.0,6.037688
2019,3.48,7.5777
2020,3.43,6.037688
2021,13.57,6.037688
2022,0.0,6.037688
