year,y_true,y_pred
2018,49.27,45.911957
2019,55.6,45.911957
2020,72.1,45.911957
2021,74.65,50.22167
2022,119.17,50.22167
