year,y_true,y_pred
2018,1110.26,1023.83673
2019,1206.97,1087.9054
2020,1015.31,1087.9054
2021,800.2,1087.9054
2022,1191.23,965.62244
