year,y_true,y_pred
2018,102.49,28.377934
2019,76.5,114.71675
2020,126.91,38.21857
2021,67.39,52.569317
2022,117.32,56.877674
