year,y_true,y_pred
2018,0.0,7.8651667
2019,0.0,6.3138666
2020,0.0,6.3138666
2021,8.42,6.3138666
2022,0.0,6.3138666
