year,y_true,y_pred
2018,204.97,187.85843
2019,136.0,171.24977
2020,152.3,187.85843
2021,168.46,176.23396
2022,144.39,187.85843
