year,y_true,y_pred
2018,8.54,14.838
2019,25.5,13.518625
2020,0.0,13.518625
2021,25.27,22.248564
2022,18.05,13.518625
