year,y_true,y_pred
2018,397.11,654.21954
2019,246.64,654.21954
2020,406.73,654.21954
2021,261.9,654.21954
2022,500.0,654.21954
