year,y_true,y_pred
2018,9.03,16.831501
2019,27.4,23.927626
2020,64.71,19.661001
2021,56.12,16.831501
2022,43.48,16.831501
