year,y_true,y_pred
2018,28.05,32.933105
2019,36.85,24.004066
2020,36.34,32.933105
2021,26.89,24.004066
2022,21.47,24.004066
