year,y_true,y_pred
2018,196.32,238.75717
2019,202.67,238.75717
2020,118.1,238.75717
2021,197.17,238.75717
2022,246.91,265.0984
