year,y_true,y_pred
2018,119.21,77.333084
2019,39.83,77.789085
2020,39.92,69.58867
2021,80.02,77.333084
2022,76.86,69.58867
