year,y_true,y_pred
2018,44.9,50.991333
2019,45.11,42.800625
2020,135.93,33.331333
2021,0.0,42.800625
2022,46.13,50.991333
