year,y_true,y_pred
2018,276.3,528.3637
2019,392.31,627.94794
2020,292.51,597.4707
2021,465.3,585.3447
2022,386.6,627.94794
