year,y_true,y_pred
2018,39.47,42.716335
2019,19.62,31.6175
2020,58.5,33.19317
2021,77.55,42.716335
2022,18.41,42.716335
