year,y_true,y_pred
2018,219.26,403.98303
2019,364.17,403.98303
2020,235.98,403.98303
2021,343.77,403.98303
2022,394.41,403.98303
