year,y_true,y_pred
2018,18.27,38.95957
2019,36.42,50.463127
2020,18.15,38.95957
2021,72.37,50.463127
2022,53.78,38.95957
