year,y_true,y_pred
2018,12.75,0.16920832
2019,7.17,0.16920832
2020,24.74,0.16920832
2021,26.13,0.16920832
2022,13.51,0.16920832
