year,y_true,y_pred
2018,134.77,207.09167
2019,80.72,128.53061
2020,114.88,207.09167
2021,182.91,131.24692
2022,219.5,208.97035
