year,y_true,y_pred
2018,3.64,1.236
2019,1.79,0.90099996
2020,0.0,0.84799993
2021,3.48,0.82149994
2022,1.69,0.90099996
