year,y_true,y_pred
2018,12.75,10.664667
2019,5.38,7.9249334
2020,12.37,11.7838335
2021,22.65,7.9249334
2022,5.07,7.9249334
