year,y_true,y_pred
2018,1.82,1.0163333
2019,0.0,1.0163333
2020,1.77,0.71706665
2021,5.23,0.71706665
2022,0.0,0.57091665
