year,y_true,y_pred
2018,38.25,14.5747595
2019,48.43,28.112566
2020,53.02,38.019623
2021,45.29,27.723038
2022,47.28,27.723038
