year,y_true,y_pred
2018,17.36,71.802246
2019,51.91,54.076744
2020,69.0,0.33801597
2021,34.39,36.605595
2022,66.58,59.778667
