year,y_true,y_pred
2018,1162.99,785.05023
2019,1142.07,628.9317
2020,759.01,628.93146
2021,395.53,1063.4675
2022,615.85,1071.6747
