year,y_true,y_pred
2018,88.63,54.50711
2019,60.17,45.605198
2020,91.86,74.29356
2021,124.69,51.686794
2022,29.45,70.77664
