year,y_true,y_pred
2018,97.88,62.054962
2019,130.12,72.44246
2020,162.18,72.05546
2021,0.0,72.05546
2022,108.89,91.60196
