year,y_true,y_pred
2018,946.17,896.13635
2019,1431.36,896.13635
2020,810.9,896.13635
2021,614.69,896.13635
2022,1125.23,778.6938
