year,y_true,y_pred
2018,819.67,847.1985
2019,874.53,830.08606
2020,715.05,847.1985
2021,1002.69,830.08606
2022,1081.18,850.68896
