year,y_true,y_pred
2018,106.91,56.285816
2019,124.93,66.714005
2020,107.26,56.285816
2021,53.72,56.285816
2022,56.9,56.285816
