year,y_true,y_pred
2018,86.97,74.255264
2019,71.26,79.56647
2020,69.79,74.255264
2021,98.65,77.003334
2022,70.77,79.56647
