year,y_true,y_pred
2018,28.27,6.2785244
2019,9.42,14.109574
2020,28.26,5.219431
2021,37.67,9.062768
2022,37.44,8.881475
