year,y_true,y_pred
2018,83.92,139.71149
2019,55.98,88.02987
2020,0.0,27.421339
2021,56.04,80.37344
2022,83.68,91.57055
