year,y_true,y_pred
2018,63.91,61.3697
2019,60.73,62.29874
2020,57.57,61.82376
2021,63.5,62.39736
2022,74.85,61.82376
