year,y_true,y_pred
2018,782.13,594.25287
2019,798.64,594.25287
2020,651.48,594.25287
2021,565.45,594.25287
2022,839.0,594.25287
