year,y_true,y_pred
2018,10.78,17.17475
2019,26.19,14.97225
2020,41.21,16.40725
2021,26.34,17.17475
2022,42.54,16.40725
