year,y_true,y_pred
2018,264.46,217.07071
2019,298.7,213.18567
2020,295.76,213.18567
2021,290.58,213.18567
2022,307.37,213.18567
