year,y_true,y_pred
2018,29.85,21.11646
2019,20.46,21.11646
2020,24.24,16.654604
2021,24.75,21.117863
2022,22.64,21.11646
