year,y_true,y_pred
2018,53.06,49.145172
2019,69.56,47.097706
2020,80.0,60.726257
2021,87.02,52.72521
2022,72.04,49.145172
