year,y_true,y_pred
2018,30.84,16.397457
2019,30.56,22.764668
2020,10.1,22.764668
2021,25.02,19.452084
2022,18.2,17.630667
