year,y_true,y_pred
2018,349.51,334.51495
2019,315.76,371.21735
2020,312.97,371.21735
2021,250.24,378.29883
2022,570.18,329.45782
