year,y_true,y_pred
2018,5.14,16.099867
2019,5.09,18.974916
2020,15.14,16.918417
2021,30.03,18.974916
2022,30.33,18.974916
