year,y_true,y_pred
2018,25.7,52.55425
2019,25.46,52.55425
2020,65.62,47.0986
2021,55.05,47.0986
2022,72.79,47.0986
