year,y_true,y_pred
2018,33.86,29.549572
2019,47.28,46.95412
2020,13.47,23.252382
2021,47.04,29.549572
2022,50.51,40.483856
