year,y_true,y_pred
2018,284.42,266.76617
2019,317.44,247.87433
2020,269.47,247.87433
2021,342.72,279.7369
2022,440.12,257.94342
