year,y_true,y_pred
2018,108.35,82.008995
2019,101.31,71.612
2020,60.63,77.704994
2021,73.92,73.6738
2022,72.15,82.008995
