year,y_true,y_pred
2018,0.0,1.261675
2019,0.0,1.261675
2020,6.74,1.261675
2021,6.72,1.261675
2022,0.0,1.261675
