year,y_true,y_pred
2018,108.35,57.38664
2019,135.08,72.43744
2020,114.52,113.103874
2021,141.12,119.244125
2022,86.58,119.244125
