year,y_true,y_pred
2018,13.54,14.041708
2019,20.26,12.155625
2020,20.21,12.155625
2021,13.44,12.155625
2022,21.65,12.155625
