year,y_true,y_pred
2018,20.6,22.811993
2019,41.11,1.1973004
2020,61.54,25.31117
2021,81.88,22.78948
2022,66.74,4.2656574
