year,y_true,y_pred
2018,0.0,27.672583
2019,36.06,30.011332
2020,36.15,27.672583
2021,53.32,27.672583
2022,36.1,34.70008
