year,y_true,y_pred
2018,64.75,27.345465
2019,57.7,36.934067
2020,79.52,22.723373
2021,53.32,22.723373
2022,57.75,22.723373
