year,y_true,y_pred
2018,7.19,33.571022
2019,36.06,21.84552
2020,43.37,33.571022
2021,22.85,33.571022
2022,21.66,24.966665
