year,y_true,y_pred
2018,0.0,8.862604
2019,0.0,8.862604
2020,0.0,8.862604
2021,0.0,8.862604
2022,0.0,8.862604
