year,y_true,y_pred
2018,122.3,102.14909
2019,122.61,55.331173
2020,180.73,55.331173
2021,152.35,102.14909
2022,231.01,102.14909
