year,y_true,y_pred
2018,27.96,17.74897
2019,13.97,35.197216
2020,27.91,15.126559
2021,41.84,25.239887
2022,27.77,35.197216
