year,y_true,y_pred
2018,293.58,293.28226
2019,195.56,249.00993
2020,209.35,252.14584
2021,209.18,278.13962
2022,388.83,267.86868
