year,y_true,y_pred
2018,27.96,27.939333
2019,41.91,27.939333
2020,41.87,27.939333
2021,27.89,27.939333
2022,13.89,21.564917
