year,y_true,y_pred
2018,55.92,3.7836149
2019,0.0,12.95531
2020,13.96,2.4005165
2021,0.0,3.7836149
2022,13.89,24.46412
