year,y_true,y_pred
2018,111.84,112.21414
2019,125.72,112.21414
2020,69.78,112.21414
2021,153.4,112.21414
2022,194.42,112.21414
