year,y_true,y_pred
2018,25.31,64.12667
2019,50.01,64.12667
2020,49.44,64.12667
2021,73.35,71.62814
2022,243.24,71.62814
