year,y_true,y_pred
2018,278.41,574.0838
2019,450.11,419.5795
2020,593.33,745.08997
2021,317.85,795.56946
2022,1155.37,419.5795
