year,y_true,y_pred
2018,126.09,155.11717
2019,161.27,155.11717
2020,92.77,155.11717
2021,158.38,155.11717
2022,273.85,142.66017
