year,y_true,y_pred
2018,26.27,19.646334
2019,52.02,17.67204
2020,25.77,16.353333
2021,20.44,19.646334
2022,44.41,19.646334
