year,y_true,y_pred
2018,37.91,73.82341
2019,66.36,66.98326
2020,56.9,73.82341
2021,28.46,77.54832
2022,64.94,66.98326
