year,y_true,y_pred
2018,796.06,997.76965
2019,616.23,938.78424
2020,616.46,883.47327
2021,265.65,918.23444
2022,584.42,918.23444
