year,y_true,y_pred
2018,86.48,49.070835
2019,28.75,43.668335
2020,28.68,38.714584
2021,57.21,49.070835
2022,58.98,50.366585
