year,y_true,y_pred
2018,374.75,541.0238
2019,517.54,317.96756
2020,258.1,315.26135
2021,486.27,541.0238
2022,766.74,309.42822
