year,y_true,y_pred
2018,151.9,269.83194
2019,354.34,269.83194
2020,253.04,250.85576
2021,404.76,269.83194
2022,250.13,250.85576
