year,y_true,y_pred
2018,0.0,22.668333
2019,25.31,17.519333
2020,25.3,17.519333
2021,0.0,18.61429
2022,50.03,17.519333
