year,y_true,y_pred
2018,39.68,41.808266
2019,44.41,42.854717
2020,49.0,43.78735
2021,60.17,46.95499
2022,38.4,44.47193
