year,y_true,y_pred
2018,0.0,0.16499159
2019,0.0,0.16499159
2020,1.51,0.16499159
2021,0.0,0.004540825
2022,0.82,0.89869386
