year,y_true,y_pred
2018,17.12,14.249578
2019,14.55,12.432686
2020,29.4,12.894145
2021,26.0,14.249578
2022,29.42,12.432686
