year,y_true,y_pred
2018,18.67,25.623438
2019,35.22,23.2603
2020,33.17,22.080437
2021,47.54,25.623438
2022,40.04,25.623438
