year,y_true,y_pred
2018,41.23,29.087029
2019,41.34,29.087029
2020,63.33,29.087029
2021,63.14,29.087029
2022,71.09,29.087029
