year,y_true,y_pred
2018,90.63,75.287
2019,30.12,64.659195
2020,90.09,75.287
2021,89.82,64.659195
2022,89.53,64.659195
