year,y_true,y_pred
2018,31.39,47.734547
2019,51.19,37.488804
2020,56.85,53.77479
2021,32.81,51.632328
2022,74.23,43.49702
