year,y_true,y_pred
2018,533.66,529.96466
2019,593.86,517.1294
2020,565.12,517.1294
2021,731.58,517.1294
2022,862.5,529.96466
