year,y_true,y_pred
2018,28.28,44.740986
2019,14.21,52.47441
2020,28.02,20.134928
2021,13.82,44.740986
2022,56.96,20.134928
