year,y_true,y_pred
2018,212.13,407.03546
2019,213.19,454.51315
2020,266.18,454.51315
2021,152.04,454.51315
2022,384.45,454.51315
