year,y_true,y_pred
2018,28.28,60.545116
2019,42.64,54.72653
2020,0.0,54.950283
2021,41.47,50.19242
2022,56.96,52.30631
