year,y_true,y_pred
2018,0.0,1.4288083
2019,0.0,1.4288083
2020,0.0,1.4288083
2021,0.0,1.4288083
2022,0.0,1.4288083
