year,y_true,y_pred
2018,70.71,47.200394
2019,0.0,47.199432
2020,84.06,33.70053
2021,55.29,30.500809
2022,71.19,47.199432
