year,y_true,y_pred
2018,14.14,20.228714
2019,0.0,20.228714
2020,14.01,0.0015680932
2021,0.0,2.178249
2022,28.48,2.178249
