year,y_true,y_pred
2018,0.0,45.059334
2019,0.0,45.059334
2020,133.87,45.059334
2021,223.31,54.64204
2022,137.24,54.72454
