year,y_true,y_pred
2018,615.83,466.31934
2019,588.54,466.31934
2020,632.97,466.31934
2021,950.02,466.31934
2022,1208.4,758.5239
