year,y_true,y_pred
2018,16.04,16.067875
2019,6.38,18.521854
2020,28.56,18.521854
2021,28.41,16.067875
2022,33.15,17.84679
