year,y_true,y_pred
2018,12.83,7.8268747
2019,7.97,10.4279995
2020,11.1,10.4279995
2021,3.16,10.4279995
2022,10.55,7.8268747
