year,y_true,y_pred
2018,88.2,36.485836
2019,92.51,36.485836
2020,53.94,36.485836
2021,71.01,36.485836
2022,76.84,36.485836
