year,y_true,y_pred
2018,8.02,7.6509585
2019,14.35,8.901048
2020,15.86,8.641583
2021,12.62,7.8675838
2022,15.07,7.8675838
