year,y_true,y_pred
2018,46.92,49.57109
2019,44.83,49.57109
2020,49.88,59.082848
2021,66.1,49.57109
2022,58.05,56.489864
