year,y_true,y_pred
2018,670.11,634.05115
2019,674.53,662.60986
2020,603.63,662.60986
2021,588.83,662.60986
2022,698.76,662.60986
