year,y_true,y_pred
2018,47.35,40.49246
2019,52.78,40.758667
2020,46.5,40.49246
2021,57.63,40.758667
2022,94.2,43.32446
