year,y_true,y_pred
2018,728.07,777.34265
2019,744.8,777.34265
2020,572.52,703.8929
2021,685.74,703.8929
2022,929.02,703.8929
