year,y_true,y_pred
2018,16.02,27.35296
2019,7.92,39.07022
2020,31.34,39.07022
2021,23.29,37.99636
2022,30.73,39.07022
