year,y_true,y_pred
2018,30.95,14.857931
2019,10.3,84.758095
2020,0.0,36.13897
2021,61.6,47.70424
2022,18.2,4.611836
