year,y_true,y_pred
2018,0.0,19.885042
2019,121.73,24.561333
2020,91.97,19.885042
2021,92.62,18.715334
2022,53.62,19.885042
