year,y_true,y_pred
2018,17.98,16.81051
2019,20.17,16.81051
2020,27.26,16.81051
2021,21.93,16.81051
2022,39.04,16.81051
