year,y_true,y_pred
2018,210.6,130.42175
2019,226.96,130.42175
2020,260.18,130.42175
2021,231.46,130.42175
2022,401.02,130.42175
