year,y_true,y_pred
2018,43.66,23.356749
2019,35.31,23.356749
2020,44.6,23.356749
2021,51.17,23.356749
2022,56.78,23.356749
