year,y_true,y_pred
2018,0.0,0.21255
2019,0.0,0.21255
2020,0.0,0.21255
2021,0.0,0.21255
2022,0.0,0.21255
