year,y_true,y_pred
2018,10.27,3.7721999
2019,12.61,3.7721999
2020,4.96,3.7721999
2021,14.62,3.7721999
2022,14.2,3.7721999
