year,y_true,y_pred
2018,53.93,33.108105
2019,70.61,28.01029
2020,42.13,33.108105
2021,51.17,33.108105
2022,78.08,33.108105
