year,y_true,y_pred
2018,101.7,86.242004
2019,46.35,75.234
2020,65.06,86.242004
2021,93.18,75.234
2022,95.26,80.5755
