year,y_true,y_pred
2018,1053.99,1000.94525
2019,491.33,1200.1724
2020,529.79,1000.94525
2021,624.3,1200.1724
2022,727.46,1200.1724
