year,y_true,y_pred
2018,6.57,19.523876
2019,6.51,17.329376
2020,19.35,17.329376
2021,25.57,20.817001
2022,23.55,17.136
