year,y_true,y_pred
2018,137.99,218.56616
2019,97.64,218.56616
2020,174.13,218.56616
2021,108.65,218.56616
2022,306.19,218.56616
