year,y_true,y_pred
2018,64.45,37.786415
2019,0.0,26.04129
2020,0.0,33.47333
2021,95.91,33.47333
2022,73.86,26.04129
