year,y_true,y_pred
2018,0.0,0.6452051
2019,4.65,1.2509967
2020,4.55,0.6452051
2021,6.69,0.6452051
2022,8.01,0.6452051
