year,y_true,y_pred
2018,52.36,34.10964
2019,118.65,37.499413
2020,168.43,37.499413
2021,102.51,57.885746
2022,66.78,89.53895
