year,y_true,y_pred
2018,214.63,243.50134
2019,364.96,291.1126
2020,256.53,271.05734
2021,284.52,271.46234
2022,475.85,291.1126
