year,y_true,y_pred
2018,45.99,18.575537
2019,15.21,18.81042
2020,30.18,17.210655
2021,44.92,18.469603
2022,35.25,36.39984
