year,y_true,y_pred
2018,35.56,32.686935
2019,40.5,32.686935
2020,37.26,30.401209
2021,34.75,32.336082
2022,41.56,32.336082
