year,y_true,y_pred
2018,353.17,315.59006
2019,367.33,376.75
2020,291.23,399.7049
2021,307.42,315.59006
2022,429.45,315.59006
