year,y_true,y_pred
2018,0.23,0.1884283
2019,0.46,0.12174621
2020,0.41,0.14420639
2021,0.66,0.14420639
2022,0.44,0.1276476
