year,y_true,y_pred
2018,2.28,2.5323334
2019,2.61,2.5323334
2020,3.15,2.3866668
2021,3.63,2.5253334
2022,3.7,2.4826667
