year,y_true,y_pred
2018,15.89,24.52932
2019,19.2,25.157478
2020,19.51,25.157478
2021,24.29,25.157478
2022,25.94,25.157478
