year,y_true,y_pred
2018,0.33,0.384
2019,0.37,0.36125
2020,0.41,0.40800002
2021,0.22,0.314375
2022,0.24,0.314375
