year,y_true,y_pred
2018,63.06,53.506786
2019,65.65,53.506786
2020,69.92,53.506786
2021,72.52,53.506786
2022,79.67,53.506786
