year,y_true,y_pred
2018,324.44,311.77643
2019,235.43,257.89398
2020,205.55,257.89398
2021,337.0,257.89398
2022,482.72,257.89398
