year,y_true,y_pred
2018,17.02,61.530666
2019,119.56,61.191956
2020,137.06,64.57367
2021,137.48,66.208664
2022,89.53,66.208664
