year,y_true,y_pred
2018,16.43,17.169127
2019,33.89,21.950314
2020,29.93,17.169127
2021,28.5,21.78751
2022,31.96,15.847679
