year,y_true,y_pred
2018,219.85,305.70966
2019,453.09,305.70966
2020,236.92,447.4094
2021,288.71,305.70966
2022,402.02,305.70966
