year,y_true,y_pred
2018,35.38,30.71418
2019,36.4,20.846676
2020,36.16,20.42804
2021,34.69,13.939585
2022,43.03,14.1658745
