year,y_true,y_pred
2018,94.76,109.05684
2019,134.3,112.52493
2020,125.94,108.89885
2021,109.04,109.40964
2022,125.4,115.570145
