year,y_true,y_pred
2018,20.22,6.214298
2019,15.06,6.0557833
2020,6.23,12.478841
2021,14.87,6.3540483
2022,15.98,4.813923
