year,y_true,y_pred
2018,2.53,0.44655833
2019,1.26,0.8759583
2020,0.0,0.44655833
2021,1.24,0.44655833
2022,1.23,0.44655833
