year,y_true,y_pred
2018,471.05,974.98315
2019,369.26,974.98315
2020,385.09,974.98315
2021,431.31,974.98315
2022,480.81,974.98315
