year,y_true,y_pred
2018,7.85,51.55654
2019,23.32,48.607334
2020,23.11,48.607334
2021,30.54,48.607334
2022,20.03,48.607334
