year,y_true,y_pred
2018,5.29,28.048
2019,42.06,34.377098
2020,10.45,28.048
2021,25.97,34.377098
2022,57.99,28.048
