year,y_true,y_pred
2018,11.58,17.657896
2019,50.64,18.071207
2020,36.63,17.657896
2021,29.6,17.657896
2022,36.1,17.657896
