year,y_true,y_pred
2018,252.34,258.11166
2019,287.73,262.3847
2020,242.64,258.11166
2021,277.76,262.3847
2022,401.94,264.14224
