year,y_true,y_pred
2018,9.26,4.75165
2019,13.81,4.75165
2020,16.02,4.75165
2021,6.83,4.75165
2022,12.03,7.1654615
