year,y_true,y_pred
2018,43.99,26.163223
2019,36.83,26.163223
2020,52.65,26.163223
2021,43.26,26.163223
2022,60.17,26.163223
