year,y_true,y_pred
2018,97.23,103.67874
2019,145.02,103.67874
2020,137.34,103.67874
2021,122.94,103.67874
2022,151.63,103.67874
