year,y_true,y_pred
2018,2.32,4.970401
2019,0.0,12.828885
2020,9.16,3.9383166
2021,2.28,4.133159
2022,12.03,4.3177643
