year,y_true,y_pred
2018,6.95,1.2667366
2019,2.3,0.06979321
2020,2.29,0.06979321
2021,2.28,0.06979321
2022,0.0,1.2667366
