year,y_true,y_pred
2018,34.85,29.135334
2019,29.67,29.135334
2020,39.26,29.135334
2021,36.89,29.135334
2022,46.58,29.135334
