year,y_true,y_pred
2018,455.88,442.37335
2019,499.71,442.37335
2020,540.53,480.77554
2021,466.94,442.37335
2022,510.43,442.37335
