year,y_true,y_pred
2018,54.63,57.280655
2019,49.14,57.280655
2020,52.96,57.280655
2021,53.08,57.280655
2022,70.37,57.280655
