year,y_true,y_pred
2018,52.75,45.708225
2019,50.99,49.415443
2020,60.26,49.636738
2021,59.38,45.708225
2022,75.33,45.708225
