year,y_true,y_pred
2018,14.13,12.429091
2019,13.91,13.604655
2020,14.61,13.831946
2021,9.9,13.831946
2022,22.8,13.327414
