year,y_true,y_pred
2018,0.94,0.20622897
2019,0.0,0.20622897
2020,1.83,0.20622897
2021,1.8,0.29841357
2022,2.97,0.29841357
