year,y_true,y_pred
2018,57.65,59.421333
2019,38.02,72.49983
2020,75.23,63.592834
2021,37.24,48.941666
2022,39.01,63.592834
