year,y_true,y_pred
2018,730.21,911.95874
2019,817.34,941.28674
2020,695.88,938.5072
2021,614.41,911.95874
2022,682.66,911.95874
