year,y_true,y_pred
2018,25.18,65.89833
2019,97.73,65.89833
2020,23.74,45.09629
2021,92.44,40.04279
2022,77.49,45.66779
