year,y_true,y_pred
2018,51.66,30.781626
2019,25.62,34.126
2020,33.78,38.70744
2021,33.52,30.781626
2022,96.63,38.70744
