year,y_true,y_pred
2018,107.79,66.00467
2019,113.9,71.625206
2020,101.98,71.625206
2021,81.07,71.625206
2022,90.66,71.625206
