year,y_true,y_pred
2018,261.57,497.87402
2019,277.06,497.87402
2020,287.58,497.87402
2021,239.1,497.87402
2022,275.75,497.87402
