year,y_true,y_pred
2018,39.32,64.642715
2019,35.69,64.642715
2020,47.37,64.642715
2021,48.83,64.642715
2022,45.09,64.642715
