year,y_true,y_pred
2018,6.84,4.42575
2019,5.1,5.9305334
2020,10.15,4.42575
2021,10.1,4.42575
2022,12.14,4.42575
