year,y_true,y_pred
2018,39.32,57.75054
2019,33.99,50.11854
2020,54.13,50.11854
2021,47.15,49.686543
2022,43.36,51.39204
