year,y_true,y_pred
2018,0.0,0.17530833
2019,0.0,0.17530833
2020,0.0,0.17530833
2021,0.0,0.17530833
2022,1.73,0.17530833
