year,y_true,y_pred
2018,1.71,0.7815238
2019,0.0,0.7815238
2020,0.0,0.7815238
2021,1.68,0.7815238
2022,0.0,0.7815238
