year,y_true,y_pred
2018,344.14,347.65533
2019,262.53,340.3683
2020,199.39,340.3683
2021,313.25,362.95932
2022,242.08,347.65533
