year,y_true,y_pred
2018,44.4,38.476376
2019,68.49,38.476376
2020,82.1,38.476376
2021,96.39,45.06325
2022,29.05,38.476376
