year,y_true,y_pred
2018,177.62,132.21384
2019,159.8,157.16109
2020,140.75,157.16109
2021,204.82,132.21384
2022,125.88,157.16109
