year,y_true,y_pred
2018,33.3,29.628334
2019,11.41,28.127417
2020,11.73,24.216333
2021,36.14,25.138542
2022,19.37,22.279541
