year,y_true,y_pred
2018,22.2,26.078333
2019,0.0,21.629833
2020,23.46,25.110832
2021,12.05,21.629833
2022,67.78,21.629833
