year,y_true,y_pred
2018,44.97,44.404167
2019,78.41,48.701332
2020,55.8,51.388416
2021,44.49,43.838333
2022,26.17,48.701332
