year,y_true,y_pred
2018,0.0,73.62225
2019,55.1,79.11442
2020,55.71,87.466415
2021,56.31,97.57525
2022,54.91,97.57525
