year,y_true,y_pred
2018,959.23,878.56903
2019,804.61,821.25903
2020,614.08,931.76874
2021,468.46,969.8837
2022,412.46,831.9278
