year,y_true,y_pred
2018,59.95,33.607002
2019,73.76,29.63275
2020,80.98,29.63275
2021,67.89,29.63275
2022,16.72,29.63275
