year,y_true,y_pred
2018,13.32,9.112794
2019,33.53,11.363851
2020,13.5,9.112794
2021,40.74,11.363851
2022,61.31,9.112794
