year,y_true,y_pred
2018,0.0,0.56242424
2019,6.71,0.56242424
2020,0.0,0.45333335
2021,0.0,0.45333335
2022,0.0,0.56242424
