year,y_true,y_pred
2018,0.0,9.946218
2019,26.82,5.18584
2020,26.99,2.418157
2021,40.74,7.341562
2022,11.15,7.341562
