year,y_true,y_pred
2018,106.58,97.12503
2019,174.33,69.54247
2020,175.45,103.535904
2021,332.68,97.12503
2022,150.49,97.12503
