year,y_true,y_pred
2018,16.88,41.756332
2019,41.66,42.545418
2020,36.46,42.545418
2021,44.18,40.102665
2022,44.13,40.102665
