year,y_true,y_pred
2018,79.98,62.025867
2019,86.09,52.088066
2020,65.81,52.088066
2021,58.87,74.24606
2022,75.35,55.732986
