year,y_true,y_pred
2018,20.0,22.834333
2019,19.87,24.042334
2020,19.74,22.834333
2021,32.7,22.834333
2022,37.67,27.775333
