year,y_true,y_pred
2018,199.96,243.87108
2019,192.04,209.68661
2020,171.1,179.82867
2021,183.14,243.87108
2022,128.09,209.68661
