year,y_true,y_pred
2018,20.0,21.970625
2019,26.49,20.845625
2020,19.74,18.046
2021,26.16,23.013126
2022,22.6,23.013126
