year,y_true,y_pred
2018,0.0,0.81443983
2019,0.0,0.81443983
2020,0.0,0.81443983
2021,0.0,0.81443983
2022,0.0,0.81443983
