year,y_true,y_pred
2018,820.31,670.71234
2019,357.14,696.3417
2020,403.23,637.91754
2021,532.35,670.71234
2022,687.91,706.83466
