year,y_true,y_pred
2018,39.06,45.958366
2019,0.0,68.906334
2020,0.0,45.958366
2021,40.95,56.040543
2022,36.21,55.82454
