year,y_true,y_pred
2018,471.17,603.85986
2019,553.74,603.85986
2020,478.19,603.85986
2021,303.74,603.85986
2022,479.15,603.85986
