year,y_true,y_pred
2018,58.23,35.025917
2019,36.92,33.686333
2020,73.57,33.686333
2021,36.66,37.652416
2022,57.92,33.686333
