year,y_true,y_pred
2018,456.41,1223.5148
2019,507.15,423.06503
2020,605.21,386.6594
2021,564.17,386.545
2022,321.1,345.97287
