year,y_true,y_pred
2018,61.39,66.15573
2019,84.35,75.51494
2020,68.17,84.92856
2021,70.33,75.51494
2022,85.95,75.51494
