year,y_true,y_pred
2018,78.57,65.802475
2019,64.79,51.503418
2020,65.74,65.802475
2021,70.33,65.802475
2022,57.3,65.802475
