year,y_true,y_pred
2018,60.16,77.22503
2019,61.12,77.22503
2020,40.17,77.22503
2021,64.27,70.715706
2022,58.6,77.22503
