year,y_true,y_pred
2018,125.23,144.14453
2019,147.91,121.51249
2020,116.87,149.02513
2021,139.45,111.01283
2022,130.23,143.76547
