year,y_true,y_pred
2018,70.23,36.93858
2019,42.68,44.138134
2020,52.7,36.93858
2021,52.08,36.93858
2022,86.42,24.70787
