year,y_true,y_pred
2018,918.42,930.9857
2019,1051.0,1004.24786
2020,822.13,1004.24786
2021,932.24,895.3854
2022,1129.23,933.0017
