year,y_true,y_pred
2018,97.61,84.55074
2019,0.0,84.55074
2020,50.43,36.71254
2021,204.92,36.008347
2022,250.75,110.39294
