year,y_true,y_pred
2018,0.0,38.25307
2019,59.8,64.04022
2020,23.8,58.103565
2021,47.37,64.04022
2022,0.0,22.490849
