year,y_true,y_pred
2018,40.2,19.163542
2019,29.5,22.839968
2020,9.63,19.163542
2021,0.0,19.142334
2022,9.47,19.73804
