year,y_true,y_pred
2018,10.05,8.804334
2019,29.5,5.6942916
2020,9.63,8.804334
2021,0.0,5.6942916
2022,0.0,6.6633854
