year,y_true,y_pred
2018,10.05,2.0152822
2019,0.0,2.0152822
2020,9.63,2.0152822
2021,0.0,2.0152822
2022,9.47,2.0152822
