year,y_true,y_pred
2018,0.0,1.0589395
2019,0.0,1.0589395
2020,0.0,1.0589395
2021,0.0,1.0589395
2022,0.0,1.0589395
