year,y_true,y_pred
2018,70.35,49.013622
2019,9.83,49.013622
2020,19.26,33.743393
2021,18.88,49.013622
2022,75.79,49.013622
