year,y_true,y_pred
2018,60.3,35.447292
2019,29.5,35.447292
2020,19.26,31.287567
2021,37.75,31.287567
2022,66.32,31.287567
