year,y_true,y_pred
2018,109.71,21.358791
2019,90.96,18.67229
2020,54.3,18.660334
2021,18.01,18.58529
2022,0.0,18.58529
