year,y_true,y_pred
2018,402.27,254.26822
2019,400.22,277.59
2020,343.89,326.98386
2021,252.16,250.71774
2022,479.57,212.03459
