year,y_true,y_pred
2018,68.47,73.44426
2019,45.35,71.05221
2020,45.07,68.7538
2021,70.92,73.44426
2022,100.42,73.44426
