year,y_true,y_pred
2018,585.1,517.92035
2019,534.93,496.70065
2020,382.99,481.20935
2021,282.12,460.9415
2022,382.56,460.9415
