year,y_true,y_pred
2018,116.25,58.01607
2019,129.39,58.01607
2020,65.44,58.016994
2021,53.74,58.016994
2022,30.11,60.309547
