year,y_true,y_pred
2018,11.41,10.480309
2019,7.51,11.430008
2020,3.71,10.812966
2021,0.0,11.0366335
2022,12.76,10.361884
