year,y_true,y_pred
2018,247.14,216.05792
2019,240.24,216.05792
2020,177.95,216.05792
2021,186.8,216.05792
2022,322.31,216.05792
