year,y_true,y_pred
2018,779.64,515.1204
2019,727.16,523.24475
2020,552.15,523.24475
2021,487.43,569.07385
2022,701.09,452.62006
