year,y_true,y_pred
2018,35.81,24.413961
2019,32.93,24.413961
2020,51.94,24.413961
2021,59.91,24.413961
2022,35.65,24.413961
