year,y_true,y_pred
2018,58.38,63.499393
2019,116.48,30.51373
2020,87.18,93.48387
2021,58.0,61.115993
2022,57.57,19.804035
