year,y_true,y_pred
2018,47.76,42.314766
2019,95.51,42.314766
2020,0.0,42.314766
2021,95.51,30.786966
2022,55.62,56.56829
