year,y_true,y_pred
2018,22.34,49.129707
2019,22.18,61.98567
2020,0.0,61.98567
2021,131.26,61.98567
2022,21.25,45.80871
