year,y_true,y_pred
2018,201.03,479.96335
2019,155.25,528.46857
2020,154.19,479.96335
2021,481.3,528.46857
2022,233.74,528.46857
