year,y_true,y_pred
2018,54.67,78.214874
2019,109.48,85.210335
2020,82.21,78.214874
2021,54.88,88.65833
2022,85.88,85.210335
