year,y_true,y_pred
2018,41.1,41.560707
2019,33.28,40.626144
2020,73.19,35.194645
2021,43.48,38.877666
2022,29.57,41.560707
