year,y_true,y_pred
2018,683.78,665.87244
2019,809.7,764.5565
2020,962.42,750.94727
2021,880.4,770.02966
2022,523.78,689.74756
