year,y_true,y_pred
2018,48.57,18.250067
2019,22.18,14.021333
2020,25.62,15.021791
2021,10.87,14.021333
2022,21.12,15.021791
