year,y_true,y_pred
2018,48.57,39.240032
2019,33.28,44.73896
2020,43.91,47.73477
2021,25.36,44.73896
2022,92.93,39.240032
