year,y_true,y_pred
2018,67.26,55.17954
2019,99.83,50.548332
2020,69.53,56.974415
2021,68.84,47.140415
2022,50.69,47.140415
