year,y_true,y_pred
2018,13.84,31.392603
2019,15.31,33.11979
2020,6.1,33.11979
2021,16.72,33.11979
2022,33.58,31.392603
