year,y_true,y_pred
2018,29.21,22.231617
2019,32.16,22.231617
2020,36.62,22.231617
2021,34.96,22.231617
2022,30.22,22.231617
