year,y_true,y_pred
2018,92.25,60.957813
2019,114.86,96.203705
2020,128.16,60.957813
2021,150.48,60.957813
2022,164.53,60.957813
