year,y_true,y_pred
2018,1.54,1.1098769
2019,0.0,1.1098769
2020,0.0,1.1098769
2021,1.52,1.1098769
2022,1.68,1.1098769
