year,y_true,y_pred
2018,127.26,107.14634
2019,25.7,204.18901
2020,64.88,74.49318
2021,104.79,113.06531
2022,56.16,61.93463
