year,y_true,y_pred
2018,165.44,107.02925
2019,51.41,40.564877
2020,181.68,16.67762
2021,196.49,40.564877
2022,140.41,40.564877
