year,y_true,y_pred
2018,76.36,28.194416
2019,38.56,32.770042
2020,129.77,26.762543
2021,78.6,29.563917
2022,70.2,26.762543
