year,y_true,y_pred
2018,0.0,2.3786666
2019,0.0,4.313833
2020,12.98,3.4185
2021,0.0,2.3786666
2022,0.0,2.3786666
