year,y_true,y_pred
2018,63.63,79.68875
2019,102.81,73.36812
2020,77.86,57.9635
2021,52.4,61.295193
2022,154.45,78.1221
