year,y_true,y_pred
2018,75.27,71.49558
2019,88.08,63.05925
2020,75.73,63.05925
2021,75.94,63.05925
2022,29.63,63.05925
