year,y_true,y_pred
2018,91.43,31.58121
2019,83.04,25.725084
2020,49.78,25.725084
2021,82.9,25.725084
2022,35.94,25.725084
