year,y_true,y_pred
2018,648.33,571.3864
2019,739.08,521.5115
2020,721.87,627.42957
2021,489.1,627.42957
2022,565.99,481.24915
