year,y_true,y_pred
2018,47.21,18.048187
2019,15.84,36.786987
2020,15.93,46.890965
2021,64.09,18.048187
2022,149.83,42.101734
