year,y_true,y_pred
2018,7.31,10.989907
2019,3.64,10.989907
2020,3.62,12.837163
2021,10.8,4.092528
2022,21.74,0.5019586
