year,y_true,y_pred
2018,98.67,142.03139
2019,94.54,142.03139
2020,61.51,142.03139
2021,82.82,142.03139
2022,157.62,142.03139
