year,y_true,y_pred
2018,40.72,14.577917
2019,71.38,14.577917
2020,42.53,14.577917
2021,33.96,14.577917
2022,32.79,14.577917
