year,y_true,y_pred
2018,806.22,462.56342
2019,955.67,462.56342
2020,618.6,462.56342
2021,550.96,443.06198
2022,665.64,491.57562
