year,y_true,y_pred
2018,42.94,27.359125
2019,50.83,27.359125
2020,43.07,23.821749
2021,50.98,27.359125
2022,61.53,23.821749
