year,y_true,y_pred
2018,21.53,36.29528
2019,33.51,36.29528
2020,57.24,39.879314
2021,64.88,39.012905
2022,60.59,33.888073
