year,y_true,y_pred
2018,328.36,429.13126
2019,423.27,429.13126
2020,424.99,399.276
2021,442.23,399.276
2022,538.8,399.276
