year,y_true,y_pred
2018,195.58,182.77151
2019,199.29,179.70059
2020,173.47,182.4521
2021,158.79,200.49503
2022,214.54,108.649826
