year,y_true,y_pred
2018,69.98,73.06608
2019,104.05,73.06608
2020,72.86,73.06608
2021,93.91,73.06608
2022,104.81,73.06608
