year,y_true,y_pred
2018,0.0,0.24554303
2019,1.76,0.24554303
2020,0.0,0.24554303
2021,0.0,0.24554303
2022,0.0,0.24554303
