year,y_true,y_pred
2018,28.71,12.714
2019,14.11,13.099999
2020,20.82,14.441
2021,25.61,12.714
2022,26.2,13.099999
