year,y_true,y_pred
2018,3.59,1.1049598
2019,0.0,4.257077
2020,1.73,0.0022639448
2021,3.41,0.0029211303
2022,1.64,4.257077
