year,y_true,y_pred
2018,12.29,10.746467
2019,24.58,11.229917
2020,36.88,11.229917
2021,12.3,11.229917
2022,0.0,11.229917
