year,y_true,y_pred
2018,65.91,97.62356
2019,93.63,96.37837
2020,53.05,102.289
2021,40.36,98.64188
2022,65.64,99.727
