year,y_true,y_pred
2018,33.5,24.404593
2019,35.27,24.404593
2020,30.82,29.939867
2021,26.55,34.516537
2022,31.2,24.404593
