year,y_true,y_pred
2018,45.46,45.534767
2019,41.54,45.534767
2020,50.86,45.534767
2021,54.61,49.47279
2022,59.5,47.505333
