year,y_true,y_pred
2018,39.08,35.912167
2019,39.18,37.684414
2020,39.3,37.141167
2021,46.27,38.714333
2022,31.2,38.714333
