year,y_true,y_pred
2018,1.6,0.24461904
2019,0.78,0.42166665
2020,2.31,0.24461904
2021,0.76,0.42166665
2022,0.73,0.24461904
