year,y_true,y_pred
2018,833.18,745.15063
2019,588.13,652.06836
2020,547.45,652.06836
2021,380.57,652.06836
2022,741.87,703.78064
