year,y_true,y_pred
2018,55.55,44.213665
2019,18.38,53.879208
2020,36.5,44.213665
2021,36.25,53.879208
2022,43.64,41.475582
