year,y_true,y_pred
2018,73.34,67.54221
2019,97.05,79.15282
2020,108.38,72.254166
2021,179.36,111.80886
2022,103.9,79.15282
