year,y_true,y_pred
2018,70.45,53.991768
2019,45.42,39.855198
2020,32.91,55.809265
2021,24.59,54.74719
2022,23.69,51.370186
