year,y_true,y_pred
2018,108.12,111.51366
2019,53.9,112.63475
2020,67.17,112.63475
2021,13.4,85.528465
2022,82.7,35.318455
