year,y_true,y_pred
2018,0.0,84.04812
2019,84.87,99.47064
2020,42.75,98.683205
2021,64.61,99.47064
2022,178.89,98.683205
