year,y_true,y_pred
2018,905.07,809.69666
2019,827.5,809.69666
2020,748.18,809.69666
2021,581.52,885.0949
2022,1185.15,885.0949
