year,y_true,y_pred
2018,147.34,141.77734
2019,233.4,213.1492
2020,171.01,213.1492
2021,129.23,213.1492
2022,201.25,141.77734
