year,y_true,y_pred
2018,42.1,0.0009921938
2019,84.87,39.81967
2020,85.51,20.370426
2021,21.54,20.371267
2022,67.08,39.81967
