year,y_true,y_pred
2018,63.14,45.792
2019,63.65,55.145374
2020,64.13,39.479374
2021,86.15,39.479374
2022,134.17,39.479374
