year,y_true,y_pred
2018,220.67,114.452934
2019,75.44,71.395485
2020,154.74,114.452934
2021,158.67,114.452934
2022,135.03,71.395485
