year,y_true,y_pred
2018,57.0,65.575356
2019,53.12,53.40936
2020,36.18,54.566532
2021,42.37,45.182182
2022,40.03,45.182182
