year,y_true,y_pred
2018,777.82,859.5176
2019,793.55,1018.7887
2020,674.25,1008.70917
2021,573.59,1008.88025
2022,803.98,964.59174
