year,y_true,y_pred
2018,47.53,28.873749
2019,47.33,28.873749
2020,0.0,28.873749
2021,140.85,28.873749
2022,0.0,40.618084
