year,y_true,y_pred
2018,65.34,150.54802
2019,84.23,68.85768
2020,70.69,101.022865
2021,89.25,68.85768
2022,66.14,115.68256
