year,y_true,y_pred
2018,630.56,399.84314
2019,405.98,399.84314
2020,385.67,399.84314
2021,457.12,308.3647
2022,281.58,308.3647
