year,y_true,y_pred
2018,55.64,11.739952
2019,0.0,15.345542
2020,36.73,15.4175415
2021,18.28,20.087479
2022,0.0,15.4175415
