year,y_true,y_pred
2018,25.56,52.421753
2019,54.54,52.421753
2020,39.83,52.421753
2021,28.85,52.421753
2022,54.08,52.421753
