year,y_true,y_pred
2018,69.38,56.000183
2019,79.99,52.73766
2020,61.56,52.73766
2021,68.52,39.563046
2022,64.89,52.73766
