year,y_true,y_pred
2018,102.25,78.88267
2019,123.62,61.179752
2020,112.25,61.179752
2021,100.98,61.179752
2022,97.34,61.179752
