year,y_true,y_pred
2018,7.3,3.938067
2019,14.54,4.993917
2020,10.86,5.0119166
2021,3.61,5.0119166
2022,10.82,3.938067
