year,y_true,y_pred
2018,0.0,26.247244
2019,3.64,26.247244
2020,0.0,26.247244
2021,0.0,26.247244
2022,0.0,26.247244
