year,y_true,y_pred
2018,9.17,24.900667
2019,54.87,24.900667
2020,18.25,24.968626
2021,45.52,27.492208
2022,18.02,24.968626
