year,y_true,y_pred
2018,339.42,523.37305
2019,557.84,460.68997
2020,319.37,622.87335
2021,245.83,505.17953
2022,198.27,523.37305
