year,y_true,y_pred
2018,17.49,78.071785
2019,0.0,83.00747
2020,34.89,83.00747
2021,121.97,83.00747
2022,34.91,83.00747
