mae,rmse,r2,city,model,sequence_length,forecast_horizon,normalization,val_size
0.4320358421327295,0.5284660057408014,-0.0071564184412762355,3555356,xgboost,8,4,,
