year,y_true,y_pred
2018,96.14,37.736664
2019,41.4,37.736664
2020,82.46,41.665634
2021,46.2,37.736664
2022,56.46,37.736664
