year,y_true,y_pred
2018,680.78,648.61847
2019,504.55,648.61847
2020,832.3,648.61847
2021,726.35,850.33344
2022,911.46,648.61847
