year,y_true,y_pred
2018,35.59,44.314632
2019,0.0,44.314632
2020,71.1,43.440666
2021,71.05,56.948902
2022,38.17,44.314632
