year,y_true,y_pred
2018,0.0,8.797605
2019,35.57,32.138206
2020,71.1,64.490005
2021,0.0,8.797605
2022,76.34,32.138206
