year,y_true,y_pred
2018,0.0,3.362222
2019,0.0,3.362222
2020,0.0,3.362222
2021,0.0,3.362222
2022,0.0,3.362222
