year,y_true,y_pred
2018,177.94,141.95494
2019,35.57,172.46996
2020,71.1,117.76474
2021,142.1,113.83104
2022,381.68,96.660835
