year,y_true,y_pred
2018,35.59,18.798668
2019,35.57,11.1574335
2020,71.1,11.1574335
2021,0.0,11.1574335
2022,0.0,18.798668
