year,y_true,y_pred
2018,62.87,127.60035
2019,39.02,125.95428
2020,100.77,122.39174
2021,146.32,101.17693
2022,88.71,133.24986
