year,y_true,y_pred
2018,7.86,32.00517
2019,23.41,32.00517
2020,15.5,32.00517
2021,61.61,32.00517
2022,16.13,27.276333
