year,y_true,y_pred
2018,23.58,61.27504
2019,54.63,61.27504
2020,31.01,61.27504
2021,23.1,57.76954
2022,40.32,61.27504
