year,y_true,y_pred
2018,157.17,210.37465
2019,156.08,210.37465
2020,139.52,210.37465
2021,207.93,210.37465
2022,145.16,210.37465
