year,y_true,y_pred
2018,7.76,20.13154
2019,18.48,23.310041
2020,9.14,19.825228
2021,36.18,30.968729
2022,20.3,19.825228
