year,y_true,y_pred
2018,155.13,398.03912
2019,314.15,398.03912
2020,237.64,398.03912
2021,244.21,398.03912
2022,345.14,398.03912
