year,y_true,y_pred
2018,60.06,66.66737
2019,100.12,101.36113
2020,101.42,72.492004
2021,40.58,72.492004
2022,181.05,66.66737
