year,y_true,y_pred
2018,72.49,100.9989
2019,54.31,110.06012
2020,74.92,102.82444
2021,90.32,102.82444
2022,74.91,155.33214
