year,y_true,y_pred
2018,40.34,34.600918
2019,42.58,34.600918
2020,47.57,45.88489
2021,44.16,34.600918
2022,41.27,34.600918
