year,y_true,y_pred
2018,1035.48,833.3363
2019,709.74,931.07245
2020,615.24,833.3363
2021,478.59,931.07245
2022,567.44,883.41315
