year,y_true,y_pred
2018,108.5,63.539772
2019,35.88,141.44472
2020,71.2,102.096634
2021,106.04,98.29786
2022,78.28,139.78934
