year,y_true,y_pred
2018,348.52,332.79993
2019,384.53,332.79993
2020,999.7,436.93262
2021,1029.12,436.93262
2022,491.82,383.86945
