year,y_true,y_pred
2018,28.39,14.557067
2019,16.79,14.557067
2020,23.66,15.752667
2021,34.45,14.557067
2022,16.71,14.557067
