year,y_true,y_pred
2018,0.0,66.14505
2019,0.0,11.997048
2020,0.0,66.14505
2021,0.0,66.14505
2022,51.12,66.14505
