year,y_true,y_pred
2018,307.53,295.00433
2019,102.67,295.00433
2020,50.66,443.37103
2021,100.05,443.37103
2022,511.25,443.37103
