year,y_true,y_pred
2018,810.6,495.60425
2019,871.01,495.60425
2020,777.66,632.63135
2021,748.92,495.60425
2022,1062.17,495.60425
