year,y_true,y_pred
2018,51.47,14.357651
2019,0.0,14.112993
2020,25.5,15.345887
2021,0.0,15.412694
2022,14.16,13.388384
