year,y_true,y_pred
2018,29.46,73.05179
2019,29.41,56.20679
2020,58.74,56.20679
2021,146.63,56.35529
2022,0.0,49.6631
