year,y_true,y_pred
2018,38.78,67.39933
2019,48.92,67.39933
2020,27.72,67.39933
2021,30.94,67.39933
2022,44.6,65.30729
