year,y_true,y_pred
2018,694.49,841.8048
2019,622.01,818.064
2020,533.63,880.60406
2021,629.02,880.60406
2022,697.72,880.60406
