year,y_true,y_pred
2018,810.92,878.80975
2019,471.57,789.2716
2020,577.72,683.00543
2021,683.28,902.7047
2022,753.66,854.5175
