year,y_true,y_pred
2018,54.06,41.64437
2019,40.42,86.507286
2020,40.31,118.409424
2021,93.78,86.89324
2022,69.78,12.877098
