year,y_true,y_pred
2018,50.24,42.460503
2019,84.22,42.460503
2020,67.74,56.719067
2021,51.08,56.719067
2022,74.43,42.460503
