year,y_true,y_pred
2018,1272.82,742.99915
2019,1583.29,778.6796
2020,982.22,742.99915
2021,476.76,742.99915
2022,803.81,718.551
