year,y_true,y_pred
2018,239.49,348.31216
2019,317.71,348.31216
2020,158.1,348.31216
2021,104.88,285.9673
2022,279.47,314.78677
