year,y_true,y_pred
2018,79.83,26.307667
2019,0.0,22.019958
2020,52.7,31.988667
2021,26.22,26.307667
2022,0.0,20.724667
