year,y_true,y_pred
2018,9.24,49.830334
2019,54.95,40.241917
2020,18.15,42.580418
2021,53.99,36.742416
2022,32.09,42.580418
