year,y_true,y_pred
2018,563.88,699.48486
2019,549.45,699.48486
2020,344.86,699.48486
2021,611.84,547.4168
2022,545.48,609.95074
