year,y_true,y_pred
2018,83.04,73.200615
2019,36.22,73.200615
2020,51.58,86.74979
2021,56.57,73.923416
2022,47.74,71.57022
