year,y_true,y_pred
2018,28.96,31.390795
2019,33.47,30.457644
2020,22.42,34.070667
2021,34.75,29.222452
2022,29.82,37.887196
