year,y_true,y_pred
2018,474.74,526.38354
2019,449.4,488.5753
2020,399.46,488.5753
2021,388.57,507.72696
2022,445.86,507.72696
