year,y_true,y_pred
2018,27.75,46.802746
2019,23.33,73.8792
2020,34.35,34.642563
2021,37.48,47.617954
2022,19.48,49.32992
