year,y_true,y_pred
2018,75.3,97.78362
2019,75.73,88.2404
2020,114.24,69.789345
2021,114.9,109.09763
2022,120.05,88.312546
