year,y_true,y_pred
2018,71.99,51.42445
2019,0.0,73.43367
2020,72.1,72.101585
2021,72.15,70.91865
2022,0.0,73.43218
