year,y_true,y_pred
2018,97.79,66.09533
2019,97.65,68.69679
2020,87.75,68.69679
2021,87.64,74.71929
2022,29.07,74.71929
