year,y_true,y_pred
2018,49.08,96.40102
2019,48.77,96.40102
2020,32.32,102.23795
2021,80.31,102.23795
2022,160.66,102.23795
