year,y_true,y_pred
2018,44.59,28.677334
2019,71.62,28.677334
2020,17.97,28.677334
2021,63.13,30.83179
2022,46.55,28.677334
