year,y_true,y_pred
2018,692.42,715.37897
2019,522.35,715.37897
2020,416.17,715.37897
2021,547.78,715.37897
2022,383.24,715.37897
