year,y_true,y_pred
2018,73.81,72.804565
2019,49.08,72.804565
2020,62.95,80.87
2021,87.23,76.58288
2022,49.68,75.673874
