year,y_true,y_pred
2018,24.6,46.607002
2019,31.55,42.017002
2020,31.48,45.780125
2021,27.91,43.524002
2022,28.39,43.524002
