year,y_true,y_pred
2018,14.06,0.34472224
2019,0.0,0.25854167
2020,0.0,0.24333334
2021,0.0,0.25854167
2022,3.55,0.34472224
