year,y_true,y_pred
2018,35.15,56.16398
2019,24.54,61.413097
2020,62.95,61.413097
2021,69.78,67.37026
2022,46.13,67.37026
