year,y_true,y_pred
2018,63.27,101.10167
2019,77.13,96.20917
2020,101.42,93.57217
2021,153.52,93.57217
2022,134.84,93.57217
