year,y_true,y_pred
2018,42.77,76.51758
2019,129.7,76.51758
2020,0.0,76.51758
2021,44.15,63.43183
2022,75.36,46.688583
