year,y_true,y_pred
2018,502.57,610.26794
2019,1154.47,610.26794
2020,425.96,641.13525
2021,200.23,692.60645
2022,534.28,625.6009
