year,y_true,y_pred
2018,70.13,41.28647
2019,75.29,46.02416
2020,75.17,73.54176
2021,25.03,73.54176
2022,63.61,37.94603
