year,y_true,y_pred
2018,35.06,17.451542
2019,37.65,17.307543
2020,25.06,17.307543
2021,25.03,17.307543
2022,12.72,17.307543
