year,y_true,y_pred
2018,0.0,0.0016681564
2019,0.0,0.0016681564
2020,0.0,3.8429239
2021,12.51,3.8429239
2022,0.0,0.0016681564
