year,y_true,y_pred
2018,175.32,51.57567
2019,125.49,57.69796
2020,75.17,51.57567
2021,37.54,51.57567
2022,89.05,69.221664
