year,y_true,y_pred
2018,49.01,60.347664
2019,36.65,57.986332
2020,36.56,57.986332
2021,42.54,57.986332
2022,47.92,57.986332
