year,y_true,y_pred
2018,900.57,865.0795
2019,830.84,868.33527
2020,920.0,865.0795
2021,638.07,868.33527
2022,1054.27,925.9925
