year,y_true,y_pred
2018,644.86,718.0959
2019,1096.96,844.8407
2020,978.55,844.8407
2021,1164.36,892.68207
2022,1099.66,892.68207
