year,y_true,y_pred
2018,6.58,6.8482027
2019,13.06,0.0011199679
2020,12.96,0.0011199679
2021,32.16,0.0016538814
2022,30.55,6.967618
