year,y_true,y_pred
2018,174.27,445.31458
2019,173.45,445.31458
2020,107.35,445.31458
2021,78.74,445.31458
2022,207.77,445.31458
