year,y_true,y_pred
2018,21.64,31.000067
2019,11.34,28.686916
2020,4.52,31.000067
2021,9.0,28.686916
2022,20.07,28.686916
