year,y_true,y_pred
2018,3.42,2.6168149
2019,7.94,1.8431833
2020,3.39,2.6168149
2021,1.12,2.6168149
2022,3.54,1.2392895
