year,y_true,y_pred
2018,107.07,112.09111
2019,91.82,108.2881
2020,102.83,104.52317
2021,93.37,108.2881
2022,122.77,108.2881
