year,y_true,y_pred
2018,28.48,27.654789
2019,24.94,26.095856
2020,39.55,41.555473
2021,43.87,28.027828
2022,43.68,28.027828
