year,y_true,y_pred
2018,232.74,154.78133
2019,272.35,154.78133
2020,188.09,143.57153
2021,256.54,154.78133
2022,283.24,143.57153
