year,y_true,y_pred
2018,31.59,21.708876
2019,30.08,21.708876
2020,18.47,21.708876
2021,33.76,21.708876
2022,13.49,21.708876
