year,y_true,y_pred
2018,3.32,5.3529997
2019,6.68,6.112
2020,5.04,6.84
2021,5.06,5.3529997
2022,14.84,5.3529997
