year,y_true,y_pred
2018,3.32,0.7601905
2019,1.67,0.6403333
2020,1.68,1.0828333
2021,3.38,1.0828333
2022,0.0,0.6403333
