year,y_true,y_pred
2018,0.0,1.2783985
2019,0.0,1.2783985
2020,6.72,1.2783985
2021,8.44,1.1269192
2022,1.35,1.1269192
