year,y_true,y_pred
2018,99.74,61.752575
2019,86.89,57.902874
2020,73.89,61.752575
2021,108.02,61.752575
2022,98.46,61.752575
