year,y_true,y_pred
2018,28.42,50.119602
2019,28.3,61.126602
2020,14.1,61.126602
2021,42.13,61.126602
2022,21.88,61.126602
