year,y_true,y_pred
2018,110.25,32.579998
2019,0.0,32.579998
2020,72.91,32.579998
2021,0.0,54.677998
2022,48.88,47.656998
