year,y_true,y_pred
2018,41.42,54.527378
2019,48.66,54.527378
2020,44.36,54.527378
2021,49.64,54.527378
2022,47.29,54.527378
