year,y_true,y_pred
2018,54.17,50.098335
2019,108.17,50.098335
2020,0.0,61.34248
2021,53.76,37.985977
2022,0.0,50.093544
