year,y_true,y_pred
2018,52.85,26.972584
2019,75.55,26.972584
2020,71.82,26.972584
2021,30.26,26.972584
2022,58.0,31.998459
