year,y_true,y_pred
2018,26.42,12.284916
2019,15.11,9.726375
2020,3.78,16.241966
2021,11.35,12.284916
2022,17.85,9.726375
