year,y_true,y_pred
2018,143.44,174.55121
2019,158.65,176.7662
2020,173.87,189.56601
2021,136.17,184.42802
2022,133.86,187.35101
