year,y_true,y_pred
2018,0.0,0.3427273
2019,0.0,0.3427273
2020,3.78,0.3427273
2021,0.0,0.3427273
2022,0.0,0.3427273
