year,y_true,y_pred
2018,109.47,85.09033
2019,94.43,80.21767
2020,83.16,85.09033
2021,30.26,72.25883
2022,49.08,75.75533
