year,y_true,y_pred
2018,638.38,602.3443
2019,956.7,687.5389
2020,762.68,639.99133
2021,865.24,639.99133
2022,525.99,639.99133
