year,y_true,y_pred
2018,49.11,52.084
2019,39.45,63.70856
2020,69.33,63.70856
2021,69.62,55.668373
2022,54.15,63.70856
