year,y_true,y_pred
2018,1593.34,987.94025
2019,1812.36,987.94025
2020,1475.36,987.94025
2021,1092.59,987.94025
2022,985.92,987.94025
