year,y_true,y_pred
2018,25.8,24.758049
2019,83.25,24.758049
2020,63.59,36.882347
2021,69.47,28.75135
2022,43.41,27.94435
