year,y_true,y_pred
2018,63.94,46.6808
2019,85.26,59.144
2020,63.94,50.377003
2021,78.16,53.927002
2022,79.82,50.377003
