year,y_true,y_pred
2018,1158.62,1005.91815
2019,1079.09,1072.7482
2020,827.5,1001.3545
2021,539.8,1009.1312
2022,563.86,1005.91815
