year,y_true,y_pred
2018,350.65,307.87787
2019,374.63,307.87787
2020,262.75,307.87787
2021,282.03,307.87787
2022,399.44,348.44434
