year,y_true,y_pred
2018,18.22,19.22925
2019,35.26,19.22925
2020,8.54,19.22925
2021,35.25,19.22925
2022,6.8,16.969667
