year,y_true,y_pred
2018,516.22,791.26074
2019,632.65,791.26074
2020,674.59,791.26074
2021,532.97,791.26074
2022,727.92,791.26074
