year,y_true,y_pred
2018,49.16,60.149048
2019,73.0,35.377033
2020,80.31,80.172676
2021,79.55,69.58977
2022,62.14,51.6885
