year,y_true,y_pred
2018,46.37,43.835117
2019,0.0,63.09732
2020,47.8,43.834816
2021,95.92,38.702175
2022,47.38,63.096977
