year,y_true,y_pred
2018,31.45,37.386894
2019,40.09,42.875397
2020,26.94,37.386894
2021,37.18,42.875397
2022,51.11,37.386894
