year,y_true,y_pred
2018,51.64,15.943749
2019,102.62,15.943749
2020,25.5,20.379583
2021,50.7,22.950132
2022,0.0,20.379583
