year,y_true,y_pred
2018,166.28,88.44204
2019,99.97,74.00454
2020,0.0,102.30733
2021,100.27,99.03633
2022,96.93,81.95896
