year,y_true,y_pred
2018,111.15,66.329926
2019,93.13,76.03321
2020,37.45,66.329926
2021,75.26,66.329926
2022,20.64,76.03321
