year,y_true,y_pred
2018,129.68,59.396168
2019,55.88,67.597336
2020,74.89,50.479
2021,18.81,67.597336
2022,61.92,59.396168
