year,y_true,y_pred
2018,92.63,41.273106
2019,55.88,41.273106
2020,74.89,49.78719
2021,56.44,41.273106
2022,20.64,49.78719
