year,y_true,y_pred
2018,148.2,136.0056
2019,74.5,150.07329
2020,37.45,163.89433
2021,112.89,136.0056
2022,103.2,148.26279
