year,y_true,y_pred
2018,126.48,45.181667
2019,105.49,28.167583
2020,147.8,45.181667
2021,105.66,25.185133
2022,115.63,25.185133
