year,y_true,y_pred
2018,1391.23,939.66705
2019,1223.63,939.66705
2020,781.25,853.42834
2021,591.72,849.2739
2022,901.94,849.2739
