year,y_true,y_pred
2018,141.47,65.05124
2019,0.0,62.117756
2020,20.16,117.42887
2021,80.53,74.428535
2022,155.83,65.05124
