year,y_true,y_pred
2018,291.63,284.86224
2019,276.23,329.41418
2020,191.09,410.3058
2021,159.5,307.90125
2022,218.35,369.12482
