year,y_true,y_pred
2018,20.3,6.739917
2019,11.05,6.2973332
2020,18.37,6.2973332
2021,9.17,7.673333
2022,8.88,6.2973332
