year,y_true,y_pred
2018,25.84,7.5728235
2019,38.67,4.221408
2020,31.24,4.221408
2021,33.0,4.221408
2022,17.75,4.221408
