year,y_true,y_pred
2018,0.0,0.43866664
2019,0.0,0.43866664
2020,0.0,0.43866664
2021,0.0,0.43866664
2022,0.0,0.43866664
