year,y_true,y_pred
2018,118.13,60.840508
2019,95.76,60.840508
2020,146.99,60.840508
2021,126.5,60.840508
2022,152.67,60.840508
