year,y_true,y_pred
2018,0.0,0.1744
2019,3.68,0.1744
2020,0.0,0.13599999
2021,1.83,0.13599999
2022,0.0,0.13599999
