year,y_true,y_pred
2018,5.54,0.12866667
2019,3.68,0.13670833
2020,3.67,0.12866667
2021,0.0,0.12866667
2022,7.1,0.12866667
