year,y_true,y_pred
2018,279.32,243.6654
2019,460.6,243.6654
2020,275.03,262.31757
2021,311.55,199.58244
2022,338.67,473.02966
