year,y_true,y_pred
2018,29.54,22.766169
2019,42.85,29.640743
2020,34.71,18.025778
2021,18.64,22.30638
2022,29.2,30.059345
