year,y_true,y_pred
2018,75.2,64.74844
2019,53.56,64.74844
2020,50.73,67.39735
2021,69.23,51.94171
2022,72.99,64.259155
