year,y_true,y_pred
2018,77.89,113.47974
2019,56.24,109.34677
2020,101.47,87.5113
2021,98.52,108.87245
2022,96.34,108.68499
