year,y_true,y_pred
2018,5.37,8.860126
2019,10.71,6.08175
2020,2.67,8.860126
2021,10.65,7.408
2022,8.76,8.860126
