year,y_true,y_pred
2018,330.12,895.95306
2019,500.07,895.95306
2020,421.67,895.95306
2021,456.58,895.95306
2022,777.87,895.95306
