year,y_true,y_pred
2018,25.01,54.435207
2019,29.71,54.435207
2020,19.61,54.435207
2021,38.86,54.435207
2022,30.91,60.159897
