year,y_true,y_pred
2018,111.11,96.05087
2019,152.53,77.3999
2020,98.14,77.3999
2021,121.26,96.05087
2022,102.35,77.3999
