year,y_true,y_pred
2018,38.08,11.254967
2019,38.3,12.587791
2020,77.04,11.254967
2021,77.46,11.254967
2022,111.69,11.254967
