year,y_true,y_pred
2018,380.81,444.70694
2019,651.09,319.38535
2020,577.81,444.70694
2021,658.4,444.70694
2022,781.83,444.70694
