year,y_true,y_pred
2018,1048.07,753.16077
2019,1040.96,707.8198
2020,607.01,753.16077
2021,893.66,810.604
2022,875.39,707.8198
