year,y_true,y_pred
2018,68.35,47.918026
2019,113.15,47.918026
2020,44.96,49.556404
2021,111.71,67.91586
2022,102.99,29.068674
