year,y_true,y_pred
2018,90.09,268.0338
2019,320.79,225.09921
2020,171.14,214.65475
2021,249.86,130.82805
2022,444.97,267.13068
