year,y_true,y_pred
2018,0.0,31.733301
2019,29.16,31.733301
2020,0.0,31.733301
2021,27.76,31.733301
2022,0.0,31.733301
