year,y_true,y_pred
2018,723.66,586.87463
2019,827.18,586.87463
2020,616.3,586.87463
2021,565.33,570.2634
2022,655.25,611.09045
