year,y_true,y_pred
2018,51.37,48.965946
2019,54.04,48.965946
2020,65.66,48.965946
2021,59.35,48.965946
2022,61.25,48.965946
