year,y_true,y_pred
2018,24.17,11.126542
2019,28.52,11.659788
2020,20.89,11.659788
2021,19.29,11.659788
2022,19.94,11.659788
