year,y_true,y_pred
2018,98.2,98.31874
2019,105.09,98.31874
2020,110.43,98.31874
2021,121.67,98.31874
2022,131.05,98.31874
