year,y_true,y_pred
2018,42.3,30.140305
2019,28.52,25.246264
2020,32.83,30.140305
2021,54.9,30.140305
2022,24.22,30.140305
