year,y_true,y_pred
2018,52.25,85.32743
2019,35.6,85.32743
2020,90.96,63.779537
2021,111.54,49.27864
2022,106.67,92.09791
