year,y_true,y_pred
2018,1452.38,854.34906
2019,1164.17,854.34906
2020,2204.84,854.34906
2021,780.7,854.34906
2022,734.39,713.11
