year,y_true,y_pred
2018,119.05,14.335127
2019,95.03,44.141876
2020,142.25,30.28431
2021,70.97,34.633064
2022,48.96,45.82516
