year,y_true,y_pred
2018,122.11,73.269394
2019,88.28,79.320244
2020,89.32,66.490746
2021,90.36,71.81899
2022,99.42,71.81899
