year,y_true,y_pred
2018,1278.34,805.55786
2019,1448.78,869.65765
2020,954.33,869.65765
2021,971.37,887.56366
2022,1143.89,887.56366
