year,y_true,y_pred
2018,51.13,74.26867
2019,51.13,74.26867
2020,102.25,74.26867
2021,34.08,74.26867
2022,90.31,103.22367
