year,y_true,y_pred
2018,26.87,36.173885
2019,63.98,59.78354
2020,58.21,31.748535
2021,89.3,28.996197
2022,158.57,28.996197
