year,y_true,y_pred
2018,37.58,17.141459
2019,29.35,15.947458
2020,24.75,17.141459
2021,28.12,17.141459
2022,43.82,17.141459
