year,y_true,y_pred
2018,105.59,91.070595
2019,109.39,86.88358
2020,117.57,91.070595
2021,122.16,86.88358
2022,151.96,90.25462
