year,y_true,y_pred
2018,0.0,0.09499241
2019,0.0,0.09499241
2020,0.0,0.09499241
2021,0.0,0.09499241
2022,0.93,0.09499241
