year,y_true,y_pred
2018,4.47,5.4130626
2019,6.23,5.4130626
2020,13.26,5.4130626
2021,12.3,5.8788123
2022,8.39,6.668375
