year,y_true,y_pred
2018,18.79,20.238834
2019,34.68,19.262676
2020,37.13,20.238834
2021,25.49,21.20062
2022,43.82,18.305481
