year,y_true,y_pred
2018,0.0,0.48853123
2019,0.0,0.48853123
2020,0.0,0.48853123
2021,0.0,0.48853123
2022,0.0,0.48853123
