year,y_true,y_pred
2018,122.91,61.745583
2019,73.8,77.74739
2020,73.87,61.745583
2021,49.3,95.30241
2022,57.41,95.30241
