year,y_true,y_pred
2018,94.06,44.316803
2019,100.06,23.104118
2020,85.38,23.104118
2021,91.32,23.104118
2022,100.16,23.104118
