year,y_true,y_pred
2018,40.37,48.589336
2019,35.21,55.249237
2020,25.07,54.371567
2021,29.98,35.41692
2022,75.75,28.90215
