year,y_true,y_pred
2018,83.63,43.16069
2019,62.37,107.701385
2020,89.97,52.58365
2021,82.95,60.641144
2022,47.56,56.78322
