year,y_true,y_pred
2018,74.07,75.19842
2019,78.59,75.19842
2020,83.02,75.19842
2021,79.46,75.19842
2022,75.36,75.19842
