year,y_true,y_pred
2018,351.44,349.41562
2019,545.08,394.661
2020,371.59,349.41562
2021,315.89,349.41562
2022,694.01,349.41562
