year,y_true,y_pred
2018,58.57,21.980667
2019,103.12,28.317959
2020,13.76,36.09246
2021,41.2,21.980667
2022,113.56,28.317959
