year,y_true,y_pred
2018,7.35,64.35973
2019,7.28,59.170532
2020,22.18,64.35973
2021,60.06,64.35973
2022,56.5,64.35973
