year,y_true,y_pred
2018,36.74,56.54931
2019,36.52,20.467152
2020,0.0,20.245611
2021,0.0,10.285145
2022,81.75,42.87973
