mae,rmse,r2,city,model,sequence_length,forecast_horizon,normalization,val_size
0.04159149326452824,0.09342644393660594,-0.026723336809523213,3516200,xgboost,8,4,,
