year,y_true,y_pred
2018,89.57,163.9277
2019,197.37,185.364
2020,222.17,182.38213
2021,203.98,203.83899
2022,367.74,182.38213
