year,y_true,y_pred
2018,7.46,25.510763
2019,21.93,14.415129
2020,14.33,25.510763
2021,21.1,13.377666
2022,16.34,13.377666
