year,y_true,y_pred
2018,603.31,710.16626
2019,730.28,687.47235
2020,545.27,823.93304
2021,604.91,666.2021
2022,665.07,687.06036
