year,y_true,y_pred
2018,33.79,80.517654
2019,38.44,80.517654
2020,57.4,80.517654
2021,66.68,78.175316
2022,39.12,87.572784
