year,y_true,y_pred
2018,24.13,19.028667
2019,28.83,24.154667
2020,23.92,20.620667
2021,0.0,22.488667
2022,24.45,22.488667
