year,y_true,y_pred
2018,9.65,12.864675
2019,14.41,17.45175
2020,28.7,21.816692
2021,23.82,12.375024
2022,29.34,13.555823
