year,y_true,y_pred
2018,154.45,249.45033
2019,201.79,218.32542
2020,186.54,230.66718
2021,185.76,230.24567
2022,176.05,230.24567
