year,y_true,y_pred
2018,4.83,0.5675041
2019,0.0,0.5675041
2020,0.0,0.5675041
2021,0.0,0.5675041
2022,0.0,0.5675041
