year,y_true,y_pred
2018,0.0,41.930435
2019,0.0,44.270046
2020,38.8,44.270046
2021,0.0,44.270046
2022,0.0,44.270046
