year,y_true,y_pred
2018,47.44,80.70692
2019,64.84,72.709335
2020,64.59,77.20133
2021,46.79,81.10142
2022,60.46,72.709335
