year,y_true,y_pred
2018,94.88,107.82256
2019,76.62,91.55861
2020,88.07,63.777756
2021,122.84,62.843414
2022,114.88,92.2683
