year,y_true,y_pred
2018,142.31,138.43993
2019,117.88,121.486336
2020,152.66,121.486336
2021,245.67,121.486336
2022,211.62,138.43993
