year,y_true,y_pred
2018,5.93,0.68999463
2019,5.89,0.68999463
2020,0.0,0.68999463
2021,5.85,0.68999463
2022,0.0,0.68999463
