year,y_true,y_pred
2018,11.86,17.402836
2019,29.47,11.335233
2020,5.87,4.952258
2021,5.85,24.63998
2022,6.05,18.087234
