year,y_true,y_pred
2018,44.39,68.26483
2019,47.13,63.017334
2020,23.49,68.26483
2021,58.46,68.26483
2022,41.73,68.26483
