year,y_true,y_pred
2018,88.79,112.53404
2019,67.74,112.53404
2020,76.34,118.44942
2021,102.31,118.44942
2022,134.81,112.53404
