year,y_true,y_pred
2018,5.92,13.1992035
2019,14.73,18.44879
2020,8.81,13.1992035
2021,17.54,11.7015705
2022,9.63,24.042334
