year,y_true,y_pred
2018,118.38,166.25052
2019,123.71,146.19867
2020,176.18,123.43225
2021,102.31,138.27203
2022,141.23,139.48367
