year,y_true,y_pred
2018,49.21,50.11524
2019,54.08,44.6637
2020,45.72,50.11585
2021,50.45,48.329727
2022,59.62,52.071938
