year,y_true,y_pred
2018,0.12,0.087400004
2019,0.06,0.06151
2020,0.18,0.06151
2021,0.06,0.115550004
2022,0.27,0.087400004
