year,y_true,y_pred
2018,0.06,0.23020832
2019,0.43,0.27958333
2020,0.3,0.27958333
2021,0.06,0.27166668
2022,0.27,0.23020832
