year,y_true,y_pred
2018,15.51,13.6875
2019,15.19,13.7987995
2020,13.55,13.505
2021,16.98,13.505
2022,18.13,13.7987995
