year,y_true,y_pred
2018,98.3,99.00529
2019,103.36,94.35647
2020,89.63,99.00529
2021,91.99,97.38239
2022,95.88,97.38239
