year,y_true,y_pred
2018,46.69,39.11516
2019,83.96,41.7041
2020,63.67,55.702175
2021,58.99,39.11516
2022,113.47,43.493137
