year,y_true,y_pred
2018,10.38,16.004333
2019,20.99,17.333334
2020,26.53,16.004333
2021,32.18,19.664917
2022,68.08,19.664917
