year,y_true,y_pred
2018,51.88,15.4275
2019,41.98,18.155437
2020,68.98,16.958624
2021,53.63,18.155437
2022,73.75,16.958624
