year,y_true,y_pred
2018,114.14,102.25547
2019,152.18,94.875916
2020,122.04,90.83342
2021,155.52,94.875916
2022,107.8,90.83342
