year,y_true,y_pred
2018,0.0,0.35879168
2019,0.0,0.35879168
2020,0.0,0.35879168
2021,0.0,0.35879168
2022,0.0,0.35879168
