year,y_true,y_pred
2018,68.05,25.792002
2019,35.01,25.792002
2020,144.09,25.792002
2021,74.16,31.661001
2022,32.56,25.792002
