year,y_true,y_pred
2018,24.1,51.750957
2019,24.06,39.116474
2020,64.04,44.034958
2021,47.95,44.034958
2022,23.43,44.034958
