year,y_true,y_pred
2018,96.39,20.0606
2019,104.24,34.752003
2020,48.03,34.752003
2021,143.84,20.0606
2022,101.52,34.752003
