year,y_true,y_pred
2018,8.03,7.730722
2019,8.02,7.730722
2020,16.01,7.730722
2021,31.96,2.8471146
2022,0.0,19.910973
