year,y_true,y_pred
2018,88.36,69.61454
2019,96.22,69.61454
2020,64.04,69.61454
2021,71.92,69.61454
2022,70.29,69.61454
