year,y_true,y_pred
2018,368.04,403.95798
2019,316.52,403.95798
2020,323.38,403.95798
2021,298.62,403.95798
2022,469.5,403.95798
