year,y_true,y_pred
2018,43.14,32.179916
2019,33.99,32.179916
2020,32.99,30.90474
2021,35.89,30.90474
2022,51.39,30.90474
