year,y_true,y_pred
2018,0.0,0.28466666
2019,0.0,0.389875
2020,0.0,0.389875
2021,0.85,0.389875
2022,0.0,0.28466666
