year,y_true,y_pred
2018,85.83,105.11696
2019,93.59,103.65967
2020,105.04,103.65967
2021,113.64,105.59996
2022,115.86,103.65967
