year,y_true,y_pred
2018,26.06,22.719158
2019,21.19,25.86017
2020,28.65,22.719158
2021,29.9,23.297148
2022,35.5,24.296148
