year,y_true,y_pred
2018,48.53,40.949856
2019,41.5,42.266106
2020,45.58,39.340294
2021,43.58,42.266106
2022,49.99,39.148293
