year,y_true,y_pred
2018,0.0,0.054500002
2019,0.0,0.054500002
2020,0.0,0.054500002
2021,0.0,0.054500002
2022,0.0,0.054500002
