year,y_true,y_pred
2018,37.19,39.759106
2019,18.51,56.512768
2020,55.27,39.759106
2021,18.34,56.512768
2022,39.02,39.759106
