year,y_true,y_pred
2018,576.42,513.86383
2019,296.13,731.3553
2020,423.73,745.83246
2021,311.81,513.86383
2022,409.68,745.83246
