mae,rmse,r2,city,model,sequence_length,forecast_horizon,normalization,val_size
0.49260973881256814,1.2348212816266972,-0.026112333185044134,1200500,xgboost,8,4,,
