year,y_true,y_pred
2018,73.11,45.163845
2019,26.73,57.83183
2020,53.08,54.3134
2021,48.95,45.163845
2022,69.53,45.163845
