year,y_true,y_pred
2018,53.75,79.884
2019,0.0,97.12875
2020,26.64,119.061005
2021,26.53,101.86875
2022,100.33,101.86875
