year,y_true,y_pred
2018,752.49,894.424
2019,775.82,741.8213
2020,692.59,768.75433
2021,901.86,768.75433
2022,752.45,768.75433
