year,y_true,y_pred
2018,63.06,338.99478
2019,166.49,158.98149
2020,123.66,171.9627
2021,183.75,171.96269
2022,292.68,158.9815
