year,y_true,y_pred
2018,21.02,43.457397
2019,0.0,44.09256
2020,41.22,44.09256
2021,40.83,25.584314
2022,48.78,24.997078
