year,y_true,y_pred
2018,23.68,1.8648834
2019,0.0,3.5800834
2020,0.0,1.6386666
2021,23.52,1.8648834
2022,0.0,3.5800834
