year,y_true,y_pred
2018,118.41,268.93457
2019,106.33,167.84747
2020,141.46,167.84747
2021,411.67,36.339622
2022,487.97,291.079
