year,y_true,y_pred
2018,0.0,1.1563083
2019,0.0,1.1563083
2020,0.0,1.1563083
2021,0.0,1.1563083
2022,0.0,1.1563083
