year,y_true,y_pred
2018,11.84,19.655666
2019,0.0,19.655666
2020,11.79,19.655666
2021,11.76,19.655666
2022,34.04,19.655666
