year,y_true,y_pred
2018,0.0,12.249667
2019,0.0,10.499333
2020,0.0,8.390917
2021,11.76,12.249667
2022,0.0,12.249667
