year,y_true,y_pred
2018,917.43,383.09534
2019,695.22,475.15436
2020,449.64,475.15436
2021,473.08,419.93506
2022,569.12,383.09534
