year,y_true,y_pred
2018,44.75,19.13605
2019,67.28,18.801453
2020,44.96,37.715405
2021,67.58,25.427132
2022,71.14,32.756664
