year,y_true,y_pred
2018,44.89,48.06533
2019,69.39,48.06533
2020,66.97,47.349915
2021,33.41,50.999332
2022,36.46,45.813915
