year,y_true,y_pred
2018,435.42,428.78174
2019,503.61,428.78174
2020,399.62,428.78174
2021,394.19,428.78174
2022,445.38,428.78174
