year,y_true,y_pred
2018,31.5,58.31131
2019,63.13,58.31131
2020,26.36,79.48755
2021,52.83,67.93245
2022,27.55,64.33883
