year,y_true,y_pred
2018,0.0,13.999324
2019,0.0,13.999324
2020,13.11,13.999324
2021,0.0,13.999324
2022,70.23,13.999324
