year,y_true,y_pred
2018,208.33,228.71667
2019,222.8,228.71667
2020,157.36,215.48209
2021,183.68,188.26396
2022,196.66,188.26396
