year,y_true,y_pred
2018,53.5,41.33025
2019,67.25,41.33025
2020,52.69,48.434124
2021,45.34,41.33025
2022,52.66,41.33025
