year,y_true,y_pred
2018,12.48,17.912083
2019,7.08,18.937933
2020,5.27,18.937933
2021,19.18,18.937933
2022,12.71,16.842709
