year,y_true,y_pred
2018,1.78,0.18893333
2019,0.0,0.18893333
2020,0.0,0.18893333
2021,0.0,0.18893333
2022,1.82,0.18893333
