year,y_true,y_pred
2018,42.8,47.963665
2019,54.86,50.018665
2020,43.91,44.701332
2021,50.57,50.018665
2022,39.95,44.701332
