year,y_true,y_pred
2018,98.08,115.75248
2019,100.87,113.10234
2020,105.39,113.10234
2021,92.42,115.75248
2022,99.87,115.75248
