year,y_true,y_pred
2018,44.16,48.01599
2019,88.09,18.783283
2020,29.3,57.67383
2021,58.45,18.783283
2022,70.71,57.195137
