year,y_true,y_pred
2018,603.47,544.1183
2019,675.38,493.89664
2020,468.73,493.89664
2021,350.72,493.89664
2022,579.83,544.1183
