year,y_true,y_pred
2018,22.32,9.147301
2019,33.46,18.952576
2020,16.72,18.952576
2021,22.28,11.231801
2022,11.47,18.952576
