year,y_true,y_pred
2018,585.81,766.38605
2019,752.76,828.9068
2020,724.48,604.67114
2021,1102.88,629.1778
2022,246.67,1121.7615
