year,y_true,y_pred
2018,55.59,5.8880625
2019,36.9,5.8880625
2020,36.74,5.8880625
2021,27.44,5.8880625
2022,19.43,5.8880625
