year,y_true,y_pred
2018,71.63,55.641212
2019,104.35,55.68703
2020,14.14,92.31354
2021,60.88,54.270306
2022,58.64,77.42364
