year,y_true,y_pred
2018,797.52,917.53455
2019,815.82,912.84106
2020,711.56,951.09216
2021,936.64,951.09216
2022,1006.7,951.09216
