year,y_true,y_pred
2018,45.62,51.658375
2019,35.96,51.658375
2020,27.76,38.47208
2021,34.44,38.38347
2022,39.15,34.999977
