year,y_true,y_pred
2018,27.05,31.292917
2019,30.06,25.146152
2020,28.34,25.146152
2021,36.73,26.12911
2022,38.69,32.00439
