year,y_true,y_pred
2018,5.92,8.424866
2019,9.71,9.5373
2020,9.68,8.424866
2021,16.65,8.424866
2022,16.58,11.720817
