year,y_true,y_pred
2018,0.12,0.25141665
2019,0.58,0.32779166
2020,0.0,0.21466666
2021,0.34,0.22633334
2022,0.12,0.21391666
