year,y_true,y_pred
2018,124.44,127.55854
2019,125.69,127.55854
2020,130.98,127.55854
2021,120.19,127.55854
2022,135.29,127.55854
