year,y_true,y_pred
2018,0.23,0.039934963
2019,0.12,0.039934963
2020,0.0,0.039934963
2021,0.11,0.039934963
2022,0.12,0.039934963
