year,y_true,y_pred
2018,11.56,9.99387
2019,28.74,12.505917
2020,5.72,6.4694333
2021,17.06,9.99387
2022,51.24,12.459611
