year,y_true,y_pred
2018,300.53,188.07834
2019,321.86,188.07834
2020,165.78,207.36404
2021,204.73,188.07834
2022,292.8,227.08348
