year,y_true,y_pred
2018,0.0,9.136959
2019,5.75,9.136959
2020,11.43,9.136959
2021,5.69,10.444084
2022,36.6,9.136959
