year,y_true,y_pred
2018,121.37,99.762024
2019,109.2,99.762024
2020,80.03,99.762024
2021,170.61,99.762024
2022,190.32,60.564125
