year,y_true,y_pred
2018,0.0,1.8577499
2019,0.0,1.8577499
2020,22.87,1.8577499
2021,11.37,2.3729167
2022,7.32,2.3729167
