year,y_true,y_pred
2018,46.23,50.94021
2019,91.96,50.82367
2020,40.02,53.734035
2021,34.12,50.94021
2022,73.2,49.68321
