year,y_true,y_pred
2018,685.25,670.7171
2019,982.99,453.13266
2020,844.01,439.37512
2021,1002.19,635.32007
2022,872.37,665.47955
