year,y_true,y_pred
2018,15.57,50.20976
2019,124.82,50.395775
2020,78.15,47.145435
2021,125.27,72.064705
2022,107.37,67.4594
