year,y_true,y_pred
2018,485.62,411.45868
2019,615.08,411.45868
2020,467.9,411.45868
2021,420.71,411.45868
2022,553.13,411.45868
