year,y_true,y_pred
2018,47.61,14.299612
2019,51.65,14.299612
2020,32.43,14.299612
2021,27.44,14.299612
2022,47.87,14.299612
