year,y_true,y_pred
2018,0.0,1.1617708
2019,0.0,1.1617708
2020,0.0,1.1617708
2021,0.0,1.1617708
2022,0.0,1.1617708
