year,y_true,y_pred
2018,114.26,113.68276
2019,112.69,107.30493
2020,148.24,121.03819
2021,82.31,113.68276
2022,79.78,117.42626
