year,y_true,y_pred
2018,38.09,20.196762
2019,9.39,17.59371
2020,13.9,16.391666
2021,9.15,18.26121
2022,10.64,16.391666
