year,y_true,y_pred
2018,47.61,47.26225
2019,42.26,48.961918
2020,37.06,47.26225
2021,36.58,53.79404
2022,47.87,47.26225
