year,y_true,y_pred
2018,31.43,64.156
2019,31.17,53.182877
2020,42.16,59.635128
2021,58.56,59.635128
2022,78.19,64.156
