year,y_true,y_pred
2018,16.93,6.5705624
2019,3.32,8.904563
2020,25.99,7.291875
2021,28.67,6.5705624
2022,30.07,8.904563
