year,y_true,y_pred
2018,84.65,140.48808
2019,145.87,153.62508
2020,175.43,136.37253
2021,146.56,140.48808
2022,233.86,140.48808
