year,y_true,y_pred
2018,6.87,3.85125
2019,13.6,3.85125
2020,13.48,3.1586666
2021,26.72,3.1586666
2022,45.05,6.654583
