year,y_true,y_pred
2018,521.87,524.7465
2019,693.83,443.89185
2020,492.05,583.84204
2021,307.32,443.89185
2022,487.99,385.7112
