year,y_true,y_pred
2018,35.65,43.15492
2019,17.7,39.7856
2020,31.66,41.53432
2021,48.95,46.615345
2022,70.56,39.7856
