year,y_true,y_pred
2018,764.69,891.80035
2019,747.2,891.80035
2020,634.0,891.80035
2021,549.49,891.80035
2022,607.48,891.80035
