year,y_true,y_pred
2018,44.78,45.91664
2019,36.54,45.91664
2020,40.6,45.91664
2021,40.13,45.91664
2022,46.11,45.91664
