year,y_true,y_pred
2018,1.15,1.9006667
2019,0.43,1.9006667
2020,0.56,1.9006667
2021,1.53,1.9006667
2022,1.71,2.1214166
