year,y_true,y_pred
2018,142.11,142.50827
2019,123.56,141.07526
2020,133.04,145.27466
2021,135.81,145.27466
2022,160.66,145.27466
