year,y_true,y_pred
2018,19.01,14.142208
2019,23.32,13.818666
2020,20.65,13.818666
2021,22.08,13.818666
2022,26.47,13.818666
