year,y_true,y_pred
2018,0.0,0.025509704
2019,0.0,0.025509704
2020,0.0,0.025509704
2021,0.28,0.025509704
2022,0.14,0.0018135825
