year,y_true,y_pred
2018,13.53,14.8475065
2019,13.08,13.636664
2020,13.63,15.200348
2021,16.11,12.724495
2022,17.08,14.8475065
