year,y_true,y_pred
2018,450.74,651.27124
2019,424.95,651.27124
2020,306.38,651.27124
2021,386.73,651.27124
2022,444.12,651.27124
