year,y_true,y_pred
2018,45.63,49.109875
2019,37.93,47.231876
2020,34.3,49.109875
2021,37.55,49.109875
2022,57.96,49.109875
