year,y_true,y_pred
2018,3.15,1.5990001
2019,1.55,2.1405
2020,0.76,1.528
2021,1.5,1.5990001
2022,1.51,1.5450001
