year,y_true,y_pred
2018,15.73,11.763834
2019,20.12,11.992912
2020,19.05,11.965201
2021,16.52,11.298577
2022,20.32,11.298577
