year,y_true,y_pred
2018,165.19,141.46161
2019,174.16,143.44649
2020,154.71,143.44649
2021,124.65,145.89125
2022,145.28,157.5053
