year,y_true,y_pred
2018,3.93,4.5995016
2019,3.87,6.1330576
2020,7.62,6.5489984
2021,5.26,4.571986
2022,5.27,6.3385615
