year,y_true,y_pred
2018,74.85,43.265125
2019,0.0,36.85075
2020,45.62,34.27825
2021,30.68,34.79425
2022,29.33,32.72
