year,y_true,y_pred
2018,209.58,254.40678
2019,241.15,284.23343
2020,136.86,304.68854
2021,291.5,284.22888
2022,234.67,291.2001
