year,y_true,y_pred
2018,37.36,39.279625
2019,74.79,39.279625
2020,0.0,39.279625
2021,37.47,59.059875
2022,74.39,52.016003
