year,y_true,y_pred
2018,209.12,108.28018
2019,212.58,161.2199
2020,138.95,161.22203
2021,118.82,82.3793
2022,301.51,156.70534
