year,y_true,y_pred
2018,29.18,8.99593
2019,19.33,7.55395
2020,4.79,11.074613
2021,19.01,7.553605
2022,30.15,3.9246664
