year,y_true,y_pred
2018,342.11,479.471
2019,341.41,530.97375
2020,170.42,530.97375
2021,170.13,454.6245
2022,365.45,454.6245
