year,y_true,y_pred
2018,34.21,7.585068
2019,0.0,66.18813
2020,0.0,66.18813
2021,34.03,66.18813
2022,0.0,66.18813
