year,y_true,y_pred
2018,309.72,272.31073
2019,146.43,282.57065
2020,197.5,282.57065
2021,130.24,263.07516
2022,290.44,263.07516
