year,y_true,y_pred
2018,0.0,25.279667
2019,26.62,25.279667
2020,13.17,29.910292
2021,26.05,25.279667
2022,37.88,29.910292
