year,y_true,y_pred
2018,0.0,1.5732332
2019,0.0,1.5732332
2020,0.0,1.5732332
2021,0.0,1.5732332
2022,0.0,1.5732332
