year,y_true,y_pred
2018,0.0,1.8755533
2019,13.31,1.8755533
2020,13.17,1.8755533
2021,13.02,1.8755533
2022,12.63,1.8755533
