year,y_true,y_pred
2018,26.93,21.403114
2019,53.25,14.214289
2020,26.33,38.26582
2021,0.0,16.380823
2022,25.26,15.70792
