year,y_true,y_pred
2018,0.0,78.84837
2019,133.12,70.71031
2020,65.83,66.21237
2021,104.19,65.263
2022,63.14,78.84837
