year,y_true,y_pred
2018,26.93,30.293667
2019,66.56,30.274166
2020,26.33,30.293667
2021,26.05,25.200867
2022,0.0,35.232334
