year,y_true,y_pred
2018,39.03,47.66495
2019,91.4,36.214424
2020,52.41,36.01463
2021,92.03,36.30044
2022,68.32,36.022316
