year,y_true,y_pred
2018,1014.7,406.71555
2019,744.22,406.71555
2020,524.11,406.71555
2021,394.43,440.26416
2022,669.58,440.26416
