year,y_true,y_pred
2018,58.46,64.55412
2019,25.98,64.55412
2020,71.43,64.31262
2021,84.42,70.05612
2022,67.62,67.001
