year,y_true,y_pred
2018,0.0,47.241123
2019,53.27,62.575
2020,53.09,47.241123
2021,0.0,47.241123
2022,41.03,62.575
