year,y_true,y_pred
2018,427.5,432.16412
2019,355.11,432.16412
2020,353.92,418.142
2021,423.36,432.16412
2022,635.9,418.142
