year,y_true,y_pred
2018,0.0,57.88121
2019,62.58,57.88121
2020,0.0,57.88121
2021,126.82,58.106667
2022,130.12,48.246708
