year,y_true,y_pred
2018,0.0,39.590374
2019,15.57,41.49575
2020,31.01,43.94075
2021,61.77,51.065998
2022,31.69,39.590374
