year,y_true,y_pred
2018,79.43,45.47977
2019,79.4,45.47977
2020,39.68,45.47977
2021,39.67,61.870667
2022,0.0,61.870667
