year,y_true,y_pred
2018,873.71,737.25
2019,714.57,807.48193
2020,952.38,897.67865
2021,476.0,897.67865
2022,532.1,785.4557
