year,y_true,y_pred
2018,41.47,24.773792
2019,0.0,24.773792
2020,10.68,27.518333
2021,10.83,27.518333
2022,0.0,30.241333
