year,y_true,y_pred
2018,62.26,44.948666
2019,51.11,46.18921
2020,43.17,44.948666
2021,69.53,49.538666
2022,41.97,49.538666
