year,y_true,y_pred
2018,31.3,29.595665
2019,31.12,36.357166
2020,30.97,29.595665
2021,30.82,29.595665
2022,61.27,29.595665
