year,y_true,y_pred
2018,387.37,359.02438
2019,357.93,359.02438
2020,449.04,344.90646
2021,315.89,359.02438
2022,441.12,359.02438
