year,y_true,y_pred
2018,66.52,36.51968
2019,11.67,36.51968
2020,15.48,19.135925
2021,30.82,18.291725
2022,32.68,36.51968
