year,y_true,y_pred
2018,7.83,6.7334704
2019,0.0,8.032471
2020,3.87,5.442554
2021,11.56,5.908554
2022,12.25,10.980633
