year,y_true,y_pred
2018,160.43,168.21986
2019,128.39,161.82689
2020,147.1,122.791405
2021,138.69,172.32745
2022,171.55,172.32745
