year,y_true,y_pred
2018,300.77,325.06033
2019,335.66,280.29022
2020,232.6,325.06033
2021,230.81,325.06033
2022,148.9,325.06033
