year,y_true,y_pred
2018,32.23,11.767542
2019,0.0,11.767542
2020,5.29,7.509042
2021,26.23,7.509042
2022,26.59,11.767542
