year,y_true,y_pred
2018,70.21,67.226074
2019,77.09,66.272446
2020,71.67,67.92569
2021,73.62,66.272446
2022,92.64,66.272446
