year,y_true,y_pred
2018,451.02,503.89896
2019,472.94,501.93048
2020,445.49,486.70676
2021,452.49,486.7055
2022,557.03,486.7055
