year,y_true,y_pred
2018,144.28,123.38598
2019,132.59,144.32855
2020,115.92,144.32855
2021,124.85,140.29176
2022,152.71,144.32855
