year,y_true,y_pred
2018,24.51,18.548758
2019,21.87,18.548758
2020,21.72,18.548758
2021,22.65,18.548758
2022,31.08,18.548758
