year,y_true,y_pred
2018,74.34,69.52245
2019,80.1,71.57046
2020,62.71,71.57046
2021,80.09,73.606575
2022,105.19,71.586464
