year,y_true,y_pred
2018,0.0,0.13291667
2019,0.0,0.13291667
2020,0.27,0.13291667
2021,0.0,0.13291667
2022,0.3,0.13291667
