year,y_true,y_pred
2018,1.1,1.6036667
2019,1.09,1.6036667
2020,0.27,1.3632709
2021,0.81,1.3632709
2022,0.6,1.3632709
