year,y_true,y_pred
2018,40.13,36.32225
2019,13.47,32.135937
2020,54.26,32.135937
2021,27.32,36.32225
2022,52.62,32.135937
