year,y_true,y_pred
2018,949.83,1536.7479
2019,714.0,747.05347
2020,515.46,506.44797
2021,573.69,576.548
2022,1118.27,704.4153
