year,y_true,y_pred
2018,58.31,61.006332
2019,58.11,80.072334
2020,28.95,80.072334
2021,57.72,61.20454
2022,51.45,80.072334
