year,y_true,y_pred
2018,0.0,18.587341
2019,128.92,22.579117
2020,0.0,32.49049
2021,44.37,32.90119
2022,0.0,21.276833
