year,y_true,y_pred
2018,201.77,71.49846
2019,180.17,231.0347
2020,143.43,198.33037
2021,142.74,236.07852
2022,309.57,236.07852
