year,y_true,y_pred
2018,20.69,5.839121
2019,41.18,5.4595075
2020,10.24,5.5190883
2021,25.49,5.5476913
2022,29.48,5.5476913
