year,y_true,y_pred
2018,18.42,0.33716667
2019,29.99,0.33716667
2020,11.73,0.33716667
2021,14.34,0.33716667
2022,36.28,0.33716667
