year,y_true,y_pred
2018,178.04,37.757336
2019,263.89,37.757336
2020,225.77,37.757336
2021,157.79,37.757336
2022,257.99,37.757336
