mae,rmse,r2,city,model,sequence_length,forecast_horizon,normalization,val_size
0.03656504495480382,0.09575402060457108,-0.16033602910263478,2111201,xgboost,8,4,,
