mae,rmse,r2,city,model,sequence_length,forecast_horizon,normalization,val_size
0.21243719550709636,0.6111147680822235,0.057424775391579974,2207009,xgboost,8,4,,
