mae,rmse,r2,city,model,sequence_length,forecast_horizon,normalization,val_size
0.11893619512195122,0.31737019102435854,-0.16338810438011686,2208007,xgboost,8,4,,
