mae,rmse,r2,city,model,sequence_length,forecast_horizon,normalization,val_size
0.05942095894920112,0.09962239728370229,-0.20286909926242847,2504009,xgboost,8,4,,
