mae,rmse,r2,city,model,sequence_length,forecast_horizon,normalization,val_size
0.14863181756086474,0.41817209804520405,-0.004748009924868679,2506301,xgboost,8,4,,
