mae,rmse,r2,city,model,sequence_length,forecast_horizon,normalization,val_size
0.07330298311062501,0.20971922124401557,0.19852106594684138,2510808,xgboost,8,4,,
