mae,rmse,r2,city,model,sequence_length,forecast_horizon,normalization,val_size
0.10702283678137528,0.16389790769499765,-0.046209956616029446,2513703,xgboost,8,4,,
