mae,rmse,r2,city,model,sequence_length,forecast_horizon,normalization,val_size
0.14784121764157168,0.3878738769003705,0.019805779304247983,2601904,xgboost,8,4,,
