mae,rmse,r2,city,model,sequence_length,forecast_horizon,normalization,val_size
0.12053636611536563,0.29761214235782163,-0.15443579533922014,2606408,xgboost,8,4,,
