mae,rmse,r2,city,model,sequence_length,forecast_horizon,normalization,val_size
0.07532071118934343,0.13054086004297474,-0.055433831175684345,2800308,xgboost,8,4,,
