mae,rmse,r2,city,model,sequence_length,forecast_horizon,normalization,val_size
0.10083519216095062,0.18808631610175178,-0.38084760648015825,2804805,xgboost,8,4,,
