mae,rmse,r2,city,model,sequence_length,forecast_horizon,normalization,val_size
0.16405031412099647,0.44619147447896884,0.06483309106601653,2902104,xgboost,8,4,,
