mae,rmse,r2,city,model,sequence_length,forecast_horizon,normalization,val_size
0.031756274978145746,0.08304480686704754,0.24782756139741158,3131307,xgboost,8,4,,
