mae,rmse,r2,city,model,sequence_length,forecast_horizon,normalization,val_size
0.03519582726445124,0.062016321152258844,-0.9936934145276053,3205002,xgboost,8,4,,
