mae,rmse,r2,city,model,sequence_length,forecast_horizon,normalization,val_size
0.01336245250916573,0.02774877777058981,-0.14728302307945773,3304904,xgboost,8,4,,
