mae,rmse,r2,city,model,sequence_length,forecast_horizon,normalization,val_size
0.007675044475033351,0.010940726706053236,-1.0956175690999728,3304557,xgboost,8,4,,
