mae,rmse,r2,city,model,sequence_length,forecast_horizon,normalization,val_size
0.057978586111303354,0.18507815991989632,-0.07780573451835937,3505500,xgboost,8,4,,
