mae,rmse,r2,city,model,sequence_length,forecast_horizon,normalization,val_size
0.013432638786944838,0.02094444215710078,0.13136487922933804,3518800,xgboost,8,4,,
