mae,rmse,r2,city,model,sequence_length,forecast_horizon,normalization,val_size
0.14328319979270143,0.23556588810647464,-0.045747565766503184,3520509,xgboost,8,4,,
