mae,rmse,r2,city,model,sequence_length,forecast_horizon,normalization,val_size
0.02033741209535946,0.05258254852602889,-0.026147783236334154,3525904,xgboost,8,4,,
