mae,rmse,r2,city,model,sequence_length,forecast_horizon,normalization,val_size
0.060546129347813914,0.17312592126987889,0.0647316102284522,3556206,xgboost,8,4,,
