mae,rmse,r2,city,model,sequence_length,forecast_horizon,normalization,val_size
0.050972292682926794,0.11018180677522033,-0.2722923760689986,4205407,xgboost,8,4,,
