mae,rmse,r2,city,model,sequence_length,forecast_horizon,normalization,val_size
0.18035121951219513,0.48088964625175074,-0.16367353869237355,4314050,xgboost,8,4,,
