mae,rmse,r2,city,model,sequence_length,forecast_horizon,normalization,val_size
0.07472848780487805,0.19766274744645065,-0.16676554565932666,4320008,xgboost,8,4,,
