mae,rmse,r2,city,model,sequence_length,forecast_horizon,normalization,val_size
0.012556677101358757,0.035555290827580195,-0.04548482505455653,5103403,xgboost,8,4,,
