mae,rmse,r2,city,model,sequence_length,forecast_horizon,normalization,val_size
0.20320157987682927,0.2867367946943332,0.030205652785389447,5201108,xgboost,8,4,,
