mae,rmse,r2,city,model,sequence_length,forecast_horizon,normalization,val_size
0.23217603319548744,0.31548871237351994,-0.07775768281260476,5217609,xgboost,8,4,,
