year,y_true,y_pred
2018,27.11,61.70254
2019,26.94,67.60333
2020,71.42,64.66354
2021,62.12,63.331543
2022,29.35,67.60333
