year,y_true,y_pred
2018,73.87,78.872665
2019,56.81,70.13724
2020,56.8,76.596664
2021,96.53,78.872665
2022,66.5,73.96696
