year,y_true,y_pred
2018,41.41,14.135041
2019,64.79,39.371998
2020,58.65,49.28946
2021,64.26,66.61771
2022,47.33,49.28163
