year,y_true,y_pred
2018,17.75,14.189521
2019,23.56,17.036959
2020,29.33,10.495375
2021,17.53,14.189521
2022,17.75,14.189521
