year,y_true,y_pred
2018,59.15,48.01151
2019,64.79,35.496475
2020,41.06,35.496475
2021,81.79,36.131954
2022,70.99,43.127728
