year,y_true,y_pred
2018,11.83,4.8393903
2019,17.67,4.8393903
2020,0.0,5.960508
2021,5.84,9.135324
2022,53.24,12.236867
