year,y_true,y_pred
2018,0.0,0.6166602
2019,0.0,0.6166602
2020,0.0,0.6166602
2021,0.0,0.6166602
2022,0.0,0.6166602
