year,y_true,y_pred
2018,33.39,63.4104
2019,66.87,63.4104
2020,67.07,88.48886
2021,0.0,88.48886
2022,131.71,63.4104
