year,y_true,y_pred
2018,108.81,47.521873
2019,0.0,54.79933
2020,0.0,58.584793
2021,55.99,58.584793
2022,137.74,64.67934
