year,y_true,y_pred
2018,733.82,679.49854
2019,632.17,679.49854
2020,282.16,538.65674
2021,447.09,546.16034
2022,673.46,469.39328
