year,y_true,y_pred
2018,83.39,40.504375
2019,66.54,37.790874
2020,0.0,37.790874
2021,49.68,40.283875
2022,51.8,32.547813
