year,y_true,y_pred
2018,112.09,113.06229
2019,111.42,114.753555
2020,92.3,107.948204
2021,128.51,107.948204
2022,206.19,103.04993
