year,y_true,y_pred
2018,859.33,894.0279
2019,965.65,871.95715
2020,572.27,1055.6476
2021,734.35,750.96625
2022,1237.11,934.96375
