year,y_true,y_pred
2018,72.58,83.25015
2019,51.71,84.977936
2020,57.89,67.711464
2021,59.69,83.25015
2022,83.0,83.25015
