year,y_true,y_pred
2018,139.3,136.08803
2019,110.7,136.08803
2020,119.39,136.08803
2021,123.69,136.08803
2022,187.97,136.08803
