year,y_true,y_pred
2018,36.66,41.083122
2019,40.05,41.083122
2020,34.73,41.083122
2021,54.65,41.083122
2022,46.38,41.083122
