year,y_true,y_pred
2018,19.8,21.812536
2019,21.12,23.527643
2020,18.81,23.527643
2021,25.89,23.527643
2022,33.36,26.019196
