year,y_true,y_pred
2018,0.73,0.652
2019,0.0,0.6485625
2020,0.72,0.46170002
2021,0.0,0.46170002
2022,0.0,0.46170002
