year,y_true,y_pred
2018,24.15,39.15073
2019,0.0,39.15073
2020,23.89,39.15073
2021,47.55,39.15073
2022,0.0,31.400766
