year,y_true,y_pred
2018,28.85,16.4084
2019,28.66,26.022202
2020,28.47,26.022202
2021,0.0,26.022202
2022,0.0,26.022202
