year,y_true,y_pred
2018,259.67,228.40382
2019,372.6,287.51685
2020,113.9,299.19305
2021,169.78,59.17128
2022,243.98,228.40382
