year,y_true,y_pred
2018,20.9,66.47632
2019,83.58,62.032818
2020,20.89,68.824615
2021,62.67,20.280308
2022,20.26,62.146034
