year,y_true,y_pred
2018,110.27,104.92721
2019,93.13,59.693653
2020,113.23,59.693653
2021,57.34,104.92721
2022,195.91,104.92721
