year,y_true,y_pred
2018,84.95,67.56705
2019,0.0,61.96837
2020,57.25,61.96837
2021,28.77,67.56705
2022,14.91,72.11524
