year,y_true,y_pred
2018,51.94,51.667747
2019,51.44,48.590168
2020,39.64,57.168694
2021,56.12,60.246273
2022,78.46,57.168694
