year,y_true,y_pred
2018,438.6,545.626
2019,542.98,550.09796
2020,441.65,492.6102
2021,443.32,550.09796
2022,563.48,492.6102
