year,y_true,y_pred
2018,20.07,18.173332
2019,15.54,20.12404
2020,29.23,21.899334
2021,13.73,20.12404
2022,26.1,21.899334
