year,y_true,y_pred
2018,75.99,51.428967
2019,72.03,51.428967
2020,105.8,51.428967
2021,83.73,51.428967
2022,101.5,51.428967
