year,y_true,y_pred
2018,15.77,11.946667
2019,22.6,11.946667
2020,15.31,11.946667
2021,16.47,11.946667
2022,11.6,11.946667
