year,y_true,y_pred
2018,14.34,7.4096155
2019,0.0,2.1614034
2020,19.49,3.6703396
2021,10.98,6.160603
2022,8.7,2.6529384
