year,y_true,y_pred
2018,1.43,1.3826201
2019,1.41,1.0897988
2020,2.78,1.0897988
2021,0.0,0.225469
2022,2.9,0.25599998
