year,y_true,y_pred
2018,15.08,12.317
2019,7.5,12.317
2020,29.87,16.807375
2021,14.87,10.040125
2022,7.66,11.01175
