year,y_true,y_pred
2018,0.0,0.6191667
2019,0.0,0.6191667
2020,7.47,0.6191667
2021,0.0,0.6191667
2022,0.0,0.6191667
