year,y_true,y_pred
2018,30.17,7.8687916
2019,30.01,11.892334
2020,37.34,11.892334
2021,14.87,7.8687916
2022,30.62,6.773792
