year,y_true,y_pred
2018,60.33,54.037666
2019,127.56,54.037666
2020,186.69,48.614082
2021,74.34,54.037666
2022,91.86,54.037666
