year,y_true,y_pred
2018,30.17,8.5906925
2019,30.01,10.113692
2020,67.21,17.905664
2021,29.74,16.625666
2022,30.62,16.625666
