year,y_true,y_pred
2018,101.98,83.90587
2019,104.86,83.90587
2020,60.59,77.71305
2021,50.26,88.551796
2022,82.33,98.10838
