year,y_true,y_pred
2018,17.0,11.0966835
2019,13.53,9.211376
2020,6.73,9.122359
2021,3.35,5.937051
2022,7.16,10.870783
