year,y_true,y_pred
2018,27.19,38.747707
2019,47.35,35.938145
2020,33.66,38.77921
2021,26.81,37.479668
2022,32.22,40.702667
