year,y_true,y_pred
2018,3.4,6.3656664
2019,0.0,5.251583
2020,6.73,5.820083
2021,20.1,5.8125834
2022,0.0,5.065708
