year,y_true,y_pred
2018,0.0,13.881333
2019,6.04,13.881333
2020,29.4,18.68821
2021,22.97,18.68821
2022,0.0,16.397583
