year,y_true,y_pred
2018,167.7,524.06177
2019,84.56,524.06177
2020,94.09,524.06177
2021,137.81,524.06177
2022,137.61,524.06177
