year,y_true,y_pred
2018,34.7,25.912876
2019,40.84,25.935375
2020,29.73,25.935375
2021,51.44,26.898376
2022,48.06,25.935375
