year,y_true,y_pred
2018,11.04,12.881764
2019,12.57,16.955452
2020,18.78,16.850283
2021,9.35,3.3022747
2022,3.2,12.524689
