year,y_true,y_pred
2018,156.13,108.03312
2019,144.52,164.49611
2020,167.43,98.09414
2021,148.1,143.66884
2022,150.6,143.66884
