year,y_true,y_pred
2018,4.73,0.927
2019,0.0,0.5836667
2020,1.56,0.54933333
2021,0.0,0.5218667
2022,0.0,0.927
