year,y_true,y_pred
2018,61.51,34.540337
2019,28.27,36.47067
2020,31.3,34.540337
2021,32.74,35.764336
2022,22.43,34.540337
