year,y_true,y_pred
2018,55.61,27.749708
2019,9.22,28.03171
2020,45.85,19.291897
2021,27.37,23.184668
2022,9.74,24.583208
