year,y_true,y_pred
2018,315.14,241.89441
2019,248.89,196.32939
2020,339.29,94.28127
2021,374.05,184.65605
2022,467.47,110.81466
