year,y_true,y_pred
2018,513.16,645.51776
2019,580.25,645.51776
2020,325.63,645.51776
2021,455.57,645.51776
2022,768.64,645.51776
