year,y_true,y_pred
2018,16.48,22.222895
2019,21.06,21.37602
2020,20.93,11.946886
2021,30.06,13.861718
2022,38.16,13.861718
