year,y_true,y_pred
2018,0.0,0.40528107
2019,0.0,0.40528107
2020,0.0,0.40528107
2021,0.0,0.40528107
2022,2.73,0.40528107
