year,y_true,y_pred
2018,103.57,112.031006
2019,138.04,118.721565
2020,137.23,112.205696
2021,117.94,112.53442
2022,114.48,111.753654
