year,y_true,y_pred
2018,32.96,32.58921
2019,21.06,32.58921
2020,23.26,27.825958
2021,16.19,27.825958
2022,27.26,30.615084
