year,y_true,y_pred
2018,35.31,31.063808
2019,25.74,30.451809
2020,39.54,33.724747
2021,32.38,28.260052
2022,24.53,28.775301
