year,y_true,y_pred
2018,364.64,384.85748
2019,473.56,384.85748
2020,449.13,384.85748
2021,502.51,384.85748
2022,474.37,384.85748
