year,y_true,y_pred
2018,85.08,42.65375
2019,63.34,47.8706
2020,62.88,43.534252
2021,71.36,43.534252
2022,68.58,43.534252
