year,y_true,y_pred
2018,341.3,269.10507
2019,372.23,297.34253
2020,316.94,269.09146
2021,305.21,329.13965
2022,316.31,447.73123
