year,y_true,y_pred
2018,43.76,23.208252
2019,17.31,23.208252
2020,34.26,20.380001
2021,33.91,17.283
2022,18.61,23.208252
