year,y_true,y_pred
2018,69.98,54.40362
2019,87.37,54.40362
2020,61.09,54.40362
2021,78.46,54.40362
2022,81.12,54.40362
