year,y_true,y_pred
2018,1459.34,725.36694
2019,1459.54,759.9899
2020,1062.93,725.36694
2021,1162.13,759.9899
2022,1047.25,759.9899
