year,y_true,y_pred
2018,56.67,32.551624
2019,70.85,32.551624
2020,85.03,37.694748
2021,141.72,32.551624
2022,63.86,37.694748
