year,y_true,y_pred
2018,57.96,63.372505
2019,51.44,55.21297
2020,48.78,63.372505
2021,78.43,54.84397
2022,108.07,42.65275
