year,y_true,y_pred
2018,452.0,356.44928
2019,508.05,329.89697
2020,369.99,329.89697
2021,398.84,335.45367
2022,654.06,335.45367
