year,y_true,y_pred
2018,76.23,82.95461
2019,73.84,77.65254
2020,71.7,79.04983
2021,91.77,76.973885
2022,107.82,80.767426
