year,y_true,y_pred
2018,0.11,0.26525
2019,0.33,0.225875
2020,0.43,0.208
2021,0.65,0.29337502
2022,0.77,0.29337502
