year,y_true,y_pred
2018,0.0,0.10476667
2019,0.22,0.10476667
2020,0.11,0.079333335
2021,0.22,0.10476667
2022,0.0,0.079333335
