year,y_true,y_pred
2018,68.68,86.290085
2019,73.08,83.75833
2020,70.62,83.96383
2021,83.6,83.96383
2022,90.96,82.826584
