year,y_true,y_pred
2018,39.04,37.0304
2019,35.89,37.63775
2020,35.37,36.453125
2021,44.0,36.453125
2022,54.29,38.600998
