year,y_true,y_pred
2018,197.89,247.72801
2019,410.58,297.1815
2020,228.98,401.8946
2021,260.63,220.86307
2022,349.71,220.86307
