year,y_true,y_pred
2018,0.0,20.33774
2019,114.96,60.79564
2020,49.07,28.613554
2021,65.16,35.788242
2022,87.43,34.84837
