year,y_true,y_pred
2018,48.15,13.35611
2019,84.85,13.35611
2020,85.45,13.35611
2021,98.33,13.35611
2022,70.1,13.35611
