year,y_true,y_pred
2018,24.91,61.44358
2019,0.0,49.78421
2020,36.28,45.953083
2021,47.72,45.662083
2022,97.79,49.78421
