year,y_true,y_pred
2018,361.19,451.84692
2019,233.1,304.45087
2020,241.87,451.84692
2021,417.51,451.84692
2022,501.16,304.45087
