year,y_true,y_pred
2018,65.28,113.453156
2019,97.56,113.453156
2020,73.82,113.45385
2021,77.16,101.443214
2022,64.03,87.52167
