year,y_true,y_pred
2018,22.97,30.358578
2019,22.16,17.324823
2020,66.49,16.656515
2021,66.5,38.265667
2022,49.88,36.58581
