year,y_true,y_pred
2018,222.04,280.21768
2019,317.67,280.21768
2020,347.25,279.59055
2021,369.44,279.59055
2022,340.84,261.08774
