year,y_true,y_pred
2018,68.26,49.670666
2019,22.39,48.965
2020,33.07,51.721333
2021,54.31,51.671665
2022,50.49,49.964664
