year,y_true,y_pred
2018,56.95,41.58877
2019,34.03,38.169666
2020,56.47,43.814667
2021,67.5,41.58877
2022,85.67,33.59227
