year,y_true,y_pred
2018,660.67,466.07666
2019,703.19,515.1668
2020,587.31,509.58167
2021,472.49,509.58167
2022,785.27,509.58167
