year,y_true,y_pred
2018,11.39,18.528734
2019,0.0,28.191597
2020,11.29,28.191597
2021,33.75,28.191597
2022,57.11,28.191597
