year,y_true,y_pred
2018,0.0,12.496959
2019,11.34,12.875372
2020,0.0,12.544715
2021,0.0,13.1148405
2022,0.0,11.939938
