year,y_true,y_pred
2018,136.69,113.16554
2019,90.73,113.16554
2020,101.65,110.45442
2021,157.5,113.16554
2022,299.83,95.48954
