year,y_true,y_pred
2018,35.03,50.59213
2019,85.87,36.81711
2020,0.0,23.192123
2021,82.7,45.62407
2022,70.26,62.894367
