year,y_true,y_pred
2018,42.52,49.420185
2019,42.75,41.559498
2020,68.77,40.696053
2021,34.56,49.286915
2022,44.56,56.735107
