year,y_true,y_pred
2018,875.85,665.37085
2019,889.27,665.37085
2020,593.14,665.37085
2021,665.28,656.73865
2022,698.05,698.20795
