year,y_true,y_pred
2018,22.1,38.307655
2019,44.05,13.934418
2020,16.53,11.353329
2021,66.18,47.80346
2022,81.14,19.966784
