year,y_true,y_pred
2018,270.69,309.99933
2019,363.4,309.99933
2020,247.97,288.27542
2021,512.88,309.99933
2022,591.13,271.1723
