year,y_true,y_pred
2018,56.86,51.381355
2019,46.04,58.81679
2020,17.65,55.20179
2021,63.32,51.381355
2022,35.68,58.81679
