year,y_true,y_pred
2018,451.36,487.03934
2019,456.86,501.72403
2020,232.94,501.72403
2021,404.53,541.49176
2022,333.06,501.72403
