year,y_true,y_pred
2018,26.39,36.906544
2019,26.34,30.865292
2020,105.18,31.117416
2021,209.97,36.906544
2022,51.15,36.906544
