year,y_true,y_pred
2018,29.44,38.87417
2019,45.15,40.592667
2020,51.77,37.348667
2021,65.09,40.592667
2022,44.58,40.006668
