year,y_true,y_pred
2018,39.26,43.80414
2019,60.26,34.715046
2020,31.48,46.77941
2021,52.54,45.53927
2022,59.86,34.715046
