year,y_true,y_pred
2018,774.77,604.5657
2019,589.53,604.5657
2020,558.85,604.5657
2021,388.82,639.17993
2022,337.41,716.87665
