year,y_true,y_pred
2018,183.22,187.57196
2019,251.53,123.18807
2020,188.91,175.30536
2021,218.05,175.30536
2022,220.4,175.30536
