year,y_true,y_pred
2018,2.62,0.869725
2019,2.62,0.869725
2020,0.0,0.869725
2021,2.63,0.869725
2022,0.0,0.869725
