year,y_true,y_pred
2018,0.0,0.4027778
2019,0.0,0.4027778
2020,0.0,0.4027778
2021,0.0,0.4027778
2022,0.0,0.4027778
