year,y_true,y_pred
2018,60.2,56.153
2019,34.06,65.33375
2020,55.1,65.33375
2021,44.66,56.153
2022,65.3,61.38525
