year,y_true,y_pred
2018,2.62,9.548959
2019,5.24,11.863833
2020,7.87,8.792521
2021,10.51,11.863833
2022,5.44,11.863833
