year,y_true,y_pred
2018,284.25,343.831
2019,466.85,343.831
2020,475.06,371.36002
2021,483.23,371.36002
2022,448.88,371.36002
