year,y_true,y_pred
2018,55.02,10.387421
2019,0.0,38.23219
2020,57.01,19.529549
2021,106.31,47.16871
2022,79.8,34.51542
