year,y_true,y_pred
2018,104.43,70.65075
2019,63.0,90.47299
2020,21.11,61.3164
2021,0.0,71.414246
2022,106.61,78.093994
