year,y_true,y_pred
2018,1441.1,1006.62396
2019,1112.98,953.0246
2020,739.02,986.27814
2021,424.45,972.7436
2022,597.01,941.4393
