year,y_true,y_pred
2018,287.69,126.735725
2019,428.21,179.8748
2020,283.3,182.81058
2021,223.7,234.6609
2022,371.3,238.1242
