year,y_true,y_pred
2018,32.69,19.7071
2019,51.9,14.492399
2020,32.19,18.911146
2021,19.17,14.643606
2022,32.29,53.304115
