year,y_true,y_pred
2018,37.74,55.66123
2019,42.67,55.66123
2020,33.81,55.66123
2021,41.88,55.66123
2022,44.95,55.66123
