year,y_true,y_pred
2018,371.23,488.2933
2019,467.67,518.30994
2020,337.0,518.30994
2021,346.85,518.30994
2022,411.52,518.30994
