year,y_true,y_pred
2018,95.2,96.71472
2019,91.98,96.71472
2020,89.98,96.71472
2021,97.72,96.71472
2022,122.55,96.71472
