year,y_true,y_pred
2018,1.13,0.38710418
2019,0.0,0.20860417
2020,1.09,0.20860417
2021,0.0,0.20860417
2022,0.54,0.20860417
