year,y_true,y_pred
2018,41.56,22.641876
2019,0.0,22.641876
2020,0.0,22.641876
2021,0.0,22.641876
2022,37.54,38.980335
