year,y_true,y_pred
2018,435.18,795.08954
2019,344.75,734.6845
2020,345.94,795.08954
2021,601.71,795.08954
2022,321.62,795.08954
