year,y_true,y_pred
2018,22.9,39.44479
2019,68.95,31.891167
2020,0.0,39.614292
2021,0.0,38.982334
2022,0.0,49.784294
