year,y_true,y_pred
2018,164.38,91.67733
2019,109.77,114.02717
2020,110.01,91.67733
2021,55.1,129.81946
2022,53.76,91.67733
