year,y_true,y_pred
2018,14.13,38.827824
2019,71.09,40.261406
2020,61.97,38.827824
2021,28.76,27.267164
2022,49.47,38.827824
