year,y_true,y_pred
2018,504.05,372.15958
2019,668.21,456.97577
2020,390.89,614.78485
2021,297.19,759.15295
2022,395.75,456.97577
