year,y_true,y_pred
2018,37.69,16.4384
2019,18.96,16.4384
2020,14.3,16.4384
2021,4.79,20.190802
2022,19.03,20.190802
