year,y_true,y_pred
2018,9.42,7.03725
2019,18.96,5.7798
2020,33.37,7.03725
2021,28.76,7.03725
2022,30.44,7.03725
