year,y_true,y_pred
2018,94.22,46.632084
2019,75.83,46.632084
2020,104.87,52.54983
2021,81.49,52.54983
2022,114.16,52.54983
