year,y_true,y_pred
2018,48.15,112.49133
2019,146.34,122.281296
2020,74.13,112.49133
2021,125.13,142.25433
2022,152.87,112.49133
