year,y_true,y_pred
2018,44.88,16.866625
2019,44.62,9.2758
2020,88.77,16.866625
2021,44.17,9.458875
2022,49.14,9.2758
