year,y_true,y_pred
2018,18.9,66.537
2019,37.37,54.86025
2020,18.48,45.136284
2021,54.89,66.537
2022,61.75,45.136284
