year,y_true,y_pred
2018,12.96,28.328491
2019,12.85,29.136837
2020,38.25,29.136837
2021,25.3,18.003706
2022,54.44,20.939646
