year,y_true,y_pred
2018,116.67,348.70956
2019,231.36,348.70956
2020,216.73,348.70956
2021,126.49,348.70956
2022,245.0,348.70956
