year,y_true,y_pred
2018,83.57,65.239006
2019,103.43,65.239006
2020,51.22,58.64875
2021,50.76,70.299
2022,52.67,70.7758
