year,y_true,y_pred
2018,42.07,48.254875
2019,83.19,42.977
2020,144.03,32.381126
2021,20.36,32.381126
2022,154.61,52.521
