year,y_true,y_pred
2018,20.88,28.428959
2019,48.97,25.676458
2020,14.06,24.08377
2021,7.06,32.456833
2022,69.69,28.428959
