year,y_true,y_pred
2018,41.75,39.442665
2019,13.99,35.16733
2020,35.16,39.442665
2021,14.13,33.77233
2022,69.69,36.208668
