year,y_true,y_pred
2018,62.63,17.028177
2019,7.0,17.028177
2020,42.19,16.067719
2021,0.0,17.244009
2022,54.2,20.333223
