year,y_true,y_pred
2018,3.46,1.7152162
2019,6.74,1.7152162
2020,3.29,1.6960686
2021,16.04,1.7152162
2022,8.2,3.2324483
