year,y_true,y_pred
2018,134.79,170.85187
2019,205.46,170.85187
2020,88.71,231.69336
2021,166.82,179.91179
2022,237.83,170.85187
