year,y_true,y_pred
2018,31.11,40.73228
2019,30.31,40.73228
2020,16.43,40.73228
2021,9.62,40.73228
2022,12.3,6.1205425
