year,y_true,y_pred
2018,0.0,4.1292887
2019,0.0,4.1292887
2020,0.0,4.1292887
2021,9.62,4.1292887
2022,8.2,4.6816216
