year,y_true,y_pred
2018,3.46,1.0578645
2019,0.0,1.0578645
2020,0.0,1.0578645
2021,0.0,1.0578645
2022,0.0,1.0578645
