year,y_true,y_pred
2018,96.81,111.062164
2019,85.74,111.062164
2020,64.08,99.84733
2021,74.5,99.84733
2022,110.49,99.84733
