year,y_true,y_pred
2018,161.34,144.69116
2019,171.47,168.43054
2020,181.55,168.43054
2021,117.07,168.43054
2022,77.34,193.00569
