year,y_true,y_pred
2018,0.0,1.1014063
2019,0.0,1.1014063
2020,0.0,1.1014063
2021,21.29,1.1014063
2022,0.0,0.788375
