year,y_true,y_pred
2018,53.78,33.196426
2019,21.43,39.19267
2020,21.36,33.196426
2021,31.93,32.918926
2022,11.05,39.19267
