year,y_true,y_pred
2018,21.51,30.575418
2019,0.0,11.80814
2020,0.0,30.575418
2021,31.93,12.295575
2022,11.05,19.328056
