mae,rmse,r2,city,model,sequence_length,forecast_horizon,normalization,val_size
0.12358097560975609,0.37036793527199613,-0.12528497741431832,5211909,xgboost,8,4,,
