mae,rmse,r2,city,model,sequence_length,forecast_horizon,normalization,val_size
0.05183610977927158,0.08444816620404759,-0.16956803150226563,3552205,xgboost,8,4,,
