year,y_true,y_pred
2018,40.55,39.623875
2019,31.27,40.339375
2020,24.91,37.716
2021,51.68,37.716
2022,57.31,39.623875
