year,y_true,y_pred
2018,76.83,77.26809
2019,79.23,99.52931
2020,93.42,76.31713
2021,140.58,77.26809
2022,152.1,99.52931
