year,y_true,y_pred
2018,50.19,52.58728
2019,71.46,63.70281
2020,65.69,57.889225
2021,62.63,52.58728
2022,68.4,56.539997
