year,y_true,y_pred
2018,0.0,0.22666667
2019,0.0,0.22666667
2020,2.63,0.22666667
2021,0.0,0.22666667
2022,0.0,0.22666667
