year,y_true,y_pred
2018,31.7,28.525541
2019,15.88,23.087729
2020,26.28,22.925966
2021,41.75,24.723042
2022,22.8,28.525541
