year,y_true,y_pred
2018,95.1,28.669666
2019,82.05,28.669666
2020,94.59,33.573647
2021,65.24,33.573647
2022,81.07,33.573647
