year,y_true,y_pred
2018,13.21,5.6807985
2019,7.94,3.4350057
2020,21.02,4.5501847
2021,7.83,5.6807985
2022,10.13,4.5501847
