year,y_true,y_pred
2018,0.0,60.041
2019,36.66,47.317123
2020,36.78,68.147316
2021,73.83,68.147316
2022,107.07,68.147316
