year,y_true,y_pred
2018,77.82,22.469051
2019,93.41,41.57446
2020,77.88,41.57446
2021,46.75,41.57446
2022,55.7,41.57446
