year,y_true,y_pred
2018,346.02,280.6327
2019,320.18,280.6327
2020,249.57,280.6327
2021,198.25,300.39215
2022,313.89,275.61972
