year,y_true,y_pred
2018,12.82,32.657402
2019,51.23,32.657402
2020,19.2,18.820799
2021,19.19,32.657402
2022,43.8,22.526161
