year,y_true,y_pred
2018,57.67,55.419735
2019,51.23,62.517387
2020,25.6,59.84027
2021,38.37,55.419735
2022,65.7,67.46146
