year,y_true,y_pred
2018,0.0,1.5712572
2019,0.0,1.5712572
2020,0.0,1.5712572
2021,0.0,1.5712572
2022,0.0,1.5712572
