year,y_true,y_pred
2018,121.75,92.84958
2019,160.09,49.39248
2020,115.19,49.39248
2021,153.48,49.39248
2022,153.3,49.39248
