year,y_true,y_pred
2018,19.22,15.321334
2019,12.81,15.321334
2020,0.0,13.227333
2021,6.4,13.142667
2022,14.6,13.142667
