year,y_true,y_pred
2018,21.39,21.864063
2019,36.76,20.080677
2020,56.74,26.015049
2021,25.36,28.264496
2022,26.05,19.245378
