year,y_true,y_pred
2018,465.17,464.83157
2019,425.33,390.01443
2020,469.44,390.01443
2021,395.66,390.01443
2022,520.9,364.29758
