year,y_true,y_pred
2018,12.8,27.526272
2019,19.18,27.526272
2020,31.95,39.22907
2021,31.93,37.41144
2022,23.5,29.682116
