year,y_true,y_pred
2018,505.44,759.42316
2019,652.17,757.70105
2020,536.74,616.11914
2021,491.67,759.4524
2022,693.22,759.4524
