year,y_true,y_pred
2018,70.86,40.568638
2019,61.21,40.568638
2020,28.89,40.568638
2021,74.5,40.568638
2022,89.83,56.637424
