year,y_true,y_pred
2018,380.87,347.07108
2019,361.42,319.2164
2020,231.15,343.2886
2021,412.63,375.46964
2022,734.7,357.52103
