year,y_true,y_pred
2018,520.73,340.68683
2019,503.0,367.0917
2020,1183.55,340.68683
2021,700.53,340.68683
2022,802.57,367.0917
