year,y_true,y_pred
2018,57.86,39.946873
2019,0.0,39.946873
2020,38.8,53.794125
2021,19.46,45.06525
2022,60.19,53.794125
