year,y_true,y_pred
2018,25.07,17.779894
2019,0.0,11.751867
2020,0.0,15.813637
2021,24.11,15.813637
2022,14.18,11.751867
