year,y_true,y_pred
2018,66.85,214.92455
2019,90.62,184.73512
2020,162.68,184.73512
2021,168.74,150.26073
2022,120.54,141.72768
