year,y_true,y_pred
2018,1387.63,824.9197
2019,1792.22,788.55426
2020,1254.21,788.55426
2021,400.25,788.55426
2022,638.42,788.55426
