year,y_true,y_pred
2018,60.33,47.96525
2019,91.13,62.892
2020,122.36,47.96525
2021,92.36,47.96525
2022,29.02,47.96525
