year,y_true,y_pred
2018,589.28,962.26434
2019,872.71,906.5864
2020,952.09,962.26434
2021,595.42,962.26434
2022,375.23,906.5864
