year,y_true,y_pred
2018,29.46,67.49823
2019,60.19,85.13664
2020,0.0,82.60501
2021,0.0,67.49823
2022,31.27,67.49823
