year,y_true,y_pred
2018,1435.14,829.91833
2019,1225.09,1490.7218
2020,649.6,1361.3936
2021,608.25,829.91833
2022,837.87,829.91833
