year,y_true,y_pred
2018,49.3,38.66252
2019,21.78,35.22196
2020,27.07,34.974457
2021,32.3,38.66252
2022,53.37,38.66252
