year,y_true,y_pred
2018,58.59,41.90067
2019,137.67,41.90067
2020,49.51,41.90067
2021,39.88,41.90067
2022,112.35,34.83371
