year,y_true,y_pred
2018,132.71,18.274292
2019,66.62,18.274292
2020,334.45,18.274292
2021,268.46,18.274292
2022,155.76,18.274292
