year,y_true,y_pred
2018,76.54,343.84305
2019,374.39,341.7329
2020,256.5,313.13553
2021,323.16,357.61462
2022,161.2,191.41916
