year,y_true,y_pred
2018,0.0,30.204042
2019,0.0,27.005968
2020,0.0,52.16298
2021,35.91,52.16298
2022,53.73,52.16298
