year,y_true,y_pred
2018,392.06,365.17044
2019,422.29,387.43814
2020,345.99,359.059
2021,432.39,357.87936
2022,451.47,449.7512
