year,y_true,y_pred
2018,39.9,35.651917
2019,46.54,32.11779
2020,35.97,35.363914
2021,39.15,37.32129
2022,37.18,37.32129
