year,y_true,y_pred
2018,26.54,34.60202
2019,44.13,34.60202
2020,35.25,39.730667
2021,52.78,34.60202
2022,26.71,34.60202
