year,y_true,y_pred
2018,574.97,569.4278
2019,423.69,471.95544
2020,370.08,521.3417
2021,536.59,547.4883
2022,534.24,517.41034
