year,y_true,y_pred
2018,24.91,31.270668
2019,24.79,24.159834
2020,19.74,24.159834
2021,39.3,24.159834
2022,40.66,27.508959
