year,y_true,y_pred
2018,36.39,51.165394
2019,56.62,45.009464
2020,44.49,54.20961
2021,44.51,47.190994
2022,46.02,52.92465
