year,y_true,y_pred
2018,7.71,13.248834
2019,53.8,11.309333
2020,15.32,11.949666
2021,22.89,14.753333
2022,7.46,13.347667
