year,y_true,y_pred
2018,185.11,187.98418
2019,330.46,187.98418
2020,214.41,187.98418
2021,236.57,187.98418
2022,320.7,187.98418
