year,y_true,y_pred
2018,34.45,37.855415
2019,48.44,42.773792
2020,47.73,38.986416
2021,40.01,36.802414
2022,48.31,35.63433
