year,y_true,y_pred
2018,49.46,47.66304
2019,33.17,47.66304
2020,50.05,47.66304
2021,33.56,47.66304
2022,13.13,47.66304
