year,y_true,y_pred
2018,0.0,26.126318
2019,0.0,26.126318
2020,92.34,26.126318
2021,0.0,3.5325131
2022,0.0,4.140237
