year,y_true,y_pred
2018,140.78,396.979
2019,232.77,396.979
2020,507.85,499.43738
2021,137.43,381.12936
2022,247.16,396.979
