year,y_true,y_pred
2018,32.04,87.38109
2019,63.41,73.66967
2020,31.39,87.38109
2021,124.38,73.66967
2022,64.68,80.55933
