mae,rmse,r2,city,model,sequence_length,forecast_horizon,normalization,val_size
15.642611956814235,19.719006682648622,-0.0013817638894295659,5107065,xgboost,8,4,,
