year,y_true,y_pred
2018,636.58,957.30115
2019,781.56,900.49365
2020,524.33,947.9859
2021,619.67,947.9859
2022,833.3,947.9859
