year,y_true,y_pred
2018,38.75,59.310333
2019,34.7,65.41217
2020,50.62,62.427166
2021,44.77,65.41217
2022,68.39,65.41217
