year,y_true,y_pred
2018,66.43,73.95257
2019,73.04,73.95257
2020,68.7,73.95257
2021,93.13,73.95257
2022,77.39,76.65544
