year,y_true,y_pred
2018,0.0,0.35919046
2019,0.0,0.35919046
2020,0.0,0.35919046
2021,0.0,0.35919046
2022,0.0,0.35919046
