year,y_true,y_pred
2018,59.04,71.45267
2019,62.09,60.856663
2020,74.13,60.856663
2021,66.27,69.10077
2022,82.79,64.06567
