year,y_true,y_pred
2018,22.14,32.073334
2019,34.7,21.597351
2020,19.89,32.073334
2021,25.07,21.597351
2022,30.6,24.930933
