year,y_true,y_pred
2018,269.05,252.64807
2019,289.02,252.64807
2020,230.52,296.41998
2021,448.22,229.92786
2022,632.03,465.64117
