year,y_true,y_pred
2018,40.94,33.623814
2019,34.68,14.165394
2020,5.76,33.623814
2021,51.72,23.058556
2022,81.18,14.165394
