year,y_true,y_pred
2018,93.58,67.652336
2019,86.71,55.963665
2020,51.87,64.38517
2021,126.42,72.80033
2022,104.37,67.652336
