year,y_true,y_pred
2018,29.24,10.395833
2019,57.8,8.1015
2020,5.76,9.473333
2021,40.23,11.145834
2022,17.4,10.395833
