year,y_true,y_pred
2018,64.34,16.46689
2019,34.68,18.077358
2020,28.82,15.14954
2021,40.23,15.14954
2022,63.78,15.14954
