year,y_true,y_pred
2018,157.31,159.55684
2019,217.02,98.51619
2020,180.22,141.00983
2021,227.54,141.00983
2022,108.56,141.00983
