year,y_true,y_pred
2018,12.1,4.991646
2019,0.0,6.6046667
2020,0.0,6.6046667
2021,11.98,6.6046667
2022,13.57,6.6046667
