year,y_true,y_pred
2018,12.1,15.596333
2019,0.0,15.596333
2020,0.0,15.596333
2021,11.98,15.596333
2022,27.14,15.596333
