year,y_true,y_pred
2018,24.2,5.9160104
2019,12.06,0.008776722
2020,12.01,9.886662
2021,11.98,15.025552
2022,13.57,5.9160104
