year,y_true,y_pred
2018,36.3,39.61426
2019,24.11,39.61426
2020,108.13,39.61426
2021,95.81,44.85601
2022,81.42,58.330498
