year,y_true,y_pred
2018,70.59,51.715168
2019,57.74,51.715168
2020,38.48,51.715168
2021,57.71,42.421
2022,66.15,51.715168
