year,y_true,y_pred
2018,98.43,50.11096
2019,19.53,49.959667
2020,58.16,46.808666
2021,173.21,50.11096
2022,81.98,49.959667
