year,y_true,y_pred
2018,1700.9,1489.0928
2019,1132.92,1489.0928
2020,1259.95,975.40674
2021,1076.56,1322.3888
2022,1206.2,975.40674
