year,y_true,y_pred
2018,143.92,69.80262
2019,52.69,56.909607
2020,132.63,49.937336
2021,159.49,56.909607
2022,165.06,90.43191
