year,y_true,y_pred
2018,0.0,10.958208
2019,26.35,10.943209
2020,0.0,8.520666
2021,13.29,11.187667
2022,38.09,14.858667
