year,y_true,y_pred
2018,209.34,229.99321
2019,237.12,229.99321
2020,172.41,229.99321
2021,279.11,193.44646
2022,330.12,229.99321
