year,y_true,y_pred
2018,13.08,43.131508
2019,52.69,17.89127
2020,66.31,9.473212
2021,66.45,9.290972
2022,25.39,7.4096823
