year,y_true,y_pred
2018,13.08,3.65775
2019,0.0,2.6959167
2020,0.0,2.4580417
2021,0.0,2.5373333
2022,0.0,3.65775
