year,y_true,y_pred
2018,149.78,64.13001
2019,69.05,88.44239
2020,42.01,64.13001
2021,85.15,121.2626
2022,80.12,84.80757
