year,y_true,y_pred
2018,744.05,820.91815
2019,616.22,820.91815
2020,1077.9,820.91815
2021,706.46,966.17303
2022,826.64,820.91815
