year,y_true,y_pred
2018,49.6,25.703564
2019,73.95,29.081982
2020,171.48,47.26779
2021,0.0,28.576931
2022,141.71,25.803492
