year,y_true,y_pred
2018,69.25,56.525455
2019,77.63,42.391644
2020,25.79,56.411533
2021,34.26,51.422947
2022,28.81,31.857662
