year,y_true,y_pred
2018,121.05,80.67223
2019,48.23,65.99281
2020,36.04,95.74549
2021,35.9,74.014984
2022,70.77,86.75583
