year,y_true,y_pred
2018,51.21,44.669804
2019,49.58,31.700474
2020,44.37,31.700474
2021,49.62,44.669804
2022,27.62,31.700474
