year,y_true,y_pred
2018,282.16,296.62085
2019,315.51,296.62085
2020,223.51,236.41653
2021,228.0,272.65543
2022,158.59,296.62085
