year,y_true,y_pred
2018,23.13,19.435345
2019,26.26,19.435345
2020,27.73,29.229282
2021,28.54,19.435345
2022,22.49,18.972649
