year,y_true,y_pred
2018,3.63,4.5140667
2019,6.89,5.0859275
2020,2.94,4.5140667
2021,9.08,3.5083961
2022,7.12,5.0859275
