year,y_true,y_pred
2018,76.98,66.45986
2019,66.32,64.818985
2020,77.98,64.818985
2021,90.16,64.818985
2022,79.72,77.80605
