year,y_true,y_pred
2018,0.33,0.12475
2019,0.33,0.12475
2020,0.33,0.12475
2021,1.95,0.12475
2022,1.14,0.09170833
