year,y_true,y_pred
2018,0.33,0.20595741
2019,0.33,0.20595741
2020,0.0,0.20595741
2021,0.32,0.20595741
2022,0.0,0.20595741
