year,y_true,y_pred
2018,107.81,64.952484
2019,61.21,73.609024
2020,30.42,24.74921
2021,60.5,49.513954
2022,66.6,73.609024
