year,y_true,y_pred
2018,739.26,706.93726
2019,673.3,712.2798
2020,501.98,654.4374
2021,680.58,712.2798
2022,682.65,682.98376
