year,y_true,y_pred
2018,0.0,57.70653
2019,0.0,52.080334
2020,34.76,57.70653
2021,34.9,57.70653
2022,73.39,57.70653
