year,y_true,y_pred
2018,35.88,45.52971
2019,17.86,45.52971
2020,35.56,55.557083
2021,17.7,45.52971
2022,99.54,55.981583
