year,y_true,y_pred
2018,260.56,485.95108
2019,166.64,485.95108
2020,194.69,485.95108
2021,139.24,485.95108
2022,90.7,485.95108
