year,y_true,y_pred
2018,54.85,42.444004
2019,69.43,37.67841
2020,13.91,26.745567
2021,41.77,42.444004
2022,60.47,51.71813
