year,y_true,y_pred
2018,0.0,1.239875
2019,0.0,1.239875
2020,0.0,1.239875
2021,13.92,1.239875
2022,0.0,0.96687496
