year,y_true,y_pred
2018,150.85,90.30092
2019,180.53,105.81334
2020,69.53,90.30092
2021,167.08,90.30092
2022,105.82,105.81334
