year,y_true,y_pred
2018,41.14,32.464123
2019,69.43,45.486977
2020,41.72,36.380333
2021,0.0,36.380333
2022,45.35,40.88754
