year,y_true,y_pred
2018,83.74,96.05696
2019,87.98,99.41143
2020,49.47,99.41143
2021,78.46,99.3032
2022,65.49,99.3032
