year,y_true,y_pred
2018,22.63,17.894209
2019,18.05,16.962584
2020,15.74,14.720667
2021,20.18,17.217667
2022,12.59,17.894209
