year,y_true,y_pred
2018,319.11,269.20905
2019,248.14,275.09415
2020,229.36,275.09415
2021,244.36,266.84033
2022,272.04,269.20905
