year,y_true,y_pred
2018,20.37,11.397988
2019,18.05,11.397988
2020,17.99,10.139308
2021,13.45,10.139308
2022,17.63,10.139308
