year,y_true,y_pred
2018,407.53,143.03705
2019,370.41,197.63962
2020,391.58,197.63962
2021,560.31,197.63962
2022,449.94,197.63962
