year,y_true,y_pred
2018,29.11,36.212925
2019,58.49,36.213425
2020,39.16,34.00894
2021,58.98,30.413435
2022,51.13,47.754963
