year,y_true,y_pred
2018,258.76,385.6254
2019,395.75,385.6254
2020,295.12,479.23337
2021,267.4,329.24612
2022,341.76,385.6254
