year,y_true,y_pred
2018,6.63,35.218513
2019,52.77,35.218513
2020,26.23,94.02524
2021,39.13,33.920315
2022,41.01,22.397688
