year,y_true,y_pred
2018,739.78,842.0355
2019,797.05,704.24634
2020,478.81,682.7485
2021,542.78,723.33954
2022,738.3,718.28235
