year,y_true,y_pred
2018,103.83,50.590073
2019,77.76,48.254955
2020,51.76,56.456425
2021,77.54,59.62554
2022,86.4,54.11426
