year,y_true,y_pred
2018,62.57,98.0336
2019,82.94,36.597828
2020,103.11,55.32499
2021,82.05,55.32499
2022,49.93,55.32499
