year,y_true,y_pred
2018,43.0,59.086044
2019,52.53,59.086044
2020,33.41,59.086044
2021,47.7,59.086044
2022,64.13,59.086044
