mae,rmse,r2,city,model,sequence_length,forecast_horizon,normalization,val_size
0.29836473812658526,0.46634714402519195,-0.015526374749892602,4306353,xgboost,8,4,,
