year,y_true,y_pred
2018,0.0,13.335333
2019,13.39,13.335333
2020,0.0,6.8409996
2021,13.18,6.8409996
2022,0.0,6.8409996
