year,y_true,y_pred
2018,1044.79,575.35547
2019,1107.9,575.35547
2020,655.92,575.35547
2021,774.15,575.35547
2022,1133.59,575.35547
