year,y_true,y_pred
2018,56.63,52.055187
2019,25.24,52.055187
2020,30.57,56.339
2021,35.81,57.603123
2022,79.51,60.234123
