year,y_true,y_pred
2018,141.57,156.67247
2019,159.87,163.49289
2020,144.52,156.67247
2021,151.52,163.49289
2022,176.96,156.67247
