year,y_true,y_pred
2018,11.33,5.762125
2019,28.05,5.762125
2020,30.57,8.525708
2021,22.04,8.525708
2022,28.21,8.525708
