year,y_true,y_pred
2018,0.0,1.7459202
2019,5.61,4.9032803
2020,0.0,4.9032803
2021,11.02,1.7459202
2022,15.39,3.3135314
