year,y_true,y_pred
2018,0.0,0.44709277
2019,0.0,0.44709277
2020,0.0,0.44709277
2021,0.0,0.44709277
2022,2.56,0.44709277
