year,y_true,y_pred
2018,57.01,40.318752
2019,114.29,78.653595
2020,57.29,35.174706
2021,86.13,33.3246
2022,180.9,38.29244
