year,y_true,y_pred
2018,54.74,61.767483
2019,108.95,95.71288
2020,18.07,66.89899
2021,89.96,81.30187
2022,18.86,76.58838
