year,y_true,y_pred
2018,24.71,58.201237
2019,123.15,82.66566
2020,73.65,72.962685
2021,61.17,82.66566
2022,67.02,58.201237
