year,y_true,y_pred
2018,95.42,53.624043
2019,0.0,53.624043
2020,63.45,41.557293
2021,31.7,53.624043
2022,34.39,42.101917
