year,y_true,y_pred
2018,35.87,52.199123
2019,26.72,52.199123
2020,28.51,52.199123
2021,25.18,52.199123
2022,52.53,52.199123
