year,y_true,y_pred
2018,49.39,52.452415
2019,79.51,49.543915
2020,85.57,53.266792
2021,91.88,51.298916
2022,88.73,51.298916
