year,y_true,y_pred
2018,0.0,0.112525135
2019,0.0,0.112525135
2020,0.36,0.112525135
2021,0.0,0.112525135
2022,0.0,0.112525135
