year,y_true,y_pred
2018,1.11,1.189375
2019,2.19,1.151
2020,1.81,1.189375
2021,0.72,1.2613751
2022,1.75,0.9960625
