year,y_true,y_pred
2018,72.61,61.910114
2019,82.79,61.910114
2020,63.9,61.910114
2021,67.21,61.910114
2022,74.43,61.910114
