year,y_true,y_pred
2018,138.59,131.8915
2019,138.23,131.8915
2020,116.25,131.8915
2021,118.7,112.70258
2022,116.46,112.70258
