year,y_true,y_pred
2018,400.95,328.02377
2019,451.26,391.28076
2020,429.18,391.28076
2021,454.07,391.28076
2022,788.46,391.28076
