year,y_true,y_pred
2018,109.35,56.283516
2019,54.15,38.045303
2020,17.88,42.469933
2021,69.86,41.982136
2022,57.69,56.283516
