year,y_true,y_pred
2018,12.18,11.172958
2019,11.99,11.172958
2020,11.81,11.172958
2021,11.63,11.172958
2022,14.48,11.172958
