year,y_true,y_pred
2018,146.2,212.3537
2019,209.86,194.61687
2020,194.84,190.24437
2021,191.94,212.3537
2022,253.46,212.3537
