year,y_true,y_pred
2018,35.73,61.13758
2019,36.48,60.745247
2020,74.49,56.622437
2021,152.09,55.073082
2022,98.07,75.56055
