year,y_true,y_pred
2018,1214.72,1061.4856
2019,1203.94,673.51355
2020,1862.2,577.115
2021,1140.68,673.5141
2022,1013.4,877.30786
