year,y_true,y_pred
2018,1161.67,836.2693
2019,1334.45,729.99316
2020,689.89,729.99316
2021,1105.37,388.42062
2022,983.32,927.50287
