year,y_true,y_pred
2018,16.13,3.6039348
2019,0.0,0.0013212173
2020,0.0,0.0017395047
2021,35.66,0.0017395047
2022,17.56,0.0013212173
