year,y_true,y_pred
2018,0.0,0.88017493
2019,0.0,0.88017493
2020,0.0,0.88017493
2021,0.0,0.88017493
2022,0.0,0.88017493
