year,y_true,y_pred
2018,32.27,17.136
2019,66.72,22.623251
2020,17.25,12.388375
2021,71.31,16.48825
2022,70.24,22.623251
