year,y_true,y_pred
2018,112.94,72.35232
2019,150.13,109.214775
2020,224.22,109.214775
2021,231.77,109.214775
2022,122.91,109.214775
