year,y_true,y_pred
2018,88.73,74.171875
2019,91.68,76.267
2020,110.35,76.267
2021,74.07,74.171875
2022,93.15,71.8543
