year,y_true,y_pred
2018,232.88,191.34158
2019,138.5,197.7599
2020,206.0,268.12143
2021,68.09,191.34158
2022,228.83,268.12106
