year,y_true,y_pred
2018,46.58,20.073626
2019,23.08,20.18923
2020,0.0,20.073626
2021,0.0,20.073626
2022,20.8,20.073626
