year,y_true,y_pred
2018,379.51,530.40845
2019,107.71,766.6221
2020,160.51,549.1961
2021,629.15,549.1961
2022,1100.43,668.07635
