year,y_true,y_pred
2018,27.11,36.60827
2019,26.93,17.371958
2020,17.83,17.371958
2021,17.72,17.371958
2022,9.91,17.371958
