year,y_true,y_pred
2018,43.38,35.230396
2019,60.15,41.211708
2020,42.56,35.230396
2021,33.75,35.230396
2022,27.84,38.271667
