year,y_true,y_pred
2018,78.69,96.63867
2019,50.58,96.63867
2020,54.83,96.63867
2021,113.52,88.23808
2022,79.82,88.23808
