year,y_true,y_pred
2018,92.32,84.63344
2019,84.72,84.63344
2020,81.7,80.911995
2021,87.51,79.034996
2022,77.41,79.034996
