year,y_true,y_pred
2018,10.82,55.720474
2019,55.18,33.821674
2020,0.0,41.267
2021,11.46,45.850155
2022,30.8,42.29163
