year,y_true,y_pred
2018,83.13,35.065784
2019,82.2,55.99028
2020,61.01,55.99028
2021,40.27,50.857903
2022,123.67,54.538006
