year,y_true,y_pred
2018,52.32,67.21108
2019,62.69,60.12673
2020,31.3,57.899956
2021,72.94,62.667583
2022,57.49,64.20958
