year,y_true,y_pred
2018,606.89,614.6113
2019,595.55,573.84784
2020,573.87,573.84784
2021,364.7,614.6113
2022,597.91,629.21716
