year,y_true,y_pred
2018,104.64,48.535122
2019,73.14,43.3125
2020,52.17,43.3125
2021,83.36,48.535122
2022,91.99,43.3125
