year,y_true,y_pred
2018,31.39,20.8857
2019,41.79,22.774124
2020,31.3,29.303625
2021,10.42,20.8857
2022,23.0,29.303625
