year,y_true,y_pred
2018,52.32,75.59463
2019,83.59,75.59463
2020,73.04,73.3
2021,156.3,69.5935
2022,114.98,69.5935
