year,y_true,y_pred
2018,31.91,47.015625
2019,31.77,49.015125
2020,31.65,53.487938
2021,47.27,53.487938
2022,88.07,53.487938
