mae,rmse,r2,city,model,sequence_length,forecast_horizon,normalization,val_size
0.04358759959057565,0.17655219321784438,0.04728699901823119,2307700,xgboost,8,4,,
