year,y_true,y_pred
2018,130.67,52.825577
2019,95.02,45.657753
2020,59.39,31.921682
2021,47.51,31.921682
2022,42.53,48.714344
