year,y_true,y_pred
2018,748.4,778.63873
2019,831.45,778.63873
2020,760.19,778.63873
2021,641.33,778.63873
2022,701.75,778.63873
