year,y_true,y_pred
2018,28.18,37.077477
2019,42.17,35.214622
2020,84.14,46.948994
2021,69.97,34.036213
2022,47.94,37.077477
