year,y_true,y_pred
2018,50.58,15.039897
2019,0.0,15.039897
2020,48.73,15.039897
2021,47.89,15.039897
2022,62.62,15.039897
