year,y_true,y_pred
2018,50.18,26.786083
2019,50.43,26.786083
2020,67.57,26.786083
2021,50.92,26.786083
2022,51.84,26.786083
