year,y_true,y_pred
2018,301.1,446.36734
2019,504.29,432.17404
2020,304.05,446.36734
2021,339.44,490.81204
2022,380.16,432.17404
