year,y_true,y_pred
2018,23.26,24.144001
2019,15.37,23.15175
2020,22.86,24.144001
2021,22.67,18.045
2022,61.6,23.15175
