year,y_true,y_pred
2018,286.84,365.53976
2019,361.15,373.33224
2020,213.33,365.53976
2021,408.1,373.33224
2022,531.34,365.53976
