year,y_true,y_pred
2018,54.27,25.887493
2019,23.05,26.510843
2020,30.48,16.550812
2021,52.9,18.692068
2022,53.9,22.010105
