year,y_true,y_pred
2018,0.0,9.754
2019,7.68,13.804
2020,7.62,7.88575
2021,7.56,10.86825
2022,0.0,10.86825
