year,y_true,y_pred
2018,38.76,23.641209
2019,84.52,20.171125
2020,38.1,23.641209
2021,98.25,20.171125
2022,38.5,23.641209
