year,y_true,y_pred
2018,15.51,9.316633
2019,15.37,14.780492
2020,7.62,9.170667
2021,7.56,9.170667
2022,7.7,8.978617
