year,y_true,y_pred
2018,236.97,466.07898
2019,421.66,466.07898
2020,646.27,466.07898
2021,924.09,498.0653
2022,552.97,498.0653
