year,y_true,y_pred
2018,0.0,7.2725
2019,0.0,12.357667
2020,26.38,12.357667
2021,39.6,10.257334
2022,14.55,7.2725
