year,y_true,y_pred
2018,140.45,98.70407
2019,35.16,98.70407
2020,140.85,78.13148
2021,70.52,98.70407
2022,0.0,78.13148
