year,y_true,y_pred
2018,19.74,14.309605
2019,0.0,16.458292
2020,84.87,16.458292
2021,66.08,18.886791
2022,63.77,14.309605
