year,y_true,y_pred
2018,650.46,655.8103
2019,294.17,705.8413
2020,311.99,759.9823
2021,288.66,716.51764
2022,374.88,716.51764
