year,y_true,y_pred
2018,24.39,22.918447
2019,8.17,22.917797
2020,32.84,30.806786
2021,16.49,16.190218
2022,15.3,13.485784
