year,y_true,y_pred
2018,67.37,82.65092
2019,66.1,82.17948
2020,78.05,83.408745
2021,75.58,82.79688
2022,89.75,77.96836
