year,y_true,y_pred
2018,732.93,509.33267
2019,792.36,576.18036
2020,199.49,576.18036
2021,438.28,468.51193
2022,878.81,468.51193
