year,y_true,y_pred
2018,35.75,81.96754
2019,18.01,81.96754
2020,54.41,81.96754
2021,54.78,81.13504
2022,61.31,81.13504
