year,y_true,y_pred
2018,17.88,13.062375
2019,18.01,11.525625
2020,0.0,11.525625
2021,18.26,11.525625
2022,61.31,13.062375
