year,y_true,y_pred
2018,143.01,82.44367
2019,180.08,82.44367
2020,72.54,82.44367
2021,146.09,94.48467
2022,81.75,82.44367
