year,y_true,y_pred
2018,0.0,133.18921
2019,56.47,133.18921
2020,0.0,82.513145
2021,0.0,133.18921
2022,116.28,133.18921
