year,y_true,y_pred
2018,104.88,52.901947
2019,17.74,36.391766
2020,35.99,30.891125
2021,54.77,52.901947
2022,100.98,39.122997
