year,y_true,y_pred
2018,53.29,67.62646
2019,26.68,64.18996
2020,26.72,59.336033
2021,107.01,59.336033
2022,23.01,59.336033
