year,y_true,y_pred
2018,1625.37,857.61584
2019,1120.6,857.61584
2020,1068.66,857.61584
2021,1016.59,857.61584
2022,851.55,857.61584
