year,y_true,y_pred
2018,32.03,56.44037
2019,26.53,66.258965
2020,36.92,66.258965
2021,15.73,66.258965
2022,17.69,66.258965
