year,y_true,y_pred
2018,46.65,101.2998
2019,69.95,125.660995
2020,23.3,101.2998
2021,46.58,114.221
2022,69.3,125.660995
