year,y_true,y_pred
2018,723.12,970.81836
2019,1049.2,934.5787
2020,629.22,970.81836
2021,1141.13,934.5787
2022,785.4,970.81836
