year,y_true,y_pred
2018,49.88,27.547626
2019,33.5,27.547626
2020,50.59,27.547626
2021,33.96,27.547626
2022,103.7,27.547626
