year,y_true,y_pred
2018,615.23,387.53027
2019,736.89,387.53027
2020,455.31,387.53027
2021,509.42,471.61166
2022,760.46,471.61166
