year,y_true,y_pred
2018,49.88,25.733929
2019,100.49,25.733929
2020,33.73,32.25629
2021,16.98,25.733929
2022,34.57,57.566845
