year,y_true,y_pred
2018,0.0,6.5428753
2019,50.24,10.700001
2020,33.73,5.965563
2021,16.98,10.700001
2022,17.28,5.965563
