year,y_true,y_pred
2018,116.4,41.611645
2019,167.48,44.784206
2020,151.77,44.784206
2021,135.85,44.784206
2022,155.55,44.784206
