year,y_true,y_pred
2018,796.57,780.78784
2019,508.65,769.63086
2020,567.72,729.8378
2021,383.92,729.8378
2022,498.13,797.7288
