year,y_true,y_pred
2018,40.85,74.94145
2019,20.35,90.796715
2020,40.55,93.0106
2021,0.0,90.796715
2022,20.76,93.0106
