year,y_true,y_pred
2018,47.73,54.293663
2019,32.11,54.293663
2020,44.86,67.88864
2021,44.42,54.293663
2022,42.46,67.88864
