year,y_true,y_pred
2018,55.11,40.004463
2019,68.79,40.004463
2020,41.22,40.004463
2021,75.47,40.004463
2022,95.43,40.004463
