year,y_true,y_pred
2018,792.23,860.59424
2019,784.21,932.08575
2020,741.91,932.08575
2021,782.11,932.08575
2022,924.91,932.08575
