year,y_true,y_pred
2018,68.89,48.6324
2019,68.79,41.89643
2020,75.57,41.89643
2021,82.33,41.89643
2022,110.11,41.89643
