year,y_true,y_pred
2018,0.0,0.71843755
2019,0.0,0.71843755
2020,0.0,0.71843755
2021,0.0,0.71843755
2022,0.0,0.71843755
