year,y_true,y_pred
2018,68.89,18.368937
2019,34.39,18.368937
2020,61.83,18.368937
2021,27.44,18.368937
2022,44.04,18.368937
