year,y_true,y_pred
2018,34.44,31.869797
2019,34.39,20.36348
2020,48.09,20.36348
2021,82.33,27.22722
2022,58.72,27.22722
