year,y_true,y_pred
2018,717.17,673.76807
2019,632.5,673.76807
2020,626.06,673.76807
2021,665.28,673.76807
2022,706.86,673.76807
