year,y_true,y_pred
2018,65.2,30.191603
2019,45.64,30.191603
2020,58.69,30.191603
2021,65.22,30.191603
2022,70.1,30.191603
