year,y_true,y_pred
2018,0.0,11.929218
2019,66.24,22.678251
2020,65.7,15.322418
2021,86.92,11.929218
2022,23.09,37.744423
