year,y_true,y_pred
2018,178.09,226.4355
2019,176.64,384.38522
2020,416.12,384.38522
2021,195.57,381.61594
2022,277.14,238.19801
