year,y_true,y_pred
2018,75.86,54.88098
2019,108.44,85.41351
2020,43.41,32.972645
2021,54.29,87.9883
2022,172.24,10.611463
