year,y_true,y_pred
2018,661.03,572.94403
2019,791.59,581.0126
2020,640.26,612.44666
2021,434.36,577.82355
2022,935.04,572.94403
