year,y_true,y_pred
2018,333.42,593.354
2019,385.42,507.57977
2020,345.98,460.68216
2021,287.02,789.8951
2022,452.61,789.8951
