year,y_true,y_pred
2018,19.61,32.347633
2019,39.2,39.267746
2020,13.06,33.177696
2021,6.52,32.989807
2022,94.58,21.984646
