year,y_true,y_pred
2018,0.0,0.73777205
2019,0.0,0.73777205
2020,0.0,0.73777205
2021,0.0,0.73777205
2022,0.0,0.73777205
