year,y_true,y_pred
2018,39.23,57.697006
2019,71.86,49.330696
2020,52.22,40.111137
2021,32.62,46.36065
2022,87.82,37.382557
