year,y_true,y_pred
2018,19.61,15.837967
2019,19.6,17.961292
2020,32.64,21.669876
2021,26.09,21.669876
2022,13.51,21.669876
