year,y_true,y_pred
2018,183.05,116.789505
2019,130.65,102.80913
2020,228.47,116.789505
2021,143.51,102.80913
2022,182.4,116.789505
