year,y_true,y_pred
2018,97.08,98.09814
2019,93.18,99.37669
2020,77.89,99.37669
2021,85.41,94.920044
2022,71.4,103.55307
