year,y_true,y_pred
2018,411.86,492.08255
2019,598.43,492.08255
2020,704.96,492.08255
2021,354.02,492.08255
2022,573.61,532.0137
