year,y_true,y_pred
2018,20.59,20.350437
2019,82.54,22.174597
2020,41.47,39.366535
2021,83.3,35.096073
2022,21.24,35.017345
