year,y_true,y_pred
2018,81.98,72.75497
2019,77.52,71.16579
2020,44.96,69.02833
2021,68.86,67.81533
2022,65.41,71.38029
