year,y_true,y_pred
2018,44.96,51.420708
2019,22.29,55.289207
2020,66.34,55.289207
2021,131.67,50.264664
2022,68.78,55.792664
