year,y_true,y_pred
2018,93.45,56.963768
2019,85.55,60.422543
2020,62.67,60.422543
2021,119.89,56.963768
2022,89.35,60.422543
