year,y_true,y_pred
2018,39.54,104.44133
2019,32.89,104.44133
2020,67.63,104.44133
2021,63.66,104.44133
2022,46.11,104.44133
