year,y_true,y_pred
2018,26.44,23.177334
2019,37.06,20.379583
2020,12.33,23.177334
2021,17.45,22.341833
2022,18.03,21.739668
