year,y_true,y_pred
2018,258.69,337.6393
2019,286.02,278.24237
2020,191.09,337.6393
2021,140.98,278.24237
2022,158.24,278.24237
