year,y_true,y_pred
2018,40.72,79.02193
2019,40.78,56.898132
2020,163.33,130.04652
2021,163.53,130.04652
2022,128.7,130.04652
