year,y_true,y_pred
2018,50.11,8.5966625
2019,39.47,43.623558
2020,9.72,12.682683
2021,28.76,8.5966625
2022,21.35,43.623558
