year,y_true,y_pred
2018,380.8,246.23065
2019,513.17,246.23065
2020,320.92,246.23065
2021,249.26,246.23065
2022,459.06,264.52057
