year,y_true,y_pred
2018,53.79,40.960155
2019,35.64,55.354713
2020,53.15,60.094574
2021,105.69,56.48373
2022,106.82,52.362057
