year,y_true,y_pred
2018,1210.22,1040.2793
2019,1176.26,1040.2793
2020,699.8,1040.2793
2021,810.29,975.58704
2022,1116.72,975.58704
