year,y_true,y_pred
2018,42.09,46.422665
2019,31.85,43.25833
2020,58.91,51.463665
2021,43.21,51.463665
2022,80.95,47.534332
