year,y_true,y_pred
2018,147.31,134.76038
2019,153.95,134.76038
2020,182.07,139.59552
2021,194.43,134.76038
2022,237.44,134.76038
