year,y_true,y_pred
2018,31.57,47.951313
2019,15.93,40.55406
2020,21.42,47.720875
2021,43.21,53.572
2022,10.79,53.572
