year,y_true,y_pred
2018,26.31,10.419741
2019,15.93,13.110215
2020,10.71,11.656798
2021,5.4,21.349289
2022,21.59,21.349289
