year,y_true,y_pred
2018,115.81,44.095627
2019,116.35,55.523003
2020,116.82,55.523003
2021,58.65,55.523003
2022,182.26,31.7927
