year,y_true,y_pred
2018,154.55,187.99457
2019,125.12,195.46996
2020,157.45,195.46996
2021,180.93,195.46996
2022,209.89,187.99457
