year,y_true,y_pred
2018,17.99,16.040327
2019,18.45,26.25913
2020,11.02,18.724554
2021,13.14,21.258722
2022,28.41,20.927446
