year,y_true,y_pred
2018,0.0,0.18166667
2019,0.8,0.18166667
2020,0.79,0.18166667
2021,0.0,0.18166667
2022,0.79,0.18166667
