year,y_true,y_pred
2018,15.54,10.4272585
2019,16.84,10.307284
2020,11.81,10.307284
2021,10.82,8.235525
2022,12.62,8.059658
