year,y_true,y_pred
2018,47.43,41.646713
2019,48.12,52.527935
2020,42.51,52.527935
2021,53.35,50.010464
2022,55.23,41.51543
