year,y_true,y_pred
2018,7.36,4.5923543
2019,5.61,5.930367
2020,3.94,4.5923543
2021,5.41,5.6107917
2022,6.31,5.930367
