year,y_true,y_pred
2018,43.73,57.948784
2019,87.22,65.12867
2020,86.99,65.12867
2021,0.0,57.948784
2022,93.28,57.948784
