year,y_true,y_pred
2018,7.92,12.081917
2019,15.71,12.081917
2020,31.16,12.081917
2021,15.46,8.072166
2022,35.42,7.713667
