year,y_true,y_pred
2018,332.57,1090.6387
2019,172.77,621.9361
2020,155.79,75.87432
2021,672.39,121.02257
2022,619.85,673.9494
