year,y_true,y_pred
2018,16.3,17.099667
2019,30.77,18.290667
2020,25.06,17.099667
2021,39.03,17.099667
2022,29.13,17.099667
