year,y_true,y_pred
2018,17.73,19.319878
2019,19.06,16.681927
2020,17.46,18.778484
2021,30.33,18.778484
2022,33.47,19.545235
