year,y_true,y_pred
2018,0.0,0.27813876
2019,0.0,0.27813876
2020,0.0,0.27813876
2021,0.0,0.27813876
2022,1.52,0.27813876
