year,y_true,y_pred
2018,25.12,33.48805
2019,30.79,33.48805
2020,11.64,33.48805
2021,17.33,27.980665
2022,30.43,31.624332
