year,y_true,y_pred
2018,72.41,84.27792
2019,89.44,49.12567
2020,82.94,84.27792
2021,63.55,94.11909
2022,104.99,49.12567
