year,y_true,y_pred
2018,19.21,38.11421
2019,23.46,30.4563
2020,16.01,30.4563
2021,15.89,29.358147
2022,31.95,29.358147
