year,y_true,y_pred
2018,376.76,470.74887
2019,336.1,470.74887
2020,364.68,470.74887
2021,373.46,470.74887
2022,440.38,470.74887
