year,y_true,y_pred
2018,29.74,44.57896
2019,49.43,35.334087
2020,39.42,26.337723
2021,29.48,26.338066
2022,11.01,35.334087
