year,y_true,y_pred
2018,32.94,37.109333
2019,41.06,45.067333
2020,24.57,45.067333
2021,8.17,45.067333
2022,31.73,46.386333
