year,y_true,y_pred
2018,354.11,301.81934
2019,443.46,326.577
2020,294.89,462.4585
2021,171.61,267.11462
2022,293.53,265.07538
