year,y_true,y_pred
2018,170.82,107.70639
2019,170.35,107.70639
2020,174.44,107.70639
2021,158.74,107.70639
2022,282.5,107.70639
