year,y_true,y_pred
2018,29.61,8.530265
2019,27.82,8.530265
2020,23.22,8.530265
2021,28.25,8.530265
2022,49.75,8.530265
