year,y_true,y_pred
2018,0.57,0.28728548
2019,0.0,0.0005928783
2020,0.0,0.5361628
2021,0.0,0.0040565324
2022,0.0,0.28728548
