year,y_true,y_pred
2018,0.57,0.9003334
2019,0.0,0.43748486
2020,0.57,0.43748486
2021,0.0,0.43748486
2022,0.0,0.43748486
