year,y_true,y_pred
2018,94.52,97.22462
2019,84.61,95.779526
2020,90.62,95.11195
2021,79.65,95.77799
2022,97.13,92.83302
