year,y_true,y_pred
2018,53.52,40.50004
2019,50.54,40.50004
2020,48.71,40.50004
2021,46.89,40.50004
2022,62.19,40.50004
