year,y_true,y_pred
2018,97.94,81.42992
2019,94.83,81.42992
2020,100.81,81.42992
2021,96.04,81.67037
2022,113.71,81.42992
