year,y_true,y_pred
2018,77.75,82.399414
2019,97.09,88.31434
2020,96.97,103.39347
2021,58.13,103.39347
2022,42.82,82.399414
