year,y_true,y_pred
2018,60.82,50.174667
2019,44.27,50.174667
2020,23.1,54.133915
2021,50.61,54.133915
2022,49.26,50.174667
