year,y_true,y_pred
2018,384.73,408.54086
2019,346.35,372.78986
2020,287.42,357.61652
2021,380.85,334.83173
2022,409.85,408.54086
