year,y_true,y_pred
2018,0.0,0.14827779
2019,0.0,0.14827779
2020,0.0,0.14827779
2021,0.0,0.14827779
2022,0.0,0.14827779
