year,y_true,y_pred
2018,103.12,110.85874
2019,101.56,119.849
2020,91.1,109.77372
2021,117.67,109.77372
2022,101.48,112.088066
