year,y_true,y_pred
2018,54.21,31.24539
2019,62.5,31.24539
2020,52.61,34.95279
2021,67.06,31.24539
2022,56.16,34.95279
