year,y_true,y_pred
2018,22.48,10.737187
2019,11.72,10.737187
2020,15.4,10.638
2021,13.92,13.101
2022,20.69,13.101
