year,y_true,y_pred
2018,0.0,0.73565626
2019,0.0,0.73565626
2020,0.0,0.73565626
2021,1.27,0.73565626
2022,0.0,0.73565626
