year,y_true,y_pred
2018,181.01,156.91866
2019,235.29,156.91866
2020,326.07,156.91866
2021,315.24,156.91866
2022,226.94,156.91866
