year,y_true,y_pred
2018,36.81,11.209292
2019,18.32,9.304367
2020,18.24,11.209292
2021,45.42,11.209292
2022,38.74,9.304367
