year,y_true,y_pred
2018,28.77,23.647686
2019,66.97,23.499975
2020,28.81,34.560833
2021,48.19,22.415392
2022,28.92,34.560833
