year,y_true,y_pred
2018,56.39,24.810062
2019,42.01,24.810062
2020,40.49,23.465876
2021,38.97,23.465876
2022,52.51,23.465876
