year,y_true,y_pred
2018,0.0,18.677
2019,29.36,13.304001
2020,44.09,18.590605
2021,29.43,28.9262
2022,46.1,18.677
