year,y_true,y_pred
2018,249.19,556.30316
2019,308.23,472.3519
2020,352.68,472.3519
2021,618.01,472.3519
2022,645.36,512.43634
