year,y_true,y_pred
2018,400.08,532.4111
2019,488.06,532.4111
2020,358.82,515.63806
2021,464.93,532.4111
2022,529.92,567.10364
