year,y_true,y_pred
2018,24.0,30.787683
2019,56.01,37.4663
2020,51.83,30.787683
2021,47.69,38.473713
2022,75.11,39.94437
