year,y_true,y_pred
2018,24.0,45.117702
2019,52.01,47.244232
2020,47.84,60.24398
2021,47.69,46.5307
2022,37.55,46.5307
