year,y_true,y_pred
2018,4.0,9.379126
2019,4.0,10.614938
2020,3.99,10.614938
2021,3.97,10.614938
2022,4.17,10.614938
