year,y_true,y_pred
2018,140.03,129.606
2019,144.02,129.438
2020,139.54,125.368004
2021,214.58,129.606
2022,187.77,125.368004
