year,y_true,y_pred
2018,25.79,31.011665
2019,34.24,36.59221
2020,0.0,35.11921
2021,42.43,36.59221
2022,60.42,43.666145
