year,y_true,y_pred
2018,275.13,344.9788
2019,265.34,348.12277
2020,213.06,336.72058
2021,280.06,348.12277
2022,388.4,348.12277
