year,y_true,y_pred
2018,55.39,57.753002
2019,49.65,57.753002
2020,34.28,57.753002
2021,67.69,57.753002
2022,50.77,54.656002
