year,y_true,y_pred
2018,825.86,765.82965
2019,1017.72,730.09564
2020,768.93,718.81836
2021,691.39,779.0218
2022,995.08,901.4841
