year,y_true,y_pred
2018,21.34,79.910484
2019,21.34,9.834345
2020,64.02,22.342525
2021,0.0,20.607332
2022,23.34,79.910484
