year,y_true,y_pred
2018,74.11,46.080708
2019,37.03,39.606632
2020,59.22,50.57012
2021,81.38,49.118206
2022,131.37,46.271206
