year,y_true,y_pred
2018,1348.75,830.32556
2019,1281.29,830.32556
2020,777.2,830.32556
2021,739.81,845.6916
2022,1269.89,845.6916
