year,y_true,y_pred
2018,44.43,86.35602
2019,73.47,85.95124
2020,29.13,94.37099
2021,40.11,80.01684
2022,61.56,80.01684
