year,y_true,y_pred
2018,1116.14,902.05994
2019,875.87,956.4725
2020,574.71,1361.874
2021,393.7,1007.27136
2022,923.48,911.79834
