year,y_true,y_pred
2018,30.17,45.307438
2019,0.0,25.8191
2020,0.0,45.307438
2021,0.0,45.307438
2022,105.54,45.307438
