year,y_true,y_pred
2018,66.04,66.56883
2019,98.82,66.54333
2020,60.25,66.56883
2021,54.65,74.75483
2022,100.16,74.75483
