year,y_true,y_pred
2018,35.63,8.026032
2019,17.77,14.668955
2020,35.46,6.306987
2021,35.38,14.668955
2022,92.8,7.5649962
