year,y_true,y_pred
2018,44.61,65.879875
2019,44.33,65.879875
2020,35.25,65.879875
2021,43.81,65.879875
2022,75.68,65.879875
