year,y_true,y_pred
2018,464.54,319.1473
2019,524.79,312.5518
2020,453.48,300.53043
2021,541.55,312.5518
2022,596.15,300.53043
