year,y_true,y_pred
2018,0.0,0.13330938
2019,0.0,0.13330938
2020,0.0,0.13330938
2021,0.0,0.13330938
2022,0.0,0.13330938
