year,y_true,y_pred
2018,49.43,55.199543
2019,55.83,52.207043
2020,47.42,55.199543
2021,65.01,52.082542
2022,54.48,55.199543
