year,y_true,y_pred
2018,0.0,0.4070104
2019,0.62,0.4070104
2020,1.22,0.4070104
2021,1.19,0.4070104
2022,0.89,0.4070104
