year,y_true,y_pred
2018,120.41,127.3072
2019,136.47,128.46748
2020,153.8,120.59357
2021,174.15,126.45528
2022,106.28,127.3072
