year,y_true,y_pred
2018,21.55,16.101654
2019,26.67,20.330038
2020,31.0,19.752468
2021,32.8,20.330038
2022,25.9,20.330038
