mae,rmse,r2,city,model,sequence_length,forecast_horizon,normalization,val_size
0.3750971843504051,0.46847500696791583,-0.045595248991743276,4116950,xgboost,8,4,,
