year,y_true,y_pred
2018,672.09,520.1452
2019,444.48,468.79797
2020,628.83,598.58765
2021,543.04,727.9836
2022,363.1,599.2561
