year,y_true,y_pred
2018,16.59,19.122066
2019,49.39,20.464893
2020,32.67,20.464893
2021,89.16,20.283531
2022,33.01,20.283531
