year,y_true,y_pred
2018,41.41,18.796906
2019,41.27,22.870083
2020,34.28,22.870083
2021,20.5,22.870083
2022,30.4,22.870083
