year,y_true,y_pred
2018,372.72,466.11768
2019,275.12,433.388
2020,226.23,386.45218
2021,321.19,433.46582
2022,418.06,480.40164
