year,y_true,y_pred
2018,56.29,63.133915
2019,77.42,58.792465
2020,56.31,63.658916
2021,42.24,58.792465
2022,34.36,66.65134
