year,y_true,y_pred
2018,795.16,627.64404
2019,654.51,697.5442
2020,506.79,627.64404
2021,415.32,580.7302
2022,406.57,580.7302
