year,y_true,y_pred
2018,48.68,47.41967
2019,32.46,35.788685
2020,44.65,32.020496
2021,36.55,32.5478
2022,50.27,34.619095
