year,y_true,y_pred
2018,78.87,35.979248
2019,64.13,35.979248
2020,63.73,35.979248
2021,63.36,35.979248
2022,59.35,35.979248
