year,y_true,y_pred
2018,17.57,68.738655
2019,70.85,48.236942
2020,35.7,68.738655
2021,71.93,59.642403
2022,47.71,68.738655
