year,y_true,y_pred
2018,1124.78,769.78735
2019,797.02,769.78735
2020,1267.4,824.511
2021,575.44,769.78735
2022,1113.23,749.1144
