year,y_true,y_pred
2018,502.46,755.15436
2019,519.48,824.6792
2020,367.76,755.15436
2021,306.56,866.29816
2022,574.35,866.29816
