year,y_true,y_pred
2018,33.5,34.795074
2019,43.29,10.215248
2020,21.02,10.215248
2021,0.0,41.20975
2022,37.46,10.215248
