year,y_true,y_pred
2018,19.54,9.003945
2019,19.52,-0.08106533
2020,19.5,62.276405
2021,0.0,62.276405
2022,23.08,62.276405
