year,y_true,y_pred
2018,234.51,321.69534
2019,195.2,321.69534
2020,195.01,321.69534
2021,97.41,321.69534
2022,276.94,321.69534
