year,y_true,y_pred
2018,43.35,56.145714
2019,59.68,57.756157
2020,75.5,68.06466
2021,33.04,68.06466
2022,130.75,78.269775
