year,y_true,y_pred
2018,823.65,677.85315
2019,767.26,713.19354
2020,780.14,755.20404
2021,751.63,755.20404
2022,985.62,755.20404
