year,y_true,y_pred
2018,33.49,46.921375
2019,38.57,51.868
2020,54.42,46.921375
2021,43.02,49.817875
2022,42.53,50.734375
