year,y_true,y_pred
2018,79.09,32.881584
2019,0.0,28.972584
2020,53.13,36.58146
2021,53.35,28.986666
2022,0.0,28.972584
