year,y_true,y_pred
2018,20.39,34.16962
2019,81.9,112.21084
2020,123.38,40.75686
2021,123.89,34.16962
2022,83.89,40.75686
