year,y_true,y_pred
2018,39.52,17.508999
2019,39.61,17.508999
2020,24.59,17.508999
2021,24.65,17.508999
2022,13.54,17.508999
