year,y_true,y_pred
2018,182.78,161.20587
2019,232.73,139.92017
2020,211.47,150.17009
2021,147.87,139.92017
2022,157.99,150.17384
