year,y_true,y_pred
2018,14.82,35.80811
2019,19.81,44.892
2020,39.34,44.892
2021,54.22,41.05088
2022,40.63,38.893253
