year,y_true,y_pred
2018,14.82,32.290333
2019,39.61,28.199293
2020,24.59,29.271791
2021,29.57,25.177767
2022,13.54,25.177767
