year,y_true,y_pred
2018,0.0,11.539104
2019,10.3,11.539104
2020,10.19,17.395334
2021,20.19,11.539104
2022,14.79,11.539104
