year,y_true,y_pred
2018,3.47,12.000349
2019,6.87,4.1014867
2020,3.4,5.333662
2021,10.1,4.1014867
2022,18.48,7.010898
