year,y_true,y_pred
2018,76.3,34.14521
2019,54.92,45.966274
2020,84.96,42.60287
2021,74.03,45.966274
2022,107.21,45.966274
