year,y_true,y_pred
2018,13.87,8.236917
2019,13.73,4.736502
2020,10.19,4.736502
2021,16.83,4.736502
2022,14.79,8.236917
