year,y_true,y_pred
2018,767.65,692.836
2019,809.16,639.61816
2020,474.86,634.85864
2021,463.48,587.7674
2022,717.53,587.7674
