year,y_true,y_pred
2018,63.97,29.75109
2019,63.64,35.67666
2020,67.84,40.899097
2021,49.5,33.616726
2022,75.76,27.15332
