year,y_true,y_pred
2018,0.0,0.5411054
2019,0.0,0.5411054
2020,0.0,0.5411054
2021,0.0,0.5411054
2022,0.0,0.5411054
