year,y_true,y_pred
2018,105.09,147.67659
2019,122.74,117.6147
2020,149.24,147.62593
2021,112.5,137.98906
2022,155.99,117.6147
