year,y_true,y_pred
2018,0.0,0.7443333
2019,0.0,0.7443333
2020,0.0,0.7443333
2021,4.5,0.7443333
2022,0.0,0.7443333
