year,y_true,y_pred
2018,31.99,15.011666
2019,22.73,15.011666
2020,18.09,19.085667
2021,36.0,15.011666
2022,22.28,15.011666
