year,y_true,y_pred
2018,45.69,42.035954
2019,90.92,25.850735
2020,81.4,45.059124
2021,67.5,26.328455
2022,62.39,26.58898
