year,y_true,y_pred
2018,306.26,457.04465
2019,314.84,277.44632
2020,256.23,277.44632
2021,293.26,277.44632
2022,313.18,277.44632
