year,y_true,y_pred
2018,55.68,19.235832
2019,48.98,25.014666
2020,78.29,21.122334
2021,71.53,26.879665
2022,47.66,26.879665
