year,y_true,y_pred
2018,300.9,248.40839
2019,119.74,268.78076
2020,635.3,293.02042
2021,197.59,387.77396
2022,115.53,268.78076
