year,y_true,y_pred
2018,87.34,125.12518
2019,43.22,132.88846
2020,42.79,124.12813
2021,42.38,116.36485
2022,24.22,70.495926
