year,y_true,y_pred
2018,286.79,136.34981
2019,286.85,136.34981
2020,331.13,136.34981
2021,397.61,136.34981
2022,573.26,136.34981
