year,y_true,y_pred
2018,44.12,5.50175
2019,22.07,4.522125
2020,44.15,4.668
2021,44.18,9.419001
2022,68.79,4.522125
