year,y_true,y_pred
2018,273.87,226.46716
2019,339.15,226.46716
2020,296.8,226.46716
2021,362.34,391.078
2022,398.55,239.55174
