year,y_true,y_pred
2018,37.59,21.006468
2019,48.45,13.330451
2020,26.98,13.330451
2021,5.41,13.330451
2022,10.35,21.006468
