year,y_true,y_pred
2018,69.81,89.32097
2019,69.98,70.67706
2020,70.15,70.67706
2021,135.2,70.67706
2022,134.58,68.519424
