year,y_true,y_pred
2018,32.22,12.939667
2019,37.68,9.316667
2020,16.19,9.316667
2021,21.63,9.316667
2022,25.88,9.316667
