year,y_true,y_pred
2018,16.11,30.656897
2019,10.77,15.675946
2020,21.59,15.675946
2021,10.82,16.438892
2022,10.35,15.675946
