year,y_true,y_pred
2018,48.17,61.812
2019,64.86,83.256004
2020,65.48,83.256004
2021,66.07,83.256004
2022,153.4,83.256004
