year,y_true,y_pred
2018,61.9,73.682076
2019,33.53,75.50883
2020,77.7,66.176125
2021,38.59,160.78014
2022,58.19,66.176125
