year,y_true,y_pred
2018,11.25,11.599
2019,5.59,11.599
2020,0.0,9.64075
2021,5.51,7.959
2022,5.82,11.589251
