year,y_true,y_pred
2018,157.57,269.08466
2019,217.93,249.25258
2020,249.74,269.08466
2021,237.07,263.4037
2022,267.69,263.4037
