year,y_true,y_pred
2018,0.0,1.349996
2019,0.0,1.349996
2020,0.0,1.349996
2021,0.0,1.349996
2022,0.0,1.349996
