year,y_true,y_pred
2018,22.51,25.78148
2019,27.94,25.78148
2020,16.65,20.834322
2021,0.0,25.78148
2022,0.0,8.5404825
