year,y_true,y_pred
2018,18.11,68.85992
2019,54.65,68.243416
2020,91.63,59.85633
2021,92.15,68.94392
2022,102.9,68.94392
