year,y_true,y_pred
2018,56.6,64.04808
2019,127.19,53.58046
2020,70.58,61.658585
2021,155.08,53.58046
2022,138.5,61.658585
