year,y_true,y_pred
2018,105.65,29.30442
2019,0.0,13.572605
2020,26.15,54.060913
2021,26.59,166.94005
2022,0.0,60.6707
