year,y_true,y_pred
2018,35.27,42.903656
2019,23.24,34.590607
2020,0.0,19.328405
2021,11.37,19.328405
2022,77.7,19.328405
