year,y_true,y_pred
2018,717.06,814.09155
2019,627.47,814.09155
2020,517.06,583.08136
2021,727.77,583.08136
2022,945.35,814.09155
