year,y_true,y_pred
2018,92.84,118.93987
2019,96.19,118.93987
2020,79.61,118.93987
2021,75.14,118.93987
2022,95.51,118.93987
