year,y_true,y_pred
2018,64.82,63.20633
2019,31.95,78.45516
2020,47.29,78.45516
2021,54.45,78.45516
2022,19.31,63.20633
