year,y_true,y_pred
2018,0.0,62.078053
2019,137.29,43.538773
2020,56.32,61.70265
2021,173.31,34.54747
2022,21.67,52.340412
