year,y_true,y_pred
2018,400.04,252.34862
2019,478.15,239.3682
2020,567.49,252.34862
2021,545.6,252.34862
2022,396.3,252.34862
