year,y_true,y_pred
2018,55.56,47.593666
2019,44.48,39.92763
2020,66.76,51.205666
2021,55.67,51.205666
2022,11.01,39.92763
