year,y_true,y_pred
2018,90.53,82.87962
2019,69.95,90.242004
2020,49.58,84.041
2021,85.05,82.87962
2022,75.37,90.242004
