year,y_true,y_pred
2018,0.0,59.711636
2019,16.63,59.711636
2020,0.0,59.711636
2021,16.46,59.711636
2022,0.0,59.711636
