year,y_true,y_pred
2018,15.68,24.938334
2019,0.0,17.834042
2020,0.0,21.533043
2021,0.0,21.533043
2022,36.87,21.533043
