year,y_true,y_pred
2018,59.73,51.36779
2019,46.81,52.302547
2020,43.91,52.302547
2021,41.89,51.36779
2022,39.84,51.36779
