year,y_true,y_pred
2018,568.31,511.32687
2019,484.54,572.223
2020,458.66,572.223
2021,389.1,511.32687
2022,470.77,511.32687
