year,y_true,y_pred
2018,26.55,12.060153
2019,48.56,21.171122
2020,36.74,15.314195
2021,43.38,11.479574
2022,28.26,11.479574
