year,y_true,y_pred
2018,719.11,692.4024
2019,1738.2,761.24506
2020,719.12,709.59033
2021,709.37,772.40344
2022,827.9,761.24506
