year,y_true,y_pred
2018,43.58,29.171333
2019,128.76,29.171333
2020,63.45,29.171333
2021,83.46,39.585045
2022,125.44,35.302544
