year,y_true,y_pred
2018,56.32,48.46423
2019,56.34,28.933569
2020,28.18,48.46423
2021,28.19,3.270349
2022,28.12,3.270349
