year,y_true,y_pred
2018,1408.05,598.62305
2019,1633.8,598.62305
2020,986.19,598.62305
2021,1014.94,598.62305
2022,1349.83,598.62305
