year,y_true,y_pred
2018,69.07,80.89467
2019,62.32,65.51933
2020,86.61,80.89467
2021,61.43,74.901665
2022,89.78,80.89467
