year,y_true,y_pred
2018,17.38,26.816408
2019,34.69,28.155138
2020,8.66,26.816408
2021,8.64,28.155138
2022,28.26,23.553185
