year,y_true,y_pred
2018,455.74,470.20184
2019,537.51,470.20184
2020,505.62,470.20184
2021,545.15,470.20184
2022,584.08,470.20184
