year,y_true,y_pred
2018,41.98,39.28251
2019,59.72,61.315086
2020,47.59,39.28251
2021,65.18,39.28251
2022,38.51,90.65986
