year,y_true,y_pred
2018,29.98,20.755539
2019,59.72,24.423265
2020,41.64,20.755539
2021,41.48,19.800037
2022,38.51,20.755539
