year,y_true,y_pred
2018,6.0,15.843103
2019,29.86,11.641333
2020,23.79,14.791333
2021,23.7,15.843103
2022,12.84,15.843103
