year,y_true,y_pred
2018,143.92,118.166916
2019,101.53,118.166916
2020,166.56,129.63733
2021,183.69,119.56634
2022,96.28,107.70592
