year,y_true,y_pred
2018,14.46,12.351013
2019,14.36,7.807102
2020,28.55,7.807102
2021,28.38,18.247183
2022,0.0,18.247183
