year,y_true,y_pred
2018,274.65,158.36826
2019,244.18,158.36826
2020,142.76,187.4075
2021,184.48,158.36826
2022,167.55,171.6998
