year,y_true,y_pred
2018,146.79,86.38873
2019,133.25,95.25733
2020,133.91,86.38873
2021,168.2,86.38873
2022,129.38,86.38873
