year,y_true,y_pred
2018,206.61,383.70837
2019,346.51,383.70837
2020,20.17,419.9463
2021,239.47,383.70837
2022,187.49,393.38187
