year,y_true,y_pred
2018,20.66,23.867834
2019,61.15,23.867834
2020,0.0,23.836334
2021,0.0,29.500334
2022,0.0,19.243334
