year,y_true,y_pred
2018,52.83,88.62862
2019,109.8,88.62862
2020,92.54,77.347664
2021,73.15,85.86699
2022,97.71,88.62862
