year,y_true,y_pred
2018,667.6,887.90643
2019,754.25,887.90643
2020,851.86,887.90643
2021,922.61,884.1081
2022,1039.71,884.1081
