year,y_true,y_pred
2018,0.0,0.37242216
2019,0.0,0.37242216
2020,0.0,0.37242216
2021,0.0,0.37242216
2022,2.51,0.37242216
