year,y_true,y_pred
2018,62.44,49.68671
2019,95.47,52.0109
2020,78.3,49.68671
2021,151.01,49.68671
2022,165.35,47.10371
