year,y_true,y_pred
2018,100.86,43.687668
2019,64.45,39.025585
2020,66.44,39.106583
2021,51.91,43.687668
2022,45.1,43.687668
