year,y_true,y_pred
2018,4.8,16.157228
2019,14.32,12.391334
2020,14.24,11.5633335
2021,4.72,16.157228
2022,7.52,12.391334
