year,y_true,y_pred
2018,0.0,0.2558908
2019,0.0,0.2558908
2020,0.0,0.2558908
2021,0.0,0.2558908
2022,0.0,0.2558908
