year,y_true,y_pred
2018,60.62,74.64231
2019,64.03,74.64231
2020,59.92,68.87331
2021,76.35,74.64231
2022,47.21,68.87331
