year,y_true,y_pred
2018,20.84,14.902666
2019,7.53,18.488533
2020,11.24,17.938334
2021,7.45,17.938334
2022,16.86,17.938334
