year,y_true,y_pred
2018,1.89,0.12566666
2019,0.0,0.12566666
2020,0.0,0.12566666
2021,0.0,0.12566666
2022,0.0,0.12566666
