year,y_true,y_pred
2018,13.26,7.7450833
2019,11.3,6.5546665
2020,13.11,7.7450833
2021,18.62,6.5546665
2022,18.55,6.5546665
