year,y_true,y_pred
2018,56.12,73.04164
2019,28.17,54.626686
2020,42.41,73.04164
2021,70.95,59.10039
2022,60.97,84.54639
