year,y_true,y_pred
2018,51.01,28.994312
2019,39.12,24.592999
2020,22.82,24.592999
2021,27.15,28.994312
2022,44.22,28.994312
