year,y_true,y_pred
2018,245.76,275.24487
2019,225.54,275.24487
2020,175.68,275.24487
2021,187.8,275.24487
2022,225.33,275.24487
