year,y_true,y_pred
2018,18.83,41.59667
2019,85.27,42.13502
2020,28.59,59.27596
2021,9.58,41.59667
2022,48.19,42.13502
