year,y_true,y_pred
2018,0.0,33.702877
2019,25.06,33.702877
2020,0.0,33.702877
2021,49.18,33.702877
2022,144.51,33.702877
