year,y_true,y_pred
2018,361.76,320.26498
2019,225.56,462.35355
2020,148.92,299.12756
2021,418.0,299.12756
2022,481.7,320.26498
