year,y_true,y_pred
2018,91.27,87.67945
2019,109.03,60.08648
2020,36.19,52.12816
2021,36.04,110.432884
2022,38.27,123.73417
