year,y_true,y_pred
2018,47.51,28.263908
2019,51.0,28.263908
2020,42.77,28.263908
2021,57.83,49.123695
2022,44.54,51.2299
