year,y_true,y_pred
2018,419.65,400.09375
2019,486.43,400.09375
2020,478.25,362.03336
2021,582.14,362.03336
2022,726.03,491.00574
