year,y_true,y_pred
2018,60.02,71.29602
2019,67.22,66.083664
2020,37.19,66.083664
2021,22.23,62.093956
2022,50.08,71.29602
