year,y_true,y_pred
2018,319.97,257.63434
2019,338.48,257.63434
2020,305.8,257.63434
2021,356.26,248.45255
2022,447.79,272.60867
