year,y_true,y_pred
2018,36.96,27.81794
2019,55.54,27.81794
2020,55.13,27.81794
2021,61.96,27.81794
2022,61.76,27.81794
