year,y_true,y_pred
2018,28.03,59.60482
2019,28.48,59.60482
2020,28.93,59.60482
2021,58.75,71.92673
2022,117.1,71.92673
