year,y_true,y_pred
2018,98.3,42.661285
2019,52.98,57.49384
2020,98.48,36.834476
2021,90.99,57.49384
2022,77.45,56.113564
