year,y_true,y_pred
2018,27.49,23.427668
2019,33.57,24.699959
2020,44.37,23.427668
2021,38.5,23.427668
2022,41.17,23.427668
