year,y_true,y_pred
2018,214.4,270.86035
2019,274.14,270.86035
2020,343.89,250.92427
2021,313.51,250.92427
2022,341.14,258.22433
