year,y_true,y_pred
2018,5.5,12.815868
2019,16.78,13.169081
2020,11.09,4.798435
2021,11.0,12.20637
2022,17.64,17.58115
