year,y_true,y_pred
2018,21.99,15.084969
2019,22.38,10.392524
2020,33.28,12.256399
2021,22.0,12.256399
2022,23.53,12.256399
