year,y_true,y_pred
2018,54.98,62.872726
2019,67.14,71.018524
2020,88.75,87.418655
2021,82.5,62.872726
2022,105.87,71.018524
