year,y_true,y_pred
2018,42.63,4.6016774
2019,43.2,0.0010079917
2020,0.0,77.39764
2021,0.0,77.33046
2022,0.0,77.19804
