year,y_true,y_pred
2018,41.25,50.750668
2019,13.71,50.750668
2020,13.66,42.258633
2021,108.93,54.785522
2022,57.59,47.46146
