year,y_true,y_pred
2018,58.01,79.22163
2019,72.99,85.26234
2020,90.91,108.6373
2021,99.64,108.6373
2022,134.52,77.24074
