year,y_true,y_pred
2018,17.63,20.429811
2019,25.32,20.429811
2020,25.42,20.429811
2021,17.01,20.429811
2022,16.52,20.429811
