year,y_true,y_pred
2018,8.81,3.4991667
2019,0.0,6.7013335
2020,8.47,3.1904168
2021,0.0,6.7013335
2022,0.0,3.1904168
