year,y_true,y_pred
2018,0.0,1.1843333
2019,0.0,1.5187333
2020,0.0,1.5187333
2021,8.5,1.5187333
2022,0.0,1.1843333
