year,y_true,y_pred
2018,96.95,84.95264
2019,143.5,68.53221
2020,152.52,84.95264
2021,144.57,101.571495
2022,198.18,101.571495
