year,y_true,y_pred
2018,35.25,28.716602
2019,16.88,36.493214
2020,25.42,32.385853
2021,25.51,28.716602
2022,57.8,32.385853
