year,y_true,y_pred
2018,431.14,522.85876
2019,649.82,522.85876
2020,362.58,662.251
2021,315.61,522.85876
2022,318.0,522.85876
