year,y_true,y_pred
2018,23.95,49.37033
2019,24.07,37.43573
2020,48.34,59.38073
2021,24.28,59.38073
2022,73.39,37.43573
