year,y_true,y_pred
2018,57.14,29.243456
2019,114.74,29.243456
2020,0.0,29.243456
2021,86.76,48.908035
2022,152.83,18.769384
