year,y_true,y_pred
2018,19.69,33.251854
2019,53.27,42.545795
2020,54.02,33.251854
2021,89.0,36.519333
2022,47.83,33.251854
