year,y_true,y_pred
2018,32.82,18.042105
2019,26.63,26.144356
2020,13.51,21.060791
2021,54.77,22.461334
2022,17.94,22.461334
