year,y_true,y_pred
2018,131.29,170.301
2019,179.78,183.85199
2020,256.6,176.93924
2021,232.78,182.83574
2022,173.37,183.85199
