year,y_true,y_pred
2018,0.0,0.0018955957
2019,13.32,0.0018955957
2020,13.51,-0.030795809
2021,0.0,0.0018955957
2022,5.98,-0.026728582
