year,y_true,y_pred
2018,0.0,1.258
2019,13.32,1.258
2020,0.0,2.1595001
2021,6.85,1.258
2022,0.0,2.1595001
