year,y_true,y_pred
2018,134.67,119.74039
2019,135.61,119.74039
2020,77.99,119.74039
2021,156.92,177.72026
2022,119.76,119.74039
