year,y_true,y_pred
2018,19.24,11.615167
2019,0.0,12.156333
2020,0.0,11.615167
2021,19.62,12.455467
2022,0.0,12.156333
