year,y_true,y_pred
2018,0.0,42.755165
2019,0.0,31.670464
2020,19.5,31.670464
2021,117.69,42.755165
2022,0.0,42.182167
