year,y_true,y_pred
2018,0.0,10.475334
2019,38.74,10.475334
2020,19.5,8.402292
2021,0.0,8.402292
2022,19.96,14.383334
