year,y_true,y_pred
2018,96.19,113.38033
2019,116.23,132.94778
2020,233.96,132.94778
2021,98.08,113.38033
2022,259.48,132.94778
