year,y_true,y_pred
2018,849.58,704.56537
2019,526.71,704.56537
2020,704.58,671.1252
2021,833.12,734.9637
2022,1029.41,782.82263
