year,y_true,y_pred
2018,124.94,56.794144
2019,25.08,54.404297
2020,100.65,65.92769
2021,25.25,54.404297
2022,49.02,65.92769
