year,y_true,y_pred
2018,24.99,48.460846
2019,50.16,45.277496
2020,25.16,2.567531
2021,25.25,2.567531
2022,49.02,2.567531
