year,y_true,y_pred
2018,49.98,23.941942
2019,75.24,3.8562932
2020,50.33,30.765673
2021,75.74,41.733982
2022,73.53,30.765673
