year,y_true,y_pred
2018,149.93,62.562794
2019,125.41,54.425354
2020,100.65,54.425354
2021,75.74,54.425354
2022,147.06,54.425354
