year,y_true,y_pred
2018,62.3,71.32943
2019,37.25,57.694084
2020,44.3,71.32943
2021,37.65,71.32943
2022,36.92,71.32943
