year,y_true,y_pred
2018,258.02,249.00235
2019,297.53,249.00235
2020,191.57,206.78578
2021,231.02,201.76396
2022,336.62,241.3782
