year,y_true,y_pred
2018,22.09,4.84675
2019,23.63,4.84675
2020,15.6,4.84675
2021,19.75,4.84675
2022,29.09,4.84675
