year,y_true,y_pred
2018,0.0,0.435375
2019,0.0,0.435375
2020,0.0,0.435375
2021,1.72,0.435375
2022,0.0,0.24993749
