year,y_true,y_pred
2018,99.85,88.710365
2019,96.26,88.710365
2020,78.88,88.710365
2021,98.76,88.710365
2022,98.7,78.70123
