year,y_true,y_pred
2018,1.77,0.22130375
2019,0.88,1.3330585
2020,2.6,1.5243565
2021,0.86,1.493181
2022,2.08,0.066374086
