year,y_true,y_pred
2018,17.67,10.431519
2019,7.88,10.044938
2020,9.54,9.68319
2021,9.45,13.213443
2022,14.55,13.13461
