year,y_true,y_pred
2018,1.77,3.098461
2019,0.88,2.6898189
2020,0.87,3.098461
2021,0.86,2.6898189
2022,1.04,2.6898189
