year,y_true,y_pred
2018,80.74,42.87012
2019,60.34,78.54107
2020,80.18,24.57749
2021,79.92,94.53311
2022,79.84,107.874214
