year,y_true,y_pred
2018,29.62,40.251247
2019,209.96,117.01311
2020,91.1,50.535633
2021,30.74,90.50106
2022,119.01,36.903214
