year,y_true,y_pred
2018,1481.04,987.84863
2019,1409.72,993.0943
2020,698.45,993.0943
2021,707.04,999.35254
2022,1160.37,1025.1537
