mae,rmse,r2,city,model,sequence_length,forecast_horizon,normalization,val_size
0.13838429824743909,0.22272562614817168,0.17228556758669322,4300554,xgboost,8,4,,
