mae,rmse,r2,city,model,sequence_length,forecast_horizon,normalization,val_size
0.20106267286993404,0.26277820675538605,-0.19831933651712652,4322558,xgboost,8,4,,
