year,y_true,y_pred
2018,45.63,33.58191
2019,30.46,23.654816
2020,45.76,16.701078
2021,76.36,23.654816
2022,49.33,23.654816
