year,y_true,y_pred
2018,395.44,563.9657
2019,350.34,469.40427
2020,457.6,469.40427
2021,335.98,563.9657
2022,296.0,469.40427
