year,y_true,y_pred
2018,0.0,22.147
2019,30.46,27.35875
2020,30.51,34.31875
2021,15.27,22.147
2022,65.78,22.147
