year,y_true,y_pred
2018,0.0,30.52225
2019,0.0,39.164333
2020,30.51,39.164333
2021,61.09,30.52225
2022,82.22,30.52225
