year,y_true,y_pred
2018,121.67,157.83333
2019,137.09,195.16397
2020,305.06,111.16882
2021,305.44,118.56386
2022,328.89,121.53053
