year,y_true,y_pred
2018,13.02,43.450207
2019,28.42,39.710278
2020,22.2,37.747746
2021,26.17,43.450207
2022,21.23,39.010395
