year,y_true,y_pred
2018,0.0,0.16925833
2019,0.33,0.16925833
2020,0.33,0.16925833
2021,0.64,0.16925833
2022,1.49,0.16925833
