year,y_true,y_pred
2018,16.79,24.203583
2019,29.75,25.113184
2020,25.47,28.024477
2021,26.17,24.973656
2022,29.3,28.024477
