year,y_true,y_pred
2018,7.88,6.5370417
2019,8.69,6.5370417
2020,9.47,6.9210415
2021,5.43,6.9210415
2022,7.18,6.6615415
