year,y_true,y_pred
2018,43.86,34.99077
2019,51.82,37.037334
2020,40.16,37.037334
2021,47.23,37.037334
2022,49.33,37.037334
