year,y_true,y_pred
2018,626.3,717.54663
2019,623.98,717.54663
2020,598.64,717.54663
2021,529.25,717.54663
2022,811.31,717.54663
