year,y_true,y_pred
2018,63.37,61.323456
2019,65.76,59.26896
2020,55.08,38.90307
2021,53.21,61.06647
2022,60.89,60.915775
