year,y_true,y_pred
2018,11.79,8.5616665
2019,5.85,7.2428336
2020,8.7,8.5616665
2021,7.19,6.8158336
2022,9.13,8.5616665
