year,y_true,y_pred
2018,126.73,124.05695
2019,151.98,124.05695
2020,150.75,124.05695
2021,148.13,149.52174
2022,141.56,149.52174
