year,y_true,y_pred
2018,25.05,16.013973
2019,14.61,16.013973
2020,15.94,19.439648
2021,12.94,17.1422
2022,31.97,17.850435
