year,y_true,y_pred
2018,48.44,80.9682
2019,100.51,79.2057
2020,96.71,76.2477
2021,96.63,86.014206
2022,55.99,75.82539
