year,y_true,y_pred
2018,134.23,62.60778
2019,134.77,73.32054
2020,90.29,73.32054
2021,0.0,73.32054
2022,49.73,84.38368
