year,y_true,y_pred
2018,37.29,22.787022
2019,18.56,22.787022
2020,9.22,21.507957
2021,9.16,21.696959
2022,48.55,22.787022
