year,y_true,y_pred
2018,46.61,63.132374
2019,37.12,54.50756
2020,82.96,54.50756
2021,91.58,65.82637
2022,194.21,82.201996
