year,y_true,y_pred
2018,9.32,7.1812086
2019,9.28,5.4006667
2020,0.0,5.7324333
2021,18.32,5.7324333
2022,9.71,7.522667
