year,y_true,y_pred
2018,60.45,39.255516
2019,30.84,76.634254
2020,45.76,39.255516
2021,50.95,39.255516
2022,35.87,69.25266
