year,y_true,y_pred
2018,91.65,42.645332
2019,65.54,38.727417
2020,70.55,42.645332
2021,94.35,35.91833
2022,75.16,35.91833
