year,y_true,y_pred
2018,19.5,29.603794
2019,17.35,29.150919
2020,17.16,29.603794
2021,30.19,29.603794
2022,20.5,23.097767
