year,y_true,y_pred
2018,0.0,1.388959
2019,0.0,1.388959
2020,0.0,1.388959
2021,0.0,1.388959
2022,1.71,1.388959
