year,y_true,y_pred
2018,0.0,2.0715833
2019,0.0,1.6725833
2020,0.0,1.6725833
2021,1.89,1.6725833
2022,0.0,1.6725833
