year,y_true,y_pred
2018,93.6,66.543274
2019,63.61,99.61127
2020,97.24,66.543274
2021,75.48,96.70558
2022,61.49,66.543274
