year,y_true,y_pred
2018,18.06,25.262877
2019,53.69,25.262877
2020,35.47,17.890375
2021,17.57,20.884375
2022,0.0,26.738
