year,y_true,y_pred
2018,361.27,328.80008
2019,375.81,328.80008
2020,141.87,328.80008
2021,140.6,320.68365
2022,266.46,320.68365
