year,y_true,y_pred
2018,126.45,41.805664
2019,161.06,58.47943
2020,177.34,51.276207
2021,158.17,51.276207
2022,57.1,51.276207
