year,y_true,y_pred
2018,54.19,11.257334
2019,53.69,11.257334
2020,53.2,11.257334
2021,17.57,11.257334
2022,19.03,15.125334
