year,y_true,y_pred
2018,0.0,32.98302
2019,17.9,19.774227
2020,35.47,19.774227
2021,35.15,8.293007
2022,38.07,32.98302
