year,y_true,y_pred
2018,0.0,1.7364848
2019,0.0,1.7364848
2020,0.0,1.7364848
2021,0.0,1.7364848
2022,0.0,1.7364848
