year,y_true,y_pred
2018,575.61,430.53412
2019,349.41,401.0772
2020,437.45,430.53412
2021,560.81,363.4579
2022,517.87,363.4579
