year,y_true,y_pred
2018,34.89,27.510666
2019,17.47,30.582708
2020,69.99,30.867645
2021,0.0,30.582708
2022,69.05,28.412209
