year,y_true,y_pred
2018,363.79,387.29514
2019,484.3,387.29514
2020,304.59,470.1598
2021,399.62,387.29514
2022,586.92,384.0109
