year,y_true,y_pred
2018,25.29,46.569668
2019,56.16,46.569668
2020,50.36,49.54211
2021,68.9,52.666912
2022,66.01,58.968815
