year,y_true,y_pred
2018,22.84,21.444443
2019,20.35,21.172274
2020,25.18,21.172274
2021,29.18,21.24696
2022,33.0,21.519129
