year,y_true,y_pred
2018,0.0,0.7583333
2019,1.63,0.7583333
2020,0.0,0.58533335
2021,0.0,1.1153333
2022,0.0,0.56704164
