year,y_true,y_pred
2018,0.0,0.12427855
2019,0.0,0.12427855
2020,0.81,0.12427855
2021,0.0,0.12427855
2022,0.0,0.12427855
