year,y_true,y_pred
2018,22.02,19.820253
2019,25.23,22.401934
2020,22.74,22.401175
2021,25.13,22.400724
2022,30.33,22.400724
