year,y_true,y_pred
2018,114.2,111.88991
2019,122.91,119.77076
2020,100.72,139.3989
2021,109.43,119.46159
2022,108.82,119.63379
