year,y_true,y_pred
2018,184.02,229.66333
2019,209.37,227.94708
2020,117.28,229.31532
2021,389.41,229.66333
2022,213.49,227.94708
