year,y_true,y_pred
2018,13.14,24.881542
2019,13.09,22.546478
2020,0.0,22.546478
2021,90.86,22.546478
2022,12.56,24.872541
