year,y_true,y_pred
2018,0.0,67.60557
2019,133.24,67.60557
2020,99.97,65.1555
2021,33.33,65.1555
2022,162.6,67.60557
