year,y_true,y_pred
2018,197.43,242.31248
2019,195.85,231.0821
2020,397.49,142.87987
2021,210.4,464.0598
2022,184.4,231.0842
