year,y_true,y_pred
2018,44.87,18.750221
2019,35.61,22.731709
2020,35.33,22.731709
2021,35.07,22.731709
2022,27.66,22.731709
