year,y_true,y_pred
2018,185.95,375.4407
2019,386.23,292.07376
2020,356.23,293.30304
2021,399.71,351.19815
2022,464.82,288.58896
