year,y_true,y_pred
2018,33.81,32.911957
2019,34.08,32.911957
2020,45.24,32.911957
2021,61.93,32.911957
2022,40.67,35.715458
