year,y_true,y_pred
2018,66.99,58.73007
2019,49.46,53.977695
2020,40.6,43.0112
2021,48.01,43.0112
2022,38.72,43.0112
