year,y_true,y_pred
2018,185.08,280.67685
2019,327.33,323.4238
2020,315.02,142.95154
2021,292.97,142.95154
2022,823.97,341.4374
