year,y_true,y_pred
2018,0.0,26.106667
2019,18.19,26.106667
2020,0.0,26.106667
2021,39.06,26.106667
2022,74.91,15.686125
