year,y_true,y_pred
2018,28.15,16.481651
2019,13.99,20.231533
2020,13.9,16.481651
2021,0.0,36.317825
2022,29.45,36.317825
