year,y_true,y_pred
2018,79.85,32.8835
2019,49.06,32.8835
2020,42.86,30.504875
2021,61.14,29.561375
2022,52.36,29.561375
