year,y_true,y_pred
2018,8.49,27.546432
2019,2.8,36.990147
2020,41.47,30.76521
2021,38.28,32.202667
2022,28.37,32.202667
