year,y_true,y_pred
2018,155.6,516.72626
2019,159.39,516.72626
2020,212.88,516.72626
2021,213.27,516.72626
2022,318.42,516.72626
