year,y_true,y_pred
2018,28.29,16.482567
2019,47.54,25.330982
2020,22.12,25.330982
2021,38.28,25.330982
2022,47.29,25.330982
