year,y_true,y_pred
2018,2.83,0.24833333
2019,0.0,0.24833333
2020,0.0,0.24833333
2021,0.0,0.24833333
2022,0.0,0.24833333
