year,y_true,y_pred
2018,16.98,19.966667
2019,13.98,19.966667
2020,24.88,19.966667
2021,30.08,15.445646
2022,34.68,15.445646
