year,y_true,y_pred
2018,104.68,100.63969
2019,92.28,100.63969
2020,116.12,91.137
2021,128.51,98.31113
2022,104.04,100.63969
