mae,rmse,r2,city,model,sequence_length,forecast_horizon,normalization,val_size
0.15195866680895187,0.37707407568789164,-0.08979453408772686,3104007,xgboost,8,4,,
