year,y_true,y_pred
2018,223.71,54.321648
2019,75.33,67.06121
2020,152.21,67.06121
2021,76.86,62.591896
2022,152.96,54.321648
