year,y_true,y_pred
2018,286.77,407.7645
2019,423.19,407.7645
2020,416.27,430.18854
2021,601.68,306.56052
2022,550.31,415.04037
