year,y_true,y_pred
2018,3.12,13.305813
2019,15.56,21.847397
2020,21.75,11.482776
2021,6.2,21.847397
2022,18.34,13.305813
