year,y_true,y_pred
2018,38.82,77.90306
2019,38.62,77.90306
2020,38.43,12.13406
2021,0.0,12.13406
2022,28.92,12.13406
