year,y_true,y_pred
2018,778.36,675.75684
2019,687.56,675.75684
2020,768.4,675.75684
2021,561.83,675.75684
2022,810.99,675.75684
