year,y_true,y_pred
2018,38.92,54.40773
2019,57.83,54.40773
2020,57.31,54.40773
2021,63.13,54.40773
2022,82.01,50.45027
