year,y_true,y_pred
2018,8.65,10.817625
2019,6.43,13.745376
2020,8.49,10.817625
2021,6.31,10.817625
2022,13.67,13.745376
