year,y_true,y_pred
2018,0.0,0.32060608
2019,0.0,0.32060608
2020,0.0,0.32060608
2021,0.0,0.32060608
2022,2.28,0.32060608
