year,y_true,y_pred
2018,15.13,25.194
2019,27.85,23.74575
2020,42.45,23.41575
2021,42.08,24.73875
2022,43.28,23.15325
