year,y_true,y_pred
2018,485.57,712.53076
2019,330.74,711.02264
2020,385.93,814.91437
2021,284.09,814.91437
2022,388.91,814.91437
