year,y_true,y_pred
2018,51.7,32.666206
2019,33.07,32.666206
2020,38.41,34.785667
2021,34.6,32.666206
2022,32.59,35.024666
