year,y_true,y_pred
2018,9.23,15.009874
2019,9.19,16.469
2020,16.46,17.38475
2021,12.75,16.469
2022,21.73,15.009874
