year,y_true,y_pred
2018,7.39,6.266594
2019,12.86,6.266594
2020,9.15,11.569999
2021,12.75,8.659469
2022,17.38,11.569999
