year,y_true,y_pred
2018,142.16,57.304207
2019,134.13,56.501724
2020,146.32,56.501724
2021,167.54,56.501724
2022,184.68,56.501724
