year,y_true,y_pred
2018,94.48,54.561516
2019,62.11,50.84358
2020,61.27,50.84358
2021,56.68,50.84358
2022,57.05,48.43148
