year,y_true,y_pred
2018,68.17,78.90437
2019,34.28,104.885124
2020,68.97,78.90437
2021,34.67,78.90437
2022,146.25,78.90437
