year,y_true,y_pred
2018,8.57,24.317724
2019,65.43,30.186674
2020,40.81,21.11607
2021,32.58,27.872742
2022,38.58,24.317724
