year,y_true,y_pred
2018,240.05,199.47462
2019,253.56,199.5855
2020,228.53,206.91464
2021,244.38,159.49069
2022,385.77,215.05011
