year,y_true,y_pred
2018,570.61,443.13394
2019,301.53,452.8606
2020,423.43,153.07207
2021,280.85,395.30844
2022,448.73,153.07207
