year,y_true,y_pred
2018,35.66,15.269437
2019,88.68,19.841625
2020,52.93,19.579124
2021,70.21,15.269437
2022,83.1,15.269437
