year,y_true,y_pred
2018,540.34,578.30566
2019,721.22,578.30566
2020,799.95,561.52014
2021,918.01,550.36035
2022,1068.3,810.4195
