year,y_true,y_pred
2018,81.87,46.986958
2019,147.94,79.50723
2020,137.13,78.89539
2021,151.49,78.89539
2022,159.63,78.89539
