year,y_true,y_pred
2018,16.37,15.028125
2019,20.8,17.0559
2020,9.14,15.626625
2021,31.66,17.0559
2022,41.75,17.0559
