year,y_true,y_pred
2018,86.55,163.31532
2019,113.27,167.56783
2020,100.56,167.56783
2021,117.58,167.56783
2022,157.17,167.56783
