year,y_true,y_pred
2018,23.39,18.252083
2019,20.8,15.489666
2020,9.14,14.935666
2021,22.61,15.633332
2022,19.65,14.935666
