year,y_true,y_pred
2018,247.75,307.90674
2019,284.41,307.90674
2020,308.68,322.999
2021,259.51,362.408
2022,326.31,334.99448
