year,y_true,y_pred
2018,276.21,347.2093
2019,248.99,294.54184
2020,304.49,318.52402
2021,231.43,347.2093
2022,264.3,282.68768
