year,y_true,y_pred
2018,24.02,33.717266
2019,35.57,36.426216
2020,46.84,28.195879
2021,23.14,33.717266
2022,36.04,36.426216
