year,y_true,y_pred
2018,36.03,35.556667
2019,23.71,35.556667
2020,11.71,40.423836
2021,23.14,35.556667
2022,12.01,35.556667
