year,y_true,y_pred
2018,12.01,1.0483333
2019,0.0,1.0483333
2020,0.0,1.0483333
2021,0.0,1.0483333
2022,12.01,1.0483333
