year,y_true,y_pred
2018,0.0,2.9260883
2019,0.0,13.841462
2020,0.0,13.841462
2021,0.0,13.841462
2022,0.0,13.841462
