year,y_true,y_pred
2018,24.61,13.134
2019,15.36,13.134
2020,15.34,12.117125
2021,21.45,12.117125
2022,39.18,13.134
