year,y_true,y_pred
2018,603.0,515.2852
2019,196.62,515.2852
2020,128.85,334.61435
2021,288.0,302.70157
2022,244.88,325.03146
