year,y_true,y_pred
2018,385.58,718.047
2019,651.97,663.92413
2020,495.99,718.047
2021,417.62,686.19366
2022,559.03,718.047
