year,y_true,y_pred
2018,38.56,45.236332
2019,76.7,51.207333
2020,19.08,45.236332
2021,94.91,55.39129
2022,67.08,45.236332
