year,y_true,y_pred
2018,45.0,50.113323
2019,72.96,36.38965
2020,61.59,46.62004
2021,22.35,40.711075
2022,53.07,48.099575
