year,y_true,y_pred
2018,607.25,591.36615
2019,665.93,591.36615
2020,490.32,591.36615
2021,523.91,607.00525
2022,704.24,591.36615
