year,y_true,y_pred
2018,4.8,7.62497
2019,4.68,7.1882854
2020,22.86,7.318323
2021,17.87,15.155469
2022,27.48,6.3358912
