year,y_true,y_pred
2018,358.66,345.08545
2019,312.24,345.08395
2020,249.9,365.01663
2021,345.39,206.08087
2022,772.77,367.47327
