year,y_true,y_pred
2018,6.4,4.181417
2019,9.37,4.181417
2020,3.05,3.5146668
2021,2.98,4.947792
2022,10.3,3.5146668
