year,y_true,y_pred
2018,22.42,30.862373
2019,32.79,27.030193
2020,54.86,22.157578
2021,34.24,30.862373
2022,85.86,30.862373
