year,y_true,y_pred
2018,4.8,3.485852
2019,6.24,4.6988683
2020,9.14,5.5975842
2021,4.47,1.7118914
2022,24.04,0.03620269
