year,y_true,y_pred
2018,34.8,34.184803
2019,36.85,36.233036
2020,33.95,34.184803
2021,27.23,34.184803
2022,49.0,34.184803
