year,y_true,y_pred
2018,385.79,336.97482
2019,403.4,336.97482
2020,323.25,336.97482
2021,304.86,336.97482
2022,461.49,336.97482
