year,y_true,y_pred
2018,5.04,7.491875
2019,11.45,7.491875
2020,10.33,6.43025
2021,11.67,6.86825
2022,8.5,7.491875
