year,y_true,y_pred
2018,0.5,0.841
2019,0.5,0.77725
2020,0.49,0.9115
2021,1.46,0.96099997
2022,0.5,0.96099997
