year,y_true,y_pred
2018,25.72,22.843
2019,33.37,25.31425
2020,36.41,25.31425
2021,33.06,25.31425
2022,41.0,24.638
