year,y_true,y_pred
2018,59.0,73.62618
2019,89.64,39.701576
2020,96.43,73.88519
2021,76.82,76.10845
2022,105.0,67.02079
