year,y_true,y_pred
2018,615.79,1003.66986
2019,729.21,1003.66986
2020,706.43,1003.66986
2021,657.74,1003.66986
2022,698.53,1003.66986
