year,y_true,y_pred
2018,59.49,59.498146
2019,53.67,61.508736
2020,42.63,60.03759
2021,64.26,56.408623
2022,63.09,70.08999
