year,y_true,y_pred
2018,189.16,49.038
2019,189.63,61.560375
2020,0.0,61.560375
2021,63.49,49.038
2022,56.05,47.50556
