year,y_true,y_pred
2018,38.67,44.470997
2019,33.14,41.140755
2020,77.16,41.140755
2021,65.99,40.12233
2022,62.27,49.746803
