year,y_true,y_pred
2018,127.06,123.78651
2019,99.43,123.78651
2020,93.69,123.78651
2021,142.98,69.521355
2022,141.53,99.67474
