year,y_true,y_pred
2018,16.57,4.9984956
2019,0.0,9.430171
2020,22.05,4.9984956
2021,5.5,9.478534
2022,28.31,4.9984956
