year,y_true,y_pred
2018,0.0,1.3995782
2019,0.0,1.3995782
2020,0.0,1.3995782
2021,0.0,1.3995782
2022,11.32,1.3995782
