year,y_true,y_pred
2018,178.18,158.78957
2019,223.7,158.78957
2020,141.9,158.78957
2021,93.39,158.78957
2022,102.31,158.78957
