year,y_true,y_pred
2018,24.3,19.41998
2019,47.93,19.41998
2020,7.88,19.41998
2021,15.57,23.464333
2022,18.6,24.919333
