year,y_true,y_pred
2018,36.57,12.565166
2019,54.64,12.565166
2020,54.44,12.565166
2021,33.15,12.565166
2022,40.76,12.565166
