year,y_true,y_pred
2018,432.73,399.05234
2019,330.89,347.72333
2020,205.66,315.90994
2021,334.48,315.90994
2022,570.65,315.90994
