year,y_true,y_pred
2018,33.52,23.676397
2019,42.5,40.35944
2020,39.32,32.08876
2021,30.13,40.479145
2022,50.95,25.111412
