year,y_true,y_pred
2018,18.28,22.301216
2019,15.18,29.110655
2020,21.17,7.0321636
2021,45.2,20.74032
2022,47.55,34.115807
