year,y_true,y_pred
2018,170.65,108.76096
2019,188.22,108.76096
2020,127.02,108.76096
2021,114.51,108.76096
2022,115.49,108.76096
