year,y_true,y_pred
2018,0.0,1.2342501
2019,0.0,1.0442001
2020,0.0,1.0442001
2021,0.0,1.0442001
2022,0.0,1.0442001
