year,y_true,y_pred
2018,102.88,96.782234
2019,229.12,96.782234
2020,147.59,96.782234
2021,298.76,96.782234
2022,109.15,96.782234
