year,y_true,y_pred
2018,610.57,727.05914
2019,765.31,860.83435
2020,770.86,858.56616
2021,578.47,728.4677
2022,543.56,507.60098
