year,y_true,y_pred
2018,14.89,61.470165
2019,90.04,53.876865
2020,75.57,72.15134
2021,60.89,60.513332
2022,15.53,53.876865
