year,y_true,y_pred
2018,35.36,55.731136
2019,70.26,50.845333
2020,26.18,50.641335
2021,24.29,48.526333
2022,30.03,50.845333
