year,y_true,y_pred
2018,36.22,10.350167
2019,26.57,9.741334
2020,0.0,9.741334
2021,8.49,10.350167
2022,26.21,13.622667
