year,y_true,y_pred
2018,126.75,157.53775
2019,124.0,147.09454
2020,86.72,176.63658
2021,152.91,170.14008
2022,137.58,176.63658
