year,y_true,y_pred
2018,133.16,37.470085
2019,132.01,31.924583
2020,0.0,30.046667
2021,64.98,30.046667
2022,58.45,47.994667
