year,y_true,y_pred
2018,21.25,42.247665
2019,30.76,40.560207
2020,26.79,40.560207
2021,34.29,40.560207
2022,50.77,42.247665
