year,y_true,y_pred
2018,285.92,556.99347
2019,365.27,556.99347
2020,254.49,556.99347
2021,243.8,556.99347
2022,347.55,556.99347
