year,y_true,y_pred
2018,7.73,3.9930365
2019,11.53,4.0625734
2020,5.74,4.8718987
2021,17.14,4.0625734
2022,9.76,4.8718987
