year,y_true,y_pred
2018,0.0,0.29417425
2019,0.0,0.29417425
2020,0.0,0.29417425
2021,0.0,0.29417425
2022,3.91,0.29417425
