year,y_true,y_pred
2018,160.35,130.15625
2019,126.88,115.55247
2020,143.51,118.66879
2021,123.81,130.15625
2022,171.82,118.66879
