year,y_true,y_pred
2018,15.46,15.608167
2019,40.37,16.711666
2020,47.84,15.608167
2021,38.09,15.608167
2022,48.81,15.608167
