year,y_true,y_pred
2018,0.0,0.294375
2019,0.0,0.294375
2020,0.0,0.294375
2021,0.0,0.294375
2022,1.95,0.294375
