year,y_true,y_pred
2018,14.59,38.298
2019,28.99,39.85444
2020,100.82,38.298
2021,57.26,30.542624
2022,0.0,35.134
