year,y_true,y_pred
2018,204.2,471.61145
2019,217.39,514.1076
2020,475.3,471.61145
2021,400.8,597.58154
2022,467.09,352.98074
