year,y_true,y_pred
2018,0.0,3.0571666
2019,0.0,3.0571666
2020,0.0,3.0571666
2021,0.0,3.0571666
2022,0.0,3.0571666
