year,y_true,y_pred
2018,29.17,16.714626
2019,28.99,17.006
2020,43.21,12.9371
2021,14.31,19.183626
2022,0.0,12.9371
