year,y_true,y_pred
2018,145.86,69.12663
2019,86.96,69.12663
2020,158.43,69.12663
2021,200.4,84.38096
2022,99.08,69.12663
