year,y_true,y_pred
2018,14.59,59.961666
2019,57.97,65.71008
2020,43.21,71.23908
2021,42.94,54.830666
2022,42.46,54.830666
