year,y_true,y_pred
2018,398.74,505.82202
2019,498.05,505.82202
2020,297.47,505.82202
2021,523.51,505.82202
2022,678.85,505.82202
