year,y_true,y_pred
2018,85.93,62.586563
2019,69.92,62.586563
2020,40.87,62.586563
2021,73.57,28.84492
2022,92.48,54.42694
