year,y_true,y_pred
2018,102.34,51.908604
2019,102.48,50.66934
2020,95.99,50.67072
2021,93.38,50.67072
2022,117.08,50.67072
