year,y_true,y_pred
2018,51.17,31.122076
2019,27.78,31.122076
2020,44.67,40.999687
2021,58.48,30.979237
2022,35.42,31.15961
