year,y_true,y_pred
2018,8.69,10.071667
2019,16.28,7.9537497
2020,8.55,11.424666
2021,17.92,7.9537497
2022,10.82,11.424666
