year,y_true,y_pred
2018,0.0,119.967674
2019,85.62,80.00234
2020,214.22,8.764028
2021,85.8,118.990555
2022,188.41,38.728367
