year,y_true,y_pred
2018,173.51,64.30403
2019,0.0,64.30403
2020,58.65,95.32846
2021,118.13,76.70746
2022,60.24,64.30403
