year,y_true,y_pred
2018,21.05,17.128374
2019,10.49,20.022701
2020,27.88,14.6443
2021,52.11,16.522375
2022,37.55,14.6443
