year,y_true,y_pred
2018,178.97,145.76834
2019,146.87,145.76834
2020,156.83,145.76834
2021,198.0,145.76834
2022,289.15,154.5275
