year,y_true,y_pred
2018,59.66,53.548462
2019,55.95,53.548462
2020,55.76,53.548462
2021,48.63,53.548462
2022,45.06,53.548462
