year,y_true,y_pred
2018,0.0,0.36699772
2019,3.5,0.36699772
2020,0.0,0.36699772
2021,0.0,0.36699772
2022,0.0,0.36699772
