year,y_true,y_pred
2018,66.67,31.366764
2019,31.47,30.07983
2020,31.37,31.366764
2021,27.79,34.804005
2022,41.31,31.366764
