year,y_true,y_pred
2018,0.0,3.8101983
2019,0.0,0.008057454
2020,0.0,1.2198709
2021,3.47,1.2198709
2022,0.0,1.2198709
