year,y_true,y_pred
2018,7.02,9.331302
2019,13.99,9.331302
2020,13.94,9.331302
2021,10.42,5.867708
2022,11.27,6.903933
