year,y_true,y_pred
2018,62.18,55.438
2019,51.33,55.438
2020,82.71,56.848373
2021,92.88,56.953377
2022,109.53,55.438
