year,y_true,y_pred
2018,227.22,367.63922
2019,202.29,48.6897
2020,289.21,337.33203
2021,330.32,367.63922
2022,527.98,356.91034
