year,y_true,y_pred
2018,22.72,11.897167
2019,22.48,15.738667
2020,66.74,15.738667
2021,44.04,16.520166
2022,26.4,10.4975
