year,y_true,y_pred
2018,22.87,23.93775
2019,23.0,23.93775
2020,46.26,23.93775
2021,0.0,29.847
2022,0.0,16.14
