year,y_true,y_pred
2018,434.48,359.51132
2019,252.99,345.5741
2020,300.72,359.51132
2021,139.53,311.35907
2022,453.82,300.07413
