year,y_true,y_pred
2018,351.86,450.4033
2019,291.17,412.28012
2020,763.54,412.28012
2021,804.6,523.93933
2022,703.25,523.93933
