year,y_true,y_pred
2018,35.19,41.35923
2019,46.59,41.35923
2020,80.98,41.35923
2021,80.46,38.680542
2022,59.43,38.680542
