year,y_true,y_pred
2018,0.0,84.994415
2019,35.88,34.249886
2020,108.7,7.2190247
2021,73.18,54.396557
2022,66.82,84.994415
