year,y_true,y_pred
2018,746.27,795.06384
2019,1184.07,1004.11926
2020,1231.88,1163.6711
2021,1170.87,898.23804
2022,1603.74,898.23804
