year,y_true,y_pred
2018,458.18,429.65894
2019,853.07,370.113
2020,825.01,402.42157
2021,796.22,402.42157
2022,839.01,402.42157
