year,y_true,y_pred
2018,17.97,25.675371
2019,36.3,24.49359
2020,55.0,20.500051
2021,46.29,20.135368
2022,41.54,20.500051
