year,y_true,y_pred
2018,17.93,49.745667
2019,50.27,49.745667
2020,43.91,44.431896
2021,40.59,47.206207
2022,66.11,49.745667
