year,y_true,y_pred
2018,116.52,76.87667
2019,93.65,68.15408
2020,47.05,68.15408
2021,23.63,68.086586
2022,63.73,68.086586
