year,y_true,y_pred
2018,144.14,219.95947
2019,190.92,80.46552
2020,158.08,130.05682
2021,102.11,80.46839
2022,106.96,121.71121
