year,y_true,y_pred
2018,16.02,13.687449
2019,23.86,4.0802402
2020,15.81,13.687449
2021,7.85,13.687449
2022,24.68,4.2313356
