year,y_true,y_pred
2018,144.14,52.235588
2019,103.41,114.96592
2020,94.85,114.96592
2021,54.98,114.96592
2022,230.38,114.96592
