year,y_true,y_pred
2018,0.0,1.1699644
2019,0.0,1.1699644
2020,7.9,1.1699644
2021,0.0,1.1699644
2022,8.23,1.1699644
