year,y_true,y_pred
2018,0.0,0.8412381
2019,0.0,0.8412381
2020,0.0,0.8412381
2021,0.0,0.8412381
2022,0.0,0.8412381
