year,y_true,y_pred
2018,16.96,25.183374
2019,17.05,25.183374
2020,0.0,25.183374
2021,17.24,17.261333
2022,77.12,25.183374
