year,y_true,y_pred
2018,67.84,450.00592
2019,102.32,450.00592
2020,240.05,450.00592
2021,275.81,450.00592
2022,366.3,450.00592
