year,y_true,y_pred
2018,455.25,260.00262
2019,395.92,279.26266
2020,230.24,279.26266
2021,769.75,331.76495
2022,660.81,336.21466
