year,y_true,y_pred
2018,8.93,2.9960532
2019,15.48,8.52935
2020,4.39,8.529029
2021,21.74,8.852074
2022,15.12,4.670067
