year,y_true,y_pred
2018,1938.07,723.12506
2019,965.21,860.81635
2020,635.45,704.1728
2021,806.45,704.1728
2022,1018.47,791.3721
