year,y_true,y_pred
2018,36.87,12.516896
2019,47.73,15.175709
2020,16.02,12.516896
2021,16.13,12.516896
2022,50.36,12.516896
