mae,rmse,r2,city,model,sequence_length,forecast_horizon,normalization,val_size
0.023500800426772536,0.0407265856207779,-0.09155712555195072,2704302,xgboost,8,4,,
