year,y_true,y_pred
2018,642.69,925.09875
2019,834.93,891.7798
2020,847.93,971.02454
2021,687.56,970.9275
2022,627.12,891.7798
