year,y_true,y_pred
2018,30.9,41.866615
2019,61.85,17.127165
2020,37.14,58.503094
2021,55.75,19.48129
2022,57.59,38.563526
