year,y_true,y_pred
2018,14.02,5.9203997
2019,20.76,5.9203997
2020,20.49,8.3465
2021,0.0,8.3465
2022,40.07,7.7675
