year,y_true,y_pred
2018,413.63,480.08435
2019,608.83,480.08435
2020,430.27,480.08435
2021,613.79,480.08435
2022,1057.95,480.08435
