year,y_true,y_pred
2018,22.72,59.22654
2019,28.73,59.22654
2020,34.81,59.22654
2021,56.47,59.22654
2022,23.74,58.25986
