year,y_true,y_pred
2018,733.6,738.8085
2019,641.68,683.8527
2020,632.83,688.2994
2021,696.51,691.43176
2022,817.2,707.41064
