year,y_true,y_pred
2018,55.18,31.647387
2019,67.04,31.647387
2020,47.46,31.647387
2021,59.61,31.647387
2022,57.64,31.647387
