year,y_true,y_pred
2018,35.71,38.775154
2019,44.69,26.502775
2020,72.78,38.775154
2021,65.89,38.775154
2022,47.47,38.775154
