year,y_true,y_pred
2018,3.25,0.30066666
2019,0.0,0.30066666
2020,0.0,0.30066666
2021,0.0,0.30066666
2022,0.0,0.30066666
