year,y_true,y_pred
2018,518.43,734.15894
2019,619.64,722.6776
2020,513.17,651.1405
2021,668.88,693.721
2022,580.52,588.57544
