year,y_true,y_pred
2018,39.88,52.265457
2019,56.33,52.265457
2020,42.41,56.60452
2021,54.01,52.265457
2022,43.62,52.265457
