year,y_true,y_pred
2018,505.34,341.27686
2019,315.62,536.6494
2020,318.29,341.27686
2021,492.68,381.008
2022,722.42,536.6494
