year,y_true,y_pred
2018,41.48,21.789566
2019,37.57,40.73878
2020,41.19,40.73878
2021,59.72,40.73878
2022,60.54,40.73878
