year,y_true,y_pred
2018,79.19,54.541954
2019,71.39,44.548885
2020,86.13,44.548885
2021,104.51,44.548885
2022,145.29,44.548885
