year,y_true,y_pred
2018,18.86,6.39508
2019,11.27,9.445787
2020,11.23,10.57174
2021,14.93,9.9124
2022,12.11,6.39508
