year,y_true,y_pred
2018,26.4,17.623833
2019,33.82,14.829333
2020,26.21,15.955833
2021,26.13,13.177834
2022,40.36,15.955833
