year,y_true,y_pred
2018,772.21,1006.41174
2019,815.81,1006.41174
2020,533.73,1006.41174
2021,500.75,1006.41174
2022,651.71,1006.41174
