year,y_true,y_pred
2018,41.33,64.58533
2019,67.74,65.285286
2020,47.28,60.34135
2021,51.29,65.285286
2022,50.3,65.285286
