year,y_true,y_pred
2018,15.23,22.316105
2019,21.62,22.316105
2020,20.78,22.316105
2021,19.94,16.28777
2022,19.97,22.316105
