year,y_true,y_pred
2018,0.0,0.32188094
2019,2.16,0.32188094
2020,0.0,0.8173208
2021,0.0,0.021044794
2022,0.0,0.0007966973
