year,y_true,y_pred
2018,42.05,94.67008
2019,61.26,94.67008
2020,60.9,94.67008
2021,44.88,94.67008
2022,61.4,94.67008
