year,y_true,y_pred
2018,0.0,0.178875
2019,0.0,0.178875
2020,0.72,0.178875
2021,0.0,0.178875
2022,0.0,0.178875
