year,y_true,y_pred
2018,108.04,111.09034
2019,113.87,108.27276
2020,111.76,118.651474
2021,131.06,113.84347
2022,127.24,130.28015
