year,y_true,y_pred
2018,36.59,19.509315
2019,27.44,19.509315
2020,54.87,19.509315
2021,45.72,19.509315
2022,79.14,9.834316
