year,y_true,y_pred
2018,393.34,643.7188
2019,283.52,681.08344
2020,182.9,681.08344
2021,182.87,681.08344
2022,255.01,681.08344
