year,y_true,y_pred
2018,104.56,50.963158
2019,39.18,50.963158
2020,13.05,22.667032
2021,65.23,10.542753
2022,28.61,50.963158
