year,y_true,y_pred
2018,62.93,57.215687
2019,146.15,57.215687
2020,72.75,67.03413
2021,93.13,71.86394
2022,98.98,76.700005
