year,y_true,y_pred
2018,37.23,63.90442
2019,36.94,59.665417
2020,47.13,59.665417
2021,41.58,63.90442
2022,37.34,59.665417
