year,y_true,y_pred
2018,86.87,61.973976
2019,91.3,66.74804
2020,28.71,68.67404
2021,71.49,61.973976
2022,70.7,69.13004
