year,y_true,y_pred
2018,863.9,918.96826
2019,908.22,918.96826
2020,765.66,918.96826
2021,695.87,899.12177
2022,989.8,899.12177
