year,y_true,y_pred
2018,7.07,80.57518
2019,49.66,80.57518
2020,21.34,80.57518
2021,49.93,80.57518
2022,70.22,80.57518
