mae,rmse,r2,city,model,sequence_length,forecast_horizon,normalization,val_size
0.31389539266377564,0.42149360350915716,-0.017890453730876832,2933109,xgboost,8,4,,
