year,y_true,y_pred
2018,42.84,74.67666
2019,84.61,65.190056
2020,41.8,74.67666
2021,99.14,65.190056
2022,202.14,74.67666
