year,y_true,y_pred
2018,0.0,4.36438
2019,0.0,4.36438
2020,16.72,4.36438
2021,16.52,4.36438
2022,20.21,4.36438
