year,y_true,y_pred
2018,198.29,203.67273
2019,178.11,147.30067
2020,158.03,183.24106
2021,131.46,147.30067
2022,189.57,203.67273
