year,y_true,y_pred
2018,19.83,29.00925
2019,6.6,29.00925
2020,13.17,29.00925
2021,13.15,29.00925
2022,14.58,26.140417
