year,y_true,y_pred
2018,39.66,31.7099
2019,59.37,31.7099
2020,39.51,26.010626
2021,46.01,29.436876
2022,80.2,26.010626
