year,y_true,y_pred
2018,33.05,33.362
2019,59.37,26.662188
2020,32.92,26.662188
2021,32.86,26.662188
2022,65.62,33.362
