year,y_true,y_pred
2018,72.71,97.0074
2019,92.35,111.400665
2020,111.94,97.0074
2021,98.59,71.67972
2022,80.2,97.0074
