year,y_true,y_pred
2018,92.7,67.10142
2019,90.26,75.04529
2020,77.94,70.95133
2021,85.57,70.95133
2022,91.26,75.04529
