year,y_true,y_pred
2018,96.31,41.50479
2019,85.49,41.50479
2020,68.57,41.50479
2021,79.49,41.50479
2022,98.15,41.50479
