year,y_true,y_pred
2018,62.32,49.976334
2019,87.35,51.570835
2020,94.52,51.570835
2021,68.4,56.534332
2022,137.04,56.534332
