year,y_true,y_pred
2018,33.99,32.202335
2019,26.02,33.12373
2020,40.77,29.106367
2021,20.33,33.12373
2022,25.93,35.794044
