year,y_true,y_pred
2018,11.33,9.174784
2019,3.72,8.41173
2020,9.27,13.79687
2021,14.79,4.8658214
2022,5.56,10.115343
