year,y_true,y_pred
2018,980.6,70.19496
2019,745.32,70.19496
2020,414.28,70.19496
2021,452.72,70.19496
2022,387.64,70.19496
