year,y_true,y_pred
2018,31.98,19.919983
2019,26.43,19.919983
2020,15.73,19.919983
2021,26.02,5.7404857
2022,51.31,19.919983
