year,y_true,y_pred
2018,336.57,482.17444
2019,250.33,482.17444
2020,208.21,482.17444
2021,281.87,482.17444
2022,235.03,482.17444
