year,y_true,y_pred
2018,18.85,38.78321
2019,21.3,43.204983
2020,42.17,43.204983
2021,26.1,51.402576
2022,25.27,39.951965
