year,y_true,y_pred
2018,1035.74,491.04382
2019,1034.81,491.04382
2020,735.47,491.04382
2021,879.79,600.5102
2022,1612.22,600.5102
