year,y_true,y_pred
2018,20.39,53.006042
2019,30.02,40.53125
2020,19.66,40.53125
2021,42.54,40.53125
2022,50.63,53.006042
