year,y_true,y_pred
2018,0.0,0.2978646
2019,2.0,0.2978646
2020,0.0,0.2978646
2021,0.0,0.2978646
2022,0.0,0.2978646
