year,y_true,y_pred
2018,10.19,13.516928
2019,14.01,14.553856
2020,15.73,13.516928
2021,17.4,13.516928
2022,18.65,13.516928
