year,y_true,y_pred
2018,71.36,73.19621
2019,74.06,73.19621
2020,68.83,73.19621
2021,71.54,73.19621
2022,93.27,73.19621
