year,y_true,y_pred
2018,34.66,23.734583
2019,44.03,21.904734
2020,45.23,21.904734
2021,48.34,23.734583
2022,66.62,23.734583
