year,y_true,y_pred
2018,28.21,14.943625
2019,22.57,22.305712
2020,33.86,12.438086
2021,16.93,23.070227
2022,51.83,12.439192
