year,y_true,y_pred
2018,236.94,213.44016
2019,174.92,187.25783
2020,107.23,173.63327
2021,186.28,213.44016
2022,298.04,181.11044
