year,y_true,y_pred
2018,39.49,30.598747
2019,22.57,56.517582
2020,50.79,33.09783
2021,33.87,37.020443
2022,90.71,48.28642
