year,y_true,y_pred
2018,11.28,4.4086666
2019,11.29,4.4086666
2020,5.64,4.4086666
2021,16.93,4.1955
2022,45.35,5.2741666
