year,y_true,y_pred
2018,118.47,89.64545
2019,152.35,143.72502
2020,112.87,98.290054
2021,129.83,89.64397
2022,181.42,89.64397
