year,y_true,y_pred
2018,191.19,424.51538
2019,293.74,424.51538
2020,326.55,424.51538
2021,417.06,424.51538
2022,532.5,582.08386
