year,y_true,y_pred
2018,22.94,24.520332
2019,30.13,16.498266
2020,22.27,16.498266
2021,21.95,16.498266
2022,64.27,16.498266
