year,y_true,y_pred
2018,62.46,62.84133
2019,93.34,62.84133
2020,92.97,62.84133
2021,0.0,62.84133
2022,66.62,48.835293
