year,y_true,y_pred
2018,71.09,57.928333
2019,70.6,57.928333
2020,0.0,52.601105
2021,69.7,43.601566
2022,71.72,62.92029
