year,y_true,y_pred
2018,42.97,70.03029
2019,216.83,73.08891
2020,0.0,70.03029
2021,176.44,73.08891
2022,272.23,70.03029
