year,y_true,y_pred
2018,65.98,241.56839
2019,60.36,241.56839
2020,38.33,241.56839
2021,147.56,241.56839
2022,114.61,241.56839
