year,y_true,y_pred
2018,16.5,1.1395667
2019,0.0,0.0013002247
2020,0.0,0.0013002247
2021,10.93,0.0013002247
2022,0.0,0.0013002247
