year,y_true,y_pred
2018,32.99,29.429792
2019,49.39,29.429792
2020,43.81,29.429792
2021,16.4,29.429792
2022,31.83,11.15351
