year,y_true,y_pred
2018,0.0,0.50285715
2019,0.0,0.50285715
2020,5.48,0.50285715
2021,0.0,0.32
2022,0.0,0.32
