year,y_true,y_pred
2018,65.02,36.33627
2019,21.94,36.33627
2020,21.81,45.36569
2021,43.38,40.392414
2022,49.95,36.33627
