year,y_true,y_pred
2018,308.86,351.62976
2019,290.7,351.62976
2020,267.2,351.62976
2021,238.61,351.62976
2022,355.89,351.62976
