year,y_true,y_pred
2018,0.0,0.26341668
2019,0.0,0.26341668
2020,0.0,0.26341668
2021,0.0,0.26341668
2022,0.0,0.26341668
