year,y_true,y_pred
2018,144.39,171.21277
2019,180.99,158.03734
2020,197.73,171.21277
2021,177.78,171.21277
2022,209.1,158.03734
