year,y_true,y_pred
2018,5.66,0.7720909
2019,0.0,1.614
2020,0.0,0.7720909
2021,0.0,0.7720909
2022,3.27,0.7720909
