year,y_true,y_pred
2018,62.29,72.6269
2019,70.7,72.878136
2020,67.79,70.399315
2021,59.26,72.6269
2022,62.08,65.078285
