year,y_true,y_pred
2018,76.44,62.668335
2019,65.04,56.49027
2020,73.44,64.118164
2021,90.3,56.49027
2022,91.48,59.015667
