year,y_true,y_pred
2018,40.4,43.019955
2019,40.83,43.019955
2020,41.5,43.019955
2021,39.24,43.019955
2022,49.26,43.019955
