year,y_true,y_pred
2018,597.58,470.42734
2019,626.02,482.3478
2020,538.24,477.6438
2021,508.2,477.6438
2022,563.03,470.42734
