year,y_true,y_pred
2018,68.39,7.760187
2019,16.86,7.902946
2020,33.28,7.902946
2021,82.13,13.647933
2022,56.66,18.18987
