year,y_true,y_pred
2018,27.49,74.414375
2019,73.97,74.414375
2020,104.01,73.172
2021,57.34,83.135376
2022,49.43,76.095
