year,y_true,y_pred
2018,632.19,667.42474
2019,689.12,667.42474
2020,936.09,667.42474
2021,825.66,805.3195
2022,923.95,839.4376
