year,y_true,y_pred
2018,321.21,459.67288
2019,495.8,454.72156
2020,358.63,510.20114
2021,336.36,449.1154
2022,449.44,454.72156
