year,y_true,y_pred
2018,19.27,9.92923
2019,6.36,9.92923
2020,0.0,14.943729
2021,18.69,14.943729
2022,21.75,12.605333
