year,y_true,y_pred
2018,0.0,72.4017
2019,247.22,85.29708
2020,42.05,85.85958
2021,42.9,75.602585
2022,119.71,91.276085
