year,y_true,y_pred
2018,18.13,32.089676
2019,41.96,49.25783
2020,17.83,41.277912
2021,64.87,52.79383
2022,69.6,84.79848
