year,y_true,y_pred
2018,870.41,944.88824
2019,569.41,923.01526
2020,546.94,923.01526
2021,548.48,944.88824
2022,585.81,923.01526
