year,y_true,y_pred
2018,39.87,88.81267
2019,40.1,90.06367
2020,40.31,90.06367
2021,162.07,90.06367
2022,180.25,62.232918
