year,y_true,y_pred
2018,69.65,60.759228
2019,57.74,62.263332
2020,68.93,49.643333
2021,57.15,62.263332
2022,95.1,49.643333
