year,y_true,y_pred
2018,624.83,491.46686
2019,502.8,558.723
2020,531.12,451.60684
2021,395.11,451.60684
2022,667.6,496.3561
