year,y_true,y_pred
2018,58.58,57.53875
2019,69.26,57.53875
2020,50.91,57.53875
2021,62.89,57.53875
2022,65.76,57.53875
