year,y_true,y_pred
2018,55.91,35.80125
2019,41.06,35.80125
2020,38.01,35.80125
2021,64.13,35.80125
2022,37.9,35.80125
