year,y_true,y_pred
2018,18.71,2.0293334
2019,38.19,2.1561666
2020,19.49,2.1561666
2021,19.89,2.1561666
2022,35.42,2.1561666
