year,y_true,y_pred
2018,160.63,14.096391
2019,17.82,13.307075
2020,53.38,-0.00056812883
2021,0.0,13.996048
2022,80.84,0.7906789
