year,y_true,y_pred
2018,553.28,326.95633
2019,374.13,326.95633
2020,427.05,326.95633
2021,337.6,326.95633
2022,323.36,326.95633
