year,y_true,y_pred
2018,1442.84,716.814
2019,1219.51,713.97375
2020,959.76,713.97375
2021,1106.19,713.97375
2022,887.9,713.97375
