year,y_true,y_pred
2018,110.99,48.502666
2019,110.86,48.502666
2020,36.91,48.502666
2021,147.49,39.165333
2022,37.0,48.502666
