year,y_true,y_pred
2018,310.01,496.79266
2019,155.56,496.79266
2020,265.78,496.79266
2021,176.68,496.79266
2022,240.86,496.79266
