year,y_true,y_pred
2018,234.93,231.95534
2019,245.54,231.95534
2020,140.54,231.95534
2021,142.62,231.95534
2022,219.14,224.01509
