year,y_true,y_pred
2018,57.69,43.07296
2019,62.62,39.619682
2020,78.8,42.533554
2021,66.5,46.138126
2022,80.0,46.138126
