year,y_true,y_pred
2018,20.9,21.693565
2019,22.25,21.693565
2020,22.75,21.693565
2021,20.83,21.693565
2022,25.22,21.693565
