year,y_true,y_pred
2018,0.0,0.5963334
2019,0.0,0.5963334
2020,0.0,0.5963334
2021,0.8,0.5963334
2022,0.87,0.5963334
