year,y_true,y_pred
2018,5.85,2.7256975
2019,9.06,2.7280407
2020,5.69,2.7256975
2021,4.01,2.7280407
2022,5.22,2.7280407
