year,y_true,y_pred
2018,23.2,34.613583
2019,74.07,32.209045
2020,32.33,39.60858
2021,124.38,32.209045
2022,111.16,39.60858
