year,y_true,y_pred
2018,86.55,79.08496
2019,98.57,130.37788
2020,64.08,124.62433
2021,122.9,67.57888
2022,51.94,77.380066
