year,y_true,y_pred
2018,43.38,40.701256
2019,34.91,36.86602
2020,47.9,28.164743
2021,42.21,49.064137
2022,29.38,46.480278
