year,y_true,y_pred
2018,333.5,351.20837
2019,351.8,351.20837
2020,409.81,351.20837
2021,321.88,351.20837
2022,317.34,351.20837
