year,y_true,y_pred
2018,67.78,62.99015
2019,67.14,74.58027
2020,87.82,70.120285
2021,36.94,60.414
2022,79.33,42.438587
