year,y_true,y_pred
2018,18.98,21.743383
2019,21.48,24.432875
2020,29.27,24.432875
2021,26.38,21.783884
2022,29.38,21.783884
