year,y_true,y_pred
2018,24.4,22.658667
2019,37.6,24.496584
2020,29.27,21.139833
2021,18.47,22.658667
2022,29.38,24.496584
