year,y_true,y_pred
2018,1034.34,831.3382
2019,778.0,836.2653
2020,648.04,831.22266
2021,749.96,831.3382
2022,1086.81,814.69116
