year,y_true,y_pred
2018,50.25,42.89379
2019,24.7,46.906418
2020,24.3,46.406914
2021,39.89,46.406914
2022,61.11,49.416542
