year,y_true,y_pred
2018,78.16,35.38563
2019,40.87,41.961037
2020,44.51,39.135742
2021,48.14,45.643494
2022,7.96,51.627605
