year,y_true,y_pred
2018,65.51,58.918667
2019,61.63,58.918667
2020,43.79,53.502335
2021,43.56,47.967083
2022,33.68,55.743332
