year,y_true,y_pred
2018,172.0,258.41028
2019,249.21,369.3756
2020,169.09,258.41028
2021,232.23,369.3756
2022,278.47,258.41028
