year,y_true,y_pred
2018,13.23,13.612666
2019,13.12,25.76146
2020,13.01,25.76146
2021,25.8,13.612666
2022,19.2,13.815233
