year,y_true,y_pred
2018,463.87,270.19952
2019,298.92,264.6266
2020,140.94,262.20383
2021,247.23,191.40187
2022,352.07,265.94138
