year,y_true,y_pred
2018,10.37,21.860111
2019,12.88,24.113062
2020,30.75,25.66195
2021,28.04,20.216036
2022,41.91,20.216036
