year,y_true,y_pred
2018,168.45,129.82646
2019,154.61,129.82646
2020,138.38,129.82646
2021,140.18,142.79875
2022,156.48,142.79875
