year,y_true,y_pred
2018,2.59,8.360346
2019,7.73,16.268158
2020,7.69,3.099709
2021,0.0,5.5299473
2022,2.79,14.799103
