year,y_true,y_pred
2018,0.0,0.73857576
2019,0.0,0.73857576
2020,2.56,0.73857576
2021,2.55,0.73857576
2022,2.79,0.73857576
