year,y_true,y_pred
2018,28.51,23.871065
2019,15.46,23.871065
2020,25.63,14.928072
2021,15.29,23.871065
2022,30.74,14.928072
