year,y_true,y_pred
2018,0.0,0.26705
2019,0.0,0.26705
2020,0.0,0.26705
2021,2.55,0.26705
2022,0.0,0.26705
