year,y_true,y_pred
2018,959.1,457.11633
2019,1255.59,457.11633
2020,856.21,457.11633
2021,905.8,457.11633
2022,823.23,457.11633
