year,y_true,y_pred
2018,56.42,36.056
2019,43.3,36.056
2020,44.29,41.53325
2021,75.48,39.627003
2022,74.84,29.032
