year,y_true,y_pred
2018,50.24,29.269165
2019,24.61,37.184353
2020,28.97,29.269165
2021,47.39,29.269165
2022,9.3,37.184353
