year,y_true,y_pred
2018,27.8,20.061731
2019,27.63,8.286172
2020,34.34,15.216166
2021,6.83,17.63892
2022,0.0,20.061731
