year,y_true,y_pred
2018,132.04,118.20621
2019,255.58,118.20621
2020,171.68,118.20621
2021,116.08,118.20621
2022,137.78,107.542595
