year,y_true,y_pred
2018,33.48,31.370289
2019,26.67,31.370289
2020,25.38,31.370289
2021,54.71,28.975773
2022,77.2,28.975773
