year,y_true,y_pred
2018,251.97,233.53969
2019,260.16,233.53969
2020,203.42,233.53969
2021,300.39,233.53969
2022,464.99,233.53969
