year,y_true,y_pred
2018,73.96,86.02932
2019,69.86,89.98907
2020,82.26,88.43719
2021,71.61,99.235794
2022,82.03,99.235794
