year,y_true,y_pred
2018,78.2,88.248055
2019,80.86,88.24883
2020,79.93,86.58825
2021,84.5,86.58825
2022,93.71,86.58747
