year,y_true,y_pred
2018,1.06,0.65342855
2019,0.42,1.099
2020,0.63,0.65342855
2021,0.0,0.65342855
2022,0.76,0.65342855
