year,y_true,y_pred
2018,0.0,0.140625
2019,0.21,0.2175
2020,0.0,0.140625
2021,0.0,0.140625
2022,0.25,0.2175
