year,y_true,y_pred
2018,46.62,42.355125
2019,38.53,42.355125
2020,48.0,44.524208
2021,48.8,42.355125
2022,46.73,43.21771
