year,y_true,y_pred
2018,111.56,38.256794
2019,112.13,43.8908
2020,22.54,45.622772
2021,90.6,84.272
2022,0.0,43.880787
