year,y_true,y_pred
2018,58.14,75.63011
2019,57.73,97.29089
2020,71.66,80.99788
2021,71.18,84.50344
2022,44.28,84.50344
