year,y_true,y_pred
2018,6.42,7.4878907
2019,18.69,1.5469841
2020,3.03,3.679504
2021,5.89,0.00049372145
2022,17.31,0.009720195
