year,y_true,y_pred
2018,64.21,151.35179
2019,118.36,90.6605
2020,33.28,87.84949
2021,91.23,90.6605
2022,225.0,68.29011
