year,y_true,y_pred
2018,3.21,0.37363583
2019,3.11,0.37363583
2020,0.0,0.37363583
2021,0.0,0.37363583
2022,0.0,0.37363583
