year,y_true,y_pred
2018,32.11,45.76671
2019,52.95,45.583435
2020,45.39,26.729675
2021,50.03,45.76671
2022,69.23,45.76671
