year,y_true,y_pred
2018,6.42,9.547667
2019,3.11,9.547667
2020,6.05,9.149083
2021,8.83,9.547667
2022,5.77,6.768733
