year,y_true,y_pred
2018,3.21,1.0253048
2019,6.23,1.0253048
2020,6.05,0.12807447
2021,2.94,-0.071176805
2022,0.0,-0.06348796
