year,y_true,y_pred
2018,451.35,1164.8773
2019,655.57,1093.7891
2020,506.33,992.0579
2021,457.55,552.52545
2022,589.5,1019.83167
