year,y_true,y_pred
2018,0.0,44.659626
2019,151.29,44.659626
2020,0.0,34.736668
2021,50.84,44.659626
2022,53.59,34.736668
