year,y_true,y_pred
2018,439.05,213.18575
2019,426.05,213.18575
2020,300.07,213.18575
2021,253.67,209.09605
2022,430.06,188.4155
