year,y_true,y_pred
2018,13.2,10.309624
2019,29.05,10.309624
2020,34.75,10.309624
2021,18.56,8.211219
2022,32.25,10.309624
