year,y_true,y_pred
2018,718.16,608.86035
2019,788.92,593.66266
2020,1193.19,625.6828
2021,1123.79,755.6296
2022,1019.9,703.48303
