year,y_true,y_pred
2018,0.0,57.21054
2019,70.13,45.37629
2020,52.64,47.858917
2021,70.24,45.37629
2022,32.9,57.21054
