year,y_true,y_pred
2018,318.41,301.48117
2019,315.32,321.99136
2020,337.73,319.93295
2021,352.06,291.16385
2022,513.32,312.64957
