year,y_true,y_pred
2018,49.75,37.634148
2019,31.53,30.457134
2020,35.14,34.676205
2021,34.82,26.149067
2022,43.47,26.149067
