year,y_true,y_pred
2018,0.0,0.82837164
2019,0.0,0.82837164
2020,0.0,0.82837164
2021,1.93,0.82837164
2022,0.0,0.82837164
