year,y_true,y_pred
2018,7.96,8.224083
2019,3.94,8.024667
2020,5.86,8.442667
2021,15.48,8.224083
2022,6.21,8.024667
