year,y_true,y_pred
2018,109.45,93.00726
2019,94.6,109.3606
2020,80.04,90.94457
2021,87.05,98.138626
2022,113.84,83.03137
