year,y_true,y_pred
2018,1.99,0.24199998
2019,0.0,0.24199998
2020,0.0,0.24199998
2021,0.0,0.24199998
2022,0.0,0.24199998
