year,y_true,y_pred
2018,49.75,71.462166
2019,41.39,71.462166
2020,52.71,68.79366
2021,48.36,76.62307
2022,74.51,68.79366
