year,y_true,y_pred
2018,336.85,307.09024
2019,249.23,307.09024
2020,410.92,307.09024
2021,411.34,307.09024
2022,485.89,307.09024
