year,y_true,y_pred
2018,29.29,46.197666
2019,43.98,41.789917
2020,117.41,46.197666
2021,44.07,42.466415
2022,47.02,41.789917
