year,y_true,y_pred
2018,103.15,75.63987
2019,58.74,55.764194
2020,73.17,90.804794
2021,131.27,75.63987
2022,51.67,55.764194
