year,y_true,y_pred
2018,90.55,98.53009
2019,155.33,80.77996
2020,127.92,90.47267
2021,98.75,90.47267
2022,159.91,90.47267
