year,y_true,y_pred
2018,30.18,20.916874
2019,31.07,20.372374
2020,31.98,27.743
2021,32.92,20.372374
2022,26.65,20.372374
