year,y_true,y_pred
2018,90.55,75.263
2019,279.59,75.263
2020,127.92,86.65112
2021,131.67,86.65112
2022,293.18,101.502625
