year,y_true,y_pred
2018,0.0,2.2699249
2019,0.0,2.2699249
2020,0.0,2.2699249
2021,0.0,2.2699249
2022,0.0,2.2699249
