year,y_true,y_pred
2018,181.1,106.44104
2019,217.46,111.00372
2020,287.82,106.44104
2021,230.41,106.44104
2022,213.22,106.44104
