year,y_true,y_pred
2018,105.57,79.31403
2019,52.95,172.33206
2020,53.12,74.637405
2021,26.65,76.50072
2022,28.83,76.97716
