year,y_true,y_pred
2018,333.29,150.76044
2019,291.47,150.76044
2020,421.33,150.76044
2021,196.31,150.76044
2022,328.86,150.76044
