year,y_true,y_pred
2018,13.33,12.357417
2019,52.99,9.182067
2020,26.33,9.182067
2021,0.0,12.357417
2022,54.81,16.392418
