year,y_true,y_pred
2018,32.98,32.59008
2019,43.25,22.441448
2020,36.33,32.58989
2021,43.21,22.441448
2022,50.63,32.58989
