year,y_true,y_pred
2018,392.24,349.82965
2019,403.24,349.82965
2020,321.22,349.82965
2021,350.2,341.52213
2022,478.13,349.82965
