year,y_true,y_pred
2018,63.98,74.52962
2019,81.04,74.52962
2020,54.3,74.52962
2021,69.89,74.52962
2022,63.95,74.52962
