year,y_true,y_pred
2018,28.22,27.68443
2019,33.51,27.68443
2020,27.92,26.974031
2021,26.3,27.68443
2022,31.98,27.75553
