year,y_true,y_pred
2018,0.0,0.19608332
2019,0.0,0.19608332
2020,0.0,0.19608332
2021,0.38,0.19608332
2022,0.0,0.19608332
