year,y_true,y_pred
2018,42.13,33.843334
2019,48.31,33.843334
2020,32.12,33.843334
2021,44.34,33.843334
2022,47.96,30.941042
