year,y_true,y_pred
2018,94.12,63.87519
2019,143.27,63.87519
2020,48.43,53.10721
2021,98.18,63.87519
2022,154.88,63.87519
