year,y_true,y_pred
2018,16.3,44.72465
2019,57.2,62.314938
2020,36.86,57.32806
2021,32.84,46.52089
2022,12.94,62.314938
