year,y_true,y_pred
2018,252.68,766.70575
2019,355.44,766.70575
2020,290.76,766.70575
2021,287.32,766.70575
2022,280.33,766.70575
