year,y_true,y_pred
2018,8.15,16.592598
2019,24.51,12.490766
2020,8.19,15.006766
2021,20.52,12.490766
2022,17.25,15.006766
