year,y_true,y_pred
2018,105.96,172.0597
2019,216.53,117.00643
2020,114.66,150.69194
2021,184.71,119.28606
2022,194.07,111.47552
