year,y_true,y_pred
2018,24.45,62.467545
2019,36.77,62.467545
2020,40.95,62.467545
2021,65.67,62.467545
2022,51.75,71.92497
