year,y_true,y_pred
2018,33.83,25.41646
2019,36.76,26.987059
2020,30.51,25.41646
2021,54.72,55.104015
2022,41.9,25.41646
