year,y_true,y_pred
2018,476.73,468.62836
2019,465.64,502.4864
2020,289.88,483.1514
2021,452.93,538.59644
2022,719.89,517.0095
