year,y_true,y_pred
2018,52.29,47.736427
2019,39.82,57.23355
2020,27.46,47.736427
2021,54.72,47.736427
2022,68.56,64.65699
