year,y_true,y_pred
2018,9.23,15.957708
2019,15.32,15.881208
2020,21.36,13.529433
2021,15.2,13.529433
2022,11.43,15.2092085
