year,y_true,y_pred
2018,0.0,0.9355368
2019,3.06,0.9355368
2020,0.0,0.9355368
2021,0.0,0.9355368
2022,0.0,0.9355368
