year,y_true,y_pred
2018,76.89,102.87033
2019,122.54,107.01433
2020,91.54,102.87033
2021,109.43,107.01433
2022,156.17,112.29354
