year,y_true,y_pred
2018,33.05,31.96842
2019,65.37,16.312534
2020,43.12,31.96842
2021,32.0,16.312534
2022,11.2,24.832943
