year,y_true,y_pred
2018,374.53,174.80913
2019,403.14,140.21191
2020,334.16,140.21191
2021,202.67,140.21191
2022,335.91,140.21191
