year,y_true,y_pred
2018,22.19,29.852331
2019,26.11,29.852331
2020,38.43,31.476332
2021,33.54,31.330332
2022,27.85,33.24454
