year,y_true,y_pred
2018,70.06,32.25717
2019,69.98,28.940605
2020,27.96,28.940605
2021,0.0,29.31523
2022,0.0,36.54659
