year,y_true,y_pred
2018,588.48,888.81323
2019,545.84,888.81323
2020,293.54,888.81323
2021,321.14,770.917
2022,440.93,868.7762
