year,y_true,y_pred
2018,73.8,64.36933
2019,36.58,56.13233
2020,18.14,71.21433
2021,107.93,66.11666
2022,111.53,71.21433
