year,y_true,y_pred
2018,442.8,585.59375
2019,475.49,585.59375
2020,453.39,585.59375
2021,359.78,585.59375
2022,401.52,634.7911
