year,y_true,y_pred
2018,310.42,215.61383
2019,363.82,210.22882
2020,378.26,210.22882
2021,367.67,210.22882
2022,587.1,210.22882
