year,y_true,y_pred
2018,32.34,24.025875
2019,31.91,24.025875
2020,31.52,24.025875
2021,62.32,24.025875
2022,80.06,29.155958
