year,y_true,y_pred
2018,93.12,72.26195
2019,74.2,59.94331
2020,30.8,68.757645
2021,67.51,62.94241
2022,125.07,71.42841
