year,y_true,y_pred
2018,496.62,693.91486
2019,531.75,693.91486
2020,492.79,693.91486
2021,515.53,693.91486
2022,771.26,693.91486
