year,y_true,y_pred
2018,96.3,83.02902
2019,121.73,50.28523
2020,60.46,52.00405
2021,85.82,59.763878
2022,35.66,83.02902
