year,y_true,y_pred
2018,54.77,53.883858
2019,50.93,44.839424
2020,48.85,66.70834
2021,48.08,44.839424
2022,65.19,43.754143
