year,y_true,y_pred
2018,9.06,8.827896
2019,7.7,9.251667
2020,12.32,10.034646
2021,9.7,9.580209
2022,13.51,9.700209
