year,y_true,y_pred
2018,104.37,109.27953
2019,90.3,107.536224
2020,118.51,108.51353
2021,125.25,128.68526
2022,118.45,111.38014
