year,y_true,y_pred
2018,21.56,18.22559
2019,23.11,18.22559
2020,29.31,18.22559
2021,31.63,19.156263
2022,31.4,19.156263
