year,y_true,y_pred
2018,0.86,1.4948492
2019,0.0,1.6510735
2020,2.97,2.3097754
2021,1.69,1.4948492
2022,1.19,1.6825337
