year,y_true,y_pred
2018,71.62,60.855377
2019,106.76,60.855377
2020,106.1,60.855377
2021,35.16,60.855377
2022,73.81,69.946465
