year,y_true,y_pred
2018,590.87,684.12787
2019,1049.82,767.6718
2020,548.19,918.32477
2021,597.64,767.6718
2022,553.61,684.12787
