year,y_true,y_pred
2018,68.28,92.534454
2019,93.8,79.195206
2020,85.54,123.730934
2021,61.43,72.65472
2022,59.0,79.195206
