year,y_true,y_pred
2018,18.55,53.474083
2019,46.24,48.413666
2020,18.45,48.413666
2021,73.58,39.826733
2022,67.67,48.413666
