year,y_true,y_pred
2018,1019.63,755.25635
2019,983.77,755.25635
2020,855.85,708.7899
2021,1046.64,708.7899
2022,848.06,708.7899
