year,y_true,y_pred
2018,101.12,18.506737
2019,67.27,18.506737
2020,25.17,18.506737
2021,100.48,19.157148
2022,61.84,9.438503
