year,y_true,y_pred
2018,0.0,0.9334863
2019,0.0,0.12090505
2020,8.39,0.9334863
2021,0.0,0.9334863
2022,0.0,0.9334863
