year,y_true,y_pred
2018,126.4,38.23519
2019,50.45,38.23519
2020,75.52,31.470413
2021,92.1,38.23519
2022,132.51,38.23519
