year,y_true,y_pred
2018,50.56,44.54164
2019,33.63,29.649452
2020,67.13,44.54164
2021,50.24,44.54164
2022,88.34,29.649452
