year,y_true,y_pred
2018,210.67,64.67975
2019,100.9,64.67975
2020,151.03,64.67975
2021,133.97,90.56967
2022,79.51,64.67975
