year,y_true,y_pred
2018,45.86,69.837204
2019,77.44,66.979004
2020,62.75,65.544
2021,71.5,66.979004
2022,77.61,69.837204
