year,y_true,y_pred
2018,1123.51,1015.31683
2019,1045.38,1091.6826
2020,925.64,1091.6826
2021,786.53,1091.6826
2022,1328.04,1015.31683
