year,y_true,y_pred
2018,25.25,15.508333
2019,28.79,14.376333
2020,10.77,13.195566
2021,14.34,13.765791
2022,28.45,13.753792
