year,y_true,y_pred
2018,299.21,286.95834
2019,321.47,235.06335
2020,193.42,259.80734
2021,344.83,259.80734
2022,294.32,286.95834
