year,y_true,y_pred
2018,0.0,21.650665
2019,21.43,25.780834
2020,42.98,42.350834
2021,43.1,21.650665
2022,45.28,21.650665
