year,y_true,y_pred
2018,87.97,78.495125
2019,77.1,78.496056
2020,101.47,78.495125
2021,138.6,96.06984
2022,131.46,115.720085
