year,y_true,y_pred
2018,162.81,164.13928
2019,190.79,185.36975
2020,173.02,204.10843
2021,185.23,192.20332
2022,222.79,180.2462
