year,y_true,y_pred
2018,85.34,61.116264
2019,52.27,63.930416
2020,70.25,62.488914
2021,56.99,63.526917
2022,77.49,66.29033
