year,y_true,y_pred
2018,0.0,0.21833806
2019,0.0,9.251571e-05
2020,1.3,0.003799213
2021,1.3,0.55976695
2022,0.0,0.55976695
