year,y_true,y_pred
2018,0.0,0.25594446
2019,0.0,0.25594446
2020,0.0,0.25594446
2021,0.0,0.25594446
2022,0.0,0.25594446
