year,y_true,y_pred
2018,40.7,49.345436
2019,45.74,51.116936
2020,39.03,49.345436
2021,66.06,49.345436
2022,66.42,51.116936
