year,y_true,y_pred
2018,50.62,61.919712
2019,55.9,61.919712
2020,37.51,73.28844
2021,56.65,59.134407
2022,58.46,73.28824
