year,y_true,y_pred
2018,0.0,12.366083
2019,40.78,14.709905
2020,0.0,14.709905
2021,0.0,14.709905
2022,88.14,14.709905
