year,y_true,y_pred
2018,81.67,115.65554
2019,448.61,115.65554
2020,244.5,100.94954
2021,81.43,115.51904
2022,176.29,115.65554
