year,y_true,y_pred
2018,378.17,254.26825
2019,272.27,254.26825
2020,272.72,254.26825
2021,237.89,254.26825
2022,257.93,193.88187
