year,y_true,y_pred
2018,4.94,3.7831666
2019,12.16,3.7831666
2020,11.96,3.0633333
2021,4.71,3.0633333
2022,9.83,3.6957917
