year,y_true,y_pred
2018,2.47,4.6286664
2019,2.43,2.8616667
2020,2.39,2.8616667
2021,7.07,3.3806665
2022,9.83,2.6091666
