year,y_true,y_pred
2018,51.91,32.134083
2019,43.76,32.134083
2020,66.98,34.444206
2021,40.04,32.134083
2022,76.15,34.444206
