year,y_true,y_pred
2018,4.94,0.25545466
2019,0.0,2.7085004
2020,0.0,0.25545466
2021,0.0,0.25545466
2022,0.0,0.25545466
