year,y_true,y_pred
2018,2.47,1.510875
2019,4.86,1.757
2020,0.0,1.510875
2021,7.07,1.3775625
2022,4.91,1.510875
