year,y_true,y_pred
2018,91.09,52.81947
2019,66.96,52.81947
2020,69.25,52.81947
2021,48.63,52.81947
2022,52.4,62.231544
