year,y_true,y_pred
2018,338.18,333.06555
2019,323.75,333.06555
2020,351.98,333.06555
2021,372.73,333.06555
2022,511.81,333.06555
