year,y_true,y_pred
2018,47.6,26.193666
2019,45.18,26.441334
2020,37.71,26.193666
2021,78.07,26.193666
2022,80.13,26.193666
