year,y_true,y_pred
2018,22.55,15.429438
2019,20.08,14.498125
2020,25.14,14.784625
2021,15.11,14.784625
2022,18.09,14.784625
