year,y_true,y_pred
2018,0.0,0.2295
2019,0.0,0.2295
2020,2.51,0.2295
2021,0.0,0.172125
2022,0.0,0.172125
