year,y_true,y_pred
2018,85.17,66.805145
2019,110.43,66.805145
2020,133.25,66.805145
2021,148.59,66.805145
2022,137.0,66.805145
