year,y_true,y_pred
2018,37.58,29.498474
2019,35.14,20.9826
2020,35.2,20.9826
2021,30.22,25.28735
2022,31.02,25.28735
