year,y_true,y_pred
2018,874.06,546.05597
2019,933.44,624.756
2020,497.51,670.59436
2021,423.01,546.05597
2022,323.51,546.05597
