year,y_true,y_pred
2018,89.17,20.089972
2019,38.43,41.580433
2020,12.88,31.905838
2021,77.67,46.28268
2022,12.52,24.543215
