year,y_true,y_pred
2018,126.9,11.965567
2019,179.81,12.595333
2020,26.0,11.965567
2021,26.31,11.965567
2022,74.55,11.965567
