year,y_true,y_pred
2018,888.32,245.43205
2019,1130.23,319.33893
2020,858.03,317.62253
2021,762.96,317.62158
2022,497.02,317.62158
