year,y_true,y_pred
2018,25.8,24.285875
2019,10.96,25.556625
2020,21.74,25.556625
2021,35.94,24.285875
2022,23.26,24.279875
