year,y_true,y_pred
2018,202.75,174.38713
2019,233.91,183.65201
2020,210.18,158.87637
2021,240.82,167.87712
2022,275.3,158.87637
