year,y_true,y_pred
2018,25.86,52.499084
2019,43.28,56.490833
2020,43.45,52.499084
2021,26.17,52.499084
2022,28.3,53.905666
