year,y_true,y_pred
2018,568.82,732.49005
2019,597.2,711.31006
2020,443.21,711.31006
2021,427.5,732.49005
2022,622.7,732.49005
