year,y_true,y_pred
2018,155.46,105.16412
2019,98.29,105.16412
2020,119.28,105.16412
2021,201.01,105.16412
2022,194.14,89.56021
