year,y_true,y_pred
2018,50.99,16.357876
2019,67.2,15.42
2020,33.23,19.11975
2021,49.3,24.94
2022,67.89,15.42
