year,y_true,y_pred
2018,424.95,324.14435
2019,504.03,325.44302
2020,398.74,306.19833
2021,509.45,319.50174
2022,577.05,306.19833
