year,y_true,y_pred
2018,0.0,33.20354
2019,76.0,33.20354
2020,18.91,33.20354
2021,37.66,29.244417
2022,47.49,33.20354
