year,y_true,y_pred
2018,222.43,242.79922
2019,361.01,242.79922
2020,170.23,242.79922
2021,207.12,242.79922
2022,379.96,242.79922
