year,y_true,y_pred
2018,18.54,13.088667
2019,0.0,13.088667
2020,18.91,13.088667
2021,0.0,13.088667
2022,23.75,13.088667
