year,y_true,y_pred
2018,129.75,92.77865
2019,190.01,69.64715
2020,94.57,73.8629
2021,225.95,73.8629
2022,94.99,73.8629
