year,y_true,y_pred
2018,18.54,24.184666
2019,57.0,28.421665
2020,75.66,30.281666
2021,0.0,31.774395
2022,23.75,24.242666
