year,y_true,y_pred
2018,403.92,432.63312
2019,236.17,436.19363
2020,390.14,431.3495
2021,206.31,436.3174
2022,315.52,431.3495
