year,y_true,y_pred
2018,33.11,30.597042
2019,26.24,30.915041
2020,52.02,28.806042
2021,32.24,36.761967
2022,40.28,26.44698
