year,y_true,y_pred
2018,362.46,433.69888
2019,344.37,310.69162
2020,325.8,338.07465
2021,326.36,289.70004
2022,396.0,351.75238
