year,y_true,y_pred
2018,114.46,57.649494
2019,76.53,34.166557
2020,57.49,24.746277
2021,76.79,54.62685
2022,18.86,28.160631
