year,y_true,y_pred
2018,30.02,9.4627495
2019,29.55,9.4627495
2020,48.5,9.4627495
2021,9.56,9.4627495
2022,12.14,9.4627495
