year,y_true,y_pred
2018,960.67,318.34644
2019,512.16,940.0357
2020,290.98,361.53668
2021,812.31,318.34644
2022,983.13,350.0125
