year,y_true,y_pred
2018,71.47,69.40442
2019,82.32,68.98796
2020,54.5,68.98796
2021,56.0,65.44599
2022,45.46,64.362656
