year,y_true,y_pred
2018,55.23,45.486958
2019,55.1,40.81767
2020,82.43,40.81767
2021,0.0,40.81767
2022,65.57,43.208458
