year,y_true,y_pred
2018,21.55,84.26349
2019,21.87,62.415447
2020,22.18,62.93861
2021,67.51,77.75011
2022,59.89,60.285717
