year,y_true,y_pred
2018,35.61,33.698593
2019,56.7,32.731613
2020,54.51,34.244396
2021,42.75,34.022232
2022,36.06,32.731613
