year,y_true,y_pred
2018,826.21,627.96124
2019,970.92,627.96124
2020,873.5,627.96124
2021,784.7,627.96124
2022,641.28,627.96124
