year,y_true,y_pred
2018,756.41,849.07965
2019,920.38,849.07965
2020,636.45,820.16235
2021,696.05,849.07965
2022,795.0,849.07965
