year,y_true,y_pred
2018,47.75,50.98833
2019,62.36,50.98833
2020,37.15,45.028854
2021,71.33,49.40433
2022,67.25,45.028854
