year,y_true,y_pred
2018,669.99,769.31
2019,718.16,864.0678
2020,538.7,859.41534
2021,582.68,813.71045
2022,676.18,836.9633
