year,y_true,y_pred
2018,58.9,71.73391
2019,48.69,71.73391
2020,48.31,71.73391
2021,64.74,71.73391
2022,49.36,71.73513
