year,y_true,y_pred
2018,9.58,33.050438
2019,9.47,33.050438
2020,37.45,33.050438
2021,9.26,13.669098
2022,27.27,33.050438
