year,y_true,y_pred
2018,469.3,681.9595
2019,407.08,688.39514
2020,318.32,688.39514
2021,287.17,688.39514
2022,445.45,688.39514
