year,y_true,y_pred
2018,64.42,46.368668
2019,16.21,61.56177
2020,16.32,46.368668
2021,32.84,52.61877
2022,56.63,52.61877
