year,y_true,y_pred
2018,1578.35,1281.6482
2019,1539.96,1281.6482
2020,946.32,1336.8324
2021,820.88,991.38794
2022,1104.35,854.39655
