year,y_true,y_pred
2018,179.86,55.26062
2019,183.04,55.26062
2020,186.1,55.26062
2021,126.1,55.26062
2022,0.0,55.26062
