year,y_true,y_pred
2018,35.43,25.213001
2019,0.0,25.213001
2020,17.62,15.857407
2021,35.14,15.857407
2022,20.14,25.213001
