year,y_true,y_pred
2018,45.45,35.54925
2019,69.42,44.95575
2020,56.54,44.95575
2021,43.96,35.54925
2022,66.1,44.95575
