year,y_true,y_pred
2018,17.47,29.3749
2019,43.43,40.005814
2020,77.75,29.3749
2021,85.93,32.211002
2022,29.67,32.211002
