year,y_true,y_pred
2018,80.01,22.523077
2019,26.07,22.350779
2020,34.03,29.94327
2021,25.01,19.552738
2022,41.62,21.297855
