year,y_true,y_pred
2018,311.14,203.15892
2019,330.26,203.15892
2020,161.63,203.15892
2021,83.38,227.18434
2022,424.5,269.81726
