year,y_true,y_pred
2018,64.33,79.59104
2019,50.55,74.83333
2020,64.34,82.05554
2021,45.96,79.59104
2022,83.59,82.05554
