year,y_true,y_pred
2018,30.63,55.50571
2019,37.66,59.634666
2020,59.32,55.50571
2021,51.13,59.634666
2022,94.99,59.634666
