year,y_true,y_pred
2018,4.02,15.812667
2019,13.17,15.019208
2020,11.66,15.377666
2021,10.19,16.300209
2022,18.2,14.516666
