year,y_true,y_pred
2018,50.94,50.74308
2019,92.2,44.107094
2020,55.69,41.201363
2021,50.96,44.107094
2022,64.53,44.107094
