year,y_true,y_pred
2018,16.09,23.919556
2019,28.98,13.441278
2020,24.61,15.73273
2021,19.11,17.4531
2022,19.86,16.633736
