year,y_true,y_pred
2018,1.34,0.123333335
2019,0.0,0.123333335
2020,1.3,0.123333335
2021,1.27,0.123333335
2022,1.65,0.123333335
