year,y_true,y_pred
2018,6.7,4.1829877
2019,17.12,8.645401
2020,15.54,4.6841807
2021,12.74,4.6841807
2022,16.55,6.402665
