year,y_true,y_pred
2018,9.63,5.4787083
2019,19.11,3.6043956
2020,4.74,3.6043956
2021,9.42,5.4787083
2022,28.02,4.7366667
