year,y_true,y_pred
2018,909.41,953.75226
2019,1061.14,962.1098
2020,885.0,1086.7671
2021,915.74,976.4052
2022,1139.76,967.75476
