year,y_true,y_pred
2018,74.12,82.869545
2019,84.35,82.869545
2020,77.57,119.44226
2021,82.8,67.963646
2022,85.02,67.963646
