year,y_true,y_pred
2018,127.43,72.515335
2019,97.12,96.9195
2020,0.0,96.9195
2021,100.17,75.920334
2022,196.59,96.9195
