year,y_true,y_pred
2018,357.68,217.07986
2019,319.26,159.67805
2020,551.63,159.67805
2021,248.45,159.67805
2022,276.58,159.67805
