year,y_true,y_pred
2018,29.81,2.8899982
2019,29.02,0.0027678013
2020,14.14,0.0027678013
2021,41.41,0.0027678013
2022,11.06,0.0027678013
