year,y_true,y_pred
2018,69.43,19.668999
2019,45.64,17.933498
2020,45.03,17.933498
2021,0.0,17.933498
2022,84.39,24.435999
