year,y_true,y_pred
2018,509.14,228.54254
2019,296.67,228.54254
2020,315.24,228.54254
2021,400.09,228.54254
2022,618.85,228.54254
