year,y_true,y_pred
2018,60.89,30.897625
2019,19.98,39.123
2020,39.38,30.897625
2021,38.83,31.951
2022,45.54,31.951
