year,y_true,y_pred
2018,7.31,0.80909044
2019,0.0,0.80909044
2020,0.0,0.80909044
2021,0.0,0.80909044
2022,0.0,0.80909044
