year,y_true,y_pred
2018,102.3,129.30573
2019,71.33,129.30573
2020,62.71,185.4978
2021,122.63,129.30573
2022,145.34,129.30573
