year,y_true,y_pred
2018,37.53,53.699154
2019,37.69,53.699154
2020,39.96,53.699154
2021,48.41,53.699154
2022,39.71,41.631878
